path,label,video,track,frame,orig_split,mite_boxes,class_name,group
val/videos/2017-09-25_16-03-38/2017-09-25_16-03-38.mp4-bee_id_2196-87975-1.png,0,2017-09-25_16-03-38,2017-09-25_16-03-38#2196,87975,val,[],healthy honeybee,2017-09-25_16-03-38
test/videos/2017-09-01_10-54-26/2017-09-01_10-54-26.mp4-bee_id_8947-101280-1.png,0,2017-09-01_10-54-26,2017-09-01_10-54-26#8947,101280,test,[],healthy honeybee,2017-09-01_10-54-26
train/videos/2017-09-20_19-24-55/2017-09-20_19-24-55.mp4-bee_id_5403-72540-1.png,0,2017-09-20_19-24-55,2017-09-20_19-24-55#5403,72540,train,[],healthy honeybee,2017-09-20_19-24-55
train/videos/2017-08-28_09-30-00-1_500_dirty_glass/2017-08-28_09-30-00-1_500_dirty_glass.mp4-bee_id_7662-60285-1.png,0,2017-08-28_09-30-00-1_500_dirty_glass,2017-08-28_09-30-00-1_500_dirty_glass#7662,60285,train,[],healthy honeybee,2017-08-28_09-30-00-1_500_dirty_glass
train/videos/2017-09-20_19-24-55/2017-09-20_19-24-55.mp4-bee_id_3768-26265-1.png,0,2017-09-20_19-24-55,2017-09-20_19-24-55#3768,26265,train,[],healthy honeybee,2017-09-20_19-24-55
train/videos/2017-09-20_19-24-55/2017-09-20_19-24-55.mp4-bee_id_4130-36570-1.png,0,2017-09-20_19-24-55,2017-09-20_19-24-55#4130,36570,train,[],healthy honeybee,2017-09-20_19-24-55
test/videos/2017-09-01_10-54-26/2017-09-01_10-54-26.mp4-bee_id_8119-36105-1.png,0,2017-09-01_10-54-26,2017-09-01_10-54-26#8119,36105,test,[],healthy honeybee,2017-09-01_10-54-26
val/videos/2017-09-25_16-03-38/2017-09-25_16-03-38.mp4-bee_id_1962-72390-1.png,0,2017-09-25_16-03-38,2017-09-25_16-03-38#1962,72390,val,[],healthy honeybee,2017-09-25_16-03-38
train/videos/2017-09-20_19-24-55/2017-09-20_19-24-55.mp4-bee_id_4263-40140-1.png,0,2017-09-20_19-24-55,2017-09-20_19-24-55#4263,40140,train,[],healthy honeybee,2017-09-20_19-24-55
test/videos/2017-10-17_1-39-36/2017-10-17_1-39-36.mp4-bee_id_4593-31245-1.png,0,2017-10-17_1-39-36,2017-10-17_1-39-36#4593,31245,test,[],healthy honeybee,2017-10-17_1-39-36
train/videos/2017-09-20_19-24-55/2017-09-20_19-24-55.mp4-bee_id_3907-29985-1.png,0,2017-09-20_19-24-55,2017-09-20_19-24-55#3907,29985,train,[],healthy honeybee,2017-09-20_19-24-55
val/videos/2017-09-25_16-03-38/2017-09-25_16-03-38.mp4-bee_id_2027-77085-1.png,0,2017-09-25_16-03-38,2017-09-25_16-03-38#2027,77085,val,[],healthy honeybee,2017-09-25_16-03-38
train/videos/2017-08-30_15-42-59/2017-08-30_15-42-59.mp4-bee_id_10642-83925-1.png,0,2017-08-30_15-42-59,2017-08-30_15-42-59#10642,83925,train,[],healthy honeybee,2017-08-30_15-42-59
train/videos/2017-09-20_19-24-55/2017-09-20_19-24-55.mp4-bee_id_5627-78855-1.png,0,2017-09-20_19-24-55,2017-09-20_19-24-55#5627,78855,train,[],healthy honeybee,2017-09-20_19-24-55
val/videos/2017-09-25_16-03-38/2017-09-25_16-03-38.mp4-bee_id_1427-46650-1.png,0,2017-09-25_16-03-38,2017-09-25_16-03-38#1427,46650,val,[],healthy honeybee,2017-09-25_16-03-38
val/videos/2017-09-01_3-01-01/2017-09-01_3-01-01.mp4-bee_id_2709-91305-1.png,0,2017-09-01_3-01-01,2017-09-01_3-01-01#2709,91305,val,[],healthy honeybee,2017-09-01_3-01-01
train/videos/2017-09-20_19-24-55/2017-09-20_19-24-55.mp4-bee_id_5741-81990-1.png,0,2017-09-20_19-24-55,2017-09-20_19-24-55#5741,81990,train,[],healthy honeybee,2017-09-20_19-24-55
test/videos/2017-09-01_10-54-26/2017-09-01_10-54-26.mp4-bee_id_8024-32130-1.png,1,2017-09-01_10-54-26,2017-09-01_10-54-26#8024,32130,test,"[[74.0, 112.0, 103.0, 136.0], [46.0, 116.0, 77.0, 144.0]]",honeybee with a varroa mite,2017-09-01_10-54-26
train/videos/2017-08-30_15-42-59/2017-08-30_15-42-59.mp4-bee_id_9951-52365-1.png,0,2017-08-30_15-42-59,2017-08-30_15-42-59#9951,52365,train,[],healthy honeybee,2017-08-30_15-42-59
train/videos/2017-09-20_19-24-55/2017-09-20_19-24-55.mp4-bee_id_5711-81180-1.png,0,2017-09-20_19-24-55,2017-09-20_19-24-55#5711,81180,train,[],healthy honeybee,2017-09-20_19-24-55
train/videos/2017-09-20_19-24-55/2017-09-20_19-24-55.mp4-bee_id_5287-68925-1.png,1,2017-09-20_19-24-55,2017-09-20_19-24-55#5287,68925,train,"[[79.0, 99.0, 119.0, 134.0]]",honeybee with a varroa mite,2017-09-20_19-24-55
train/videos/2017-09-20_19-24-55/2017-09-20_19-24-55.mp4-bee_id_2796-360-1.png,0,2017-09-20_19-24-55,2017-09-20_19-24-55#2796,360,train,[],healthy honeybee,2017-09-20_19-24-55
train/videos/2017-08-28_09-30-00-1_500_dirty_glass/2017-08-28_09-30-00-1_500_dirty_glass.mp4-bee_id_6842-15675-1.png,0,2017-08-28_09-30-00-1_500_dirty_glass,2017-08-28_09-30-00-1_500_dirty_glass#6842,15675,train,[],healthy honeybee,2017-08-28_09-30-00-1_500_dirty_glass
val/videos/2017-09-25_16-03-38/2017-09-25_16-03-38.mp4-bee_id_1538-50070-1.png,0,2017-09-25_16-03-38,2017-09-25_16-03-38#1538,50070,val,[],healthy honeybee,2017-09-25_16-03-38
test/videos/2017-10-17_1-39-36/2017-10-17_1-39-36.mp4-bee_id_5670-60195-1.png,0,2017-10-17_1-39-36,2017-10-17_1-39-36#5670,60195,test,[],healthy honeybee,2017-10-17_1-39-36
val/videos/2017-09-29_15-31-49/2017-09-29_15-31-49.mp4-bee_id_134-3315-1.png,0,2017-09-29_15-31-49,2017-09-29_15-31-49#134,3315,val,[],healthy honeybee,2017-09-29_15-31-49
train/videos/2017-09-20_19-24-55/2017-09-20_19-24-55.mp4-bee_id_3749-25905-1.png,1,2017-09-20_19-24-55,2017-09-20_19-24-55#3749,25905,train,"[[92.0, 83.0, 118.0, 116.0]]",honeybee with a varroa mite,2017-09-20_19-24-55
train/videos/2017-09-20_19-24-55/2017-09-20_19-24-55.mp4-bee_id_3523-20220-1.png,0,2017-09-20_19-24-55,2017-09-20_19-24-55#3523,20220,train,[],healthy honeybee,2017-09-20_19-24-55
train/videos/2017-10-17_16-41-10/2017-10-17_16-41-10.mp4-bee_id_7267-13230-1.png,0,2017-10-17_16-41-10,2017-10-17_16-41-10#7267,13230,train,[],healthy honeybee,2017-10-17_16-41-10
val/videos/2017-09-25_16-03-38/2017-09-25_16-03-38.mp4-bee_id_1453-47220-1.png,0,2017-09-25_16-03-38,2017-09-25_16-03-38#1453,47220,val,[],healthy honeybee,2017-09-25_16-03-38
test/videos/2017-09-01_10-54-26/2017-09-01_10-54-26.mp4-bee_id_7978-29655-1.png,0,2017-09-01_10-54-26,2017-09-01_10-54-26#7978,29655,test,[],healthy honeybee,2017-09-01_10-54-26
train/videos/2017-09-20_19-24-55/2017-09-20_19-24-55.mp4-bee_id_6345-98730-1.png,0,2017-09-20_19-24-55,2017-09-20_19-24-55#6345,98730,train,[],healthy honeybee,2017-09-20_19-24-55
train/videos/2017-08-28_09-30-00-1_500_dirty_glass/2017-08-28_09-30-00-1_500_dirty_glass.mp4-bee_id_7566-56055-1.png,0,2017-08-28_09-30-00-1_500_dirty_glass,2017-08-28_09-30-00-1_500_dirty_glass#7566,56055,train,[],healthy honeybee,2017-08-28_09-30-00-1_500_dirty_glass
test/videos/2017-09-01_10-54-26/2017-09-01_10-54-26.mp4-bee_id_8154-37620-1.png,1,2017-09-01_10-54-26,2017-09-01_10-54-26#8154,37620,test,"[[84.0, 120.0, 115.0, 145.0]]",honeybee with a varroa mite,2017-09-01_10-54-26
train/videos/2017-09-20_19-24-55/2017-09-20_19-24-55.mp4-bee_id_6379-99735-1.png,1,2017-09-20_19-24-55,2017-09-20_19-24-55#6379,99735,train,"[[30.0, 156.0, 62.0, 187.0]]",honeybee with a varroa mite,2017-09-20_19-24-55
train/videos/2017-08-30_15-42-59/2017-08-30_15-42-59.mp4-bee_id_9857-47445-1.png,0,2017-08-30_15-42-59,2017-08-30_15-42-59#9857,47445,train,[],healthy honeybee,2017-08-30_15-42-59
train/videos/2017-09-20_19-24-55/2017-09-20_19-24-55.mp4-bee_id_5915-86895-1.png,0,2017-09-20_19-24-55,2017-09-20_19-24-55#5915,86895,train,[],healthy honeybee,2017-09-20_19-24-55
train/videos/2017-08-30_15-42-59/2017-08-30_15-42-59.mp4-bee_id_10383-72450-1.png,0,2017-08-30_15-42-59,2017-08-30_15-42-59#10383,72450,train,[],healthy honeybee,2017-08-30_15-42-59
train/videos/2017-09-20_19-24-55/2017-09-20_19-24-55.mp4-bee_id_3702-24750-1.png,0,2017-09-20_19-24-55,2017-09-20_19-24-55#3702,24750,train,[],healthy honeybee,2017-09-20_19-24-55
test/videos/2017-10-17_1-39-36/2017-10-17_1-39-36.mp4-bee_id_4952-41250-1.png,0,2017-10-17_1-39-36,2017-10-17_1-39-36#4952,41250,test,[],healthy honeybee,2017-10-17_1-39-36
test/videos/2017-10-17_1-39-36/2017-10-17_1-39-36.mp4-bee_id_4270-22470-1.png,0,2017-10-17_1-39-36,2017-10-17_1-39-36#4270,22470,test,[],healthy honeybee,2017-10-17_1-39-36
train/videos/2017-09-25_16-03-38-2/2017-09-25_16-03-38.mp4-bee_id_398-13020-1.png,1,2017-09-25_16-03-38,2017-09-25_16-03-38#398,13020,train,"[[47.0, 68.0, 87.0, 107.0]]",honeybee with a varroa mite,2017-09-25_16-03-38
test/videos/2017-09-01_10-54-26/2017-09-01_10-54-26.mp4-bee_id_8897-98850-1.png,0,2017-09-01_10-54-26,2017-09-01_10-54-26#8897,98850,test,[],healthy honeybee,2017-09-01_10-54-26
test/videos/2017-10-17_1-39-36/2017-10-17_1-39-36.mp4-bee_id_3999-14970-1.png,0,2017-10-17_1-39-36,2017-10-17_1-39-36#3999,14970,test,[],healthy honeybee,2017-10-17_1-39-36
val/videos/2017-09-25_16-03-38/2017-09-25_16-03-38.mp4-bee_id_1227-41130-1.png,0,2017-09-25_16-03-38,2017-09-25_16-03-38#1227,41130,val,[],healthy honeybee,2017-09-25_16-03-38
test/videos/2017-10-17_1-39-36/2017-10-17_1-39-36.mp4-bee_id_4714-34170-1.png,1,2017-10-17_1-39-36,2017-10-17_1-39-36#4714,34170,test,"[[31.0, 53.0, 68.0, 96.0]]",honeybee with a varroa mite,2017-10-17_1-39-36
test/videos/2017-10-17_1-39-36/2017-10-17_1-39-36.mp4-bee_id_3942-13140-1.png,0,2017-10-17_1-39-36,2017-10-17_1-39-36#3942,13140,test,[],healthy honeybee,2017-10-17_1-39-36
train/videos/2017-09-20_19-24-55/2017-09-20_19-24-55.mp4-bee_id_4730-53670-1.png,0,2017-09-20_19-24-55,2017-09-20_19-24-55#4730,53670,train,[],healthy honeybee,2017-09-20_19-24-55
test/videos/2017-10-17_1-39-36/2017-10-17_1-39-36.mp4-bee_id_3651-5085-1.png,1,2017-10-17_1-39-36,2017-10-17_1-39-36#3651,5085,test,"[[42.0, 170.0, 71.0, 204.0], [101.0, 176.0, 119.0, 200.0]]",honeybee with a varroa mite,2017-10-17_1-39-36
test/videos/2017-10-17_1-39-36/2017-10-17_1-39-36.mp4-bee_id_5302-50790-1.png,0,2017-10-17_1-39-36,2017-10-17_1-39-36#5302,50790,test,[],healthy honeybee,2017-10-17_1-39-36
train/videos/2017-08-30_15-42-59/2017-08-30_15-42-59.mp4-bee_id_9964-53340-1.png,0,2017-08-30_15-42-59,2017-08-30_15-42-59#9964,53340,train,[],healthy honeybee,2017-08-30_15-42-59
train/videos/2017-08-28_09-30-00-1_500_dirty_glass/2017-08-28_09-30-00-1_500_dirty_glass.mp4-bee_id_7699-61770-1.png,1,2017-08-28_09-30-00-1_500_dirty_glass,2017-08-28_09-30-00-1_500_dirty_glass#7699,61770,train,"[[50.0, 144.0, 77.0, 167.0]]",honeybee with a varroa mite,2017-08-28_09-30-00-1_500_dirty_glass
val/videos/2017-09-25_16-03-38/2017-09-25_16-03-38.mp4-bee_id_1929-69885-1.png,0,2017-09-25_16-03-38,2017-09-25_16-03-38#1929,69885,val,[],healthy honeybee,2017-09-25_16-03-38
test/videos/2017-10-17_1-39-36/2017-10-17_1-39-36.mp4-bee_id_5857-64875-1.png,0,2017-10-17_1-39-36,2017-10-17_1-39-36#5857,64875,test,[],healthy honeybee,2017-10-17_1-39-36
val/videos/2017-09-01_20-00-17/2017-09-01_20-00-17.mp4-bee_id_60-21255-1.png,0,2017-09-01_20-00-17,2017-09-01_20-00-17#60,21255,val,[],healthy honeybee,2017-09-01_20-00-17
train/videos/2017-08-30_15-42-59/2017-08-30_15-42-59.mp4-bee_id_10469-77070-1.png,0,2017-08-30_15-42-59,2017-08-30_15-42-59#10469,77070,train,[],healthy honeybee,2017-08-30_15-42-59
test/videos/2017-10-17_1-39-36/2017-10-17_1-39-36.mp4-bee_id_3720-6750-1.png,0,2017-10-17_1-39-36,2017-10-17_1-39-36#3720,6750,test,[],healthy honeybee,2017-10-17_1-39-36
test/videos/2017-09-01_10-54-26/2017-09-01_10-54-26.mp4-bee_id_8093-35310-1.png,1,2017-09-01_10-54-26,2017-09-01_10-54-26#8093,35310,test,"[[60.0, 118.0, 88.0, 138.0]]",honeybee with a varroa mite,2017-09-01_10-54-26
train/videos/2017-09-20_19-24-55/2017-09-20_19-24-55.mp4-bee_id_3014-5655-1.png,0,2017-09-20_19-24-55,2017-09-20_19-24-55#3014,5655,train,[],healthy honeybee,2017-09-20_19-24-55
train/videos/2017-08-30_15-42-59/2017-08-30_15-42-59.mp4-bee_id_9296-7740-1.png,0,2017-08-30_15-42-59,2017-08-30_15-42-59#9296,7740,train,[],healthy honeybee,2017-08-30_15-42-59
train/videos/2017-09-20_19-24-55/2017-09-20_19-24-55.mp4-bee_id_5364-71220-1.png,0,2017-09-20_19-24-55,2017-09-20_19-24-55#5364,71220,train,[],healthy honeybee,2017-09-20_19-24-55
test/videos/2017-10-17_1-39-36/2017-10-17_1-39-36.mp4-bee_id_5068-44355-1.png,0,2017-10-17_1-39-36,2017-10-17_1-39-36#5068,44355,test,[],healthy honeybee,2017-10-17_1-39-36
test/videos/2017-09-01_10-54-26/2017-09-01_10-54-26.mp4-bee_id_8695-89955-1.png,0,2017-09-01_10-54-26,2017-09-01_10-54-26#8695,89955,test,[],healthy honeybee,2017-09-01_10-54-26
test/videos/2017-09-01_10-54-26/2017-09-01_10-54-26.mp4-bee_id_7923-25965-1.png,1,2017-09-01_10-54-26,2017-09-01_10-54-26#7923,25965,test,"[[65.0, 138.0, 95.0, 173.0]]",honeybee with a varroa mite,2017-09-01_10-54-26
train/videos/2017-08-30_15-42-59/2017-08-30_15-42-59.mp4-bee_id_10665-84915-1.png,0,2017-08-30_15-42-59,2017-08-30_15-42-59#10665,84915,train,[],healthy honeybee,2017-08-30_15-42-59
test/videos/2017-09-01_10-54-26/2017-09-01_10-54-26.mp4-bee_id_8375-62265-1.png,0,2017-09-01_10-54-26,2017-09-01_10-54-26#8375,62265,test,[],healthy honeybee,2017-09-01_10-54-26
train/videos/2017-08-28_09-30-00-1_500_dirty_glass/2017-08-28_09-30-00-1_500_dirty_glass.mp4-bee_id_7028-23835-1.png,1,2017-08-28_09-30-00-1_500_dirty_glass,2017-08-28_09-30-00-1_500_dirty_glass#7028,23835,train,"[[97.0, 102.0, 124.0, 121.0]]",honeybee with a varroa mite,2017-08-28_09-30-00-1_500_dirty_glass
train/videos/2017-09-20_19-24-55/2017-09-20_19-24-55.mp4-bee_id_5294-69180-1.png,1,2017-09-20_19-24-55,2017-09-20_19-24-55#5294,69180,train,"[[32.0, 149.0, 62.0, 180.0]]",honeybee with a varroa mite,2017-09-20_19-24-55
train/videos/2017-09-20_19-24-55/2017-09-20_19-24-55.mp4-bee_id_6081-91485-1.png,0,2017-09-20_19-24-55,2017-09-20_19-24-55#6081,91485,train,[],healthy honeybee,2017-09-20_19-24-55
val/videos/2017-08-28_16-32-55_30_sec/2017-08-28_16-32-55_30_sec.mp4-bee_id_6652-150-1.png,0,2017-08-28_16-32-55_30_sec,2017-08-28_16-32-55_30_sec#6652,150,val,[],healthy honeybee,2017-08-28_16-32-55_30_sec
val/videos/2017-09-01_20-00-17/2017-09-01_20-00-17.mp4-bee_id_89-35580-1.png,0,2017-09-01_20-00-17,2017-09-01_20-00-17#89,35580,val,[],healthy honeybee,2017-09-01_20-00-17
val/videos/2017-09-25_16-03-38/2017-09-25_16-03-38.mp4-bee_id_1849-62280-1.png,0,2017-09-25_16-03-38,2017-09-25_16-03-38#1849,62280,val,[],healthy honeybee,2017-09-25_16-03-38
val/videos/2017-09-01_20-00-17/2017-09-01_20-00-17.mp4-bee_id_208-91725-1.png,0,2017-09-01_20-00-17,2017-09-01_20-00-17#208,91725,val,[],healthy honeybee,2017-09-01_20-00-17
train/videos/2017-09-20_19-24-55/2017-09-20_19-24-55.mp4-bee_id_4192-38280-1.png,0,2017-09-20_19-24-55,2017-09-20_19-24-55#4192,38280,train,[],healthy honeybee,2017-09-20_19-24-55
train/videos/2017-08-30_15-42-59/2017-08-30_15-42-59.mp4-bee_id_9193-3585-1.png,1,2017-08-30_15-42-59,2017-08-30_15-42-59#9193,3585,train,"[[19.0, 144.0, 61.0, 184.0]]",honeybee with a varroa mite,2017-08-30_15-42-59
test/videos/2017-09-01_10-54-26/2017-09-01_10-54-26.mp4-bee_id_8446-67800-1.png,0,2017-09-01_10-54-26,2017-09-01_10-54-26#8446,67800,test,[],healthy honeybee,2017-09-01_10-54-26
val/videos/2017-09-01_3-01-01/2017-09-01_3-01-01.mp4-bee_id_2275-46440-1.png,1,2017-09-01_3-01-01,2017-09-01_3-01-01#2275,46440,val,"[[46.0, 111.0, 87.0, 142.0], [33.0, 86.0, 79.0, 121.0]]",honeybee with a varroa mite,2017-09-01_3-01-01
val/videos/2017-09-01_20-00-17/2017-09-01_20-00-17.mp4-bee_id_81-29325-1.png,0,2017-09-01_20-00-17,2017-09-01_20-00-17#81,29325,val,[],healthy honeybee,2017-09-01_20-00-17
train/videos/2017-08-30_15-42-59/2017-08-30_15-42-59.mp4-bee_id_9389-16335-1.png,0,2017-08-30_15-42-59,2017-08-30_15-42-59#9389,16335,train,[],healthy honeybee,2017-08-30_15-42-59
val/videos/2017-09-25_16-03-38/2017-09-25_16-03-38.mp4-bee_id_1308-43560-1.png,0,2017-09-25_16-03-38,2017-09-25_16-03-38#1308,43560,val,[],healthy honeybee,2017-09-25_16-03-38
val/videos/2017-09-29_15-31-49/2017-09-29_15-31-49.mp4-bee_id_19-360-1.png,1,2017-09-29_15-31-49,2017-09-29_15-31-49#19,360,val,"[[89.0, 113.0, 125.0, 146.0]]",honeybee with a varroa mite,2017-09-29_15-31-49
train/videos/2017-09-25_16-03-38-2/2017-09-25_16-03-38.mp4-bee_id_1147-38970-1.png,0,2017-09-25_16-03-38,2017-09-25_16-03-38#1147,38970,train,[],healthy honeybee,2017-09-25_16-03-38
train/videos/2017-08-30_15-42-59/2017-08-30_15-42-59.mp4-bee_id_10108-58470-1.png,0,2017-08-30_15-42-59,2017-08-30_15-42-59#10108,58470,train,[],healthy honeybee,2017-08-30_15-42-59
test/videos/2017-10-17_1-39-36/2017-10-17_1-39-36.mp4-bee_id_5474-54855-1.png,0,2017-10-17_1-39-36,2017-10-17_1-39-36#5474,54855,test,[],healthy honeybee,2017-10-17_1-39-36
train/videos/2017-09-20_19-24-55/2017-09-20_19-24-55.mp4-bee_id_4108-35970-1.png,1,2017-09-20_19-24-55,2017-09-20_19-24-55#4108,35970,train,"[[48.0, 147.0, 86.0, 178.0]]",honeybee with a varroa mite,2017-09-20_19-24-55
val/videos/2017-09-29_15-31-49/2017-09-29_15-31-49.mp4-bee_id_75-1995-1.png,0,2017-09-29_15-31-49,2017-09-29_15-31-49#75,1995,val,[],healthy honeybee,2017-09-29_15-31-49
train/videos/2017-09-20_19-24-55/2017-09-20_19-24-55.mp4-bee_id_5640-79170-1.png,0,2017-09-20_19-24-55,2017-09-20_19-24-55#5640,79170,train,[],healthy honeybee,2017-09-20_19-24-55
train/videos/2017-09-20_19-24-55/2017-09-20_19-24-55.mp4-bee_id_3324-14730-1.png,1,2017-09-20_19-24-55,2017-09-20_19-24-55#3324,14730,train,"[[44.0, 162.0, 68.0, 204.0], [93.0, 142.0, 114.0, 175.0]]",honeybee with a varroa mite,2017-09-20_19-24-55
val/videos/2017-09-01_20-00-17/2017-09-01_20-00-17.mp4-bee_id_32-14460-1.png,0,2017-09-01_20-00-17,2017-09-01_20-00-17#32,14460,val,[],healthy honeybee,2017-09-01_20-00-17
train/videos/2017-09-20_19-24-55/2017-09-20_19-24-55.mp4-bee_id_5758-82320-1.png,1,2017-09-20_19-24-55,2017-09-20_19-24-55#5758,82320,train,"[[50.0, 67.0, 75.0, 93.0], [93.0, 89.0, 114.0, 118.0]]",honeybee with a varroa mite,2017-09-20_19-24-55
train/videos/2017-09-20_19-24-55/2017-09-20_19-24-55.mp4-bee_id_3201-11265-1.png,0,2017-09-20_19-24-55,2017-09-20_19-24-55#3201,11265,train,[],healthy honeybee,2017-09-20_19-24-55
train/videos/2017-10-17_16-41-10/2017-10-17_16-41-10.mp4-bee_id_7292-14145-1.png,0,2017-10-17_16-41-10,2017-10-17_16-41-10#7292,14145,train,[],healthy honeybee,2017-10-17_16-41-10
train/videos/2017-08-30_15-42-59/2017-08-30_15-42-59.mp4-bee_id_10962-100545-1.png,1,2017-08-30_15-42-59,2017-08-30_15-42-59#10962,100545,train,"[[37.0, 171.0, 71.0, 197.0]]",honeybee with a varroa mite,2017-08-30_15-42-59
train/videos/2017-09-20_19-24-55/2017-09-20_19-24-55.mp4-bee_id_4294-41025-1.png,1,2017-09-20_19-24-55,2017-09-20_19-24-55#4294,41025,train,"[[82.0, 85.0, 129.0, 117.0]]",honeybee with a varroa mite,2017-09-20_19-24-55
train/videos/2017-08-28_09-30-00-1_500_dirty_glass/2017-08-28_09-30-00-1_500_dirty_glass.mp4-bee_id_6772-12570-1.png,1,2017-08-28_09-30-00-1_500_dirty_glass,2017-08-28_09-30-00-1_500_dirty_glass#6772,12570,train,"[[85.0, 120.0, 117.0, 154.0]]",honeybee with a varroa mite,2017-08-28_09-30-00-1_500_dirty_glass
train/videos/2017-09-20_19-24-55/2017-09-20_19-24-55.mp4-bee_id_4022-33840-1.png,1,2017-09-20_19-24-55,2017-09-20_19-24-55#4022,33840,train,"[[93.0, 57.0, 118.0, 83.0], [48.0, 92.0, 77.0, 124.0]]",honeybee with a varroa mite,2017-09-20_19-24-55
train/videos/2017-09-20_19-24-55/2017-09-20_19-24-55.mp4-bee_id_4426-45060-1.png,0,2017-09-20_19-24-55,2017-09-20_19-24-55#4426,45060,train,[],healthy honeybee,2017-09-20_19-24-55
train/videos/2017-09-20_19-24-55/2017-09-20_19-24-55.mp4-bee_id_4173-37740-1.png,1,2017-09-20_19-24-55,2017-09-20_19-24-55#4173,37740,train,"[[77.0, 107.0, 127.0, 152.0]]",honeybee with a varroa mite,2017-09-20_19-24-55
train/videos/2017-09-20_19-24-55/2017-09-20_19-24-55.mp4-bee_id_4925-58995-1.png,0,2017-09-20_19-24-55,2017-09-20_19-24-55#4925,58995,train,[],healthy honeybee,2017-09-20_19-24-55
test/videos/2017-09-01_10-54-26/2017-09-01_10-54-26.mp4-bee_id_8568-83655-1.png,0,2017-09-01_10-54-26,2017-09-01_10-54-26#8568,83655,test,[],healthy honeybee,2017-09-01_10-54-26
test/videos/2017-10-17_1-39-36/2017-10-17_1-39-36.mp4-bee_id_3977-14370-1.png,0,2017-10-17_1-39-36,2017-10-17_1-39-36#3977,14370,test,[],healthy honeybee,2017-10-17_1-39-36
train/videos/2017-09-25_16-03-38-2/2017-09-25_16-03-38.mp4-bee_id_382-12240-1.png,0,2017-09-25_16-03-38,2017-09-25_16-03-38#382,12240,train,[],healthy honeybee,2017-09-25_16-03-38
train/videos/2017-08-30_15-42-59/2017-08-30_15-42-59.mp4-bee_id_9791-44160-1.png,0,2017-08-30_15-42-59,2017-08-30_15-42-59#9791,44160,train,[],healthy honeybee,2017-08-30_15-42-59
train/videos/2017-08-28_09-30-00-1_500_dirty_glass/2017-08-28_09-30-00-1_500_dirty_glass.mp4-bee_id_7226-38265-1.png,1,2017-08-28_09-30-00-1_500_dirty_glass,2017-08-28_09-30-00-1_500_dirty_glass#7226,38265,train,"[[82.0, 113.0, 109.0, 138.0]]",honeybee with a varroa mite,2017-08-28_09-30-00-1_500_dirty_glass
train/videos/2017-08-30_15-42-59/2017-08-30_15-42-59.mp4-bee_id_9737-41895-1.png,1,2017-08-30_15-42-59,2017-08-30_15-42-59#9737,41895,train,"[[79.0, 90.0, 111.0, 127.0]]",honeybee with a varroa mite,2017-08-30_15-42-59
train/videos/2017-08-28_09-30-00-1_500_dirty_glass/2017-08-28_09-30-00-1_500_dirty_glass.mp4-bee_id_7022-23610-1.png,0,2017-08-28_09-30-00-1_500_dirty_glass,2017-08-28_09-30-00-1_500_dirty_glass#7022,23610,train,[],healthy honeybee,2017-08-28_09-30-00-1_500_dirty_glass
train/videos/2017-08-30_15-42-59/2017-08-30_15-42-59.mp4-bee_id_9216-4425-1.png,0,2017-08-30_15-42-59,2017-08-30_15-42-59#9216,4425,train,[],healthy honeybee,2017-08-30_15-42-59
train/videos/2017-09-20_19-24-55/2017-09-20_19-24-55.mp4-bee_id_5582-77685-1.png,0,2017-09-20_19-24-55,2017-09-20_19-24-55#5582,77685,train,[],healthy honeybee,2017-09-20_19-24-55
train/videos/2017-08-30_15-42-59/2017-08-30_15-42-59.mp4-bee_id_10486-77685-1.png,0,2017-08-30_15-42-59,2017-08-30_15-42-59#10486,77685,train,[],healthy honeybee,2017-08-30_15-42-59
train/videos/2017-08-28_09-30-00-1_500_dirty_glass/2017-08-28_09-30-00-1_500_dirty_glass.mp4-bee_id_7339-45075-1.png,1,2017-08-28_09-30-00-1_500_dirty_glass,2017-08-28_09-30-00-1_500_dirty_glass#7339,45075,train,"[[60.0, 109.0, 95.0, 134.0]]",honeybee with a varroa mite,2017-08-28_09-30-00-1_500_dirty_glass
train/videos/2017-09-25_16-03-38-2/2017-09-25_16-03-38.mp4-bee_id_582-21345-1.png,0,2017-09-25_16-03-38,2017-09-25_16-03-38#582,21345,train,[],healthy honeybee,2017-09-25_16-03-38
train/videos/2017-08-30_15-42-59/2017-08-30_15-42-59.mp4-bee_id_10681-85350-1.png,0,2017-08-30_15-42-59,2017-08-30_15-42-59#10681,85350,train,[],healthy honeybee,2017-08-30_15-42-59
train/videos/2017-08-30_15-42-59/2017-08-30_15-42-59.mp4-bee_id_10458-76545-1.png,0,2017-08-30_15-42-59,2017-08-30_15-42-59#10458,76545,train,[],healthy honeybee,2017-08-30_15-42-59
val/videos/2017-09-25_16-03-38/2017-09-25_16-03-38.mp4-bee_id_1714-54810-1.png,0,2017-09-25_16-03-38,2017-09-25_16-03-38#1714,54810,val,[],healthy honeybee,2017-09-25_16-03-38
train/videos/2017-10-17_16-41-10/2017-10-17_16-41-10.mp4-bee_id_7039-5175-1.png,1,2017-10-17_16-41-10,2017-10-17_16-41-10#7039,5175,train,"[[41.0, 97.0, 70.0, 130.0]]",honeybee with a varroa mite,2017-10-17_16-41-10
train/videos/2017-08-28_09-30-00-1_500_dirty_glass/2017-08-28_09-30-00-1_500_dirty_glass.mp4-bee_id_7388-47370-1.png,0,2017-08-28_09-30-00-1_500_dirty_glass,2017-08-28_09-30-00-1_500_dirty_glass#7388,47370,train,[],healthy honeybee,2017-08-28_09-30-00-1_500_dirty_glass
train/videos/2017-08-30_15-42-59/2017-08-30_15-42-59.mp4-bee_id_9104-645-1.png,0,2017-08-30_15-42-59,2017-08-30_15-42-59#9104,645,train,[],healthy honeybee,2017-08-30_15-42-59
train/videos/2017-09-20_19-24-55/2017-09-20_19-24-55.mp4-bee_id_5516-75750-1.png,0,2017-09-20_19-24-55,2017-09-20_19-24-55#5516,75750,train,[],healthy honeybee,2017-09-20_19-24-55
train/videos/2017-09-25_16-03-38-2/2017-09-25_16-03-38.mp4-bee_id_914-31650-1.png,0,2017-09-25_16-03-38,2017-09-25_16-03-38#914,31650,train,[],healthy honeybee,2017-09-25_16-03-38
train/videos/2017-09-25_16-03-38-2/2017-09-25_16-03-38.mp4-bee_id_1207-40680-1.png,0,2017-09-25_16-03-38,2017-09-25_16-03-38#1207,40680,train,[],healthy honeybee,2017-09-25_16-03-38
train/videos/2017-08-30_15-42-59/2017-08-30_15-42-59.mp4-bee_id_10144-59625-1.png,0,2017-08-30_15-42-59,2017-08-30_15-42-59#10144,59625,train,[],healthy honeybee,2017-08-30_15-42-59
train/videos/2017-09-20_19-24-55/2017-09-20_19-24-55.mp4-bee_id_5990-88995-1.png,0,2017-09-20_19-24-55,2017-09-20_19-24-55#5990,88995,train,[],healthy honeybee,2017-09-20_19-24-55
train/videos/2017-09-25_16-03-38-2/2017-09-25_16-03-38.mp4-bee_id_975-33555-1.png,0,2017-09-25_16-03-38,2017-09-25_16-03-38#975,33555,train,[],healthy honeybee,2017-09-25_16-03-38
test/videos/2017-09-01_10-54-26/2017-09-01_10-54-26.mp4-bee_id_8955-101580-1.png,1,2017-09-01_10-54-26,2017-09-01_10-54-26#8955,101580,test,"[[57.0, 107.0, 85.0, 138.0]]",honeybee with a varroa mite,2017-09-01_10-54-26
train/videos/2017-08-28_09-30-00-1_500_dirty_glass/2017-08-28_09-30-00-1_500_dirty_glass.mp4-bee_id_7288-42420-1.png,0,2017-08-28_09-30-00-1_500_dirty_glass,2017-08-28_09-30-00-1_500_dirty_glass#7288,42420,train,[],healthy honeybee,2017-08-28_09-30-00-1_500_dirty_glass
val/videos/2017-09-01_3-01-01/2017-09-01_3-01-01.mp4-bee_id_2246-18495-1.png,0,2017-09-01_3-01-01,2017-09-01_3-01-01#2246,18495,val,[],healthy honeybee,2017-09-01_3-01-01
train/videos/2017-08-30_15-42-59/2017-08-30_15-42-59.mp4-bee_id_10427-74685-1.png,0,2017-08-30_15-42-59,2017-08-30_15-42-59#10427,74685,train,[],healthy honeybee,2017-08-30_15-42-59
val/videos/2017-09-01_3-01-01/2017-09-01_3-01-01.mp4-bee_id_2739-97260-1.png,0,2017-09-01_3-01-01,2017-09-01_3-01-01#2739,97260,val,[],healthy honeybee,2017-09-01_3-01-01
test/videos/2017-10-17_1-39-36/2017-10-17_1-39-36.mp4-bee_id_5532-56355-1.png,0,2017-10-17_1-39-36,2017-10-17_1-39-36#5532,56355,test,[],healthy honeybee,2017-10-17_1-39-36
test/videos/2017-10-17_1-39-36/2017-10-17_1-39-36.mp4-bee_id_5040-43605-1.png,0,2017-10-17_1-39-36,2017-10-17_1-39-36#5040,43605,test,[],healthy honeybee,2017-10-17_1-39-36
train/videos/2017-09-20_19-24-55/2017-09-20_19-24-55.mp4-bee_id_3268-13245-1.png,1,2017-09-20_19-24-55,2017-09-20_19-24-55#3268,13245,train,"[[41.0, 95.0, 67.0, 128.0]]",honeybee with a varroa mite,2017-09-20_19-24-55
train/videos/2017-08-28_09-30-00-1_500_dirty_glass/2017-08-28_09-30-00-1_500_dirty_glass.mp4-bee_id_7548-55005-1.png,1,2017-08-28_09-30-00-1_500_dirty_glass,2017-08-28_09-30-00-1_500_dirty_glass#7548,55005,train,"[[49.0, 151.0, 85.0, 176.0]]",honeybee with a varroa mite,2017-08-28_09-30-00-1_500_dirty_glass
train/videos/2017-09-20_19-24-55/2017-09-20_19-24-55.mp4-bee_id_3529-20340-1.png,0,2017-09-20_19-24-55,2017-09-20_19-24-55#3529,20340,train,[],healthy honeybee,2017-09-20_19-24-55
train/videos/2017-08-28_09-30-00-1_500_dirty_glass/2017-08-28_09-30-00-1_500_dirty_glass.mp4-bee_id_7507-53190-1.png,0,2017-08-28_09-30-00-1_500_dirty_glass,2017-08-28_09-30-00-1_500_dirty_glass#7507,53190,train,[],healthy honeybee,2017-08-28_09-30-00-1_500_dirty_glass
train/videos/2017-08-30_15-42-59/2017-08-30_15-42-59.mp4-bee_id_10498-78105-1.png,1,2017-08-30_15-42-59,2017-08-30_15-42-59#10498,78105,train,"[[92.0, 88.0, 118.0, 116.0]]",honeybee with a varroa mite,2017-08-30_15-42-59
train/videos/2017-08-30_15-42-59/2017-08-30_15-42-59.mp4-bee_id_9411-18090-1.png,1,2017-08-30_15-42-59,2017-08-30_15-42-59#9411,18090,train,"[[27.0, 139.0, 56.0, 164.0]]",honeybee with a varroa mite,2017-08-30_15-42-59
train/videos/2017-08-30_15-42-59/2017-08-30_15-42-59.mp4-bee_id_9612-35280-1.png,0,2017-08-30_15-42-59,2017-08-30_15-42-59#9612,35280,train,[],healthy honeybee,2017-08-30_15-42-59
test/videos/2017-10-17_1-39-36/2017-10-17_1-39-36.mp4-bee_id_4518-29235-1.png,0,2017-10-17_1-39-36,2017-10-17_1-39-36#4518,29235,test,[],healthy honeybee,2017-10-17_1-39-36
test/videos/2017-09-01_10-54-26/2017-09-01_10-54-26.mp4-bee_id_8025-32265-1.png,1,2017-09-01_10-54-26,2017-09-01_10-54-26#8025,32265,test,"[[69.0, 143.0, 96.0, 175.0], [40.0, 139.0, 72.0, 179.0]]",honeybee with a varroa mite,2017-09-01_10-54-26
val/videos/2017-09-01_3-01-01/2017-09-01_3-01-01.mp4-bee_id_2687-89430-1.png,0,2017-09-01_3-01-01,2017-09-01_3-01-01#2687,89430,val,[],healthy honeybee,2017-09-01_3-01-01
test/videos/2017-09-01_10-54-26/2017-09-01_10-54-26.mp4-bee_id_8193-43380-1.png,1,2017-09-01_10-54-26,2017-09-01_10-54-26#8193,43380,test,"[[71.0, 110.0, 106.0, 136.0]]",honeybee with a varroa mite,2017-09-01_10-54-26
test/videos/2017-10-17_1-39-36/2017-10-17_1-39-36.mp4-bee_id_5464-54555-1.png,1,2017-10-17_1-39-36,2017-10-17_1-39-36#5464,54555,test,"[[28.0, 85.0, 60.0, 117.0]]",honeybee with a varroa mite,2017-10-17_1-39-36
test/videos/2017-09-01_10-54-26/2017-09-01_10-54-26.mp4-bee_id_8213-45270-1.png,1,2017-09-01_10-54-26,2017-09-01_10-54-26#8213,45270,test,"[[42.0, 128.0, 69.0, 161.0]]",honeybee with a varroa mite,2017-09-01_10-54-26
train/videos/2017-08-28_09-30-00-1_500_dirty_glass/2017-08-28_09-30-00-1_500_dirty_glass.mp4-bee_id_7549-55020-1.png,1,2017-08-28_09-30-00-1_500_dirty_glass,2017-08-28_09-30-00-1_500_dirty_glass#7549,55020,train,"[[41.0, 140.0, 73.0, 164.0]]",honeybee with a varroa mite,2017-08-28_09-30-00-1_500_dirty_glass
train/videos/2017-09-25_16-03-38-2/2017-09-25_16-03-38.mp4-bee_id_554-20115-1.png,0,2017-09-25_16-03-38,2017-09-25_16-03-38#554,20115,train,[],healthy honeybee,2017-09-25_16-03-38
train/videos/2017-09-20_19-24-55/2017-09-20_19-24-55.mp4-bee_id_5302-69465-1.png,0,2017-09-20_19-24-55,2017-09-20_19-24-55#5302,69465,train,[],healthy honeybee,2017-09-20_19-24-55
val/videos/2017-09-01_20-00-17/2017-09-01_20-00-17.mp4-bee_id_88-34830-1.png,0,2017-09-01_20-00-17,2017-09-01_20-00-17#88,34830,val,[],healthy honeybee,2017-09-01_20-00-17
train/videos/2017-08-28_09-30-00-1_500_dirty_glass/2017-08-28_09-30-00-1_500_dirty_glass.mp4-bee_id_6864-16425-1.png,0,2017-08-28_09-30-00-1_500_dirty_glass,2017-08-28_09-30-00-1_500_dirty_glass#6864,16425,train,[],healthy honeybee,2017-08-28_09-30-00-1_500_dirty_glass
test/videos/2017-10-17_1-39-36/2017-10-17_1-39-36.mp4-bee_id_4401-26205-1.png,0,2017-10-17_1-39-36,2017-10-17_1-39-36#4401,26205,test,[],healthy honeybee,2017-10-17_1-39-36
test/videos/2017-09-01_10-54-26/2017-09-01_10-54-26.mp4-bee_id_8189-40590-1.png,0,2017-09-01_10-54-26,2017-09-01_10-54-26#8189,40590,test,[],healthy honeybee,2017-09-01_10-54-26
test/videos/2017-09-01_10-54-26/2017-09-01_10-54-26.mp4-bee_id_7853-13095-1.png,1,2017-09-01_10-54-26,2017-09-01_10-54-26#7853,13095,test,"[[75.0, 161.0, 106.0, 189.0]]",honeybee with a varroa mite,2017-09-01_10-54-26
val/videos/2017-09-01_3-01-01/2017-09-01_3-01-01.mp4-bee_id_2474-62505-1.png,0,2017-09-01_3-01-01,2017-09-01_3-01-01#2474,62505,val,[],healthy honeybee,2017-09-01_3-01-01
train/videos/2017-09-25_16-03-38-2/2017-09-25_16-03-38.mp4-bee_id_570-21090-1.png,0,2017-09-25_16-03-38,2017-09-25_16-03-38#570,21090,train,[],healthy honeybee,2017-09-25_16-03-38
train/videos/2017-09-20_19-24-55/2017-09-20_19-24-55.mp4-bee_id_5422-73275-1.png,0,2017-09-20_19-24-55,2017-09-20_19-24-55#5422,73275,train,[],healthy honeybee,2017-09-20_19-24-55
train/videos/2017-08-30_15-42-59/2017-08-30_15-42-59.mp4-bee_id_10857-94200-1.png,0,2017-08-30_15-42-59,2017-08-30_15-42-59#10857,94200,train,[],healthy honeybee,2017-08-30_15-42-59
test/videos/2017-10-17_1-39-36/2017-10-17_1-39-36.mp4-bee_id_4793-36585-1.png,0,2017-10-17_1-39-36,2017-10-17_1-39-36#4793,36585,test,[],healthy honeybee,2017-10-17_1-39-36
val/videos/2017-09-29_15-31-49/2017-09-29_15-31-49.mp4-bee_id_53-1365-1.png,0,2017-09-29_15-31-49,2017-09-29_15-31-49#53,1365,val,[],healthy honeybee,2017-09-29_15-31-49
train/videos/2017-10-17_16-41-10/2017-10-17_16-41-10.mp4-bee_id_7304-14445-1.png,0,2017-10-17_16-41-10,2017-10-17_16-41-10#7304,14445,train,[],healthy honeybee,2017-10-17_16-41-10
train/videos/2017-08-30_15-42-59/2017-08-30_15-42-59.mp4-bee_id_10414-74055-1.png,0,2017-08-30_15-42-59,2017-08-30_15-42-59#10414,74055,train,[],healthy honeybee,2017-08-30_15-42-59
train/videos/2017-08-30_15-42-59/2017-08-30_15-42-59.mp4-bee_id_10714-86370-1.png,1,2017-08-30_15-42-59,2017-08-30_15-42-59#10714,86370,train,"[[41.0, 76.0, 64.0, 97.0]]",honeybee with a varroa mite,2017-08-30_15-42-59
train/videos/2017-08-30_15-42-59/2017-08-30_15-42-59.mp4-bee_id_10716-86565-1.png,1,2017-08-30_15-42-59,2017-08-30_15-42-59#10716,86565,train,"[[84.0, 159.0, 124.0, 192.0]]",honeybee with a varroa mite,2017-08-30_15-42-59
train/videos/2017-09-20_19-24-55/2017-09-20_19-24-55.mp4-bee_id_4537-48345-1.png,1,2017-09-20_19-24-55,2017-09-20_19-24-55#4537,48345,train,"[[93.0, 74.0, 125.0, 110.0], [43.0, 73.0, 71.0, 109.0]]",honeybee with a varroa mite,2017-09-20_19-24-55
train/videos/2017-09-20_19-24-55/2017-09-20_19-24-55.mp4-bee_id_6241-95985-1.png,1,2017-09-20_19-24-55,2017-09-20_19-24-55#6241,95985,train,"[[49.0, 90.0, 78.0, 125.0]]",honeybee with a varroa mite,2017-09-20_19-24-55
val/videos/2017-09-25_16-03-38/2017-09-25_16-03-38.mp4-bee_id_1983-73800-1.png,0,2017-09-25_16-03-38,2017-09-25_16-03-38#1983,73800,val,[],healthy honeybee,2017-09-25_16-03-38
train/videos/2017-08-28_09-30-00-1_500_dirty_glass/2017-08-28_09-30-00-1_500_dirty_glass.mp4-bee_id_7685-61035-1.png,0,2017-08-28_09-30-00-1_500_dirty_glass,2017-08-28_09-30-00-1_500_dirty_glass#7685,61035,train,[],healthy honeybee,2017-08-28_09-30-00-1_500_dirty_glass
test/videos/2017-10-17_1-39-36/2017-10-17_1-39-36.mp4-bee_id_4392-26010-1.png,0,2017-10-17_1-39-36,2017-10-17_1-39-36#4392,26010,test,[],healthy honeybee,2017-10-17_1-39-36
train/videos/2017-09-20_19-24-55/2017-09-20_19-24-55.mp4-bee_id_3391-16830-1.png,0,2017-09-20_19-24-55,2017-09-20_19-24-55#3391,16830,train,[],healthy honeybee,2017-09-20_19-24-55
test/videos/2017-10-17_1-39-36/2017-10-17_1-39-36.mp4-bee_id_5237-49095-1.png,0,2017-10-17_1-39-36,2017-10-17_1-39-36#5237,49095,test,[],healthy honeybee,2017-10-17_1-39-36
test/videos/2017-10-17_1-39-36/2017-10-17_1-39-36.mp4-bee_id_3662-5400-1.png,0,2017-10-17_1-39-36,2017-10-17_1-39-36#3662,5400,test,[],healthy honeybee,2017-10-17_1-39-36
train/videos/2017-08-28_09-30-00-1_500_dirty_glass/2017-08-28_09-30-00-1_500_dirty_glass.mp4-bee_id_7424-48780-1.png,1,2017-08-28_09-30-00-1_500_dirty_glass,2017-08-28_09-30-00-1_500_dirty_glass#7424,48780,train,"[[88.0, 117.0, 126.0, 148.0]]",honeybee with a varroa mite,2017-08-28_09-30-00-1_500_dirty_glass
test/videos/2017-10-17_1-39-36/2017-10-17_1-39-36.mp4-bee_id_4158-19470-1.png,0,2017-10-17_1-39-36,2017-10-17_1-39-36#4158,19470,test,[],healthy honeybee,2017-10-17_1-39-36
test/videos/2017-09-01_10-54-26/2017-09-01_10-54-26.mp4-bee_id_7993-30510-1.png,1,2017-09-01_10-54-26,2017-09-01_10-54-26#7993,30510,test,"[[72.0, 141.0, 111.0, 173.0]]",honeybee with a varroa mite,2017-09-01_10-54-26
train/videos/2017-09-20_19-24-55/2017-09-20_19-24-55.mp4-bee_id_3136-9285-1.png,0,2017-09-20_19-24-55,2017-09-20_19-24-55#3136,9285,train,[],healthy honeybee,2017-09-20_19-24-55
test/videos/2017-10-17_1-39-36/2017-10-17_1-39-36.mp4-bee_id_3817-9570-1.png,0,2017-10-17_1-39-36,2017-10-17_1-39-36#3817,9570,test,[],healthy honeybee,2017-10-17_1-39-36
test/videos/2017-10-17_1-39-36/2017-10-17_1-39-36.mp4-bee_id_4175-19755-1.png,0,2017-10-17_1-39-36,2017-10-17_1-39-36#4175,19755,test,[],healthy honeybee,2017-10-17_1-39-36
train/videos/2017-08-28_09-30-00-1_500_dirty_glass/2017-08-28_09-30-00-1_500_dirty_glass.mp4-bee_id_7391-47490-1.png,0,2017-08-28_09-30-00-1_500_dirty_glass,2017-08-28_09-30-00-1_500_dirty_glass#7391,47490,train,[],healthy honeybee,2017-08-28_09-30-00-1_500_dirty_glass
train/videos/2017-08-30_15-42-59/2017-08-30_15-42-59.mp4-bee_id_10641-83895-1.png,0,2017-08-30_15-42-59,2017-08-30_15-42-59#10641,83895,train,[],healthy honeybee,2017-08-30_15-42-59
val/videos/2017-09-25_16-03-38/2017-09-25_16-03-38.mp4-bee_id_2070-79545-1.png,0,2017-09-25_16-03-38,2017-09-25_16-03-38#2070,79545,val,[],healthy honeybee,2017-09-25_16-03-38
val/videos/2017-09-29_15-31-49/2017-09-29_15-31-49.mp4-bee_id_173-4575-1.png,0,2017-09-29_15-31-49,2017-09-29_15-31-49#173,4575,val,[],healthy honeybee,2017-09-29_15-31-49
test/videos/2017-09-01_10-54-26/2017-09-01_10-54-26.mp4-bee_id_8801-95070-1.png,1,2017-09-01_10-54-26,2017-09-01_10-54-26#8801,95070,test,"[[51.0, 121.0, 79.0, 147.0]]",honeybee with a varroa mite,2017-09-01_10-54-26
val/videos/2017-09-25_16-03-38/2017-09-25_16-03-38.mp4-bee_id_1787-56985-1.png,0,2017-09-25_16-03-38,2017-09-25_16-03-38#1787,56985,val,[],healthy honeybee,2017-09-25_16-03-38
train/videos/2017-09-20_19-24-55/2017-09-20_19-24-55.mp4-bee_id_5834-84345-1.png,1,2017-09-20_19-24-55,2017-09-20_19-24-55#5834,84345,train,"[[93.0, 147.0, 121.0, 183.0]]",honeybee with a varroa mite,2017-09-20_19-24-55
val/videos/2017-09-25_16-03-38/2017-09-25_16-03-38.mp4-bee_id_1263-42180-1.png,0,2017-09-25_16-03-38,2017-09-25_16-03-38#1263,42180,val,[],healthy honeybee,2017-09-25_16-03-38
train/videos/2017-09-20_19-24-55/2017-09-20_19-24-55.mp4-bee_id_4346-42675-1.png,0,2017-09-20_19-24-55,2017-09-20_19-24-55#4346,42675,train,[],healthy honeybee,2017-09-20_19-24-55
val/videos/2017-09-25_16-03-38/2017-09-25_16-03-38.mp4-bee_id_1684-54075-1.png,0,2017-09-25_16-03-38,2017-09-25_16-03-38#1684,54075,val,[],healthy honeybee,2017-09-25_16-03-38
val/videos/2017-09-25_16-03-38/2017-09-25_16-03-38.mp4-bee_id_1737-55515-1.png,0,2017-09-25_16-03-38,2017-09-25_16-03-38#1737,55515,val,[],healthy honeybee,2017-09-25_16-03-38
train/videos/2017-08-28_09-30-00-1_500_dirty_glass/2017-08-28_09-30-00-1_500_dirty_glass.mp4-bee_id_7571-56205-1.png,0,2017-08-28_09-30-00-1_500_dirty_glass,2017-08-28_09-30-00-1_500_dirty_glass#7571,56205,train,[],healthy honeybee,2017-08-28_09-30-00-1_500_dirty_glass
train/videos/2017-08-30_15-42-59/2017-08-30_15-42-59.mp4-bee_id_9585-33675-1.png,0,2017-08-30_15-42-59,2017-08-30_15-42-59#9585,33675,train,[],healthy honeybee,2017-08-30_15-42-59
train/videos/2017-09-20_19-24-55/2017-09-20_19-24-55.mp4-bee_id_4452-45930-1.png,0,2017-09-20_19-24-55,2017-09-20_19-24-55#4452,45930,train,[],healthy honeybee,2017-09-20_19-24-55
train/videos/2017-09-25_16-03-38-2/2017-09-25_16-03-38.mp4-bee_id_906-31395-1.png,0,2017-09-25_16-03-38,2017-09-25_16-03-38#906,31395,train,[],healthy honeybee,2017-09-25_16-03-38
test/videos/2017-10-17_1-39-36/2017-10-17_1-39-36.mp4-bee_id_5549-56865-1.png,0,2017-10-17_1-39-36,2017-10-17_1-39-36#5549,56865,test,[],healthy honeybee,2017-10-17_1-39-36
train/videos/2017-08-30_15-42-59/2017-08-30_15-42-59.mp4-bee_id_10223-61890-1.png,0,2017-08-30_15-42-59,2017-08-30_15-42-59#10223,61890,train,[],healthy honeybee,2017-08-30_15-42-59
test/videos/2017-09-01_10-54-26/2017-09-01_10-54-26.mp4-bee_id_7777-5520-1.png,0,2017-09-01_10-54-26,2017-09-01_10-54-26#7777,5520,test,[],healthy honeybee,2017-09-01_10-54-26
train/videos/2017-09-25_16-03-38-2/2017-09-25_16-03-38.mp4-bee_id_1127-38505-1.png,0,2017-09-25_16-03-38,2017-09-25_16-03-38#1127,38505,train,[],healthy honeybee,2017-09-25_16-03-38
train/videos/2017-09-25_16-03-38-2/2017-09-25_16-03-38.mp4-bee_id_693-25440-1.png,0,2017-09-25_16-03-38,2017-09-25_16-03-38#693,25440,train,[],healthy honeybee,2017-09-25_16-03-38
train/videos/2017-09-20_19-24-55/2017-09-20_19-24-55.mp4-bee_id_4661-51870-1.png,1,2017-09-20_19-24-55,2017-09-20_19-24-55#4661,51870,train,"[[31.0, 156.0, 75.0, 196.0]]",honeybee with a varroa mite,2017-09-20_19-24-55
train/videos/2017-09-20_19-24-55/2017-09-20_19-24-55.mp4-bee_id_3378-16230-1.png,0,2017-09-20_19-24-55,2017-09-20_19-24-55#3378,16230,train,[],healthy honeybee,2017-09-20_19-24-55
train/videos/2017-10-17_16-41-10/2017-10-17_16-41-10.mp4-bee_id_6985-3675-1.png,0,2017-10-17_16-41-10,2017-10-17_16-41-10#6985,3675,train,[],healthy honeybee,2017-10-17_16-41-10
train/videos/2017-08-30_15-42-59/2017-08-30_15-42-59.mp4-bee_id_10091-57855-1.png,0,2017-08-30_15-42-59,2017-08-30_15-42-59#10091,57855,train,[],healthy honeybee,2017-08-30_15-42-59
train/videos/2017-09-20_19-24-55/2017-09-20_19-24-55.mp4-bee_id_5176-65580-1.png,0,2017-09-20_19-24-55,2017-09-20_19-24-55#5176,65580,train,[],healthy honeybee,2017-09-20_19-24-55
train/videos/2017-09-20_19-24-55/2017-09-20_19-24-55.mp4-bee_id_3838-28215-1.png,0,2017-09-20_19-24-55,2017-09-20_19-24-55#3838,28215,train,[],healthy honeybee,2017-09-20_19-24-55
train/videos/2017-09-20_19-24-55/2017-09-20_19-24-55.mp4-bee_id_5389-72075-1.png,0,2017-09-20_19-24-55,2017-09-20_19-24-55#5389,72075,train,[],healthy honeybee,2017-09-20_19-24-55
test/videos/2017-10-17_1-39-36/2017-10-17_1-39-36.mp4-bee_id_4008-15225-1.png,0,2017-10-17_1-39-36,2017-10-17_1-39-36#4008,15225,test,[],healthy honeybee,2017-10-17_1-39-36
test/videos/2017-10-17_1-39-36/2017-10-17_1-39-36.mp4-bee_id_4000-14985-1.png,1,2017-10-17_1-39-36,2017-10-17_1-39-36#4000,14985,test,"[[73.0, 134.0, 100.0, 170.0]]",honeybee with a varroa mite,2017-10-17_1-39-36
test/videos/2017-09-01_10-54-26/2017-09-01_10-54-26.mp4-bee_id_8405-64665-1.png,1,2017-09-01_10-54-26,2017-09-01_10-54-26#8405,64665,test,"[[64.0, 150.0, 94.0, 176.0]]",honeybee with a varroa mite,2017-09-01_10-54-26
test/videos/2017-10-17_1-39-36/2017-10-17_1-39-36.mp4-bee_id_5503-55635-1.png,1,2017-10-17_1-39-36,2017-10-17_1-39-36#5503,55635,test,"[[98.0, 183.0, 117.0, 206.0]]",honeybee with a varroa mite,2017-10-17_1-39-36
train/videos/2017-09-20_19-24-55/2017-09-20_19-24-55.mp4-bee_id_3966-32220-1.png,0,2017-09-20_19-24-55,2017-09-20_19-24-55#3966,32220,train,[],healthy honeybee,2017-09-20_19-24-55
train/videos/2017-09-20_19-24-55/2017-09-20_19-24-55.mp4-bee_id_5051-62295-1.png,1,2017-09-20_19-24-55,2017-09-20_19-24-55#5051,62295,train,"[[37.0, 144.0, 72.0, 172.0]]",honeybee with a varroa mite,2017-09-20_19-24-55
test/videos/2017-09-01_10-54-26/2017-09-01_10-54-26.mp4-bee_id_8200-44175-1.png,0,2017-09-01_10-54-26,2017-09-01_10-54-26#8200,44175,test,[],healthy honeybee,2017-09-01_10-54-26
train/videos/2017-09-20_19-24-55/2017-09-20_19-24-55.mp4-bee_id_3027-6075-1.png,0,2017-09-20_19-24-55,2017-09-20_19-24-55#3027,6075,train,[],healthy honeybee,2017-09-20_19-24-55
val/videos/2017-09-01_3-01-01/2017-09-01_3-01-01.mp4-bee_id_2375-54690-1.png,0,2017-09-01_3-01-01,2017-09-01_3-01-01#2375,54690,val,[],healthy honeybee,2017-09-01_3-01-01
train/videos/2017-08-28_09-30-00-1_500_dirty_glass/2017-08-28_09-30-00-1_500_dirty_glass.mp4-bee_id_6997-22650-1.png,0,2017-08-28_09-30-00-1_500_dirty_glass,2017-08-28_09-30-00-1_500_dirty_glass#6997,22650,train,[],healthy honeybee,2017-08-28_09-30-00-1_500_dirty_glass
train/videos/2017-08-30_15-42-59/2017-08-30_15-42-59.mp4-bee_id_9877-48705-1.png,0,2017-08-30_15-42-59,2017-08-30_15-42-59#9877,48705,train,[],healthy honeybee,2017-08-30_15-42-59
val/videos/2017-09-25_16-03-38/2017-09-25_16-03-38.mp4-bee_id_1234-41400-1.png,1,2017-09-25_16-03-38,2017-09-25_16-03-38#1234,41400,val,"[[66.0, 49.0, 101.0, 84.0]]",honeybee with a varroa mite,2017-09-25_16-03-38
train/videos/2017-08-30_15-42-59/2017-08-30_15-42-59.mp4-bee_id_11124-106305-1.png,1,2017-08-30_15-42-59,2017-08-30_15-42-59#11124,106305,train,"[[91.0, 78.0, 119.0, 115.0]]",honeybee with a varroa mite,2017-08-30_15-42-59
train/videos/2017-10-17_16-41-10/2017-10-17_16-41-10.mp4-bee_id_6931-1860-1.png,0,2017-10-17_16-41-10,2017-10-17_16-41-10#6931,1860,train,[],healthy honeybee,2017-10-17_16-41-10
train/videos/2017-09-20_19-24-55/2017-09-20_19-24-55.mp4-bee_id_4210-38715-1.png,1,2017-09-20_19-24-55,2017-09-20_19-24-55#4210,38715,train,"[[117.0, 98.0, 145.0, 130.0]]",honeybee with a varroa mite,2017-09-20_19-24-55
test/videos/2017-10-17_1-39-36/2017-10-17_1-39-36.mp4-bee_id_4604-31485-1.png,0,2017-10-17_1-39-36,2017-10-17_1-39-36#4604,31485,test,[],healthy honeybee,2017-10-17_1-39-36
train/videos/2017-08-30_15-42-59/2017-08-30_15-42-59.mp4-bee_id_9982-54225-1.png,0,2017-08-30_15-42-59,2017-08-30_15-42-59#9982,54225,train,[],healthy honeybee,2017-08-30_15-42-59
train/videos/2017-09-20_19-24-55/2017-09-20_19-24-55.mp4-bee_id_3663-23895-1.png,1,2017-09-20_19-24-55,2017-09-20_19-24-55#3663,23895,train,"[[81.0, 66.0, 117.0, 112.0]]",honeybee with a varroa mite,2017-09-20_19-24-55
train/videos/2017-09-20_19-24-55/2017-09-20_19-24-55.mp4-bee_id_4299-41205-1.png,0,2017-09-20_19-24-55,2017-09-20_19-24-55#4299,41205,train,[],healthy honeybee,2017-09-20_19-24-55
train/videos/2017-08-30_15-42-59/2017-08-30_15-42-59.mp4-bee_id_10801-89400-1.png,0,2017-08-30_15-42-59,2017-08-30_15-42-59#10801,89400,train,[],healthy honeybee,2017-08-30_15-42-59
test/videos/2017-09-01_10-54-26/2017-09-01_10-54-26.mp4-bee_id_8097-35385-1.png,0,2017-09-01_10-54-26,2017-09-01_10-54-26#8097,35385,test,[],healthy honeybee,2017-09-01_10-54-26
train/videos/2017-08-28_09-30-00-1_500_dirty_glass/2017-08-28_09-30-00-1_500_dirty_glass.mp4-bee_id_7736-63150-1.png,0,2017-08-28_09-30-00-1_500_dirty_glass,2017-08-28_09-30-00-1_500_dirty_glass#7736,63150,train,[],healthy honeybee,2017-08-28_09-30-00-1_500_dirty_glass
test/videos/2017-09-01_10-54-26/2017-09-01_10-54-26.mp4-bee_id_9035-104520-1.png,0,2017-09-01_10-54-26,2017-09-01_10-54-26#9035,104520,test,[],healthy honeybee,2017-09-01_10-54-26
train/videos/2017-09-20_19-24-55/2017-09-20_19-24-55.mp4-bee_id_4180-37950-1.png,1,2017-09-20_19-24-55,2017-09-20_19-24-55#4180,37950,train,"[[47.0, 89.0, 79.0, 122.0], [74.0, 48.0, 111.0, 78.0]]",honeybee with a varroa mite,2017-09-20_19-24-55
train/videos/2017-09-20_19-24-55/2017-09-20_19-24-55.mp4-bee_id_4814-55740-1.png,0,2017-09-20_19-24-55,2017-09-20_19-24-55#4814,55740,train,[],healthy honeybee,2017-09-20_19-24-55
train/videos/2017-09-25_16-03-38-2/2017-09-25_16-03-38.mp4-bee_id_1072-36795-1.png,1,2017-09-25_16-03-38,2017-09-25_16-03-38#1072,36795,train,"[[93.0, 131.0, 136.0, 162.0]]",honeybee with a varroa mite,2017-09-25_16-03-38
train/videos/2017-08-30_15-42-59/2017-08-30_15-42-59.mp4-bee_id_10080-57600-1.png,1,2017-08-30_15-42-59,2017-08-30_15-42-59#10080,57600,train,"[[36.0, 164.0, 64.0, 199.0], [37.0, 214.0, 61.0, 243.0]]",honeybee with a varroa mite,2017-08-30_15-42-59
train/videos/2017-09-20_19-24-55/2017-09-20_19-24-55.mp4-bee_id_3828-27915-1.png,0,2017-09-20_19-24-55,2017-09-20_19-24-55#3828,27915,train,[],healthy honeybee,2017-09-20_19-24-55
val/videos/2017-09-01_3-01-01/2017-09-01_3-01-01.mp4-bee_id_2529-64560-1.png,0,2017-09-01_3-01-01,2017-09-01_3-01-01#2529,64560,val,[],healthy honeybee,2017-09-01_3-01-01
train/videos/2017-08-30_15-42-59/2017-08-30_15-42-59.mp4-bee_id_9547-31740-1.png,0,2017-08-30_15-42-59,2017-08-30_15-42-59#9547,31740,train,[],healthy honeybee,2017-08-30_15-42-59
test/videos/2017-10-17_1-39-36/2017-10-17_1-39-36.mp4-bee_id_4181-19980-1.png,0,2017-10-17_1-39-36,2017-10-17_1-39-36#4181,19980,test,[],healthy honeybee,2017-10-17_1-39-36
train/videos/2017-09-25_16-03-38-2/2017-09-25_16-03-38.mp4-bee_id_706-25905-1.png,0,2017-09-25_16-03-38,2017-09-25_16-03-38#706,25905,train,[],healthy honeybee,2017-09-25_16-03-38
train/videos/2017-09-20_19-24-55/2017-09-20_19-24-55.mp4-bee_id_5818-83865-1.png,0,2017-09-20_19-24-55,2017-09-20_19-24-55#5818,83865,train,[],healthy honeybee,2017-09-20_19-24-55
train/videos/2017-09-25_16-03-38-2/2017-09-25_16-03-38.mp4-bee_id_1049-36015-1.png,0,2017-09-25_16-03-38,2017-09-25_16-03-38#1049,36015,train,[],healthy honeybee,2017-09-25_16-03-38
test/videos/2017-10-17_1-39-36/2017-10-17_1-39-36.mp4-bee_id_3865-10920-1.png,0,2017-10-17_1-39-36,2017-10-17_1-39-36#3865,10920,test,[],healthy honeybee,2017-10-17_1-39-36
val/videos/2017-09-25_16-03-38/2017-09-25_16-03-38.mp4-bee_id_1631-52275-1.png,0,2017-09-25_16-03-38,2017-09-25_16-03-38#1631,52275,val,[],healthy honeybee,2017-09-25_16-03-38
train/videos/2017-08-30_15-42-59/2017-08-30_15-42-59.mp4-bee_id_9165-2670-1.png,0,2017-08-30_15-42-59,2017-08-30_15-42-59#9165,2670,train,[],healthy honeybee,2017-08-30_15-42-59
train/videos/2017-09-20_19-24-55/2017-09-20_19-24-55.mp4-bee_id_2896-2910-1.png,1,2017-09-20_19-24-55,2017-09-20_19-24-55#2896,2910,train,"[[42.0, 128.0, 86.0, 164.0]]",honeybee with a varroa mite,2017-09-20_19-24-55
val/videos/2017-09-25_16-03-38/2017-09-25_16-03-38.mp4-bee_id_2115-82395-1.png,0,2017-09-25_16-03-38,2017-09-25_16-03-38#2115,82395,val,[],healthy honeybee,2017-09-25_16-03-38
train/videos/2017-09-20_19-24-55/2017-09-20_19-24-55.mp4-bee_id_5026-61590-1.png,0,2017-09-20_19-24-55,2017-09-20_19-24-55#5026,61590,train,[],healthy honeybee,2017-09-20_19-24-55
train/videos/2017-08-30_15-42-59/2017-08-30_15-42-59.mp4-bee_id_9473-25320-1.png,0,2017-08-30_15-42-59,2017-08-30_15-42-59#9473,25320,train,[],healthy honeybee,2017-08-30_15-42-59
train/videos/2017-09-20_19-24-55/2017-09-20_19-24-55.mp4-bee_id_5553-76755-1.png,0,2017-09-20_19-24-55,2017-09-20_19-24-55#5553,76755,train,[],healthy honeybee,2017-09-20_19-24-55
train/videos/2017-09-20_19-24-55/2017-09-20_19-24-55.mp4-bee_id_5220-66900-1.png,0,2017-09-20_19-24-55,2017-09-20_19-24-55#5220,66900,train,[],healthy honeybee,2017-09-20_19-24-55
val/videos/2017-09-25_16-03-38/2017-09-25_16-03-38.mp4-bee_id_1794-57240-1.png,0,2017-09-25_16-03-38,2017-09-25_16-03-38#1794,57240,val,[],healthy honeybee,2017-09-25_16-03-38
train/videos/2017-08-30_15-42-59/2017-08-30_15-42-59.mp4-bee_id_11027-102675-1.png,0,2017-08-30_15-42-59,2017-08-30_15-42-59#11027,102675,train,[],healthy honeybee,2017-08-30_15-42-59
test/videos/2017-10-17_1-39-36/2017-10-17_1-39-36.mp4-bee_id_4965-41535-1.png,0,2017-10-17_1-39-36,2017-10-17_1-39-36#4965,41535,test,[],healthy honeybee,2017-10-17_1-39-36
train/videos/2017-10-17_16-41-10/2017-10-17_16-41-10.mp4-bee_id_6978-3480-1.png,0,2017-10-17_16-41-10,2017-10-17_16-41-10#6978,3480,train,[],healthy honeybee,2017-10-17_16-41-10
val/videos/2017-09-25_16-03-38/2017-09-25_16-03-38.mp4-bee_id_2016-76020-1.png,0,2017-09-25_16-03-38,2017-09-25_16-03-38#2016,76020,val,[],healthy honeybee,2017-09-25_16-03-38
val/videos/2017-09-25_16-03-38/2017-09-25_16-03-38.mp4-bee_id_1637-52515-1.png,0,2017-09-25_16-03-38,2017-09-25_16-03-38#1637,52515,val,[],healthy honeybee,2017-09-25_16-03-38
test/videos/2017-09-01_10-54-26/2017-09-01_10-54-26.mp4-bee_id_8310-55965-1.png,0,2017-09-01_10-54-26,2017-09-01_10-54-26#8310,55965,test,[],healthy honeybee,2017-09-01_10-54-26
test/videos/2017-09-01_10-54-26/2017-09-01_10-54-26.mp4-bee_id_7824-10605-1.png,0,2017-09-01_10-54-26,2017-09-01_10-54-26#7824,10605,test,[],healthy honeybee,2017-09-01_10-54-26
train/videos/2017-09-20_19-24-55/2017-09-20_19-24-55.mp4-bee_id_6435-100995-1.png,1,2017-09-20_19-24-55,2017-09-20_19-24-55#6435,100995,train,"[[37.0, 107.0, 73.0, 136.0]]",honeybee with a varroa mite,2017-09-20_19-24-55
train/videos/2017-09-20_19-24-55/2017-09-20_19-24-55.mp4-bee_id_5331-70200-1.png,0,2017-09-20_19-24-55,2017-09-20_19-24-55#5331,70200,train,[],healthy honeybee,2017-09-20_19-24-55
test/videos/2017-10-17_1-39-36/2017-10-17_1-39-36.mp4-bee_id_4772-36045-1.png,0,2017-10-17_1-39-36,2017-10-17_1-39-36#4772,36045,test,[],healthy honeybee,2017-10-17_1-39-36
test/videos/2017-10-17_1-39-36/2017-10-17_1-39-36.mp4-bee_id_4384-25785-1.png,0,2017-10-17_1-39-36,2017-10-17_1-39-36#4384,25785,test,[],healthy honeybee,2017-10-17_1-39-36
train/videos/2017-09-20_19-24-55/2017-09-20_19-24-55.mp4-bee_id_3477-18975-1.png,1,2017-09-20_19-24-55,2017-09-20_19-24-55#3477,18975,train,"[[25.0, 81.0, 62.0, 108.0]]",honeybee with a varroa mite,2017-09-20_19-24-55
train/videos/2017-08-28_09-30-00-1_500_dirty_glass/2017-08-28_09-30-00-1_500_dirty_glass.mp4-bee_id_7421-48720-1.png,0,2017-08-28_09-30-00-1_500_dirty_glass,2017-08-28_09-30-00-1_500_dirty_glass#7421,48720,train,[],healthy honeybee,2017-08-28_09-30-00-1_500_dirty_glass
train/videos/2017-09-20_19-24-55/2017-09-20_19-24-55.mp4-bee_id_6080-91485-1.png,0,2017-09-20_19-24-55,2017-09-20_19-24-55#6080,91485,train,[],healthy honeybee,2017-09-20_19-24-55
test/videos/2017-10-17_1-39-36/2017-10-17_1-39-36.mp4-bee_id_4094-17685-1.png,1,2017-10-17_1-39-36,2017-10-17_1-39-36#4094,17685,test,"[[61.0, 158.0, 91.0, 206.0]]",honeybee with a varroa mite,2017-10-17_1-39-36
test/videos/2017-10-17_1-39-36/2017-10-17_1-39-36.mp4-bee_id_4860-38505-1.png,0,2017-10-17_1-39-36,2017-10-17_1-39-36#4860,38505,test,[],healthy honeybee,2017-10-17_1-39-36
train/videos/2017-08-28_09-30-00-1_500_dirty_glass/2017-08-28_09-30-00-1_500_dirty_glass.mp4-bee_id_6876-17550-1.png,0,2017-08-28_09-30-00-1_500_dirty_glass,2017-08-28_09-30-00-1_500_dirty_glass#6876,17550,train,[],healthy honeybee,2017-08-28_09-30-00-1_500_dirty_glass
train/videos/2017-08-28_09-30-00-1_500_dirty_glass/2017-08-28_09-30-00-1_500_dirty_glass.mp4-bee_id_6777-12915-1.png,1,2017-08-28_09-30-00-1_500_dirty_glass,2017-08-28_09-30-00-1_500_dirty_glass#6777,12915,train,"[[33.0, 133.0, 69.0, 160.0]]",honeybee with a varroa mite,2017-08-28_09-30-00-1_500_dirty_glass
val/videos/2017-09-25_16-03-38/2017-09-25_16-03-38.mp4-bee_id_1371-45150-1.png,0,2017-09-25_16-03-38,2017-09-25_16-03-38#1371,45150,val,[],healthy honeybee,2017-09-25_16-03-38
train/videos/2017-08-30_15-42-59/2017-08-30_15-42-59.mp4-bee_id_9572-32925-1.png,0,2017-08-30_15-42-59,2017-08-30_15-42-59#9572,32925,train,[],healthy honeybee,2017-08-30_15-42-59
val/videos/2017-09-25_16-03-38/2017-09-25_16-03-38.mp4-bee_id_2066-79275-1.png,0,2017-09-25_16-03-38,2017-09-25_16-03-38#2066,79275,val,[],healthy honeybee,2017-09-25_16-03-38
train/videos/2017-08-30_15-42-59/2017-08-30_15-42-59.mp4-bee_id_10115-58755-1.png,0,2017-08-30_15-42-59,2017-08-30_15-42-59#10115,58755,train,[],healthy honeybee,2017-08-30_15-42-59
train/videos/2017-08-30_15-42-59/2017-08-30_15-42-59.mp4-bee_id_10832-93015-1.png,0,2017-08-30_15-42-59,2017-08-30_15-42-59#10832,93015,train,[],healthy honeybee,2017-08-30_15-42-59
test/videos/2017-10-17_1-39-36/2017-10-17_1-39-36.mp4-bee_id_4156-19395-1.png,0,2017-10-17_1-39-36,2017-10-17_1-39-36#4156,19395,test,[],healthy honeybee,2017-10-17_1-39-36
test/videos/2017-10-17_1-39-36/2017-10-17_1-39-36.mp4-bee_id_4563-30510-1.png,0,2017-10-17_1-39-36,2017-10-17_1-39-36#4563,30510,test,[],healthy honeybee,2017-10-17_1-39-36
train/videos/2017-09-25_16-03-38-2/2017-09-25_16-03-38.mp4-bee_id_620-22905-1.png,0,2017-09-25_16-03-38,2017-09-25_16-03-38#620,22905,train,[],healthy honeybee,2017-09-25_16-03-38
train/videos/2017-09-20_19-24-55/2017-09-20_19-24-55.mp4-bee_id_5671-79980-1.png,0,2017-09-20_19-24-55,2017-09-20_19-24-55#5671,79980,train,[],healthy honeybee,2017-09-20_19-24-55
train/videos/2017-08-30_15-42-59/2017-08-30_15-42-59.mp4-bee_id_9736-41880-1.png,1,2017-08-30_15-42-59,2017-08-30_15-42-59#9736,41880,train,"[[98.0, 80.0, 133.0, 123.0]]",honeybee with a varroa mite,2017-08-30_15-42-59
train/videos/2017-09-20_19-24-55/2017-09-20_19-24-55.mp4-bee_id_3090-7815-1.png,0,2017-09-20_19-24-55,2017-09-20_19-24-55#3090,7815,train,[],healthy honeybee,2017-09-20_19-24-55
train/videos/2017-09-20_19-24-55/2017-09-20_19-24-55.mp4-bee_id_6009-89565-1.png,0,2017-09-20_19-24-55,2017-09-20_19-24-55#6009,89565,train,[],healthy honeybee,2017-09-20_19-24-55
train/videos/2017-09-20_19-24-55/2017-09-20_19-24-55.mp4-bee_id_4745-54090-1.png,1,2017-09-20_19-24-55,2017-09-20_19-24-55#4745,54090,train,"[[96.0, 91.0, 126.0, 125.0]]",honeybee with a varroa mite,2017-09-20_19-24-55
train/videos/2017-08-30_15-42-59/2017-08-30_15-42-59.mp4-bee_id_9607-34725-1.png,0,2017-08-30_15-42-59,2017-08-30_15-42-59#9607,34725,train,[],healthy honeybee,2017-08-30_15-42-59
test/videos/2017-10-17_1-39-36/2017-10-17_1-39-36.mp4-bee_id_3691-6090-1.png,0,2017-10-17_1-39-36,2017-10-17_1-39-36#3691,6090,test,[],healthy honeybee,2017-10-17_1-39-36
val/videos/2017-09-01_3-01-01/2017-09-01_3-01-01.mp4-bee_id_2250-20280-1.png,1,2017-09-01_3-01-01,2017-09-01_3-01-01#2250,20280,val,"[[42.0, 99.0, 71.0, 126.0], [80.0, 93.0, 108.0, 120.0]]",honeybee with a varroa mite,2017-09-01_3-01-01
train/videos/2017-08-30_15-42-59/2017-08-30_15-42-59.mp4-bee_id_9301-8010-1.png,0,2017-08-30_15-42-59,2017-08-30_15-42-59#9301,8010,train,[],healthy honeybee,2017-08-30_15-42-59
train/videos/2017-08-30_15-42-59/2017-08-30_15-42-59.mp4-bee_id_9343-11700-1.png,0,2017-08-30_15-42-59,2017-08-30_15-42-59#9343,11700,train,[],healthy honeybee,2017-08-30_15-42-59
train/videos/2017-08-30_15-42-59/2017-08-30_15-42-59.mp4-bee_id_9960-53025-1.png,0,2017-08-30_15-42-59,2017-08-30_15-42-59#9960,53025,train,[],healthy honeybee,2017-08-30_15-42-59
val/videos/2017-08-28_16-32-55_30_sec/2017-08-28_16-32-55_30_sec.mp4-bee_id_6681-795-1.png,1,2017-08-28_16-32-55_30_sec,2017-08-28_16-32-55_30_sec#6681,795,val,"[[57.0, 108.0, 95.0, 133.0], [52.0, 130.0, 85.0, 181.0], [80.0, 148.0, 114.0, 171.0]]",honeybee with a varroa mite,2017-08-28_16-32-55_30_sec
train/videos/2017-09-20_19-24-55/2017-09-20_19-24-55.mp4-bee_id_3731-25350-1.png,0,2017-09-20_19-24-55,2017-09-20_19-24-55#3731,25350,train,[],healthy honeybee,2017-09-20_19-24-55
test/videos/2017-10-17_1-39-36/2017-10-17_1-39-36.mp4-bee_id_3896-11850-1.png,0,2017-10-17_1-39-36,2017-10-17_1-39-36#3896,11850,test,[],healthy honeybee,2017-10-17_1-39-36
val/videos/2017-09-25_16-03-38/2017-09-25_16-03-38.mp4-bee_id_1444-47010-1.png,0,2017-09-25_16-03-38,2017-09-25_16-03-38#1444,47010,val,[],healthy honeybee,2017-09-25_16-03-38
train/videos/2017-08-30_15-42-59/2017-08-30_15-42-59.mp4-bee_id_9433-22665-1.png,1,2017-08-30_15-42-59,2017-08-30_15-42-59#9433,22665,train,"[[29.0, 110.0, 51.0, 130.0]]",honeybee with a varroa mite,2017-08-30_15-42-59
train/videos/2017-09-20_19-24-55/2017-09-20_19-24-55.mp4-bee_id_3705-24840-1.png,0,2017-09-20_19-24-55,2017-09-20_19-24-55#3705,24840,train,[],healthy honeybee,2017-09-20_19-24-55
val/videos/2017-09-25_16-03-38/2017-09-25_16-03-38.mp4-bee_id_1448-47130-1.png,0,2017-09-25_16-03-38,2017-09-25_16-03-38#1448,47130,val,[],healthy honeybee,2017-09-25_16-03-38
train/videos/2017-09-20_19-24-55/2017-09-20_19-24-55.mp4-bee_id_5490-75135-1.png,1,2017-09-20_19-24-55,2017-09-20_19-24-55#5490,75135,train,"[[66.0, 86.0, 99.0, 110.0]]",honeybee with a varroa mite,2017-09-20_19-24-55
train/videos/2017-08-30_15-42-59/2017-08-30_15-42-59.mp4-bee_id_11086-104970-1.png,0,2017-08-30_15-42-59,2017-08-30_15-42-59#11086,104970,train,[],healthy honeybee,2017-08-30_15-42-59
train/videos/2017-08-30_15-42-59/2017-08-30_15-42-59.mp4-bee_id_9305-8190-1.png,0,2017-08-30_15-42-59,2017-08-30_15-42-59#9305,8190,train,[],healthy honeybee,2017-08-30_15-42-59
train/videos/2017-08-30_15-42-59/2017-08-30_15-42-59.mp4-bee_id_9340-11400-1.png,0,2017-08-30_15-42-59,2017-08-30_15-42-59#9340,11400,train,[],healthy honeybee,2017-08-30_15-42-59
train/videos/2017-09-20_19-24-55/2017-09-20_19-24-55.mp4-bee_id_4610-50445-1.png,1,2017-09-20_19-24-55,2017-09-20_19-24-55#4610,50445,train,"[[79.0, 144.0, 109.0, 177.0], [26.0, 169.0, 57.0, 202.0]]",honeybee with a varroa mite,2017-09-20_19-24-55
train/videos/2017-09-25_16-03-38-2/2017-09-25_16-03-38.mp4-bee_id_614-22770-1.png,0,2017-09-25_16-03-38,2017-09-25_16-03-38#614,22770,train,[],healthy honeybee,2017-09-25_16-03-38
test/videos/2017-09-01_10-54-26/2017-09-01_10-54-26.mp4-bee_id_9050-105300-1.png,0,2017-09-01_10-54-26,2017-09-01_10-54-26#9050,105300,test,[],healthy honeybee,2017-09-01_10-54-26
train/videos/2017-09-20_19-24-55/2017-09-20_19-24-55.mp4-bee_id_4945-59430-1.png,0,2017-09-20_19-24-55,2017-09-20_19-24-55#4945,59430,train,[],healthy honeybee,2017-09-20_19-24-55
train/videos/2017-09-20_19-24-55/2017-09-20_19-24-55.mp4-bee_id_3132-9240-1.png,1,2017-09-20_19-24-55,2017-09-20_19-24-55#3132,9240,train,"[[53.0, 163.0, 82.0, 199.0]]",honeybee with a varroa mite,2017-09-20_19-24-55
train/videos/2017-08-28_09-30-00-1_500_dirty_glass/2017-08-28_09-30-00-1_500_dirty_glass.mp4-bee_id_7355-45840-1.png,1,2017-08-28_09-30-00-1_500_dirty_glass,2017-08-28_09-30-00-1_500_dirty_glass#7355,45840,train,"[[50.0, 132.0, 81.0, 166.0]]",honeybee with a varroa mite,2017-08-28_09-30-00-1_500_dirty_glass
train/videos/2017-09-20_19-24-55/2017-09-20_19-24-55.mp4-bee_id_5318-69900-1.png,0,2017-09-20_19-24-55,2017-09-20_19-24-55#5318,69900,train,[],healthy honeybee,2017-09-20_19-24-55
train/videos/2017-08-28_09-30-00-1_500_dirty_glass/2017-08-28_09-30-00-1_500_dirty_glass.mp4-bee_id_6866-16470-1.png,1,2017-08-28_09-30-00-1_500_dirty_glass,2017-08-28_09-30-00-1_500_dirty_glass#6866,16470,train,"[[28.0, 100.0, 59.0, 124.0]]",honeybee with a varroa mite,2017-08-28_09-30-00-1_500_dirty_glass
test/videos/2017-10-17_1-39-36/2017-10-17_1-39-36.mp4-bee_id_5679-60360-1.png,0,2017-10-17_1-39-36,2017-10-17_1-39-36#5679,60360,test,[],healthy honeybee,2017-10-17_1-39-36
train/videos/2017-08-28_09-30-00-1_500_dirty_glass/2017-08-28_09-30-00-1_500_dirty_glass.mp4-bee_id_7183-33945-1.png,0,2017-08-28_09-30-00-1_500_dirty_glass,2017-08-28_09-30-00-1_500_dirty_glass#7183,33945,train,[],healthy honeybee,2017-08-28_09-30-00-1_500_dirty_glass
test/videos/2017-09-01_10-54-26/2017-09-01_10-54-26.mp4-bee_id_7803-8445-1.png,0,2017-09-01_10-54-26,2017-09-01_10-54-26#7803,8445,test,[],healthy honeybee,2017-09-01_10-54-26
train/videos/2017-09-20_19-24-55/2017-09-20_19-24-55.mp4-bee_id_4612-50475-1.png,0,2017-09-20_19-24-55,2017-09-20_19-24-55#4612,50475,train,[],healthy honeybee,2017-09-20_19-24-55
test/videos/2017-10-17_1-39-36/2017-10-17_1-39-36.mp4-bee_id_5424-53700-1.png,0,2017-10-17_1-39-36,2017-10-17_1-39-36#5424,53700,test,[],healthy honeybee,2017-10-17_1-39-36
test/videos/2017-09-01_10-54-26/2017-09-01_10-54-26.mp4-bee_id_8235-46545-1.png,1,2017-09-01_10-54-26,2017-09-01_10-54-26#8235,46545,test,"[[43.0, 104.0, 83.0, 132.0]]",honeybee with a varroa mite,2017-09-01_10-54-26
train/videos/2017-08-28_09-30-00-1_500_dirty_glass/2017-08-28_09-30-00-1_500_dirty_glass.mp4-bee_id_7228-38325-1.png,1,2017-08-28_09-30-00-1_500_dirty_glass,2017-08-28_09-30-00-1_500_dirty_glass#7228,38325,train,"[[74.0, 133.0, 110.0, 159.0]]",honeybee with a varroa mite,2017-08-28_09-30-00-1_500_dirty_glass
test/videos/2017-10-17_1-39-36/2017-10-17_1-39-36.mp4-bee_id_5522-56115-1.png,0,2017-10-17_1-39-36,2017-10-17_1-39-36#5522,56115,test,[],healthy honeybee,2017-10-17_1-39-36
train/videos/2017-09-20_19-24-55/2017-09-20_19-24-55.mp4-bee_id_3852-28545-1.png,1,2017-09-20_19-24-55,2017-09-20_19-24-55#3852,28545,train,"[[23.0, 133.0, 51.0, 182.0]]",honeybee with a varroa mite,2017-09-20_19-24-55
train/videos/2017-09-25_16-03-38-2/2017-09-25_16-03-38.mp4-bee_id_1118-38265-1.png,0,2017-09-25_16-03-38,2017-09-25_16-03-38#1118,38265,train,[],healthy honeybee,2017-09-25_16-03-38
train/videos/2017-09-20_19-24-55/2017-09-20_19-24-55.mp4-bee_id_2885-2610-1.png,0,2017-09-20_19-24-55,2017-09-20_19-24-55#2885,2610,train,[],healthy honeybee,2017-09-20_19-24-55
train/videos/2017-09-25_16-03-38-2/2017-09-25_16-03-38.mp4-bee_id_887-30810-1.png,1,2017-09-25_16-03-38,2017-09-25_16-03-38#887,30810,train,"[[62.0, 66.0, 113.0, 97.0]]",honeybee with a varroa mite,2017-09-25_16-03-38
train/videos/2017-09-20_19-24-55/2017-09-20_19-24-55.mp4-bee_id_3446-18300-1.png,1,2017-09-20_19-24-55,2017-09-20_19-24-55#3446,18300,train,"[[42.0, 150.0, 70.0, 168.0]]",honeybee with a varroa mite,2017-09-20_19-24-55
train/videos/2017-08-28_09-30-00-1_500_dirty_glass/2017-08-28_09-30-00-1_500_dirty_glass.mp4-bee_id_6713-1425-1.png,0,2017-08-28_09-30-00-1_500_dirty_glass,2017-08-28_09-30-00-1_500_dirty_glass#6713,1425,train,[],healthy honeybee,2017-08-28_09-30-00-1_500_dirty_glass
val/videos/2017-09-01_3-01-01/2017-09-01_3-01-01.mp4-bee_id_2342-50970-1.png,1,2017-09-01_3-01-01,2017-09-01_3-01-01#2342,50970,val,"[[77.0, 118.0, 106.0, 150.0], [87.0, 146.0, 114.0, 172.0]]",honeybee with a varroa mite,2017-09-01_3-01-01
train/videos/2017-08-30_15-42-59/2017-08-30_15-42-59.mp4-bee_id_9144-1755-1.png,0,2017-08-30_15-42-59,2017-08-30_15-42-59#9144,1755,train,[],healthy honeybee,2017-08-30_15-42-59
train/videos/2017-09-20_19-24-55/2017-09-20_19-24-55.mp4-bee_id_4292-40980-1.png,0,2017-09-20_19-24-55,2017-09-20_19-24-55#4292,40980,train,[],healthy honeybee,2017-09-20_19-24-55
train/videos/2017-09-20_19-24-55/2017-09-20_19-24-55.mp4-bee_id_5225-67065-1.png,0,2017-09-20_19-24-55,2017-09-20_19-24-55#5225,67065,train,[],healthy honeybee,2017-09-20_19-24-55
val/videos/2017-09-01_3-01-01/2017-09-01_3-01-01.mp4-bee_id_2642-85980-1.png,0,2017-09-01_3-01-01,2017-09-01_3-01-01#2642,85980,val,[],healthy honeybee,2017-09-01_3-01-01
train/videos/2017-09-25_16-03-38-2/2017-09-25_16-03-38.mp4-bee_id_953-32925-1.png,1,2017-09-25_16-03-38,2017-09-25_16-03-38#953,32925,train,"[[37.0, 103.0, 77.0, 147.0]]",honeybee with a varroa mite,2017-09-25_16-03-38
train/videos/2017-09-20_19-24-55/2017-09-20_19-24-55.mp4-bee_id_6110-92310-1.png,1,2017-09-20_19-24-55,2017-09-20_19-24-55#6110,92310,train,"[[89.0, 154.0, 129.0, 198.0], [32.0, 147.0, 61.0, 190.0]]",honeybee with a varroa mite,2017-09-20_19-24-55
train/videos/2017-08-30_15-42-59/2017-08-30_15-42-59.mp4-bee_id_10809-91230-1.png,0,2017-08-30_15-42-59,2017-08-30_15-42-59#10809,91230,train,[],healthy honeybee,2017-08-30_15-42-59
train/videos/2017-09-20_19-24-55/2017-09-20_19-24-55.mp4-bee_id_6135-92910-1.png,0,2017-09-20_19-24-55,2017-09-20_19-24-55#6135,92910,train,[],healthy honeybee,2017-09-20_19-24-55
test/videos/2017-10-17_1-39-36/2017-10-17_1-39-36.mp4-bee_id_4254-22095-1.png,0,2017-10-17_1-39-36,2017-10-17_1-39-36#4254,22095,test,[],healthy honeybee,2017-10-17_1-39-36
train/videos/2017-09-20_19-24-55/2017-09-20_19-24-55.mp4-bee_id_5786-82980-1.png,1,2017-09-20_19-24-55,2017-09-20_19-24-55#5786,82980,train,"[[52.0, 130.0, 75.0, 151.0]]",honeybee with a varroa mite,2017-09-20_19-24-55
test/videos/2017-09-01_10-54-26/2017-09-01_10-54-26.mp4-bee_id_8396-64230-1.png,1,2017-09-01_10-54-26,2017-09-01_10-54-26#8396,64230,test,"[[40.0, 105.0, 71.0, 129.0]]",honeybee with a varroa mite,2017-09-01_10-54-26
train/videos/2017-08-28_09-30-00-1_500_dirty_glass/2017-08-28_09-30-00-1_500_dirty_glass.mp4-bee_id_7661-60270-1.png,0,2017-08-28_09-30-00-1_500_dirty_glass,2017-08-28_09-30-00-1_500_dirty_glass#7661,60270,train,[],healthy honeybee,2017-08-28_09-30-00-1_500_dirty_glass
train/videos/2017-09-20_19-24-55/2017-09-20_19-24-55.mp4-bee_id_4322-41925-1.png,0,2017-09-20_19-24-55,2017-09-20_19-24-55#4322,41925,train,[],healthy honeybee,2017-09-20_19-24-55
train/videos/2017-09-25_16-03-38-2/2017-09-25_16-03-38.mp4-bee_id_517-18420-1.png,1,2017-09-25_16-03-38,2017-09-25_16-03-38#517,18420,train,"[[85.0, 133.0, 131.0, 174.0]]",honeybee with a varroa mite,2017-09-25_16-03-38
train/videos/2017-09-20_19-24-55/2017-09-20_19-24-55.mp4-bee_id_3945-31425-1.png,0,2017-09-20_19-24-55,2017-09-20_19-24-55#3945,31425,train,[],healthy honeybee,2017-09-20_19-24-55
val/videos/2017-09-01_3-01-01/2017-09-01_3-01-01.mp4-bee_id_2299-48915-1.png,1,2017-09-01_3-01-01,2017-09-01_3-01-01#2299,48915,val,"[[81.0, 147.0, 112.0, 168.0], [96.0, 166.0, 121.0, 185.0]]",honeybee with a varroa mite,2017-09-01_3-01-01
train/videos/2017-09-20_19-24-55/2017-09-20_19-24-55.mp4-bee_id_5663-79725-1.png,1,2017-09-20_19-24-55,2017-09-20_19-24-55#5663,79725,train,"[[74.0, 140.0, 114.0, 191.0], [30.0, 167.0, 56.0, 206.0]]",honeybee with a varroa mite,2017-09-20_19-24-55
test/videos/2017-09-01_10-54-26/2017-09-01_10-54-26.mp4-bee_id_8487-71085-1.png,0,2017-09-01_10-54-26,2017-09-01_10-54-26#8487,71085,test,[],healthy honeybee,2017-09-01_10-54-26
test/videos/2017-10-17_1-39-36/2017-10-17_1-39-36.mp4-bee_id_4446-27555-1.png,0,2017-10-17_1-39-36,2017-10-17_1-39-36#4446,27555,test,[],healthy honeybee,2017-10-17_1-39-36
train/videos/2017-08-28_09-30-00-1_500_dirty_glass/2017-08-28_09-30-00-1_500_dirty_glass.mp4-bee_id_7315-44280-1.png,1,2017-08-28_09-30-00-1_500_dirty_glass,2017-08-28_09-30-00-1_500_dirty_glass#7315,44280,train,"[[54.0, 141.0, 82.0, 170.0]]",honeybee with a varroa mite,2017-08-28_09-30-00-1_500_dirty_glass
test/videos/2017-10-17_1-39-36/2017-10-17_1-39-36.mp4-bee_id_5736-61695-1.png,0,2017-10-17_1-39-36,2017-10-17_1-39-36#5736,61695,test,[],healthy honeybee,2017-10-17_1-39-36
train/videos/2017-09-20_19-24-55/2017-09-20_19-24-55.mp4-bee_id_4753-54285-1.png,1,2017-09-20_19-24-55,2017-09-20_19-24-55#4753,54285,train,"[[66.0, 87.0, 120.0, 140.0]]",honeybee with a varroa mite,2017-09-20_19-24-55
val/videos/2017-09-01_3-01-01/2017-09-01_3-01-01.mp4-bee_id_2306-49185-1.png,1,2017-09-01_3-01-01,2017-09-01_3-01-01#2306,49185,val,"[[57.0, 142.0, 94.0, 165.0], [59.0, 163.0, 100.0, 183.0]]",honeybee with a varroa mite,2017-09-01_3-01-01
train/videos/2017-08-30_15-42-59/2017-08-30_15-42-59.mp4-bee_id_10729-86865-1.png,0,2017-08-30_15-42-59,2017-08-30_15-42-59#10729,86865,train,[],healthy honeybee,2017-08-30_15-42-59
train/videos/2017-09-20_19-24-55/2017-09-20_19-24-55.mp4-bee_id_4882-57900-1.png,0,2017-09-20_19-24-55,2017-09-20_19-24-55#4882,57900,train,[],healthy honeybee,2017-09-20_19-24-55
val/videos/2017-09-25_16-03-38/2017-09-25_16-03-38.mp4-bee_id_1975-73350-1.png,0,2017-09-25_16-03-38,2017-09-25_16-03-38#1975,73350,val,[],healthy honeybee,2017-09-25_16-03-38
test/videos/2017-10-17_1-39-36/2017-10-17_1-39-36.mp4-bee_id_5904-65805-1.png,0,2017-10-17_1-39-36,2017-10-17_1-39-36#5904,65805,test,[],healthy honeybee,2017-10-17_1-39-36
val/videos/2017-09-29_15-31-49/2017-09-29_15-31-49.mp4-bee_id_55-1485-1.png,0,2017-09-29_15-31-49,2017-09-29_15-31-49#55,1485,val,[],healthy honeybee,2017-09-29_15-31-49
train/videos/2017-09-20_19-24-55/2017-09-20_19-24-55.mp4-bee_id_6471-101865-1.png,0,2017-09-20_19-24-55,2017-09-20_19-24-55#6471,101865,train,[],healthy honeybee,2017-09-20_19-24-55
val/videos/2017-09-25_16-03-38/2017-09-25_16-03-38.mp4-bee_id_1501-48675-1.png,0,2017-09-25_16-03-38,2017-09-25_16-03-38#1501,48675,val,[],healthy honeybee,2017-09-25_16-03-38
train/videos/2017-08-30_15-42-59/2017-08-30_15-42-59.mp4-bee_id_9406-17865-1.png,0,2017-08-30_15-42-59,2017-08-30_15-42-59#9406,17865,train,[],healthy honeybee,2017-08-30_15-42-59
train/videos/2017-10-17_16-41-10/2017-10-17_16-41-10.mp4-bee_id_7066-5850-1.png,0,2017-10-17_16-41-10,2017-10-17_16-41-10#7066,5850,train,[],healthy honeybee,2017-10-17_16-41-10
test/videos/2017-10-17_1-39-36/2017-10-17_1-39-36.mp4-bee_id_5303-50835-1.png,0,2017-10-17_1-39-36,2017-10-17_1-39-36#5303,50835,test,[],healthy honeybee,2017-10-17_1-39-36
test/videos/2017-09-01_10-54-26/2017-09-01_10-54-26.mp4-bee_id_8694-89910-1.png,0,2017-09-01_10-54-26,2017-09-01_10-54-26#8694,89910,test,[],healthy honeybee,2017-09-01_10-54-26
test/videos/2017-09-01_10-54-26/2017-09-01_10-54-26.mp4-bee_id_8895-98820-1.png,0,2017-09-01_10-54-26,2017-09-01_10-54-26#8895,98820,test,[],healthy honeybee,2017-09-01_10-54-26
train/videos/2017-09-20_19-24-55/2017-09-20_19-24-55.mp4-bee_id_5281-68775-1.png,1,2017-09-20_19-24-55,2017-09-20_19-24-55#5281,68775,train,"[[39.0, 172.0, 70.0, 208.0]]",honeybee with a varroa mite,2017-09-20_19-24-55
val/videos/2017-09-01_20-00-17/2017-09-01_20-00-17.mp4-bee_id_189-81255-1.png,0,2017-09-01_20-00-17,2017-09-01_20-00-17#189,81255,val,[],healthy honeybee,2017-09-01_20-00-17
train/videos/2017-09-20_19-24-55/2017-09-20_19-24-55.mp4-bee_id_5870-85425-1.png,1,2017-09-20_19-24-55,2017-09-20_19-24-55#5870,85425,train,"[[66.0, 86.0, 103.0, 117.0]]",honeybee with a varroa mite,2017-09-20_19-24-55
train/videos/2017-09-20_19-24-55/2017-09-20_19-24-55.mp4-bee_id_2924-3450-1.png,0,2017-09-20_19-24-55,2017-09-20_19-24-55#2924,3450,train,[],healthy honeybee,2017-09-20_19-24-55
test/videos/2017-10-17_1-39-36/2017-10-17_1-39-36.mp4-bee_id_5354-51990-1.png,0,2017-10-17_1-39-36,2017-10-17_1-39-36#5354,51990,test,[],healthy honeybee,2017-10-17_1-39-36
val/videos/2017-09-01_20-00-17/2017-09-01_20-00-17.mp4-bee_id_166-70230-1.png,0,2017-09-01_20-00-17,2017-09-01_20-00-17#166,70230,val,[],healthy honeybee,2017-09-01_20-00-17
test/videos/2017-10-17_1-39-36/2017-10-17_1-39-36.mp4-bee_id_4368-25320-1.png,0,2017-10-17_1-39-36,2017-10-17_1-39-36#4368,25320,test,[],healthy honeybee,2017-10-17_1-39-36
test/videos/2017-09-01_10-54-26/2017-09-01_10-54-26.mp4-bee_id_8445-67785-1.png,0,2017-09-01_10-54-26,2017-09-01_10-54-26#8445,67785,test,[],healthy honeybee,2017-09-01_10-54-26
train/videos/2017-09-20_19-24-55/2017-09-20_19-24-55.mp4-bee_id_5257-68085-1.png,1,2017-09-20_19-24-55,2017-09-20_19-24-55#5257,68085,train,"[[82.0, 114.0, 131.0, 153.0]]",honeybee with a varroa mite,2017-09-20_19-24-55
test/videos/2017-09-01_10-54-26/2017-09-01_10-54-26.mp4-bee_id_8566-83565-1.png,0,2017-09-01_10-54-26,2017-09-01_10-54-26#8566,83565,test,[],healthy honeybee,2017-09-01_10-54-26
val/videos/2017-09-25_16-03-38/2017-09-25_16-03-38.mp4-bee_id_1413-46215-1.png,1,2017-09-25_16-03-38,2017-09-25_16-03-38#1413,46215,val,"[[63.0, 183.0, 109.0, 207.0], [31.0, 122.0, 74.0, 149.0]]",honeybee with a varroa mite,2017-09-25_16-03-38
train/videos/2017-08-28_09-30-00-1_500_dirty_glass/2017-08-28_09-30-00-1_500_dirty_glass.mp4-bee_id_7219-35640-1.png,0,2017-08-28_09-30-00-1_500_dirty_glass,2017-08-28_09-30-00-1_500_dirty_glass#7219,35640,train,[],healthy honeybee,2017-08-28_09-30-00-1_500_dirty_glass
train/videos/2017-09-20_19-24-55/2017-09-20_19-24-55.mp4-bee_id_3067-7125-1.png,1,2017-09-20_19-24-55,2017-09-20_19-24-55#3067,7125,train,"[[41.0, 93.0, 61.0, 125.0]]",honeybee with a varroa mite,2017-09-20_19-24-55
train/videos/2017-09-20_19-24-55/2017-09-20_19-24-55.mp4-bee_id_6191-94440-1.png,1,2017-09-20_19-24-55,2017-09-20_19-24-55#6191,94440,train,"[[74.0, 144.0, 107.0, 187.0], [20.0, 176.0, 67.0, 211.0]]",honeybee with a varroa mite,2017-09-20_19-24-55
train/videos/2017-09-25_16-03-38-2/2017-09-25_16-03-38.mp4-bee_id_876-30525-1.png,0,2017-09-25_16-03-38,2017-09-25_16-03-38#876,30525,train,[],healthy honeybee,2017-09-25_16-03-38
train/videos/2017-08-28_09-30-00-1_500_dirty_glass/2017-08-28_09-30-00-1_500_dirty_glass.mp4-bee_id_7551-55140-1.png,1,2017-08-28_09-30-00-1_500_dirty_glass,2017-08-28_09-30-00-1_500_dirty_glass#7551,55140,train,"[[62.0, 154.0, 89.0, 186.0]]",honeybee with a varroa mite,2017-08-28_09-30-00-1_500_dirty_glass
test/videos/2017-10-17_1-39-36/2017-10-17_1-39-36.mp4-bee_id_5189-47955-1.png,1,2017-10-17_1-39-36,2017-10-17_1-39-36#5189,47955,test,"[[66.0, 138.0, 106.0, 177.0]]",honeybee with a varroa mite,2017-10-17_1-39-36
test/videos/2017-10-17_1-39-36/2017-10-17_1-39-36.mp4-bee_id_5109-45735-1.png,0,2017-10-17_1-39-36,2017-10-17_1-39-36#5109,45735,test,[],healthy honeybee,2017-10-17_1-39-36
train/videos/2017-09-20_19-24-55/2017-09-20_19-24-55.mp4-bee_id_5420-73215-1.png,1,2017-09-20_19-24-55,2017-09-20_19-24-55#5420,73215,train,"[[37.0, 132.0, 65.0, 169.0]]",honeybee with a varroa mite,2017-09-20_19-24-55
test/videos/2017-10-17_1-39-36/2017-10-17_1-39-36.mp4-bee_id_3531-1620-1.png,0,2017-10-17_1-39-36,2017-10-17_1-39-36#3531,1620,test,[],healthy honeybee,2017-10-17_1-39-36
train/videos/2017-09-20_19-24-55/2017-09-20_19-24-55.mp4-bee_id_3151-9690-1.png,1,2017-09-20_19-24-55,2017-09-20_19-24-55#3151,9690,train,"[[79.0, 94.0, 124.0, 130.0]]",honeybee with a varroa mite,2017-09-20_19-24-55
train/videos/2017-09-20_19-24-55/2017-09-20_19-24-55.mp4-bee_id_3411-17340-1.png,0,2017-09-20_19-24-55,2017-09-20_19-24-55#3411,17340,train,[],healthy honeybee,2017-09-20_19-24-55
train/videos/2017-08-30_15-42-59/2017-08-30_15-42-59.mp4-bee_id_10619-82890-1.png,0,2017-08-30_15-42-59,2017-08-30_15-42-59#10619,82890,train,[],healthy honeybee,2017-08-30_15-42-59
test/videos/2017-09-01_10-54-26/2017-09-01_10-54-26.mp4-bee_id_7797-8130-1.png,0,2017-09-01_10-54-26,2017-09-01_10-54-26#7797,8130,test,[],healthy honeybee,2017-09-01_10-54-26
train/videos/2017-09-20_19-24-55/2017-09-20_19-24-55.mp4-bee_id_6389-100035-1.png,0,2017-09-20_19-24-55,2017-09-20_19-24-55#6389,100035,train,[],healthy honeybee,2017-09-20_19-24-55
train/videos/2017-09-20_19-24-55/2017-09-20_19-24-55.mp4-bee_id_5725-81570-1.png,0,2017-09-20_19-24-55,2017-09-20_19-24-55#5725,81570,train,[],healthy honeybee,2017-09-20_19-24-55
test/videos/2017-09-01_10-54-26/2017-09-01_10-54-26.mp4-bee_id_8714-91335-1.png,1,2017-09-01_10-54-26,2017-09-01_10-54-26#8714,91335,test,"[[39.0, 112.0, 75.0, 140.0]]",honeybee with a varroa mite,2017-09-01_10-54-26
test/videos/2017-10-17_1-39-36/2017-10-17_1-39-36.mp4-bee_id_5003-42510-1.png,0,2017-10-17_1-39-36,2017-10-17_1-39-36#5003,42510,test,[],healthy honeybee,2017-10-17_1-39-36
train/videos/2017-09-20_19-24-55/2017-09-20_19-24-55.mp4-bee_id_4580-49545-1.png,1,2017-09-20_19-24-55,2017-09-20_19-24-55#4580,49545,train,"[[45.0, 153.0, 83.0, 189.0]]",honeybee with a varroa mite,2017-09-20_19-24-55
train/videos/2017-09-20_19-24-55/2017-09-20_19-24-55.mp4-bee_id_4820-55965-1.png,0,2017-09-20_19-24-55,2017-09-20_19-24-55#4820,55965,train,[],healthy honeybee,2017-09-20_19-24-55
train/videos/2017-08-30_15-42-59/2017-08-30_15-42-59.mp4-bee_id_10957-100155-1.png,0,2017-08-30_15-42-59,2017-08-30_15-42-59#10957,100155,train,[],healthy honeybee,2017-08-30_15-42-59
val/videos/2017-09-01_20-00-17/2017-09-01_20-00-17.mp4-bee_id_94-40320-1.png,0,2017-09-01_20-00-17,2017-09-01_20-00-17#94,40320,val,[],healthy honeybee,2017-09-01_20-00-17
train/videos/2017-08-28_09-30-00-1_500_dirty_glass/2017-08-28_09-30-00-1_500_dirty_glass.mp4-bee_id_7519-53550-1.png,0,2017-08-28_09-30-00-1_500_dirty_glass,2017-08-28_09-30-00-1_500_dirty_glass#7519,53550,train,[],healthy honeybee,2017-08-28_09-30-00-1_500_dirty_glass
train/videos/2017-09-20_19-24-55/2017-09-20_19-24-55.mp4-bee_id_3831-28005-1.png,1,2017-09-20_19-24-55,2017-09-20_19-24-55#3831,28005,train,"[[103.0, 147.0, 136.0, 183.0]]",honeybee with a varroa mite,2017-09-20_19-24-55
train/videos/2017-09-20_19-24-55/2017-09-20_19-24-55.mp4-bee_id_3496-19575-1.png,1,2017-09-20_19-24-55,2017-09-20_19-24-55#3496,19575,train,"[[53.0, 88.0, 73.0, 118.0], [103.0, 70.0, 131.0, 108.0]]",honeybee with a varroa mite,2017-09-20_19-24-55
train/videos/2017-09-20_19-24-55/2017-09-20_19-24-55.mp4-bee_id_2779-45-1.png,0,2017-09-20_19-24-55,2017-09-20_19-24-55#2779,45,train,[],healthy honeybee,2017-09-20_19-24-55
val/videos/2017-09-25_16-03-38/2017-09-25_16-03-38.mp4-bee_id_1590-51225-1.png,0,2017-09-25_16-03-38,2017-09-25_16-03-38#1590,51225,val,[],healthy honeybee,2017-09-25_16-03-38
train/videos/2017-09-20_19-24-55/2017-09-20_19-24-55.mp4-bee_id_5540-76350-1.png,0,2017-09-20_19-24-55,2017-09-20_19-24-55#5540,76350,train,[],healthy honeybee,2017-09-20_19-24-55
val/videos/2017-09-01_20-00-17/2017-09-01_20-00-17.mp4-bee_id_201-89940-1.png,0,2017-09-01_20-00-17,2017-09-01_20-00-17#201,89940,val,[],healthy honeybee,2017-09-01_20-00-17
val/videos/2017-09-25_16-03-38/2017-09-25_16-03-38.mp4-bee_id_1944-71010-1.png,0,2017-09-25_16-03-38,2017-09-25_16-03-38#1944,71010,val,[],healthy honeybee,2017-09-25_16-03-38
train/videos/2017-08-28_09-30-00-1_500_dirty_glass/2017-08-28_09-30-00-1_500_dirty_glass.mp4-bee_id_7729-62715-1.png,0,2017-08-28_09-30-00-1_500_dirty_glass,2017-08-28_09-30-00-1_500_dirty_glass#7729,62715,train,[],healthy honeybee,2017-08-28_09-30-00-1_500_dirty_glass
train/videos/2017-09-20_19-24-55/2017-09-20_19-24-55.mp4-bee_id_3305-14265-1.png,1,2017-09-20_19-24-55,2017-09-20_19-24-55#3305,14265,train,"[[93.0, 156.0, 125.0, 185.0]]",honeybee with a varroa mite,2017-09-20_19-24-55
test/videos/2017-09-01_10-54-26/2017-09-01_10-54-26.mp4-bee_id_9036-104535-1.png,0,2017-09-01_10-54-26,2017-09-01_10-54-26#9036,104535,test,[],healthy honeybee,2017-09-01_10-54-26
train/videos/2017-09-20_19-24-55/2017-09-20_19-24-55.mp4-bee_id_2928-3570-1.png,0,2017-09-20_19-24-55,2017-09-20_19-24-55#2928,3570,train,[],healthy honeybee,2017-09-20_19-24-55
test/videos/2017-10-17_1-39-36/2017-10-17_1-39-36.mp4-bee_id_4859-38460-1.png,0,2017-10-17_1-39-36,2017-10-17_1-39-36#4859,38460,test,[],healthy honeybee,2017-10-17_1-39-36
train/videos/2017-09-25_16-03-38-2/2017-09-25_16-03-38.mp4-bee_id_604-22185-1.png,0,2017-09-25_16-03-38,2017-09-25_16-03-38#604,22185,train,[],healthy honeybee,2017-09-25_16-03-38
train/videos/2017-09-25_16-03-38-2/2017-09-25_16-03-38.mp4-bee_id_828-29070-1.png,1,2017-09-25_16-03-38,2017-09-25_16-03-38#828,29070,train,"[[70.0, 105.0, 104.0, 140.0]]",honeybee with a varroa mite,2017-09-25_16-03-38
train/videos/2017-09-25_16-03-38-2/2017-09-25_16-03-38.mp4-bee_id_628-23295-1.png,0,2017-09-25_16-03-38,2017-09-25_16-03-38#628,23295,train,[],healthy honeybee,2017-09-25_16-03-38
train/videos/2017-09-20_19-24-55/2017-09-20_19-24-55.mp4-bee_id_6258-96510-1.png,0,2017-09-20_19-24-55,2017-09-20_19-24-55#6258,96510,train,[],healthy honeybee,2017-09-20_19-24-55
train/videos/2017-08-30_15-42-59/2017-08-30_15-42-59.mp4-bee_id_9796-44610-1.png,0,2017-08-30_15-42-59,2017-08-30_15-42-59#9796,44610,train,[],healthy honeybee,2017-08-30_15-42-59
test/videos/2017-09-01_10-54-26/2017-09-01_10-54-26.mp4-bee_id_8693-89880-1.png,0,2017-09-01_10-54-26,2017-09-01_10-54-26#8693,89880,test,[],healthy honeybee,2017-09-01_10-54-26
train/videos/2017-09-20_19-24-55/2017-09-20_19-24-55.mp4-bee_id_3103-8325-1.png,0,2017-09-20_19-24-55,2017-09-20_19-24-55#3103,8325,train,[],healthy honeybee,2017-09-20_19-24-55
train/videos/2017-09-20_19-24-55/2017-09-20_19-24-55.mp4-bee_id_3441-18165-1.png,1,2017-09-20_19-24-55,2017-09-20_19-24-55#3441,18165,train,"[[87.0, 161.0, 115.0, 188.0]]",honeybee with a varroa mite,2017-09-20_19-24-55
train/videos/2017-08-30_15-42-59/2017-08-30_15-42-59.mp4-bee_id_10143-59625-1.png,0,2017-08-30_15-42-59,2017-08-30_15-42-59#10143,59625,train,[],healthy honeybee,2017-08-30_15-42-59
train/videos/2017-08-30_15-42-59/2017-08-30_15-42-59.mp4-bee_id_9217-4455-1.png,0,2017-08-30_15-42-59,2017-08-30_15-42-59#9217,4455,train,[],healthy honeybee,2017-08-30_15-42-59
train/videos/2017-09-20_19-24-55/2017-09-20_19-24-55.mp4-bee_id_4779-54915-1.png,1,2017-09-20_19-24-55,2017-09-20_19-24-55#4779,54915,train,"[[16.0, 92.0, 59.0, 128.0]]",honeybee with a varroa mite,2017-09-20_19-24-55
train/videos/2017-09-20_19-24-55/2017-09-20_19-24-55.mp4-bee_id_4575-49380-1.png,1,2017-09-20_19-24-55,2017-09-20_19-24-55#4575,49380,train,"[[96.0, 135.0, 125.0, 165.0]]",honeybee with a varroa mite,2017-09-20_19-24-55
test/videos/2017-10-17_1-39-36/2017-10-17_1-39-36.mp4-bee_id_4381-25650-1.png,0,2017-10-17_1-39-36,2017-10-17_1-39-36#4381,25650,test,[],healthy honeybee,2017-10-17_1-39-36
train/videos/2017-08-30_15-42-59/2017-08-30_15-42-59.mp4-bee_id_10581-81225-1.png,1,2017-08-30_15-42-59,2017-08-30_15-42-59#10581,81225,train,"[[28.0, 150.0, 74.0, 193.0]]",honeybee with a varroa mite,2017-08-30_15-42-59
train/videos/2017-09-20_19-24-55/2017-09-20_19-24-55.mp4-bee_id_3174-10455-1.png,0,2017-09-20_19-24-55,2017-09-20_19-24-55#3174,10455,train,[],healthy honeybee,2017-09-20_19-24-55
train/videos/2017-09-20_19-24-55/2017-09-20_19-24-55.mp4-bee_id_6364-99390-1.png,1,2017-09-20_19-24-55,2017-09-20_19-24-55#6364,99390,train,"[[48.0, 92.0, 87.0, 131.0], [87.0, 57.0, 128.0, 96.0]]",honeybee with a varroa mite,2017-09-20_19-24-55
test/videos/2017-09-01_10-54-26/2017-09-01_10-54-26.mp4-bee_id_8171-38565-1.png,1,2017-09-01_10-54-26,2017-09-01_10-54-26#8171,38565,test,"[[72.0, 98.0, 103.0, 122.0], [45.0, 106.0, 75.0, 139.0]]",honeybee with a varroa mite,2017-09-01_10-54-26
train/videos/2017-08-30_15-42-59/2017-08-30_15-42-59.mp4-bee_id_10161-60240-1.png,0,2017-08-30_15-42-59,2017-08-30_15-42-59#10161,60240,train,[],healthy honeybee,2017-08-30_15-42-59
train/videos/2017-09-20_19-24-55/2017-09-20_19-24-55.mp4-bee_id_4999-61035-1.png,0,2017-09-20_19-24-55,2017-09-20_19-24-55#4999,61035,train,[],healthy honeybee,2017-09-20_19-24-55
test/videos/2017-10-17_1-39-36/2017-10-17_1-39-36.mp4-bee_id_3992-14730-1.png,0,2017-10-17_1-39-36,2017-10-17_1-39-36#3992,14730,test,[],healthy honeybee,2017-10-17_1-39-36
test/videos/2017-10-17_1-39-36/2017-10-17_1-39-36.mp4-bee_id_3832-10110-1.png,0,2017-10-17_1-39-36,2017-10-17_1-39-36#3832,10110,test,[],healthy honeybee,2017-10-17_1-39-36
test/videos/2017-09-01_10-54-26/2017-09-01_10-54-26.mp4-bee_id_8462-69240-1.png,0,2017-09-01_10-54-26,2017-09-01_10-54-26#8462,69240,test,[],healthy honeybee,2017-09-01_10-54-26
train/videos/2017-08-28_09-30-00-1_500_dirty_glass/2017-08-28_09-30-00-1_500_dirty_glass.mp4-bee_id_7263-40440-1.png,0,2017-08-28_09-30-00-1_500_dirty_glass,2017-08-28_09-30-00-1_500_dirty_glass#7263,40440,train,[],healthy honeybee,2017-08-28_09-30-00-1_500_dirty_glass
test/videos/2017-10-17_1-39-36/2017-10-17_1-39-36.mp4-bee_id_4753-35595-1.png,0,2017-10-17_1-39-36,2017-10-17_1-39-36#4753,35595,test,[],healthy honeybee,2017-10-17_1-39-36
train/videos/2017-08-30_15-42-59/2017-08-30_15-42-59.mp4-bee_id_10390-72840-1.png,0,2017-08-30_15-42-59,2017-08-30_15-42-59#10390,72840,train,[],healthy honeybee,2017-08-30_15-42-59
train/videos/2017-08-28_09-30-00-1_500_dirty_glass/2017-08-28_09-30-00-1_500_dirty_glass.mp4-bee_id_7647-59805-1.png,0,2017-08-28_09-30-00-1_500_dirty_glass,2017-08-28_09-30-00-1_500_dirty_glass#7647,59805,train,[],healthy honeybee,2017-08-28_09-30-00-1_500_dirty_glass
train/videos/2017-09-20_19-24-55/2017-09-20_19-24-55.mp4-bee_id_5732-81780-1.png,0,2017-09-20_19-24-55,2017-09-20_19-24-55#5732,81780,train,[],healthy honeybee,2017-09-20_19-24-55
train/videos/2017-08-30_15-42-59/2017-08-30_15-42-59.mp4-bee_id_10637-83790-1.png,0,2017-08-30_15-42-59,2017-08-30_15-42-59#10637,83790,train,[],healthy honeybee,2017-08-30_15-42-59
val/videos/2017-09-25_16-03-38/2017-09-25_16-03-38.mp4-bee_id_2168-85815-1.png,0,2017-09-25_16-03-38,2017-09-25_16-03-38#2168,85815,val,[],healthy honeybee,2017-09-25_16-03-38
train/videos/2017-09-20_19-24-55/2017-09-20_19-24-55.mp4-bee_id_3534-20520-1.png,0,2017-09-20_19-24-55,2017-09-20_19-24-55#3534,20520,train,[],healthy honeybee,2017-09-20_19-24-55
train/videos/2017-09-20_19-24-55/2017-09-20_19-24-55.mp4-bee_id_4397-44295-1.png,0,2017-09-20_19-24-55,2017-09-20_19-24-55#4397,44295,train,[],healthy honeybee,2017-09-20_19-24-55
test/videos/2017-10-17_1-39-36/2017-10-17_1-39-36.mp4-bee_id_3484-450-1.png,0,2017-10-17_1-39-36,2017-10-17_1-39-36#3484,450,test,[],healthy honeybee,2017-10-17_1-39-36
test/videos/2017-10-17_1-39-36/2017-10-17_1-39-36.mp4-bee_id_4998-42450-1.png,0,2017-10-17_1-39-36,2017-10-17_1-39-36#4998,42450,test,[],healthy honeybee,2017-10-17_1-39-36
test/videos/2017-10-17_1-39-36/2017-10-17_1-39-36.mp4-bee_id_5037-43560-1.png,0,2017-10-17_1-39-36,2017-10-17_1-39-36#5037,43560,test,[],healthy honeybee,2017-10-17_1-39-36
train/videos/2017-09-25_16-03-38-2/2017-09-25_16-03-38.mp4-bee_id_379-12060-1.png,0,2017-09-25_16-03-38,2017-09-25_16-03-38#379,12060,train,[],healthy honeybee,2017-09-25_16-03-38
train/videos/2017-08-30_15-42-59/2017-08-30_15-42-59.mp4-bee_id_10089-57840-1.png,0,2017-08-30_15-42-59,2017-08-30_15-42-59#10089,57840,train,[],healthy honeybee,2017-08-30_15-42-59
train/videos/2017-09-20_19-24-55/2017-09-20_19-24-55.mp4-bee_id_4953-59610-1.png,0,2017-09-20_19-24-55,2017-09-20_19-24-55#4953,59610,train,[],healthy honeybee,2017-09-20_19-24-55
train/videos/2017-09-25_16-03-38-2/2017-09-25_16-03-38.mp4-bee_id_497-17505-1.png,0,2017-09-25_16-03-38,2017-09-25_16-03-38#497,17505,train,[],healthy honeybee,2017-09-25_16-03-38
train/videos/2017-08-28_09-30-00-1_500_dirty_glass/2017-08-28_09-30-00-1_500_dirty_glass.mp4-bee_id_6948-21240-1.png,0,2017-08-28_09-30-00-1_500_dirty_glass,2017-08-28_09-30-00-1_500_dirty_glass#6948,21240,train,[],healthy honeybee,2017-08-28_09-30-00-1_500_dirty_glass
train/videos/2017-08-30_15-42-59/2017-08-30_15-42-59.mp4-bee_id_9131-1470-1.png,0,2017-08-30_15-42-59,2017-08-30_15-42-59#9131,1470,train,[],healthy honeybee,2017-08-30_15-42-59
train/videos/2017-09-20_19-24-55/2017-09-20_19-24-55.mp4-bee_id_6015-89760-1.png,0,2017-09-20_19-24-55,2017-09-20_19-24-55#6015,89760,train,[],healthy honeybee,2017-09-20_19-24-55
train/videos/2017-09-25_16-03-38-2/2017-09-25_16-03-38.mp4-bee_id_1037-35790-1.png,0,2017-09-25_16-03-38,2017-09-25_16-03-38#1037,35790,train,[],healthy honeybee,2017-09-25_16-03-38
train/videos/2017-09-25_16-03-38-2/2017-09-25_16-03-38.mp4-bee_id_1165-39615-1.png,0,2017-09-25_16-03-38,2017-09-25_16-03-38#1165,39615,train,[],healthy honeybee,2017-09-25_16-03-38
val/videos/2017-09-25_16-03-38/2017-09-25_16-03-38.mp4-bee_id_1591-51255-1.png,0,2017-09-25_16-03-38,2017-09-25_16-03-38#1591,51255,val,[],healthy honeybee,2017-09-25_16-03-38
train/videos/2017-09-20_19-24-55/2017-09-20_19-24-55.mp4-bee_id_3233-12195-1.png,0,2017-09-20_19-24-55,2017-09-20_19-24-55#3233,12195,train,[],healthy honeybee,2017-09-20_19-24-55
test/videos/2017-10-17_1-39-36/2017-10-17_1-39-36.mp4-bee_id_5097-45300-1.png,0,2017-10-17_1-39-36,2017-10-17_1-39-36#5097,45300,test,[],healthy honeybee,2017-10-17_1-39-36
train/videos/2017-08-30_15-42-59/2017-08-30_15-42-59.mp4-bee_id_10260-62970-1.png,0,2017-08-30_15-42-59,2017-08-30_15-42-59#10260,62970,train,[],healthy honeybee,2017-08-30_15-42-59
val/videos/2017-09-25_16-03-38/2017-09-25_16-03-38.mp4-bee_id_2081-80385-1.png,0,2017-09-25_16-03-38,2017-09-25_16-03-38#2081,80385,val,[],healthy honeybee,2017-09-25_16-03-38
val/videos/2017-09-01_3-01-01/2017-09-01_3-01-01.mp4-bee_id_2446-59820-1.png,0,2017-09-01_3-01-01,2017-09-01_3-01-01#2446,59820,val,[],healthy honeybee,2017-09-01_3-01-01
test/videos/2017-10-17_1-39-36/2017-10-17_1-39-36.mp4-bee_id_5399-53025-1.png,0,2017-10-17_1-39-36,2017-10-17_1-39-36#5399,53025,test,[],healthy honeybee,2017-10-17_1-39-36
train/videos/2017-09-25_16-03-38-2/2017-09-25_16-03-38.mp4-bee_id_722-26265-1.png,1,2017-09-25_16-03-38,2017-09-25_16-03-38#722,26265,train,"[[16.0, 99.0, 62.0, 142.0]]",honeybee with a varroa mite,2017-09-25_16-03-38
train/videos/2017-09-20_19-24-55/2017-09-20_19-24-55.mp4-bee_id_3458-18570-1.png,0,2017-09-20_19-24-55,2017-09-20_19-24-55#3458,18570,train,[],healthy honeybee,2017-09-20_19-24-55
train/videos/2017-09-20_19-24-55/2017-09-20_19-24-55.mp4-bee_id_6113-92370-1.png,1,2017-09-20_19-24-55,2017-09-20_19-24-55#6113,92370,train,"[[87.0, 146.0, 127.0, 177.0]]",honeybee with a varroa mite,2017-09-20_19-24-55
test/videos/2017-10-17_1-39-36/2017-10-17_1-39-36.mp4-bee_id_5569-57570-1.png,0,2017-10-17_1-39-36,2017-10-17_1-39-36#5569,57570,test,[],healthy honeybee,2017-10-17_1-39-36
val/videos/2017-09-01_3-01-01/2017-09-01_3-01-01.mp4-bee_id_2454-60900-1.png,0,2017-09-01_3-01-01,2017-09-01_3-01-01#2454,60900,val,[],healthy honeybee,2017-09-01_3-01-01
test/videos/2017-09-01_10-54-26/2017-09-01_10-54-26.mp4-bee_id_7855-13425-1.png,1,2017-09-01_10-54-26,2017-09-01_10-54-26#7855,13425,test,"[[84.0, 105.0, 113.0, 134.0]]",honeybee with a varroa mite,2017-09-01_10-54-26
test/videos/2017-09-01_10-54-26/2017-09-01_10-54-26.mp4-bee_id_8111-35805-1.png,0,2017-09-01_10-54-26,2017-09-01_10-54-26#8111,35805,test,[],healthy honeybee,2017-09-01_10-54-26
train/videos/2017-09-20_19-24-55/2017-09-20_19-24-55.mp4-bee_id_4269-40245-1.png,1,2017-09-20_19-24-55,2017-09-20_19-24-55#4269,40245,train,"[[37.0, 144.0, 78.0, 180.0]]",honeybee with a varroa mite,2017-09-20_19-24-55
train/videos/2017-08-30_15-42-59/2017-08-30_15-42-59.mp4-bee_id_10160-60135-1.png,0,2017-08-30_15-42-59,2017-08-30_15-42-59#10160,60135,train,[],healthy honeybee,2017-08-30_15-42-59
train/videos/2017-08-30_15-42-59/2017-08-30_15-42-59.mp4-bee_id_9698-40320-1.png,0,2017-08-30_15-42-59,2017-08-30_15-42-59#9698,40320,train,[],healthy honeybee,2017-08-30_15-42-59
train/videos/2017-09-25_16-03-38-2/2017-09-25_16-03-38.mp4-bee_id_671-24870-1.png,0,2017-09-25_16-03-38,2017-09-25_16-03-38#671,24870,train,[],healthy honeybee,2017-09-25_16-03-38
train/videos/2017-09-20_19-24-55/2017-09-20_19-24-55.mp4-bee_id_6640-106395-1.png,1,2017-09-20_19-24-55,2017-09-20_19-24-55#6640,106395,train,"[[69.0, 138.0, 103.0, 179.0], [32.0, 176.0, 57.0, 210.0]]",honeybee with a varroa mite,2017-09-20_19-24-55
train/videos/2017-09-25_16-03-38-2/2017-09-25_16-03-38.mp4-bee_id_444-14895-1.png,0,2017-09-25_16-03-38,2017-09-25_16-03-38#444,14895,train,[],healthy honeybee,2017-09-25_16-03-38
train/videos/2017-09-25_16-03-38-2/2017-09-25_16-03-38.mp4-bee_id_964-33225-1.png,0,2017-09-25_16-03-38,2017-09-25_16-03-38#964,33225,train,[],healthy honeybee,2017-09-25_16-03-38
train/videos/2017-08-30_15-42-59/2017-08-30_15-42-59.mp4-bee_id_10247-62535-1.png,0,2017-08-30_15-42-59,2017-08-30_15-42-59#10247,62535,train,[],healthy honeybee,2017-08-30_15-42-59
test/videos/2017-10-17_1-39-36/2017-10-17_1-39-36.mp4-bee_id_5207-48465-1.png,1,2017-10-17_1-39-36,2017-10-17_1-39-36#5207,48465,test,"[[71.0, 142.0, 115.0, 186.0]]",honeybee with a varroa mite,2017-10-17_1-39-36
train/videos/2017-09-20_19-24-55/2017-09-20_19-24-55.mp4-bee_id_5149-64890-1.png,0,2017-09-20_19-24-55,2017-09-20_19-24-55#5149,64890,train,[],healthy honeybee,2017-09-20_19-24-55
train/videos/2017-08-30_15-42-59/2017-08-30_15-42-59.mp4-bee_id_11082-104910-1.png,0,2017-08-30_15-42-59,2017-08-30_15-42-59#11082,104910,train,[],healthy honeybee,2017-08-30_15-42-59
test/videos/2017-09-01_10-54-26/2017-09-01_10-54-26.mp4-bee_id_9032-104370-1.png,1,2017-09-01_10-54-26,2017-09-01_10-54-26#9032,104370,test,"[[50.0, 118.0, 71.0, 142.0]]",honeybee with a varroa mite,2017-09-01_10-54-26
test/videos/2017-09-01_10-54-26/2017-09-01_10-54-26.mp4-bee_id_7802-8430-1.png,1,2017-09-01_10-54-26,2017-09-01_10-54-26#7802,8430,test,"[[53.0, 145.0, 86.0, 174.0]]",honeybee with a varroa mite,2017-09-01_10-54-26
train/videos/2017-09-20_19-24-55/2017-09-20_19-24-55.mp4-bee_id_4776-54870-1.png,0,2017-09-20_19-24-55,2017-09-20_19-24-55#4776,54870,train,[],healthy honeybee,2017-09-20_19-24-55
train/videos/2017-08-30_15-42-59/2017-08-30_15-42-59.mp4-bee_id_9339-11085-1.png,0,2017-08-30_15-42-59,2017-08-30_15-42-59#9339,11085,train,[],healthy honeybee,2017-08-30_15-42-59
val/videos/2017-09-29_15-31-49/2017-09-29_15-31-49.mp4-bee_id_119-3045-1.png,0,2017-09-29_15-31-49,2017-09-29_15-31-49#119,3045,val,[],healthy honeybee,2017-09-29_15-31-49
train/videos/2017-10-17_16-41-10/2017-10-17_16-41-10.mp4-bee_id_7170-9600-1.png,1,2017-10-17_16-41-10,2017-10-17_16-41-10#7170,9600,train,"[[77.0, 150.0, 119.0, 184.0]]",honeybee with a varroa mite,2017-10-17_16-41-10
train/videos/2017-09-20_19-24-55/2017-09-20_19-24-55.mp4-bee_id_5368-71370-1.png,0,2017-09-20_19-24-55,2017-09-20_19-24-55#5368,71370,train,[],healthy honeybee,2017-09-20_19-24-55
val/videos/2017-09-01_3-01-01/2017-09-01_3-01-01.mp4-bee_id_2647-86235-1.png,0,2017-09-01_3-01-01,2017-09-01_3-01-01#2647,86235,val,[],healthy honeybee,2017-09-01_3-01-01
train/videos/2017-08-28_09-30-00-1_500_dirty_glass/2017-08-28_09-30-00-1_500_dirty_glass.mp4-bee_id_7050-28665-1.png,1,2017-08-28_09-30-00-1_500_dirty_glass,2017-08-28_09-30-00-1_500_dirty_glass#7050,28665,train,"[[31.0, 89.0, 69.0, 125.0]]",honeybee with a varroa mite,2017-08-28_09-30-00-1_500_dirty_glass
test/videos/2017-10-17_1-39-36/2017-10-17_1-39-36.mp4-bee_id_3711-6525-1.png,0,2017-10-17_1-39-36,2017-10-17_1-39-36#3711,6525,test,[],healthy honeybee,2017-10-17_1-39-36
test/videos/2017-09-01_10-54-26/2017-09-01_10-54-26.mp4-bee_id_8878-98190-1.png,0,2017-09-01_10-54-26,2017-09-01_10-54-26#8878,98190,test,[],healthy honeybee,2017-09-01_10-54-26
test/videos/2017-10-17_1-39-36/2017-10-17_1-39-36.mp4-bee_id_3661-5340-1.png,0,2017-10-17_1-39-36,2017-10-17_1-39-36#3661,5340,test,[],healthy honeybee,2017-10-17_1-39-36
train/videos/2017-08-28_09-30-00-1_500_dirty_glass/2017-08-28_09-30-00-1_500_dirty_glass.mp4-bee_id_7461-50730-1.png,0,2017-08-28_09-30-00-1_500_dirty_glass,2017-08-28_09-30-00-1_500_dirty_glass#7461,50730,train,[],healthy honeybee,2017-08-28_09-30-00-1_500_dirty_glass
train/videos/2017-09-25_16-03-38-2/2017-09-25_16-03-38.mp4-bee_id_660-24615-1.png,0,2017-09-25_16-03-38,2017-09-25_16-03-38#660,24615,train,[],healthy honeybee,2017-09-25_16-03-38
train/videos/2017-09-20_19-24-55/2017-09-20_19-24-55.mp4-bee_id_5025-61575-1.png,0,2017-09-20_19-24-55,2017-09-20_19-24-55#5025,61575,train,[],healthy honeybee,2017-09-20_19-24-55
train/videos/2017-08-28_09-30-00-1_500_dirty_glass/2017-08-28_09-30-00-1_500_dirty_glass.mp4-bee_id_7086-30690-1.png,0,2017-08-28_09-30-00-1_500_dirty_glass,2017-08-28_09-30-00-1_500_dirty_glass#7086,30690,train,[],healthy honeybee,2017-08-28_09-30-00-1_500_dirty_glass
train/videos/2017-08-30_15-42-59/2017-08-30_15-42-59.mp4-bee_id_10547-80025-1.png,0,2017-08-30_15-42-59,2017-08-30_15-42-59#10547,80025,train,[],healthy honeybee,2017-08-30_15-42-59
train/videos/2017-08-28_09-30-00-1_500_dirty_glass/2017-08-28_09-30-00-1_500_dirty_glass.mp4-bee_id_7172-33465-1.png,0,2017-08-28_09-30-00-1_500_dirty_glass,2017-08-28_09-30-00-1_500_dirty_glass#7172,33465,train,[],healthy honeybee,2017-08-28_09-30-00-1_500_dirty_glass
train/videos/2017-09-20_19-24-55/2017-09-20_19-24-55.mp4-bee_id_5274-68535-1.png,0,2017-09-20_19-24-55,2017-09-20_19-24-55#5274,68535,train,[],healthy honeybee,2017-09-20_19-24-55
train/videos/2017-08-30_15-42-59/2017-08-30_15-42-59.mp4-bee_id_10222-61875-1.png,0,2017-08-30_15-42-59,2017-08-30_15-42-59#10222,61875,train,[],healthy honeybee,2017-08-30_15-42-59
val/videos/2017-09-25_16-03-38/2017-09-25_16-03-38.mp4-bee_id_2072-79800-1.png,0,2017-09-25_16-03-38,2017-09-25_16-03-38#2072,79800,val,[],healthy honeybee,2017-09-25_16-03-38
train/videos/2017-09-20_19-24-55/2017-09-20_19-24-55.mp4-bee_id_6187-94395-1.png,1,2017-09-20_19-24-55,2017-09-20_19-24-55#6187,94395,train,"[[92.0, 77.0, 130.0, 119.0]]",honeybee with a varroa mite,2017-09-20_19-24-55
test/videos/2017-09-01_10-54-26/2017-09-01_10-54-26.mp4-bee_id_8959-101745-1.png,0,2017-09-01_10-54-26,2017-09-01_10-54-26#8959,101745,test,[],healthy honeybee,2017-09-01_10-54-26
train/videos/2017-09-25_16-03-38-2/2017-09-25_16-03-38.mp4-bee_id_1159-39375-1.png,0,2017-09-25_16-03-38,2017-09-25_16-03-38#1159,39375,train,[],healthy honeybee,2017-09-25_16-03-38
train/videos/2017-09-20_19-24-55/2017-09-20_19-24-55.mp4-bee_id_5552-76740-1.png,0,2017-09-20_19-24-55,2017-09-20_19-24-55#5552,76740,train,[],healthy honeybee,2017-09-20_19-24-55
val/videos/2017-09-29_15-31-49/2017-09-29_15-31-49.mp4-bee_id_77-2010-1.png,0,2017-09-29_15-31-49,2017-09-29_15-31-49#77,2010,val,[],healthy honeybee,2017-09-29_15-31-49
train/videos/2017-09-25_16-03-38-2/2017-09-25_16-03-38.mp4-bee_id_425-14280-1.png,1,2017-09-25_16-03-38,2017-09-25_16-03-38#425,14280,train,"[[64.0, 137.0, 99.0, 170.0]]",honeybee with a varroa mite,2017-09-25_16-03-38
train/videos/2017-09-25_16-03-38-2/2017-09-25_16-03-38.mp4-bee_id_703-25830-1.png,0,2017-09-25_16-03-38,2017-09-25_16-03-38#703,25830,train,[],healthy honeybee,2017-09-25_16-03-38
val/videos/2017-09-25_16-03-38/2017-09-25_16-03-38.mp4-bee_id_1463-47565-1.png,0,2017-09-25_16-03-38,2017-09-25_16-03-38#1463,47565,val,[],healthy honeybee,2017-09-25_16-03-38
val/videos/2017-09-25_16-03-38/2017-09-25_16-03-38.mp4-bee_id_2194-87705-1.png,0,2017-09-25_16-03-38,2017-09-25_16-03-38#2194,87705,val,[],healthy honeybee,2017-09-25_16-03-38
test/videos/2017-09-01_10-54-26/2017-09-01_10-54-26.mp4-bee_id_8288-54315-1.png,1,2017-09-01_10-54-26,2017-09-01_10-54-26#8288,54315,test,"[[22.0, 110.0, 51.0, 135.0]]",honeybee with a varroa mite,2017-09-01_10-54-26
train/videos/2017-09-20_19-24-55/2017-09-20_19-24-55.mp4-bee_id_3182-10650-1.png,0,2017-09-20_19-24-55,2017-09-20_19-24-55#3182,10650,train,[],healthy honeybee,2017-09-20_19-24-55
train/videos/2017-09-25_16-03-38-2/2017-09-25_16-03-38.mp4-bee_id_1150-39195-1.png,0,2017-09-25_16-03-38,2017-09-25_16-03-38#1150,39195,train,[],healthy honeybee,2017-09-25_16-03-38
test/videos/2017-09-01_10-54-26/2017-09-01_10-54-26.mp4-bee_id_8203-44580-1.png,0,2017-09-01_10-54-26,2017-09-01_10-54-26#8203,44580,test,[],healthy honeybee,2017-09-01_10-54-26
train/videos/2017-10-17_16-41-10/2017-10-17_16-41-10.mp4-bee_id_7059-5700-1.png,0,2017-10-17_16-41-10,2017-10-17_16-41-10#7059,5700,train,[],healthy honeybee,2017-10-17_16-41-10
val/videos/2017-09-25_16-03-38/2017-09-25_16-03-38.mp4-bee_id_1506-48840-1.png,0,2017-09-25_16-03-38,2017-09-25_16-03-38#1506,48840,val,[],healthy honeybee,2017-09-25_16-03-38
train/videos/2017-09-20_19-24-55/2017-09-20_19-24-55.mp4-bee_id_5981-88515-1.png,0,2017-09-20_19-24-55,2017-09-20_19-24-55#5981,88515,train,[],healthy honeybee,2017-09-20_19-24-55
train/videos/2017-08-30_15-42-59/2017-08-30_15-42-59.mp4-bee_id_11065-104460-1.png,0,2017-08-30_15-42-59,2017-08-30_15-42-59#11065,104460,train,[],healthy honeybee,2017-08-30_15-42-59
test/videos/2017-09-01_10-54-26/2017-09-01_10-54-26.mp4-bee_id_7956-27885-1.png,0,2017-09-01_10-54-26,2017-09-01_10-54-26#7956,27885,test,[],healthy honeybee,2017-09-01_10-54-26
test/videos/2017-10-17_1-39-36/2017-10-17_1-39-36.mp4-bee_id_4944-41040-1.png,0,2017-10-17_1-39-36,2017-10-17_1-39-36#4944,41040,test,[],healthy honeybee,2017-10-17_1-39-36
test/videos/2017-10-17_1-39-36/2017-10-17_1-39-36.mp4-bee_id_5628-59025-1.png,0,2017-10-17_1-39-36,2017-10-17_1-39-36#5628,59025,test,[],healthy honeybee,2017-10-17_1-39-36
val/videos/2017-09-01_3-01-01/2017-09-01_3-01-01.mp4-bee_id_2501-63375-1.png,0,2017-09-01_3-01-01,2017-09-01_3-01-01#2501,63375,val,[],healthy honeybee,2017-09-01_3-01-01
train/videos/2017-09-20_19-24-55/2017-09-20_19-24-55.mp4-bee_id_3348-15420-1.png,1,2017-09-20_19-24-55,2017-09-20_19-24-55#3348,15420,train,"[[15.0, 90.0, 59.0, 126.0]]",honeybee with a varroa mite,2017-09-20_19-24-55
test/videos/2017-10-17_1-39-36/2017-10-17_1-39-36.mp4-bee_id_4015-15375-1.png,0,2017-10-17_1-39-36,2017-10-17_1-39-36#4015,15375,test,[],healthy honeybee,2017-10-17_1-39-36
train/videos/2017-09-20_19-24-55/2017-09-20_19-24-55.mp4-bee_id_3421-17640-1.png,0,2017-09-20_19-24-55,2017-09-20_19-24-55#3421,17640,train,[],healthy honeybee,2017-09-20_19-24-55
train/videos/2017-09-20_19-24-55/2017-09-20_19-24-55.mp4-bee_id_4839-56580-1.png,0,2017-09-20_19-24-55,2017-09-20_19-24-55#4839,56580,train,[],healthy honeybee,2017-09-20_19-24-55
train/videos/2017-09-25_16-03-38-2/2017-09-25_16-03-38.mp4-bee_id_611-22560-1.png,0,2017-09-25_16-03-38,2017-09-25_16-03-38#611,22560,train,[],healthy honeybee,2017-09-25_16-03-38
train/videos/2017-08-30_15-42-59/2017-08-30_15-42-59.mp4-bee_id_9560-32130-1.png,0,2017-08-30_15-42-59,2017-08-30_15-42-59#9560,32130,train,[],healthy honeybee,2017-08-30_15-42-59
train/videos/2017-08-30_15-42-59/2017-08-30_15-42-59.mp4-bee_id_9641-37260-1.png,0,2017-08-30_15-42-59,2017-08-30_15-42-59#9641,37260,train,[],healthy honeybee,2017-08-30_15-42-59
test/videos/2017-09-01_10-54-26/2017-09-01_10-54-26.mp4-bee_id_7759-3135-1.png,0,2017-09-01_10-54-26,2017-09-01_10-54-26#7759,3135,test,[],healthy honeybee,2017-09-01_10-54-26
train/videos/2017-08-28_09-30-00-1_500_dirty_glass/2017-08-28_09-30-00-1_500_dirty_glass.mp4-bee_id_7017-23250-1.png,0,2017-08-28_09-30-00-1_500_dirty_glass,2017-08-28_09-30-00-1_500_dirty_glass#7017,23250,train,[],healthy honeybee,2017-08-28_09-30-00-1_500_dirty_glass
test/videos/2017-10-17_1-39-36/2017-10-17_1-39-36.mp4-bee_id_4135-18930-1.png,0,2017-10-17_1-39-36,2017-10-17_1-39-36#4135,18930,test,[],healthy honeybee,2017-10-17_1-39-36
train/videos/2017-08-28_09-30-00-1_500_dirty_glass/2017-08-28_09-30-00-1_500_dirty_glass.mp4-bee_id_7614-58575-1.png,0,2017-08-28_09-30-00-1_500_dirty_glass,2017-08-28_09-30-00-1_500_dirty_glass#7614,58575,train,[],healthy honeybee,2017-08-28_09-30-00-1_500_dirty_glass
test/videos/2017-09-01_10-54-26/2017-09-01_10-54-26.mp4-bee_id_8015-31410-1.png,1,2017-09-01_10-54-26,2017-09-01_10-54-26#8015,31410,test,"[[58.0, 119.0, 89.0, 136.0]]",honeybee with a varroa mite,2017-09-01_10-54-26
test/videos/2017-10-17_1-39-36/2017-10-17_1-39-36.mp4-bee_id_5765-62445-1.png,1,2017-10-17_1-39-36,2017-10-17_1-39-36#5765,62445,test,"[[23.0, 108.0, 61.0, 148.0]]",honeybee with a varroa mite,2017-10-17_1-39-36
train/videos/2017-09-20_19-24-55/2017-09-20_19-24-55.mp4-bee_id_4531-48210-1.png,1,2017-09-20_19-24-55,2017-09-20_19-24-55#4531,48210,train,"[[92.0, 144.0, 117.0, 171.0]]",honeybee with a varroa mite,2017-09-20_19-24-55
train/videos/2017-09-20_19-24-55/2017-09-20_19-24-55.mp4-bee_id_4102-35880-1.png,0,2017-09-20_19-24-55,2017-09-20_19-24-55#4102,35880,train,[],healthy honeybee,2017-09-20_19-24-55
train/videos/2017-08-30_15-42-59/2017-08-30_15-42-59.mp4-bee_id_9675-39285-1.png,1,2017-08-30_15-42-59,2017-08-30_15-42-59#9675,39285,train,"[[33.0, 174.0, 70.0, 202.0]]",honeybee with a varroa mite,2017-08-30_15-42-59
test/videos/2017-09-01_10-54-26/2017-09-01_10-54-26.mp4-bee_id_8387-63705-1.png,0,2017-09-01_10-54-26,2017-09-01_10-54-26#8387,63705,test,[],healthy honeybee,2017-09-01_10-54-26
test/videos/2017-10-17_1-39-36/2017-10-17_1-39-36.mp4-bee_id_3842-10260-1.png,0,2017-10-17_1-39-36,2017-10-17_1-39-36#3842,10260,test,[],healthy honeybee,2017-10-17_1-39-36
train/videos/2017-09-20_19-24-55/2017-09-20_19-24-55.mp4-bee_id_5965-88140-1.png,0,2017-09-20_19-24-55,2017-09-20_19-24-55#5965,88140,train,[],healthy honeybee,2017-09-20_19-24-55
train/videos/2017-09-20_19-24-55/2017-09-20_19-24-55.mp4-bee_id_6287-97155-1.png,1,2017-09-20_19-24-55,2017-09-20_19-24-55#6287,97155,train,"[[74.0, 147.0, 107.0, 188.0], [22.0, 178.0, 52.0, 214.0]]",honeybee with a varroa mite,2017-09-20_19-24-55
train/videos/2017-09-20_19-24-55/2017-09-20_19-24-55.mp4-bee_id_5844-84660-1.png,1,2017-09-20_19-24-55,2017-09-20_19-24-55#5844,84660,train,"[[50.0, 107.0, 73.0, 131.0]]",honeybee with a varroa mite,2017-09-20_19-24-55
test/videos/2017-09-01_10-54-26/2017-09-01_10-54-26.mp4-bee_id_8163-38175-1.png,1,2017-09-01_10-54-26,2017-09-01_10-54-26#8163,38175,test,"[[76.0, 106.0, 98.0, 131.0], [48.0, 102.0, 73.0, 138.0]]",honeybee with a varroa mite,2017-09-01_10-54-26
train/videos/2017-09-25_16-03-38-2/2017-09-25_16-03-38.mp4-bee_id_736-26595-1.png,0,2017-09-25_16-03-38,2017-09-25_16-03-38#736,26595,train,[],healthy honeybee,2017-09-25_16-03-38
train/videos/2017-08-28_09-30-00-1_500_dirty_glass/2017-08-28_09-30-00-1_500_dirty_glass.mp4-bee_id_7585-56865-1.png,0,2017-08-28_09-30-00-1_500_dirty_glass,2017-08-28_09-30-00-1_500_dirty_glass#7585,56865,train,[],healthy honeybee,2017-08-28_09-30-00-1_500_dirty_glass
test/videos/2017-10-17_1-39-36/2017-10-17_1-39-36.mp4-bee_id_3848-10440-1.png,0,2017-10-17_1-39-36,2017-10-17_1-39-36#3848,10440,test,[],healthy honeybee,2017-10-17_1-39-36
train/videos/2017-09-20_19-24-55/2017-09-20_19-24-55.mp4-bee_id_3793-26895-1.png,0,2017-09-20_19-24-55,2017-09-20_19-24-55#3793,26895,train,[],healthy honeybee,2017-09-20_19-24-55
train/videos/2017-09-20_19-24-55/2017-09-20_19-24-55.mp4-bee_id_3627-22785-1.png,0,2017-09-20_19-24-55,2017-09-20_19-24-55#3627,22785,train,[],healthy honeybee,2017-09-20_19-24-55
train/videos/2017-09-25_16-03-38-2/2017-09-25_16-03-38.mp4-bee_id_1065-36570-1.png,0,2017-09-25_16-03-38,2017-09-25_16-03-38#1065,36570,train,[],healthy honeybee,2017-09-25_16-03-38
train/videos/2017-08-30_15-42-59/2017-08-30_15-42-59.mp4-bee_id_10428-74700-1.png,0,2017-08-30_15-42-59,2017-08-30_15-42-59#10428,74700,train,[],healthy honeybee,2017-08-30_15-42-59
train/videos/2017-08-30_15-42-59/2017-08-30_15-42-59.mp4-bee_id_9835-46110-1.png,0,2017-08-30_15-42-59,2017-08-30_15-42-59#9835,46110,train,[],healthy honeybee,2017-08-30_15-42-59
val/videos/2017-09-25_16-03-38/2017-09-25_16-03-38.mp4-bee_id_2062-79155-1.png,0,2017-09-25_16-03-38,2017-09-25_16-03-38#2062,79155,val,[],healthy honeybee,2017-09-25_16-03-38
val/videos/2017-09-25_16-03-38/2017-09-25_16-03-38.mp4-bee_id_1863-63720-1.png,0,2017-09-25_16-03-38,2017-09-25_16-03-38#1863,63720,val,[],healthy honeybee,2017-09-25_16-03-38
test/videos/2017-10-17_1-39-36/2017-10-17_1-39-36.mp4-bee_id_3756-7710-1.png,0,2017-10-17_1-39-36,2017-10-17_1-39-36#3756,7710,test,[],healthy honeybee,2017-10-17_1-39-36
train/videos/2017-08-28_09-30-00-1_500_dirty_glass/2017-08-28_09-30-00-1_500_dirty_glass.mp4-bee_id_7236-38760-1.png,1,2017-08-28_09-30-00-1_500_dirty_glass,2017-08-28_09-30-00-1_500_dirty_glass#7236,38760,train,"[[79.0, 149.0, 105.0, 178.0]]",honeybee with a varroa mite,2017-08-28_09-30-00-1_500_dirty_glass
val/videos/2017-09-25_16-03-38/2017-09-25_16-03-38.mp4-bee_id_1729-55200-1.png,0,2017-09-25_16-03-38,2017-09-25_16-03-38#1729,55200,val,[],healthy honeybee,2017-09-25_16-03-38
train/videos/2017-08-30_15-42-59/2017-08-30_15-42-59.mp4-bee_id_10138-59535-1.png,0,2017-08-30_15-42-59,2017-08-30_15-42-59#10138,59535,train,[],healthy honeybee,2017-08-30_15-42-59
train/videos/2017-09-20_19-24-55/2017-09-20_19-24-55.mp4-bee_id_3309-14310-1.png,1,2017-09-20_19-24-55,2017-09-20_19-24-55#3309,14310,train,"[[84.0, 154.0, 118.0, 181.0]]",honeybee with a varroa mite,2017-09-20_19-24-55
val/videos/2017-09-29_15-31-49/2017-09-29_15-31-49.mp4-bee_id_73-1905-1.png,0,2017-09-29_15-31-49,2017-09-29_15-31-49#73,1905,val,[],healthy honeybee,2017-09-29_15-31-49
val/videos/2017-09-01_20-00-17/2017-09-01_20-00-17.mp4-bee_id_175-75570-1.png,0,2017-09-01_20-00-17,2017-09-01_20-00-17#175,75570,val,[],healthy honeybee,2017-09-01_20-00-17
train/videos/2017-09-25_16-03-38-2/2017-09-25_16-03-38.mp4-bee_id_606-22275-1.png,0,2017-09-25_16-03-38,2017-09-25_16-03-38#606,22275,train,[],healthy honeybee,2017-09-25_16-03-38
train/videos/2017-09-25_16-03-38-2/2017-09-25_16-03-38.mp4-bee_id_729-26445-1.png,0,2017-09-25_16-03-38,2017-09-25_16-03-38#729,26445,train,[],healthy honeybee,2017-09-25_16-03-38
train/videos/2017-09-20_19-24-55/2017-09-20_19-24-55.mp4-bee_id_5831-84255-1.png,0,2017-09-20_19-24-55,2017-09-20_19-24-55#5831,84255,train,[],healthy honeybee,2017-09-20_19-24-55
train/videos/2017-08-28_09-30-00-1_500_dirty_glass/2017-08-28_09-30-00-1_500_dirty_glass.mp4-bee_id_7352-45795-1.png,0,2017-08-28_09-30-00-1_500_dirty_glass,2017-08-28_09-30-00-1_500_dirty_glass#7352,45795,train,[],healthy honeybee,2017-08-28_09-30-00-1_500_dirty_glass
train/videos/2017-09-20_19-24-55/2017-09-20_19-24-55.mp4-bee_id_4423-44970-1.png,0,2017-09-20_19-24-55,2017-09-20_19-24-55#4423,44970,train,[],healthy honeybee,2017-09-20_19-24-55
train/videos/2017-09-20_19-24-55/2017-09-20_19-24-55.mp4-bee_id_3843-28305-1.png,0,2017-09-20_19-24-55,2017-09-20_19-24-55#3843,28305,train,[],healthy honeybee,2017-09-20_19-24-55
train/videos/2017-09-20_19-24-55/2017-09-20_19-24-55.mp4-bee_id_2910-3180-1.png,0,2017-09-20_19-24-55,2017-09-20_19-24-55#2910,3180,train,[],healthy honeybee,2017-09-20_19-24-55
train/videos/2017-09-20_19-24-55/2017-09-20_19-24-55.mp4-bee_id_3709-24900-1.png,0,2017-09-20_19-24-55,2017-09-20_19-24-55#3709,24900,train,[],healthy honeybee,2017-09-20_19-24-55
train/videos/2017-09-20_19-24-55/2017-09-20_19-24-55.mp4-bee_id_5197-66330-1.png,0,2017-09-20_19-24-55,2017-09-20_19-24-55#5197,66330,train,[],healthy honeybee,2017-09-20_19-24-55
train/videos/2017-09-20_19-24-55/2017-09-20_19-24-55.mp4-bee_id_3626-22755-1.png,0,2017-09-20_19-24-55,2017-09-20_19-24-55#3626,22755,train,[],healthy honeybee,2017-09-20_19-24-55
test/videos/2017-09-01_10-54-26/2017-09-01_10-54-26.mp4-bee_id_8635-87855-1.png,0,2017-09-01_10-54-26,2017-09-01_10-54-26#8635,87855,test,[],healthy honeybee,2017-09-01_10-54-26
test/videos/2017-10-17_1-39-36/2017-10-17_1-39-36.mp4-bee_id_5700-60870-1.png,0,2017-10-17_1-39-36,2017-10-17_1-39-36#5700,60870,test,[],healthy honeybee,2017-10-17_1-39-36
train/videos/2017-08-30_15-42-59/2017-08-30_15-42-59.mp4-bee_id_10039-56235-1.png,0,2017-08-30_15-42-59,2017-08-30_15-42-59#10039,56235,train,[],healthy honeybee,2017-08-30_15-42-59
train/videos/2017-10-17_16-41-10/2017-10-17_16-41-10.mp4-bee_id_7079-6525-1.png,0,2017-10-17_16-41-10,2017-10-17_16-41-10#7079,6525,train,[],healthy honeybee,2017-10-17_16-41-10
train/videos/2017-09-20_19-24-55/2017-09-20_19-24-55.mp4-bee_id_2972-4575-1.png,1,2017-09-20_19-24-55,2017-09-20_19-24-55#2972,4575,train,"[[24.0, 96.0, 61.0, 131.0], [81.0, 87.0, 112.0, 123.0]]",honeybee with a varroa mite,2017-09-20_19-24-55
val/videos/2017-09-25_16-03-38/2017-09-25_16-03-38.mp4-bee_id_1291-43155-1.png,0,2017-09-25_16-03-38,2017-09-25_16-03-38#1291,43155,val,[],healthy honeybee,2017-09-25_16-03-38
test/videos/2017-09-01_10-54-26/2017-09-01_10-54-26.mp4-bee_id_8124-36270-1.png,1,2017-09-01_10-54-26,2017-09-01_10-54-26#8124,36270,test,"[[76.0, 104.0, 113.0, 129.0]]",honeybee with a varroa mite,2017-09-01_10-54-26
test/videos/2017-10-17_1-39-36/2017-10-17_1-39-36.mp4-bee_id_4357-25005-1.png,1,2017-10-17_1-39-36,2017-10-17_1-39-36#4357,25005,test,"[[97.0, 179.0, 122.0, 198.0]]",honeybee with a varroa mite,2017-10-17_1-39-36
train/videos/2017-09-25_16-03-38-2/2017-09-25_16-03-38.mp4-bee_id_1179-40080-1.png,0,2017-09-25_16-03-38,2017-09-25_16-03-38#1179,40080,train,[],healthy honeybee,2017-09-25_16-03-38
train/videos/2017-09-20_19-24-55/2017-09-20_19-24-55.mp4-bee_id_4624-50805-1.png,0,2017-09-20_19-24-55,2017-09-20_19-24-55#4624,50805,train,[],healthy honeybee,2017-09-20_19-24-55
test/videos/2017-10-17_1-39-36/2017-10-17_1-39-36.mp4-bee_id_5642-59475-1.png,0,2017-10-17_1-39-36,2017-10-17_1-39-36#5642,59475,test,[],healthy honeybee,2017-10-17_1-39-36
train/videos/2017-09-20_19-24-55/2017-09-20_19-24-55.mp4-bee_id_4035-34155-1.png,0,2017-09-20_19-24-55,2017-09-20_19-24-55#4035,34155,train,[],healthy honeybee,2017-09-20_19-24-55
train/videos/2017-09-25_16-03-38-2/2017-09-25_16-03-38.mp4-bee_id_631-23400-1.png,0,2017-09-25_16-03-38,2017-09-25_16-03-38#631,23400,train,[],healthy honeybee,2017-09-25_16-03-38
test/videos/2017-10-17_1-39-36/2017-10-17_1-39-36.mp4-bee_id_5702-60900-1.png,1,2017-10-17_1-39-36,2017-10-17_1-39-36#5702,60900,test,"[[106.0, 159.0, 130.0, 188.0]]",honeybee with a varroa mite,2017-10-17_1-39-36
val/videos/2017-08-28_16-32-55_30_sec/2017-08-28_16-32-55_30_sec.mp4-bee_id_6693-960-1.png,0,2017-08-28_16-32-55_30_sec,2017-08-28_16-32-55_30_sec#6693,960,val,[],healthy honeybee,2017-08-28_16-32-55_30_sec
test/videos/2017-10-17_1-39-36/2017-10-17_1-39-36.mp4-bee_id_5855-64845-1.png,0,2017-10-17_1-39-36,2017-10-17_1-39-36#5855,64845,test,[],healthy honeybee,2017-10-17_1-39-36
train/videos/2017-09-20_19-24-55/2017-09-20_19-24-55.mp4-bee_id_4082-35370-1.png,0,2017-09-20_19-24-55,2017-09-20_19-24-55#4082,35370,train,[],healthy honeybee,2017-09-20_19-24-55
train/videos/2017-08-30_15-42-59/2017-08-30_15-42-59.mp4-bee_id_10838-93315-1.png,0,2017-08-30_15-42-59,2017-08-30_15-42-59#10838,93315,train,[],healthy honeybee,2017-08-30_15-42-59
train/videos/2017-09-20_19-24-55/2017-09-20_19-24-55.mp4-bee_id_6303-97515-1.png,0,2017-09-20_19-24-55,2017-09-20_19-24-55#6303,97515,train,[],healthy honeybee,2017-09-20_19-24-55
train/videos/2017-08-30_15-42-59/2017-08-30_15-42-59.mp4-bee_id_10816-92115-1.png,0,2017-08-30_15-42-59,2017-08-30_15-42-59#10816,92115,train,[],healthy honeybee,2017-08-30_15-42-59
train/videos/2017-08-28_09-30-00-1_500_dirty_glass/2017-08-28_09-30-00-1_500_dirty_glass.mp4-bee_id_7266-40500-1.png,0,2017-08-28_09-30-00-1_500_dirty_glass,2017-08-28_09-30-00-1_500_dirty_glass#7266,40500,train,[],healthy honeybee,2017-08-28_09-30-00-1_500_dirty_glass
test/videos/2017-10-17_1-39-36/2017-10-17_1-39-36.mp4-bee_id_5598-58470-1.png,0,2017-10-17_1-39-36,2017-10-17_1-39-36#5598,58470,test,[],healthy honeybee,2017-10-17_1-39-36
train/videos/2017-08-30_15-42-59/2017-08-30_15-42-59.mp4-bee_id_10757-87645-1.png,0,2017-08-30_15-42-59,2017-08-30_15-42-59#10757,87645,train,[],healthy honeybee,2017-08-30_15-42-59
val/videos/2017-09-25_16-03-38/2017-09-25_16-03-38.mp4-bee_id_2075-80115-1.png,0,2017-09-25_16-03-38,2017-09-25_16-03-38#2075,80115,val,[],healthy honeybee,2017-09-25_16-03-38
train/videos/2017-08-28_09-30-00-1_500_dirty_glass/2017-08-28_09-30-00-1_500_dirty_glass.mp4-bee_id_7628-59115-1.png,0,2017-08-28_09-30-00-1_500_dirty_glass,2017-08-28_09-30-00-1_500_dirty_glass#7628,59115,train,[],healthy honeybee,2017-08-28_09-30-00-1_500_dirty_glass
val/videos/2017-09-25_16-03-38/2017-09-25_16-03-38.mp4-bee_id_2000-74925-1.png,0,2017-09-25_16-03-38,2017-09-25_16-03-38#2000,74925,val,[],healthy honeybee,2017-09-25_16-03-38
train/videos/2017-08-30_15-42-59/2017-08-30_15-42-59.mp4-bee_id_9684-39870-1.png,0,2017-08-30_15-42-59,2017-08-30_15-42-59#9684,39870,train,[],healthy honeybee,2017-08-30_15-42-59
train/videos/2017-09-20_19-24-55/2017-09-20_19-24-55.mp4-bee_id_3369-15975-1.png,1,2017-09-20_19-24-55,2017-09-20_19-24-55#3369,15975,train,"[[90.0, 70.0, 120.0, 112.0], [43.0, 81.0, 65.0, 116.0]]",honeybee with a varroa mite,2017-09-20_19-24-55
train/videos/2017-09-20_19-24-55/2017-09-20_19-24-55.mp4-bee_id_6412-100545-1.png,1,2017-09-20_19-24-55,2017-09-20_19-24-55#6412,100545,train,"[[34.0, 114.0, 64.0, 147.0]]",honeybee with a varroa mite,2017-09-20_19-24-55
train/videos/2017-09-25_16-03-38-2/2017-09-25_16-03-38.mp4-bee_id_249-1560-1.png,0,2017-09-25_16-03-38,2017-09-25_16-03-38#249,1560,train,[],healthy honeybee,2017-09-25_16-03-38
test/videos/2017-10-17_1-39-36/2017-10-17_1-39-36.mp4-bee_id_3664-5445-1.png,0,2017-10-17_1-39-36,2017-10-17_1-39-36#3664,5445,test,[],healthy honeybee,2017-10-17_1-39-36
train/videos/2017-09-20_19-24-55/2017-09-20_19-24-55.mp4-bee_id_3471-18930-1.png,1,2017-09-20_19-24-55,2017-09-20_19-24-55#3471,18930,train,"[[15.0, 107.0, 52.0, 143.0]]",honeybee with a varroa mite,2017-09-20_19-24-55
train/videos/2017-09-20_19-24-55/2017-09-20_19-24-55.mp4-bee_id_6436-101025-1.png,1,2017-09-20_19-24-55,2017-09-20_19-24-55#6436,101025,train,"[[31.0, 144.0, 67.0, 187.0]]",honeybee with a varroa mite,2017-09-20_19-24-55
train/videos/2017-09-20_19-24-55/2017-09-20_19-24-55.mp4-bee_id_4084-35430-1.png,0,2017-09-20_19-24-55,2017-09-20_19-24-55#4084,35430,train,[],healthy honeybee,2017-09-20_19-24-55
train/videos/2017-09-20_19-24-55/2017-09-20_19-24-55.mp4-bee_id_5616-78495-1.png,0,2017-09-20_19-24-55,2017-09-20_19-24-55#5616,78495,train,[],healthy honeybee,2017-09-20_19-24-55
train/videos/2017-09-20_19-24-55/2017-09-20_19-24-55.mp4-bee_id_6322-98115-1.png,1,2017-09-20_19-24-55,2017-09-20_19-24-55#6322,98115,train,"[[45.0, 84.0, 73.0, 114.0]]",honeybee with a varroa mite,2017-09-20_19-24-55
train/videos/2017-09-20_19-24-55/2017-09-20_19-24-55.mp4-bee_id_4669-52185-1.png,1,2017-09-20_19-24-55,2017-09-20_19-24-55#4669,52185,train,"[[52.0, 155.0, 80.0, 180.0]]",honeybee with a varroa mite,2017-09-20_19-24-55
val/videos/2017-09-25_16-03-38/2017-09-25_16-03-38.mp4-bee_id_2222-89385-1.png,0,2017-09-25_16-03-38,2017-09-25_16-03-38#2222,89385,val,[],healthy honeybee,2017-09-25_16-03-38
train/videos/2017-09-20_19-24-55/2017-09-20_19-24-55.mp4-bee_id_4167-37545-1.png,0,2017-09-20_19-24-55,2017-09-20_19-24-55#4167,37545,train,[],healthy honeybee,2017-09-20_19-24-55
val/videos/2017-09-01_3-01-01/2017-09-01_3-01-01.mp4-bee_id_2517-64200-1.png,0,2017-09-01_3-01-01,2017-09-01_3-01-01#2517,64200,val,[],healthy honeybee,2017-09-01_3-01-01
train/videos/2017-10-17_16-41-10/2017-10-17_16-41-10.mp4-bee_id_7246-12510-1.png,0,2017-10-17_16-41-10,2017-10-17_16-41-10#7246,12510,train,[],healthy honeybee,2017-10-17_16-41-10
train/videos/2017-08-28_09-30-00-1_500_dirty_glass/2017-08-28_09-30-00-1_500_dirty_glass.mp4-bee_id_7298-43485-1.png,0,2017-08-28_09-30-00-1_500_dirty_glass,2017-08-28_09-30-00-1_500_dirty_glass#7298,43485,train,[],healthy honeybee,2017-08-28_09-30-00-1_500_dirty_glass
train/videos/2017-09-20_19-24-55/2017-09-20_19-24-55.mp4-bee_id_4611-50475-1.png,1,2017-09-20_19-24-55,2017-09-20_19-24-55#4611,50475,train,"[[83.0, 157.0, 114.0, 182.0], [40.0, 180.0, 65.0, 224.0]]",honeybee with a varroa mite,2017-09-20_19-24-55
train/videos/2017-09-20_19-24-55/2017-09-20_19-24-55.mp4-bee_id_6467-101790-1.png,0,2017-09-20_19-24-55,2017-09-20_19-24-55#6467,101790,train,[],healthy honeybee,2017-09-20_19-24-55
train/videos/2017-09-20_19-24-55/2017-09-20_19-24-55.mp4-bee_id_4872-57495-1.png,0,2017-09-20_19-24-55,2017-09-20_19-24-55#4872,57495,train,[],healthy honeybee,2017-09-20_19-24-55
train/videos/2017-09-20_19-24-55/2017-09-20_19-24-55.mp4-bee_id_3002-5355-1.png,0,2017-09-20_19-24-55,2017-09-20_19-24-55#3002,5355,train,[],healthy honeybee,2017-09-20_19-24-55
test/videos/2017-09-01_10-54-26/2017-09-01_10-54-26.mp4-bee_id_8601-86475-1.png,0,2017-09-01_10-54-26,2017-09-01_10-54-26#8601,86475,test,[],healthy honeybee,2017-09-01_10-54-26
train/videos/2017-09-20_19-24-55/2017-09-20_19-24-55.mp4-bee_id_4551-48675-1.png,1,2017-09-20_19-24-55,2017-09-20_19-24-55#4551,48675,train,"[[39.0, 115.0, 82.0, 155.0]]",honeybee with a varroa mite,2017-09-20_19-24-55
train/videos/2017-08-30_15-42-59/2017-08-30_15-42-59.mp4-bee_id_9107-765-1.png,0,2017-08-30_15-42-59,2017-08-30_15-42-59#9107,765,train,[],healthy honeybee,2017-08-30_15-42-59
train/videos/2017-09-20_19-24-55/2017-09-20_19-24-55.mp4-bee_id_4206-38610-1.png,0,2017-09-20_19-24-55,2017-09-20_19-24-55#4206,38610,train,[],healthy honeybee,2017-09-20_19-24-55
test/videos/2017-10-17_1-39-36/2017-10-17_1-39-36.mp4-bee_id_4700-33885-1.png,0,2017-10-17_1-39-36,2017-10-17_1-39-36#4700,33885,test,[],healthy honeybee,2017-10-17_1-39-36
test/videos/2017-09-01_10-54-26/2017-09-01_10-54-26.mp4-bee_id_8033-32610-1.png,0,2017-09-01_10-54-26,2017-09-01_10-54-26#8033,32610,test,[],healthy honeybee,2017-09-01_10-54-26
val/videos/2017-09-01_20-00-17/2017-09-01_20-00-17.mp4-bee_id_136-64470-1.png,1,2017-09-01_20-00-17,2017-09-01_20-00-17#136,64470,val,"[[87.0, 87.0, 105.0, 113.0]]",honeybee with a varroa mite,2017-09-01_20-00-17
val/videos/2017-09-01_3-01-01/2017-09-01_3-01-01.mp4-bee_id_2482-62805-1.png,0,2017-09-01_3-01-01,2017-09-01_3-01-01#2482,62805,val,[],healthy honeybee,2017-09-01_3-01-01
test/videos/2017-09-01_10-54-26/2017-09-01_10-54-26.mp4-bee_id_8910-99720-1.png,0,2017-09-01_10-54-26,2017-09-01_10-54-26#8910,99720,test,[],healthy honeybee,2017-09-01_10-54-26
val/videos/2017-09-01_20-00-17/2017-09-01_20-00-17.mp4-bee_id_56-20550-1.png,0,2017-09-01_20-00-17,2017-09-01_20-00-17#56,20550,val,[],healthy honeybee,2017-09-01_20-00-17
train/videos/2017-08-30_15-42-59/2017-08-30_15-42-59.mp4-bee_id_9372-15165-1.png,1,2017-08-30_15-42-59,2017-08-30_15-42-59#9372,15165,train,"[[89.0, 137.0, 128.0, 177.0]]",honeybee with a varroa mite,2017-08-30_15-42-59
test/videos/2017-10-17_1-39-36/2017-10-17_1-39-36.mp4-bee_id_4737-35055-1.png,0,2017-10-17_1-39-36,2017-10-17_1-39-36#4737,35055,test,[],healthy honeybee,2017-10-17_1-39-36
test/videos/2017-09-01_10-54-26/2017-09-01_10-54-26.mp4-bee_id_8357-60615-1.png,1,2017-09-01_10-54-26,2017-09-01_10-54-26#8357,60615,test,"[[43.0, 97.0, 74.0, 125.0]]",honeybee with a varroa mite,2017-09-01_10-54-26
train/videos/2017-08-30_15-42-59/2017-08-30_15-42-59.mp4-bee_id_9692-40110-1.png,1,2017-08-30_15-42-59,2017-08-30_15-42-59#9692,40110,train,"[[45.0, 168.0, 78.0, 204.0]]",honeybee with a varroa mite,2017-08-30_15-42-59
train/videos/2017-09-20_19-24-55/2017-09-20_19-24-55.mp4-bee_id_3196-11160-1.png,0,2017-09-20_19-24-55,2017-09-20_19-24-55#3196,11160,train,[],healthy honeybee,2017-09-20_19-24-55
train/videos/2017-09-25_16-03-38-2/2017-09-25_16-03-38.mp4-bee_id_598-22005-1.png,0,2017-09-25_16-03-38,2017-09-25_16-03-38#598,22005,train,[],healthy honeybee,2017-09-25_16-03-38
train/videos/2017-09-20_19-24-55/2017-09-20_19-24-55.mp4-bee_id_5043-62145-1.png,1,2017-09-20_19-24-55,2017-09-20_19-24-55#5043,62145,train,"[[69.0, 83.0, 109.0, 120.0]]",honeybee with a varroa mite,2017-09-20_19-24-55
test/videos/2017-10-17_1-39-36/2017-10-17_1-39-36.mp4-bee_id_4834-37665-1.png,0,2017-10-17_1-39-36,2017-10-17_1-39-36#4834,37665,test,[],healthy honeybee,2017-10-17_1-39-36
train/videos/2017-09-20_19-24-55/2017-09-20_19-24-55.mp4-bee_id_3292-13935-1.png,0,2017-09-20_19-24-55,2017-09-20_19-24-55#3292,13935,train,[],healthy honeybee,2017-09-20_19-24-55
train/videos/2017-09-20_19-24-55/2017-09-20_19-24-55.mp4-bee_id_5221-66945-1.png,1,2017-09-20_19-24-55,2017-09-20_19-24-55#5221,66945,train,"[[32.0, 148.0, 64.0, 180.0], [84.0, 166.0, 113.0, 197.0]]",honeybee with a varroa mite,2017-09-20_19-24-55
train/videos/2017-09-20_19-24-55/2017-09-20_19-24-55.mp4-bee_id_3681-24375-1.png,0,2017-09-20_19-24-55,2017-09-20_19-24-55#3681,24375,train,[],healthy honeybee,2017-09-20_19-24-55
train/videos/2017-09-20_19-24-55/2017-09-20_19-24-55.mp4-bee_id_2829-1260-1.png,0,2017-09-20_19-24-55,2017-09-20_19-24-55#2829,1260,train,[],healthy honeybee,2017-09-20_19-24-55
test/videos/2017-09-01_10-54-26/2017-09-01_10-54-26.mp4-bee_id_8246-48015-1.png,0,2017-09-01_10-54-26,2017-09-01_10-54-26#8246,48015,test,[],healthy honeybee,2017-09-01_10-54-26
train/videos/2017-08-28_09-30-00-1_500_dirty_glass/2017-08-28_09-30-00-1_500_dirty_glass.mp4-bee_id_6971-21900-1.png,0,2017-08-28_09-30-00-1_500_dirty_glass,2017-08-28_09-30-00-1_500_dirty_glass#6971,21900,train,[],healthy honeybee,2017-08-28_09-30-00-1_500_dirty_glass
train/videos/2017-09-20_19-24-55/2017-09-20_19-24-55.mp4-bee_id_6158-93555-1.png,1,2017-09-20_19-24-55,2017-09-20_19-24-55#6158,93555,train,"[[47.0, 142.0, 87.0, 187.0]]",honeybee with a varroa mite,2017-09-20_19-24-55
val/videos/2017-09-25_16-03-38/2017-09-25_16-03-38.mp4-bee_id_1524-49440-1.png,0,2017-09-25_16-03-38,2017-09-25_16-03-38#1524,49440,val,[],healthy honeybee,2017-09-25_16-03-38
train/videos/2017-08-28_09-30-00-1_500_dirty_glass/2017-08-28_09-30-00-1_500_dirty_glass.mp4-bee_id_7369-46230-1.png,1,2017-08-28_09-30-00-1_500_dirty_glass,2017-08-28_09-30-00-1_500_dirty_glass#7369,46230,train,"[[16.0, 139.0, 56.0, 175.0]]",honeybee with a varroa mite,2017-08-28_09-30-00-1_500_dirty_glass
test/videos/2017-10-17_1-39-36/2017-10-17_1-39-36.mp4-bee_id_5818-63975-1.png,0,2017-10-17_1-39-36,2017-10-17_1-39-36#5818,63975,test,[],healthy honeybee,2017-10-17_1-39-36
train/videos/2017-09-25_16-03-38-2/2017-09-25_16-03-38.mp4-bee_id_821-28935-1.png,0,2017-09-25_16-03-38,2017-09-25_16-03-38#821,28935,train,[],healthy honeybee,2017-09-25_16-03-38
val/videos/2017-09-01_3-01-01/2017-09-01_3-01-01.mp4-bee_id_2321-49905-1.png,1,2017-09-01_3-01-01,2017-09-01_3-01-01#2321,49905,val,"[[87.0, 155.0, 124.0, 178.0], [81.0, 131.0, 115.0, 153.0]]",honeybee with a varroa mite,2017-09-01_3-01-01
test/videos/2017-09-01_10-54-26/2017-09-01_10-54-26.mp4-bee_id_7857-13635-1.png,0,2017-09-01_10-54-26,2017-09-01_10-54-26#7857,13635,test,[],healthy honeybee,2017-09-01_10-54-26
train/videos/2017-09-20_19-24-55/2017-09-20_19-24-55.mp4-bee_id_3217-11955-1.png,0,2017-09-20_19-24-55,2017-09-20_19-24-55#3217,11955,train,[],healthy honeybee,2017-09-20_19-24-55
test/videos/2017-10-17_1-39-36/2017-10-17_1-39-36.mp4-bee_id_5872-65190-1.png,1,2017-10-17_1-39-36,2017-10-17_1-39-36#5872,65190,test,"[[103.0, 88.0, 118.0, 115.0]]",honeybee with a varroa mite,2017-10-17_1-39-36
train/videos/2017-08-28_09-30-00-1_500_dirty_glass/2017-08-28_09-30-00-1_500_dirty_glass.mp4-bee_id_7108-31425-1.png,0,2017-08-28_09-30-00-1_500_dirty_glass,2017-08-28_09-30-00-1_500_dirty_glass#7108,31425,train,[],healthy honeybee,2017-08-28_09-30-00-1_500_dirty_glass
train/videos/2017-09-20_19-24-55/2017-09-20_19-24-55.mp4-bee_id_3751-25920-1.png,0,2017-09-20_19-24-55,2017-09-20_19-24-55#3751,25920,train,[],healthy honeybee,2017-09-20_19-24-55
test/videos/2017-10-17_1-39-36/2017-10-17_1-39-36.mp4-bee_id_5214-48630-1.png,1,2017-10-17_1-39-36,2017-10-17_1-39-36#5214,48630,test,"[[61.0, 80.0, 89.0, 110.0]]",honeybee with a varroa mite,2017-10-17_1-39-36
train/videos/2017-08-30_15-42-59/2017-08-30_15-42-59.mp4-bee_id_10456-76425-1.png,0,2017-08-30_15-42-59,2017-08-30_15-42-59#10456,76425,train,[],healthy honeybee,2017-08-30_15-42-59
train/videos/2017-08-30_15-42-59/2017-08-30_15-42-59.mp4-bee_id_9686-39915-1.png,0,2017-08-30_15-42-59,2017-08-30_15-42-59#9686,39915,train,[],healthy honeybee,2017-08-30_15-42-59
train/videos/2017-09-20_19-24-55/2017-09-20_19-24-55.mp4-bee_id_4808-55590-1.png,1,2017-09-20_19-24-55,2017-09-20_19-24-55#4808,55590,train,"[[41.0, 84.0, 80.0, 119.0]]",honeybee with a varroa mite,2017-09-20_19-24-55
test/videos/2017-09-01_10-54-26/2017-09-01_10-54-26.mp4-bee_id_8640-88035-1.png,0,2017-09-01_10-54-26,2017-09-01_10-54-26#8640,88035,test,[],healthy honeybee,2017-09-01_10-54-26
test/videos/2017-10-17_1-39-36/2017-10-17_1-39-36.mp4-bee_id_4170-19680-1.png,0,2017-10-17_1-39-36,2017-10-17_1-39-36#4170,19680,test,[],healthy honeybee,2017-10-17_1-39-36
train/videos/2017-08-30_15-42-59/2017-08-30_15-42-59.mp4-bee_id_10704-86070-1.png,0,2017-08-30_15-42-59,2017-08-30_15-42-59#10704,86070,train,[],healthy honeybee,2017-08-30_15-42-59
train/videos/2017-09-25_16-03-38-2/2017-09-25_16-03-38.mp4-bee_id_997-34260-1.png,0,2017-09-25_16-03-38,2017-09-25_16-03-38#997,34260,train,[],healthy honeybee,2017-09-25_16-03-38
train/videos/2017-09-20_19-24-55/2017-09-20_19-24-55.mp4-bee_id_3498-19590-1.png,1,2017-09-20_19-24-55,2017-09-20_19-24-55#3498,19590,train,"[[62.0, 95.0, 80.0, 125.0], [102.0, 87.0, 138.0, 116.0]]",honeybee with a varroa mite,2017-09-20_19-24-55
train/videos/2017-09-25_16-03-38-2/2017-09-25_16-03-38.mp4-bee_id_716-26100-1.png,0,2017-09-25_16-03-38,2017-09-25_16-03-38#716,26100,train,[],healthy honeybee,2017-09-25_16-03-38
val/videos/2017-09-25_16-03-38/2017-09-25_16-03-38.mp4-bee_id_2144-84285-1.png,0,2017-09-25_16-03-38,2017-09-25_16-03-38#2144,84285,val,[],healthy honeybee,2017-09-25_16-03-38
val/videos/2017-09-25_16-03-38/2017-09-25_16-03-38.mp4-bee_id_1359-44805-1.png,0,2017-09-25_16-03-38,2017-09-25_16-03-38#1359,44805,val,[],healthy honeybee,2017-09-25_16-03-38
test/videos/2017-10-17_1-39-36/2017-10-17_1-39-36.mp4-bee_id_5245-49305-1.png,1,2017-10-17_1-39-36,2017-10-17_1-39-36#5245,49305,test,"[[74.0, 155.0, 116.0, 197.0]]",honeybee with a varroa mite,2017-10-17_1-39-36
train/videos/2017-08-30_15-42-59/2017-08-30_15-42-59.mp4-bee_id_10728-86775-1.png,0,2017-08-30_15-42-59,2017-08-30_15-42-59#10728,86775,train,[],healthy honeybee,2017-08-30_15-42-59
train/videos/2017-09-20_19-24-55/2017-09-20_19-24-55.mp4-bee_id_4122-36420-1.png,0,2017-09-20_19-24-55,2017-09-20_19-24-55#4122,36420,train,[],healthy honeybee,2017-09-20_19-24-55
train/videos/2017-08-30_15-42-59/2017-08-30_15-42-59.mp4-bee_id_10336-66255-1.png,0,2017-08-30_15-42-59,2017-08-30_15-42-59#10336,66255,train,[],healthy honeybee,2017-08-30_15-42-59
test/videos/2017-10-17_1-39-36/2017-10-17_1-39-36.mp4-bee_id_4653-32715-1.png,0,2017-10-17_1-39-36,2017-10-17_1-39-36#4653,32715,test,[],healthy honeybee,2017-10-17_1-39-36
train/videos/2017-09-20_19-24-55/2017-09-20_19-24-55.mp4-bee_id_5032-61800-1.png,0,2017-09-20_19-24-55,2017-09-20_19-24-55#5032,61800,train,[],healthy honeybee,2017-09-20_19-24-55
test/videos/2017-10-17_1-39-36/2017-10-17_1-39-36.mp4-bee_id_3946-13170-1.png,0,2017-10-17_1-39-36,2017-10-17_1-39-36#3946,13170,test,[],healthy honeybee,2017-10-17_1-39-36
val/videos/2017-09-29_15-31-49/2017-09-29_15-31-49.mp4-bee_id_47-1245-1.png,1,2017-09-29_15-31-49,2017-09-29_15-31-49#47,1245,val,"[[33.0, 150.0, 67.0, 185.0]]",honeybee with a varroa mite,2017-09-29_15-31-49
val/videos/2017-09-29_15-31-49/2017-09-29_15-31-49.mp4-bee_id_142-3630-1.png,0,2017-09-29_15-31-49,2017-09-29_15-31-49#142,3630,val,[],healthy honeybee,2017-09-29_15-31-49
train/videos/2017-09-20_19-24-55/2017-09-20_19-24-55.mp4-bee_id_2862-2175-1.png,1,2017-09-20_19-24-55,2017-09-20_19-24-55#2862,2175,train,"[[74.0, 88.0, 94.0, 122.0], [126.0, 83.0, 155.0, 103.0]]",honeybee with a varroa mite,2017-09-20_19-24-55
train/videos/2017-09-20_19-24-55/2017-09-20_19-24-55.mp4-bee_id_6027-89985-1.png,1,2017-09-20_19-24-55,2017-09-20_19-24-55#6027,89985,train,"[[92.0, 142.0, 127.0, 174.0]]",honeybee with a varroa mite,2017-09-20_19-24-55
train/videos/2017-09-20_19-24-55/2017-09-20_19-24-55.mp4-bee_id_6273-96735-1.png,0,2017-09-20_19-24-55,2017-09-20_19-24-55#6273,96735,train,[],healthy honeybee,2017-09-20_19-24-55
train/videos/2017-09-25_16-03-38-2/2017-09-25_16-03-38.mp4-bee_id_642-23745-1.png,0,2017-09-25_16-03-38,2017-09-25_16-03-38#642,23745,train,[],healthy honeybee,2017-09-25_16-03-38
val/videos/2017-09-01_20-00-17/2017-09-01_20-00-17.mp4-bee_id_70-23250-1.png,0,2017-09-01_20-00-17,2017-09-01_20-00-17#70,23250,val,[],healthy honeybee,2017-09-01_20-00-17
train/videos/2017-08-30_15-42-59/2017-08-30_15-42-59.mp4-bee_id_10202-61200-1.png,0,2017-08-30_15-42-59,2017-08-30_15-42-59#10202,61200,train,[],healthy honeybee,2017-08-30_15-42-59
train/videos/2017-08-30_15-42-59/2017-08-30_15-42-59.mp4-bee_id_9693-40125-1.png,0,2017-08-30_15-42-59,2017-08-30_15-42-59#9693,40125,train,[],healthy honeybee,2017-08-30_15-42-59
test/videos/2017-10-17_1-39-36/2017-10-17_1-39-36.mp4-bee_id_3627-4290-1.png,0,2017-10-17_1-39-36,2017-10-17_1-39-36#3627,4290,test,[],healthy honeybee,2017-10-17_1-39-36
test/videos/2017-10-17_1-39-36/2017-10-17_1-39-36.mp4-bee_id_4511-29100-1.png,1,2017-10-17_1-39-36,2017-10-17_1-39-36#4511,29100,test,"[[75.0, 145.0, 109.0, 181.0]]",honeybee with a varroa mite,2017-10-17_1-39-36
train/videos/2017-09-20_19-24-55/2017-09-20_19-24-55.mp4-bee_id_3454-18435-1.png,0,2017-09-20_19-24-55,2017-09-20_19-24-55#3454,18435,train,[],healthy honeybee,2017-09-20_19-24-55
val/videos/2017-09-01_20-00-17/2017-09-01_20-00-17.mp4-bee_id_154-67785-1.png,0,2017-09-01_20-00-17,2017-09-01_20-00-17#154,67785,val,[],healthy honeybee,2017-09-01_20-00-17
train/videos/2017-08-28_09-30-00-1_500_dirty_glass/2017-08-28_09-30-00-1_500_dirty_glass.mp4-bee_id_7162-32985-1.png,0,2017-08-28_09-30-00-1_500_dirty_glass,2017-08-28_09-30-00-1_500_dirty_glass#7162,32985,train,[],healthy honeybee,2017-08-28_09-30-00-1_500_dirty_glass
train/videos/2017-08-30_15-42-59/2017-08-30_15-42-59.mp4-bee_id_9562-32205-1.png,0,2017-08-30_15-42-59,2017-08-30_15-42-59#9562,32205,train,[],healthy honeybee,2017-08-30_15-42-59
train/videos/2017-10-17_16-41-10/2017-10-17_16-41-10.mp4-bee_id_6961-2910-1.png,0,2017-10-17_16-41-10,2017-10-17_16-41-10#6961,2910,train,[],healthy honeybee,2017-10-17_16-41-10
train/videos/2017-09-20_19-24-55/2017-09-20_19-24-55.mp4-bee_id_4599-50085-1.png,0,2017-09-20_19-24-55,2017-09-20_19-24-55#4599,50085,train,[],healthy honeybee,2017-09-20_19-24-55
train/videos/2017-08-28_09-30-00-1_500_dirty_glass/2017-08-28_09-30-00-1_500_dirty_glass.mp4-bee_id_6796-13920-1.png,0,2017-08-28_09-30-00-1_500_dirty_glass,2017-08-28_09-30-00-1_500_dirty_glass#6796,13920,train,[],healthy honeybee,2017-08-28_09-30-00-1_500_dirty_glass
train/videos/2017-08-30_15-42-59/2017-08-30_15-42-59.mp4-bee_id_9448-23625-1.png,0,2017-08-30_15-42-59,2017-08-30_15-42-59#9448,23625,train,[],healthy honeybee,2017-08-30_15-42-59
train/videos/2017-09-20_19-24-55/2017-09-20_19-24-55.mp4-bee_id_4326-42090-1.png,1,2017-09-20_19-24-55,2017-09-20_19-24-55#4326,42090,train,"[[94.0, 72.0, 119.0, 98.0], [47.0, 93.0, 74.0, 133.0]]",honeybee with a varroa mite,2017-09-20_19-24-55
val/videos/2017-09-25_16-03-38/2017-09-25_16-03-38.mp4-bee_id_1250-41790-1.png,0,2017-09-25_16-03-38,2017-09-25_16-03-38#1250,41790,val,[],healthy honeybee,2017-09-25_16-03-38
test/videos/2017-10-17_1-39-36/2017-10-17_1-39-36.mp4-bee_id_3694-6225-1.png,0,2017-10-17_1-39-36,2017-10-17_1-39-36#3694,6225,test,[],healthy honeybee,2017-10-17_1-39-36
train/videos/2017-08-30_15-42-59/2017-08-30_15-42-59.mp4-bee_id_10623-83175-1.png,0,2017-08-30_15-42-59,2017-08-30_15-42-59#10623,83175,train,[],healthy honeybee,2017-08-30_15-42-59
train/videos/2017-09-20_19-24-55/2017-09-20_19-24-55.mp4-bee_id_6546-103890-1.png,0,2017-09-20_19-24-55,2017-09-20_19-24-55#6546,103890,train,[],healthy honeybee,2017-09-20_19-24-55
train/videos/2017-09-20_19-24-55/2017-09-20_19-24-55.mp4-bee_id_3955-31815-1.png,0,2017-09-20_19-24-55,2017-09-20_19-24-55#3955,31815,train,[],healthy honeybee,2017-09-20_19-24-55
train/videos/2017-09-20_19-24-55/2017-09-20_19-24-55.mp4-bee_id_6338-98595-1.png,1,2017-09-20_19-24-55,2017-09-20_19-24-55#6338,98595,train,"[[30.0, 113.0, 57.0, 144.0]]",honeybee with a varroa mite,2017-09-20_19-24-55
train/videos/2017-08-28_09-30-00-1_500_dirty_glass/2017-08-28_09-30-00-1_500_dirty_glass.mp4-bee_id_6935-20895-1.png,1,2017-08-28_09-30-00-1_500_dirty_glass,2017-08-28_09-30-00-1_500_dirty_glass#6935,20895,train,"[[70.0, 91.0, 91.0, 113.0]]",honeybee with a varroa mite,2017-08-28_09-30-00-1_500_dirty_glass
train/videos/2017-08-30_15-42-59/2017-08-30_15-42-59.mp4-bee_id_9166-2685-1.png,0,2017-08-30_15-42-59,2017-08-30_15-42-59#9166,2685,train,[],healthy honeybee,2017-08-30_15-42-59
train/videos/2017-08-30_15-42-59/2017-08-30_15-42-59.mp4-bee_id_9300-7905-1.png,0,2017-08-30_15-42-59,2017-08-30_15-42-59#9300,7905,train,[],healthy honeybee,2017-08-30_15-42-59
train/videos/2017-09-20_19-24-55/2017-09-20_19-24-55.mp4-bee_id_3748-25905-1.png,0,2017-09-20_19-24-55,2017-09-20_19-24-55#3748,25905,train,[],healthy honeybee,2017-09-20_19-24-55
train/videos/2017-09-20_19-24-55/2017-09-20_19-24-55.mp4-bee_id_5584-77730-1.png,0,2017-09-20_19-24-55,2017-09-20_19-24-55#5584,77730,train,[],healthy honeybee,2017-09-20_19-24-55
train/videos/2017-08-28_09-30-00-1_500_dirty_glass/2017-08-28_09-30-00-1_500_dirty_glass.mp4-bee_id_7669-60630-1.png,1,2017-08-28_09-30-00-1_500_dirty_glass,2017-08-28_09-30-00-1_500_dirty_glass#7669,60630,train,"[[42.0, 136.0, 77.0, 171.0]]",honeybee with a varroa mite,2017-08-28_09-30-00-1_500_dirty_glass
test/videos/2017-10-17_1-39-36/2017-10-17_1-39-36.mp4-bee_id_5588-58125-1.png,0,2017-10-17_1-39-36,2017-10-17_1-39-36#5588,58125,test,[],healthy honeybee,2017-10-17_1-39-36
train/videos/2017-09-25_16-03-38-2/2017-09-25_16-03-38.mp4-bee_id_827-29040-1.png,0,2017-09-25_16-03-38,2017-09-25_16-03-38#827,29040,train,[],healthy honeybee,2017-09-25_16-03-38
train/videos/2017-08-28_09-30-00-1_500_dirty_glass/2017-08-28_09-30-00-1_500_dirty_glass.mp4-bee_id_6877-17580-1.png,0,2017-08-28_09-30-00-1_500_dirty_glass,2017-08-28_09-30-00-1_500_dirty_glass#6877,17580,train,[],healthy honeybee,2017-08-28_09-30-00-1_500_dirty_glass
train/videos/2017-09-20_19-24-55/2017-09-20_19-24-55.mp4-bee_id_4905-58515-1.png,0,2017-09-20_19-24-55,2017-09-20_19-24-55#4905,58515,train,[],healthy honeybee,2017-09-20_19-24-55
train/videos/2017-09-20_19-24-55/2017-09-20_19-24-55.mp4-bee_id_4072-35070-1.png,0,2017-09-20_19-24-55,2017-09-20_19-24-55#4072,35070,train,[],healthy honeybee,2017-09-20_19-24-55
test/videos/2017-09-01_10-54-26/2017-09-01_10-54-26.mp4-bee_id_8427-66975-1.png,0,2017-09-01_10-54-26,2017-09-01_10-54-26#8427,66975,test,[],healthy honeybee,2017-09-01_10-54-26
train/videos/2017-09-20_19-24-55/2017-09-20_19-24-55.mp4-bee_id_5667-79860-1.png,1,2017-09-20_19-24-55,2017-09-20_19-24-55#5667,79860,train,"[[77.0, 86.0, 106.0, 113.0]]",honeybee with a varroa mite,2017-09-20_19-24-55
test/videos/2017-10-17_1-39-36/2017-10-17_1-39-36.mp4-bee_id_4453-27660-1.png,1,2017-10-17_1-39-36,2017-10-17_1-39-36#4453,27660,test,"[[29.0, 80.0, 59.0, 116.0]]",honeybee with a varroa mite,2017-10-17_1-39-36
train/videos/2017-09-20_19-24-55/2017-09-20_19-24-55.mp4-bee_id_5058-62430-1.png,0,2017-09-20_19-24-55,2017-09-20_19-24-55#5058,62430,train,[],healthy honeybee,2017-09-20_19-24-55
train/videos/2017-09-20_19-24-55/2017-09-20_19-24-55.mp4-bee_id_5452-74100-1.png,0,2017-09-20_19-24-55,2017-09-20_19-24-55#5452,74100,train,[],healthy honeybee,2017-09-20_19-24-55
train/videos/2017-08-28_09-30-00-1_500_dirty_glass/2017-08-28_09-30-00-1_500_dirty_glass.mp4-bee_id_7491-51885-1.png,0,2017-08-28_09-30-00-1_500_dirty_glass,2017-08-28_09-30-00-1_500_dirty_glass#7491,51885,train,[],healthy honeybee,2017-08-28_09-30-00-1_500_dirty_glass
train/videos/2017-09-20_19-24-55/2017-09-20_19-24-55.mp4-bee_id_3135-9285-1.png,0,2017-09-20_19-24-55,2017-09-20_19-24-55#3135,9285,train,[],healthy honeybee,2017-09-20_19-24-55
train/videos/2017-09-20_19-24-55/2017-09-20_19-24-55.mp4-bee_id_4777-54870-1.png,1,2017-09-20_19-24-55,2017-09-20_19-24-55#4777,54870,train,"[[21.0, 98.0, 57.0, 132.0]]",honeybee with a varroa mite,2017-09-20_19-24-55
train/videos/2017-09-20_19-24-55/2017-09-20_19-24-55.mp4-bee_id_5891-86100-1.png,0,2017-09-20_19-24-55,2017-09-20_19-24-55#5891,86100,train,[],healthy honeybee,2017-09-20_19-24-55
test/videos/2017-09-01_10-54-26/2017-09-01_10-54-26.mp4-bee_id_8719-91485-1.png,1,2017-09-01_10-54-26,2017-09-01_10-54-26#8719,91485,test,"[[38.0, 109.0, 75.0, 134.0]]",honeybee with a varroa mite,2017-09-01_10-54-26
train/videos/2017-09-25_16-03-38-2/2017-09-25_16-03-38.mp4-bee_id_1031-35595-1.png,0,2017-09-25_16-03-38,2017-09-25_16-03-38#1031,35595,train,[],healthy honeybee,2017-09-25_16-03-38
test/videos/2017-10-17_1-39-36/2017-10-17_1-39-36.mp4-bee_id_5645-59580-1.png,0,2017-10-17_1-39-36,2017-10-17_1-39-36#5645,59580,test,[],healthy honeybee,2017-10-17_1-39-36
train/videos/2017-08-28_09-30-00-1_500_dirty_glass/2017-08-28_09-30-00-1_500_dirty_glass.mp4-bee_id_7688-61170-1.png,1,2017-08-28_09-30-00-1_500_dirty_glass,2017-08-28_09-30-00-1_500_dirty_glass#7688,61170,train,"[[35.0, 147.0, 67.0, 182.0], [96.0, 144.0, 126.0, 180.0]]",honeybee with a varroa mite,2017-08-28_09-30-00-1_500_dirty_glass
train/videos/2017-08-30_15-42-59/2017-08-30_15-42-59.mp4-bee_id_10055-56955-1.png,0,2017-08-30_15-42-59,2017-08-30_15-42-59#10055,56955,train,[],healthy honeybee,2017-08-30_15-42-59
train/videos/2017-08-28_09-30-00-1_500_dirty_glass/2017-08-28_09-30-00-1_500_dirty_glass.mp4-bee_id_6893-18915-1.png,0,2017-08-28_09-30-00-1_500_dirty_glass,2017-08-28_09-30-00-1_500_dirty_glass#6893,18915,train,[],healthy honeybee,2017-08-28_09-30-00-1_500_dirty_glass
train/videos/2017-09-20_19-24-55/2017-09-20_19-24-55.mp4-bee_id_6036-90360-1.png,1,2017-09-20_19-24-55,2017-09-20_19-24-55#6036,90360,train,"[[66.0, 157.0, 102.0, 180.0]]",honeybee with a varroa mite,2017-09-20_19-24-55
test/videos/2017-10-17_1-39-36/2017-10-17_1-39-36.mp4-bee_id_3785-8520-1.png,0,2017-10-17_1-39-36,2017-10-17_1-39-36#3785,8520,test,[],healthy honeybee,2017-10-17_1-39-36
test/videos/2017-10-17_1-39-36/2017-10-17_1-39-36.mp4-bee_id_4327-24000-1.png,1,2017-10-17_1-39-36,2017-10-17_1-39-36#4327,24000,test,"[[44.0, 71.0, 69.0, 103.0]]",honeybee with a varroa mite,2017-10-17_1-39-36
train/videos/2017-09-20_19-24-55/2017-09-20_19-24-55.mp4-bee_id_2935-3645-1.png,0,2017-09-20_19-24-55,2017-09-20_19-24-55#2935,3645,train,[],healthy honeybee,2017-09-20_19-24-55
train/videos/2017-09-20_19-24-55/2017-09-20_19-24-55.mp4-bee_id_4461-46095-1.png,0,2017-09-20_19-24-55,2017-09-20_19-24-55#4461,46095,train,[],healthy honeybee,2017-09-20_19-24-55
val/videos/2017-09-29_15-31-49/2017-09-29_15-31-49.mp4-bee_id_131-3270-1.png,0,2017-09-29_15-31-49,2017-09-29_15-31-49#131,3270,val,[],healthy honeybee,2017-09-29_15-31-49
train/videos/2017-08-28_09-30-00-1_500_dirty_glass/2017-08-28_09-30-00-1_500_dirty_glass.mp4-bee_id_6982-22245-1.png,0,2017-08-28_09-30-00-1_500_dirty_glass,2017-08-28_09-30-00-1_500_dirty_glass#6982,22245,train,[],healthy honeybee,2017-08-28_09-30-00-1_500_dirty_glass
test/videos/2017-10-17_1-39-36/2017-10-17_1-39-36.mp4-bee_id_4807-36915-1.png,1,2017-10-17_1-39-36,2017-10-17_1-39-36#4807,36915,test,"[[44.0, 101.0, 88.0, 146.0]]",honeybee with a varroa mite,2017-10-17_1-39-36
train/videos/2017-09-20_19-24-55/2017-09-20_19-24-55.mp4-bee_id_5805-83505-1.png,1,2017-09-20_19-24-55,2017-09-20_19-24-55#5805,83505,train,"[[84.0, 82.0, 118.0, 125.0]]",honeybee with a varroa mite,2017-09-20_19-24-55
train/videos/2017-09-20_19-24-55/2017-09-20_19-24-55.mp4-bee_id_3040-6360-1.png,0,2017-09-20_19-24-55,2017-09-20_19-24-55#3040,6360,train,[],healthy honeybee,2017-09-20_19-24-55
train/videos/2017-09-20_19-24-55/2017-09-20_19-24-55.mp4-bee_id_3884-29355-1.png,0,2017-09-20_19-24-55,2017-09-20_19-24-55#3884,29355,train,[],healthy honeybee,2017-09-20_19-24-55
test/videos/2017-10-17_1-39-36/2017-10-17_1-39-36.mp4-bee_id_4069-17070-1.png,0,2017-10-17_1-39-36,2017-10-17_1-39-36#4069,17070,test,[],healthy honeybee,2017-10-17_1-39-36
test/videos/2017-10-17_1-39-36/2017-10-17_1-39-36.mp4-bee_id_4625-32145-1.png,1,2017-10-17_1-39-36,2017-10-17_1-39-36#4625,32145,test,"[[38.0, 80.0, 62.0, 122.0]]",honeybee with a varroa mite,2017-10-17_1-39-36
train/videos/2017-09-20_19-24-55/2017-09-20_19-24-55.mp4-bee_id_6243-96030-1.png,0,2017-09-20_19-24-55,2017-09-20_19-24-55#6243,96030,train,[],healthy honeybee,2017-09-20_19-24-55
train/videos/2017-08-30_15-42-59/2017-08-30_15-42-59.mp4-bee_id_9620-35895-1.png,0,2017-08-30_15-42-59,2017-08-30_15-42-59#9620,35895,train,[],healthy honeybee,2017-08-30_15-42-59
train/videos/2017-09-25_16-03-38-2/2017-09-25_16-03-38.mp4-bee_id_860-30135-1.png,0,2017-09-25_16-03-38,2017-09-25_16-03-38#860,30135,train,[],healthy honeybee,2017-09-25_16-03-38
train/videos/2017-09-20_19-24-55/2017-09-20_19-24-55.mp4-bee_id_3049-6510-1.png,1,2017-09-20_19-24-55,2017-09-20_19-24-55#3049,6510,train,"[[79.0, 154.0, 111.0, 190.0]]",honeybee with a varroa mite,2017-09-20_19-24-55
train/videos/2017-09-20_19-24-55/2017-09-20_19-24-55.mp4-bee_id_4915-58815-1.png,0,2017-09-20_19-24-55,2017-09-20_19-24-55#4915,58815,train,[],healthy honeybee,2017-09-20_19-24-55
train/videos/2017-09-25_16-03-38-2/2017-09-25_16-03-38.mp4-bee_id_857-30105-1.png,1,2017-09-25_16-03-38,2017-09-25_16-03-38#857,30105,train,"[[94.0, 141.0, 132.0, 180.0]]",honeybee with a varroa mite,2017-09-25_16-03-38
val/videos/2017-09-01_3-01-01/2017-09-01_3-01-01.mp4-bee_id_2267-44580-1.png,1,2017-09-01_3-01-01,2017-09-01_3-01-01#2267,44580,val,"[[71.0, 138.0, 111.0, 168.0], [77.0, 166.0, 114.0, 194.0]]",honeybee with a varroa mite,2017-09-01_3-01-01
train/videos/2017-08-30_15-42-59/2017-08-30_15-42-59.mp4-bee_id_9129-1455-1.png,0,2017-08-30_15-42-59,2017-08-30_15-42-59#9129,1455,train,[],healthy honeybee,2017-08-30_15-42-59
test/videos/2017-09-01_10-54-26/2017-09-01_10-54-26.mp4-bee_id_8889-98640-1.png,0,2017-09-01_10-54-26,2017-09-01_10-54-26#8889,98640,test,[],healthy honeybee,2017-09-01_10-54-26
train/videos/2017-08-30_15-42-59/2017-08-30_15-42-59.mp4-bee_id_9267-6285-1.png,1,2017-08-30_15-42-59,2017-08-30_15-42-59#9267,6285,train,"[[37.0, 86.0, 70.0, 113.0]]",honeybee with a varroa mite,2017-08-30_15-42-59
test/videos/2017-09-01_10-54-26/2017-09-01_10-54-26.mp4-bee_id_8065-33885-1.png,0,2017-09-01_10-54-26,2017-09-01_10-54-26#8065,33885,test,[],healthy honeybee,2017-09-01_10-54-26
val/videos/2017-09-25_16-03-38/2017-09-25_16-03-38.mp4-bee_id_1638-52530-1.png,0,2017-09-25_16-03-38,2017-09-25_16-03-38#1638,52530,val,[],healthy honeybee,2017-09-25_16-03-38
test/videos/2017-10-17_1-39-36/2017-10-17_1-39-36.mp4-bee_id_4421-26685-1.png,0,2017-10-17_1-39-36,2017-10-17_1-39-36#4421,26685,test,[],healthy honeybee,2017-10-17_1-39-36
train/videos/2017-09-20_19-24-55/2017-09-20_19-24-55.mp4-bee_id_4592-49875-1.png,1,2017-09-20_19-24-55,2017-09-20_19-24-55#4592,49875,train,"[[37.0, 113.0, 73.0, 157.0]]",honeybee with a varroa mite,2017-09-20_19-24-55
train/videos/2017-10-17_16-41-10/2017-10-17_16-41-10.mp4-bee_id_7150-8865-1.png,1,2017-10-17_16-41-10,2017-10-17_16-41-10#7150,8865,train,"[[83.0, 148.0, 120.0, 178.0]]",honeybee with a varroa mite,2017-10-17_16-41-10
train/videos/2017-09-20_19-24-55/2017-09-20_19-24-55.mp4-bee_id_5599-78075-1.png,0,2017-09-20_19-24-55,2017-09-20_19-24-55#5599,78075,train,[],healthy honeybee,2017-09-20_19-24-55
val/videos/2017-09-25_16-03-38/2017-09-25_16-03-38.mp4-bee_id_1329-44145-1.png,0,2017-09-25_16-03-38,2017-09-25_16-03-38#1329,44145,val,[],healthy honeybee,2017-09-25_16-03-38
train/videos/2017-09-20_19-24-55/2017-09-20_19-24-55.mp4-bee_id_5586-77745-1.png,0,2017-09-20_19-24-55,2017-09-20_19-24-55#5586,77745,train,[],healthy honeybee,2017-09-20_19-24-55
test/videos/2017-10-17_1-39-36/2017-10-17_1-39-36.mp4-bee_id_4040-16230-1.png,0,2017-10-17_1-39-36,2017-10-17_1-39-36#4040,16230,test,[],healthy honeybee,2017-10-17_1-39-36
train/videos/2017-08-30_15-42-59/2017-08-30_15-42-59.mp4-bee_id_10791-88695-1.png,0,2017-08-30_15-42-59,2017-08-30_15-42-59#10791,88695,train,[],healthy honeybee,2017-08-30_15-42-59
train/videos/2017-09-20_19-24-55/2017-09-20_19-24-55.mp4-bee_id_5918-86925-1.png,1,2017-09-20_19-24-55,2017-09-20_19-24-55#5918,86925,train,"[[38.0, 125.0, 77.0, 160.0]]",honeybee with a varroa mite,2017-09-20_19-24-55
test/videos/2017-10-17_1-39-36/2017-10-17_1-39-36.mp4-bee_id_5984-67800-1.png,0,2017-10-17_1-39-36,2017-10-17_1-39-36#5984,67800,test,[],healthy honeybee,2017-10-17_1-39-36
test/videos/2017-10-17_1-39-36/2017-10-17_1-39-36.mp4-bee_id_4525-29550-1.png,1,2017-10-17_1-39-36,2017-10-17_1-39-36#4525,29550,test,"[[49.0, 99.0, 83.0, 127.0]]",honeybee with a varroa mite,2017-10-17_1-39-36
train/videos/2017-09-25_16-03-38-2/2017-09-25_16-03-38.mp4-bee_id_383-12240-1.png,0,2017-09-25_16-03-38,2017-09-25_16-03-38#383,12240,train,[],healthy honeybee,2017-09-25_16-03-38
val/videos/2017-09-25_16-03-38/2017-09-25_16-03-38.mp4-bee_id_1663-53355-1.png,1,2017-09-25_16-03-38,2017-09-25_16-03-38#1663,53355,val,"[[59.0, 187.0, 98.0, 213.0], [28.0, 123.0, 65.0, 164.0]]",honeybee with a varroa mite,2017-09-25_16-03-38
train/videos/2017-09-20_19-24-55/2017-09-20_19-24-55.mp4-bee_id_4747-54150-1.png,0,2017-09-20_19-24-55,2017-09-20_19-24-55#4747,54150,train,[],healthy honeybee,2017-09-20_19-24-55
train/videos/2017-08-30_15-42-59/2017-08-30_15-42-59.mp4-bee_id_10813-91710-1.png,0,2017-08-30_15-42-59,2017-08-30_15-42-59#10813,91710,train,[],healthy honeybee,2017-08-30_15-42-59
train/videos/2017-09-20_19-24-55/2017-09-20_19-24-55.mp4-bee_id_3765-26235-1.png,0,2017-09-20_19-24-55,2017-09-20_19-24-55#3765,26235,train,[],healthy honeybee,2017-09-20_19-24-55
test/videos/2017-10-17_1-39-36/2017-10-17_1-39-36.mp4-bee_id_3540-1905-1.png,0,2017-10-17_1-39-36,2017-10-17_1-39-36#3540,1905,test,[],healthy honeybee,2017-10-17_1-39-36
val/videos/2017-09-01_20-00-17/2017-09-01_20-00-17.mp4-bee_id_99-42930-1.png,1,2017-09-01_20-00-17,2017-09-01_20-00-17#99,42930,val,"[[39.0, 137.0, 71.0, 175.0]]",honeybee with a varroa mite,2017-09-01_20-00-17
train/videos/2017-08-30_15-42-59/2017-08-30_15-42-59.mp4-bee_id_10738-87135-1.png,0,2017-08-30_15-42-59,2017-08-30_15-42-59#10738,87135,train,[],healthy honeybee,2017-08-30_15-42-59
train/videos/2017-08-30_15-42-59/2017-08-30_15-42-59.mp4-bee_id_10689-85695-1.png,0,2017-08-30_15-42-59,2017-08-30_15-42-59#10689,85695,train,[],healthy honeybee,2017-08-30_15-42-59
val/videos/2017-09-29_15-31-49/2017-09-29_15-31-49.mp4-bee_id_101-2520-1.png,0,2017-09-29_15-31-49,2017-09-29_15-31-49#101,2520,val,[],healthy honeybee,2017-09-29_15-31-49
train/videos/2017-08-28_09-30-00-1_500_dirty_glass/2017-08-28_09-30-00-1_500_dirty_glass.mp4-bee_id_7084-30495-1.png,0,2017-08-28_09-30-00-1_500_dirty_glass,2017-08-28_09-30-00-1_500_dirty_glass#7084,30495,train,[],healthy honeybee,2017-08-28_09-30-00-1_500_dirty_glass
train/videos/2017-09-20_19-24-55/2017-09-20_19-24-55.mp4-bee_id_4345-42660-1.png,0,2017-09-20_19-24-55,2017-09-20_19-24-55#4345,42660,train,[],healthy honeybee,2017-09-20_19-24-55
test/videos/2017-09-01_10-54-26/2017-09-01_10-54-26.mp4-bee_id_8031-32505-1.png,1,2017-09-01_10-54-26,2017-09-01_10-54-26#8031,32505,test,"[[84.0, 103.0, 120.0, 128.0], [53.0, 106.0, 92.0, 135.0]]",honeybee with a varroa mite,2017-09-01_10-54-26
train/videos/2017-10-17_16-41-10/2017-10-17_16-41-10.mp4-bee_id_7113-7365-1.png,0,2017-10-17_16-41-10,2017-10-17_16-41-10#7113,7365,train,[],healthy honeybee,2017-10-17_16-41-10
train/videos/2017-09-20_19-24-55/2017-09-20_19-24-55.mp4-bee_id_4074-35100-1.png,0,2017-09-20_19-24-55,2017-09-20_19-24-55#4074,35100,train,[],healthy honeybee,2017-09-20_19-24-55
test/videos/2017-10-17_1-39-36/2017-10-17_1-39-36.mp4-bee_id_4162-19545-1.png,0,2017-10-17_1-39-36,2017-10-17_1-39-36#4162,19545,test,[],healthy honeybee,2017-10-17_1-39-36
test/videos/2017-10-17_1-39-36/2017-10-17_1-39-36.mp4-bee_id_5519-56025-1.png,0,2017-10-17_1-39-36,2017-10-17_1-39-36#5519,56025,test,[],healthy honeybee,2017-10-17_1-39-36
train/videos/2017-09-20_19-24-55/2017-09-20_19-24-55.mp4-bee_id_5009-61320-1.png,0,2017-09-20_19-24-55,2017-09-20_19-24-55#5009,61320,train,[],healthy honeybee,2017-09-20_19-24-55
train/videos/2017-09-20_19-24-55/2017-09-20_19-24-55.mp4-bee_id_4037-34200-1.png,0,2017-09-20_19-24-55,2017-09-20_19-24-55#4037,34200,train,[],healthy honeybee,2017-09-20_19-24-55
val/videos/2017-09-01_3-01-01/2017-09-01_3-01-01.mp4-bee_id_2579-79020-1.png,0,2017-09-01_3-01-01,2017-09-01_3-01-01#2579,79020,val,[],healthy honeybee,2017-09-01_3-01-01
val/videos/2017-09-25_16-03-38/2017-09-25_16-03-38.mp4-bee_id_2185-87300-1.png,1,2017-09-25_16-03-38,2017-09-25_16-03-38#2185,87300,val,"[[42.0, 210.0, 85.0, 237.0]]",honeybee with a varroa mite,2017-09-25_16-03-38
val/videos/2017-09-25_16-03-38/2017-09-25_16-03-38.mp4-bee_id_2181-86745-1.png,0,2017-09-25_16-03-38,2017-09-25_16-03-38#2181,86745,val,[],healthy honeybee,2017-09-25_16-03-38
train/videos/2017-09-25_16-03-38-2/2017-09-25_16-03-38.mp4-bee_id_655-24435-1.png,0,2017-09-25_16-03-38,2017-09-25_16-03-38#655,24435,train,[],healthy honeybee,2017-09-25_16-03-38
val/videos/2017-09-25_16-03-38/2017-09-25_16-03-38.mp4-bee_id_2105-81825-1.png,0,2017-09-25_16-03-38,2017-09-25_16-03-38#2105,81825,val,[],healthy honeybee,2017-09-25_16-03-38
train/videos/2017-09-20_19-24-55/2017-09-20_19-24-55.mp4-bee_id_6189-94425-1.png,1,2017-09-20_19-24-55,2017-09-20_19-24-55#6189,94425,train,"[[90.0, 147.0, 127.0, 187.0], [44.0, 187.0, 85.0, 225.0]]",honeybee with a varroa mite,2017-09-20_19-24-55
val/videos/2017-09-01_20-00-17/2017-09-01_20-00-17.mp4-bee_id_139-65010-1.png,0,2017-09-01_20-00-17,2017-09-01_20-00-17#139,65010,val,[],healthy honeybee,2017-09-01_20-00-17
val/videos/2017-09-25_16-03-38/2017-09-25_16-03-38.mp4-bee_id_1995-74550-1.png,0,2017-09-25_16-03-38,2017-09-25_16-03-38#1995,74550,val,[],healthy honeybee,2017-09-25_16-03-38
train/videos/2017-10-17_16-41-10/2017-10-17_16-41-10.mp4-bee_id_7296-14280-1.png,0,2017-10-17_16-41-10,2017-10-17_16-41-10#7296,14280,train,[],healthy honeybee,2017-10-17_16-41-10
val/videos/2017-09-25_16-03-38/2017-09-25_16-03-38.mp4-bee_id_1807-57660-1.png,0,2017-09-25_16-03-38,2017-09-25_16-03-38#1807,57660,val,[],healthy honeybee,2017-09-25_16-03-38
train/videos/2017-08-30_15-42-59/2017-08-30_15-42-59.mp4-bee_id_10636-83730-1.png,0,2017-08-30_15-42-59,2017-08-30_15-42-59#10636,83730,train,[],healthy honeybee,2017-08-30_15-42-59
train/videos/2017-09-20_19-24-55/2017-09-20_19-24-55.mp4-bee_id_5500-75390-1.png,0,2017-09-20_19-24-55,2017-09-20_19-24-55#5500,75390,train,[],healthy honeybee,2017-09-20_19-24-55
train/videos/2017-09-20_19-24-55/2017-09-20_19-24-55.mp4-bee_id_5087-63360-1.png,0,2017-09-20_19-24-55,2017-09-20_19-24-55#5087,63360,train,[],healthy honeybee,2017-09-20_19-24-55
train/videos/2017-09-20_19-24-55/2017-09-20_19-24-55.mp4-bee_id_2911-3195-1.png,0,2017-09-20_19-24-55,2017-09-20_19-24-55#2911,3195,train,[],healthy honeybee,2017-09-20_19-24-55
train/videos/2017-08-28_09-30-00-1_500_dirty_glass/2017-08-28_09-30-00-1_500_dirty_glass.mp4-bee_id_6851-15930-1.png,0,2017-08-28_09-30-00-1_500_dirty_glass,2017-08-28_09-30-00-1_500_dirty_glass#6851,15930,train,[],healthy honeybee,2017-08-28_09-30-00-1_500_dirty_glass
val/videos/2017-09-01_3-01-01/2017-09-01_3-01-01.mp4-bee_id_2339-50925-1.png,1,2017-09-01_3-01-01,2017-09-01_3-01-01#2339,50925,val,"[[65.0, 137.0, 101.0, 161.0], [78.0, 158.0, 113.0, 182.0]]",honeybee with a varroa mite,2017-09-01_3-01-01
train/videos/2017-09-25_16-03-38-2/2017-09-25_16-03-38.mp4-bee_id_833-29130-1.png,0,2017-09-25_16-03-38,2017-09-25_16-03-38#833,29130,train,[],healthy honeybee,2017-09-25_16-03-38
val/videos/2017-09-01_3-01-01/2017-09-01_3-01-01.mp4-bee_id_2514-63900-1.png,1,2017-09-01_3-01-01,2017-09-01_3-01-01#2514,63900,val,"[[49.0, 158.0, 75.0, 185.0]]",honeybee with a varroa mite,2017-09-01_3-01-01
train/videos/2017-08-28_09-30-00-1_500_dirty_glass/2017-08-28_09-30-00-1_500_dirty_glass.mp4-bee_id_7075-30015-1.png,1,2017-08-28_09-30-00-1_500_dirty_glass,2017-08-28_09-30-00-1_500_dirty_glass#7075,30015,train,"[[20.0, 110.0, 68.0, 129.0]]",honeybee with a varroa mite,2017-08-28_09-30-00-1_500_dirty_glass
val/videos/2017-09-01_3-01-01/2017-09-01_3-01-01.mp4-bee_id_2677-87750-1.png,1,2017-09-01_3-01-01,2017-09-01_3-01-01#2677,87750,val,"[[100.0, 112.0, 132.0, 140.0], [59.0, 117.0, 92.0, 144.0]]",honeybee with a varroa mite,2017-09-01_3-01-01
val/videos/2017-09-01_3-01-01/2017-09-01_3-01-01.mp4-bee_id_2449-60555-1.png,0,2017-09-01_3-01-01,2017-09-01_3-01-01#2449,60555,val,[],healthy honeybee,2017-09-01_3-01-01
test/videos/2017-10-17_1-39-36/2017-10-17_1-39-36.mp4-bee_id_4794-36600-1.png,1,2017-10-17_1-39-36,2017-10-17_1-39-36#4794,36600,test,"[[86.0, 82.0, 121.0, 115.0]]",honeybee with a varroa mite,2017-10-17_1-39-36
test/videos/2017-09-01_10-54-26/2017-09-01_10-54-26.mp4-bee_id_8814-95805-1.png,0,2017-09-01_10-54-26,2017-09-01_10-54-26#8814,95805,test,[],healthy honeybee,2017-09-01_10-54-26
train/videos/2017-08-30_15-42-59/2017-08-30_15-42-59.mp4-bee_id_10793-88740-1.png,0,2017-08-30_15-42-59,2017-08-30_15-42-59#10793,88740,train,[],healthy honeybee,2017-08-30_15-42-59
train/videos/2017-08-30_15-42-59/2017-08-30_15-42-59.mp4-bee_id_9728-41370-1.png,1,2017-08-30_15-42-59,2017-08-30_15-42-59#9728,41370,train,"[[89.0, 148.0, 124.0, 192.0]]",honeybee with a varroa mite,2017-08-30_15-42-59
test/videos/2017-10-17_1-39-36/2017-10-17_1-39-36.mp4-bee_id_5326-51420-1.png,0,2017-10-17_1-39-36,2017-10-17_1-39-36#5326,51420,test,[],healthy honeybee,2017-10-17_1-39-36
train/videos/2017-09-20_19-24-55/2017-09-20_19-24-55.mp4-bee_id_3546-20775-1.png,1,2017-09-20_19-24-55,2017-09-20_19-24-55#3546,20775,train,"[[99.0, 141.0, 126.0, 173.0], [46.0, 140.0, 76.0, 183.0]]",honeybee with a varroa mite,2017-09-20_19-24-55
train/videos/2017-08-30_15-42-59/2017-08-30_15-42-59.mp4-bee_id_9256-5820-1.png,1,2017-08-30_15-42-59,2017-08-30_15-42-59#9256,5820,train,"[[81.0, 96.0, 109.0, 121.0]]",honeybee with a varroa mite,2017-08-30_15-42-59
val/videos/2017-09-01_20-00-17/2017-09-01_20-00-17.mp4-bee_id_100-43050-1.png,0,2017-09-01_20-00-17,2017-09-01_20-00-17#100,43050,val,[],healthy honeybee,2017-09-01_20-00-17
train/videos/2017-08-28_09-30-00-1_500_dirty_glass/2017-08-28_09-30-00-1_500_dirty_glass.mp4-bee_id_7261-40230-1.png,0,2017-08-28_09-30-00-1_500_dirty_glass,2017-08-28_09-30-00-1_500_dirty_glass#7261,40230,train,[],healthy honeybee,2017-08-28_09-30-00-1_500_dirty_glass
train/videos/2017-09-20_19-24-55/2017-09-20_19-24-55.mp4-bee_id_5607-78420-1.png,0,2017-09-20_19-24-55,2017-09-20_19-24-55#5607,78420,train,[],healthy honeybee,2017-09-20_19-24-55
val/videos/2017-09-01_3-01-01/2017-09-01_3-01-01.mp4-bee_id_2426-58545-1.png,0,2017-09-01_3-01-01,2017-09-01_3-01-01#2426,58545,val,[],healthy honeybee,2017-09-01_3-01-01
test/videos/2017-09-01_10-54-26/2017-09-01_10-54-26.mp4-bee_id_7816-9570-1.png,0,2017-09-01_10-54-26,2017-09-01_10-54-26#7816,9570,test,[],healthy honeybee,2017-09-01_10-54-26
test/videos/2017-10-17_1-39-36/2017-10-17_1-39-36.mp4-bee_id_4972-41850-1.png,0,2017-10-17_1-39-36,2017-10-17_1-39-36#4972,41850,test,[],healthy honeybee,2017-10-17_1-39-36
val/videos/2017-09-25_16-03-38/2017-09-25_16-03-38.mp4-bee_id_1851-62985-1.png,0,2017-09-25_16-03-38,2017-09-25_16-03-38#1851,62985,val,[],healthy honeybee,2017-09-25_16-03-38
train/videos/2017-08-28_09-30-00-1_500_dirty_glass/2017-08-28_09-30-00-1_500_dirty_glass.mp4-bee_id_7554-55590-1.png,0,2017-08-28_09-30-00-1_500_dirty_glass,2017-08-28_09-30-00-1_500_dirty_glass#7554,55590,train,[],healthy honeybee,2017-08-28_09-30-00-1_500_dirty_glass
test/videos/2017-10-17_1-39-36/2017-10-17_1-39-36.mp4-bee_id_5578-57825-1.png,0,2017-10-17_1-39-36,2017-10-17_1-39-36#5578,57825,test,[],healthy honeybee,2017-10-17_1-39-36
train/videos/2017-09-25_16-03-38-2/2017-09-25_16-03-38.mp4-bee_id_504-17895-1.png,1,2017-09-25_16-03-38,2017-09-25_16-03-38#504,17895,train,"[[34.0, 98.0, 80.0, 139.0]]",honeybee with a varroa mite,2017-09-25_16-03-38
train/videos/2017-09-20_19-24-55/2017-09-20_19-24-55.mp4-bee_id_6326-98190-1.png,0,2017-09-20_19-24-55,2017-09-20_19-24-55#6326,98190,train,[],healthy honeybee,2017-09-20_19-24-55
train/videos/2017-08-30_15-42-59/2017-08-30_15-42-59.mp4-bee_id_9109-780-1.png,0,2017-08-30_15-42-59,2017-08-30_15-42-59#9109,780,train,[],healthy honeybee,2017-08-30_15-42-59
train/videos/2017-08-30_15-42-59/2017-08-30_15-42-59.mp4-bee_id_10688-85665-1.png,0,2017-08-30_15-42-59,2017-08-30_15-42-59#10688,85665,train,[],healthy honeybee,2017-08-30_15-42-59
test/videos/2017-10-17_1-39-36/2017-10-17_1-39-36.mp4-bee_id_3588-3420-1.png,0,2017-10-17_1-39-36,2017-10-17_1-39-36#3588,3420,test,[],healthy honeybee,2017-10-17_1-39-36
train/videos/2017-09-20_19-24-55/2017-09-20_19-24-55.mp4-bee_id_4415-44775-1.png,1,2017-09-20_19-24-55,2017-09-20_19-24-55#4415,44775,train,"[[91.0, 101.0, 112.0, 120.0]]",honeybee with a varroa mite,2017-09-20_19-24-55
train/videos/2017-09-20_19-24-55/2017-09-20_19-24-55.mp4-bee_id_6384-99930-1.png,1,2017-09-20_19-24-55,2017-09-20_19-24-55#6384,99930,train,"[[37.0, 134.0, 78.0, 160.0]]",honeybee with a varroa mite,2017-09-20_19-24-55
train/videos/2017-08-30_15-42-59/2017-08-30_15-42-59.mp4-bee_id_9903-49920-1.png,0,2017-08-30_15-42-59,2017-08-30_15-42-59#9903,49920,train,[],healthy honeybee,2017-08-30_15-42-59
val/videos/2017-09-25_16-03-38/2017-09-25_16-03-38.mp4-bee_id_1670-53490-1.png,0,2017-09-25_16-03-38,2017-09-25_16-03-38#1670,53490,val,[],healthy honeybee,2017-09-25_16-03-38
train/videos/2017-09-20_19-24-55/2017-09-20_19-24-55.mp4-bee_id_4936-59190-1.png,0,2017-09-20_19-24-55,2017-09-20_19-24-55#4936,59190,train,[],healthy honeybee,2017-09-20_19-24-55
val/videos/2017-09-25_16-03-38/2017-09-25_16-03-38.mp4-bee_id_1252-41835-1.png,0,2017-09-25_16-03-38,2017-09-25_16-03-38#1252,41835,val,[],healthy honeybee,2017-09-25_16-03-38
test/videos/2017-10-17_1-39-36/2017-10-17_1-39-36.mp4-bee_id_3668-5535-1.png,0,2017-10-17_1-39-36,2017-10-17_1-39-36#3668,5535,test,[],healthy honeybee,2017-10-17_1-39-36
val/videos/2017-09-01_20-00-17/2017-09-01_20-00-17.mp4-bee_id_148-66960-1.png,0,2017-09-01_20-00-17,2017-09-01_20-00-17#148,66960,val,[],healthy honeybee,2017-09-01_20-00-17
train/videos/2017-09-20_19-24-55/2017-09-20_19-24-55.mp4-bee_id_4699-52830-1.png,0,2017-09-20_19-24-55,2017-09-20_19-24-55#4699,52830,train,[],healthy honeybee,2017-09-20_19-24-55
test/videos/2017-09-01_10-54-26/2017-09-01_10-54-26.mp4-bee_id_8873-98115-1.png,0,2017-09-01_10-54-26,2017-09-01_10-54-26#8873,98115,test,[],healthy honeybee,2017-09-01_10-54-26
train/videos/2017-08-28_09-30-00-1_500_dirty_glass/2017-08-28_09-30-00-1_500_dirty_glass.mp4-bee_id_7487-51765-1.png,1,2017-08-28_09-30-00-1_500_dirty_glass,2017-08-28_09-30-00-1_500_dirty_glass#7487,51765,train,"[[82.0, 106.0, 117.0, 138.0]]",honeybee with a varroa mite,2017-08-28_09-30-00-1_500_dirty_glass
train/videos/2017-09-25_16-03-38-2/2017-09-25_16-03-38.mp4-bee_id_605-22185-1.png,0,2017-09-25_16-03-38,2017-09-25_16-03-38#605,22185,train,[],healthy honeybee,2017-09-25_16-03-38
train/videos/2017-09-20_19-24-55/2017-09-20_19-24-55.mp4-bee_id_5135-64515-1.png,0,2017-09-20_19-24-55,2017-09-20_19-24-55#5135,64515,train,[],healthy honeybee,2017-09-20_19-24-55
test/videos/2017-10-17_1-39-36/2017-10-17_1-39-36.mp4-bee_id_3731-7020-1.png,0,2017-10-17_1-39-36,2017-10-17_1-39-36#3731,7020,test,[],healthy honeybee,2017-10-17_1-39-36
train/videos/2017-09-20_19-24-55/2017-09-20_19-24-55.mp4-bee_id_3611-22290-1.png,0,2017-09-20_19-24-55,2017-09-20_19-24-55#3611,22290,train,[],healthy honeybee,2017-09-20_19-24-55
train/videos/2017-09-20_19-24-55/2017-09-20_19-24-55.mp4-bee_id_2922-3405-1.png,0,2017-09-20_19-24-55,2017-09-20_19-24-55#2922,3405,train,[],healthy honeybee,2017-09-20_19-24-55
train/videos/2017-09-20_19-24-55/2017-09-20_19-24-55.mp4-bee_id_5021-61515-1.png,1,2017-09-20_19-24-55,2017-09-20_19-24-55#5021,61515,train,"[[97.0, 136.0, 122.0, 162.0]]",honeybee with a varroa mite,2017-09-20_19-24-55
test/videos/2017-09-01_10-54-26/2017-09-01_10-54-26.mp4-bee_id_8557-82905-1.png,1,2017-09-01_10-54-26,2017-09-01_10-54-26#8557,82905,test,"[[82.0, 96.0, 117.0, 127.0], [49.0, 94.0, 80.0, 133.0]]",honeybee with a varroa mite,2017-09-01_10-54-26
val/videos/2017-09-01_3-01-01/2017-09-01_3-01-01.mp4-bee_id_2417-58140-1.png,0,2017-09-01_3-01-01,2017-09-01_3-01-01#2417,58140,val,[],healthy honeybee,2017-09-01_3-01-01
test/videos/2017-10-17_1-39-36/2017-10-17_1-39-36.mp4-bee_id_4001-15000-1.png,0,2017-10-17_1-39-36,2017-10-17_1-39-36#4001,15000,test,[],healthy honeybee,2017-10-17_1-39-36
train/videos/2017-09-20_19-24-55/2017-09-20_19-24-55.mp4-bee_id_4944-59400-1.png,0,2017-09-20_19-24-55,2017-09-20_19-24-55#4944,59400,train,[],healthy honeybee,2017-09-20_19-24-55
test/videos/2017-10-17_1-39-36/2017-10-17_1-39-36.mp4-bee_id_3954-13605-1.png,0,2017-10-17_1-39-36,2017-10-17_1-39-36#3954,13605,test,[],healthy honeybee,2017-10-17_1-39-36
train/videos/2017-09-20_19-24-55/2017-09-20_19-24-55.mp4-bee_id_3225-12015-1.png,0,2017-09-20_19-24-55,2017-09-20_19-24-55#3225,12015,train,[],healthy honeybee,2017-09-20_19-24-55
val/videos/2017-08-28_16-32-55_30_sec/2017-08-28_16-32-55_30_sec.mp4-bee_id_6648-135-1.png,0,2017-08-28_16-32-55_30_sec,2017-08-28_16-32-55_30_sec#6648,135,val,[],healthy honeybee,2017-08-28_16-32-55_30_sec
train/videos/2017-09-20_19-24-55/2017-09-20_19-24-55.mp4-bee_id_4312-41550-1.png,0,2017-09-20_19-24-55,2017-09-20_19-24-55#4312,41550,train,[],healthy honeybee,2017-09-20_19-24-55
train/videos/2017-09-20_19-24-55/2017-09-20_19-24-55.mp4-bee_id_6300-97440-1.png,0,2017-09-20_19-24-55,2017-09-20_19-24-55#6300,97440,train,[],healthy honeybee,2017-09-20_19-24-55
train/videos/2017-09-20_19-24-55/2017-09-20_19-24-55.mp4-bee_id_6038-90465-1.png,1,2017-09-20_19-24-55,2017-09-20_19-24-55#6038,90465,train,"[[43.0, 154.0, 79.0, 182.0]]",honeybee with a varroa mite,2017-09-20_19-24-55
test/videos/2017-09-01_10-54-26/2017-09-01_10-54-26.mp4-bee_id_8164-38205-1.png,0,2017-09-01_10-54-26,2017-09-01_10-54-26#8164,38205,test,[],healthy honeybee,2017-09-01_10-54-26
train/videos/2017-08-28_09-30-00-1_500_dirty_glass/2017-08-28_09-30-00-1_500_dirty_glass.mp4-bee_id_6762-12000-1.png,1,2017-08-28_09-30-00-1_500_dirty_glass,2017-08-28_09-30-00-1_500_dirty_glass#6762,12000,train,"[[99.0, 151.0, 120.0, 170.0]]",honeybee with a varroa mite,2017-08-28_09-30-00-1_500_dirty_glass
test/videos/2017-09-01_10-54-26/2017-09-01_10-54-26.mp4-bee_id_8605-86550-1.png,0,2017-09-01_10-54-26,2017-09-01_10-54-26#8605,86550,test,[],healthy honeybee,2017-09-01_10-54-26
test/videos/2017-10-17_1-39-36/2017-10-17_1-39-36.mp4-bee_id_4022-15555-1.png,0,2017-10-17_1-39-36,2017-10-17_1-39-36#4022,15555,test,[],healthy honeybee,2017-10-17_1-39-36
train/videos/2017-08-28_09-30-00-1_500_dirty_glass/2017-08-28_09-30-00-1_500_dirty_glass.mp4-bee_id_7641-59625-1.png,0,2017-08-28_09-30-00-1_500_dirty_glass,2017-08-28_09-30-00-1_500_dirty_glass#7641,59625,train,[],healthy honeybee,2017-08-28_09-30-00-1_500_dirty_glass
train/videos/2017-09-25_16-03-38-2/2017-09-25_16-03-38.mp4-bee_id_1140-38790-1.png,0,2017-09-25_16-03-38,2017-09-25_16-03-38#1140,38790,train,[],healthy honeybee,2017-09-25_16-03-38
train/videos/2017-09-20_19-24-55/2017-09-20_19-24-55.mp4-bee_id_5556-76830-1.png,1,2017-09-20_19-24-55,2017-09-20_19-24-55#5556,76830,train,"[[40.0, 115.0, 72.0, 150.0]]",honeybee with a varroa mite,2017-09-20_19-24-55
train/videos/2017-09-20_19-24-55/2017-09-20_19-24-55.mp4-bee_id_5513-75705-1.png,1,2017-09-20_19-24-55,2017-09-20_19-24-55#5513,75705,train,"[[73.0, 68.0, 112.0, 107.0]]",honeybee with a varroa mite,2017-09-20_19-24-55
test/videos/2017-09-01_10-54-26/2017-09-01_10-54-26.mp4-bee_id_8002-30870-1.png,1,2017-09-01_10-54-26,2017-09-01_10-54-26#8002,30870,test,"[[55.0, 119.0, 93.0, 142.0]]",honeybee with a varroa mite,2017-09-01_10-54-26
val/videos/2017-09-25_16-03-38/2017-09-25_16-03-38.mp4-bee_id_1735-55365-1.png,0,2017-09-25_16-03-38,2017-09-25_16-03-38#1735,55365,val,[],healthy honeybee,2017-09-25_16-03-38
val/videos/2017-09-25_16-03-38/2017-09-25_16-03-38.mp4-bee_id_2192-87675-1.png,0,2017-09-25_16-03-38,2017-09-25_16-03-38#2192,87675,val,[],healthy honeybee,2017-09-25_16-03-38
train/videos/2017-08-30_15-42-59/2017-08-30_15-42-59.mp4-bee_id_9556-31995-1.png,0,2017-08-30_15-42-59,2017-08-30_15-42-59#9556,31995,train,[],healthy honeybee,2017-08-30_15-42-59
train/videos/2017-08-28_09-30-00-1_500_dirty_glass/2017-08-28_09-30-00-1_500_dirty_glass.mp4-bee_id_7679-60915-1.png,1,2017-08-28_09-30-00-1_500_dirty_glass,2017-08-28_09-30-00-1_500_dirty_glass#7679,60915,train,"[[89.0, 132.0, 114.0, 158.0]]",honeybee with a varroa mite,2017-08-28_09-30-00-1_500_dirty_glass
train/videos/2017-09-20_19-24-55/2017-09-20_19-24-55.mp4-bee_id_2979-4695-1.png,1,2017-09-20_19-24-55,2017-09-20_19-24-55#2979,4695,train,"[[65.0, 84.0, 107.0, 131.0]]",honeybee with a varroa mite,2017-09-20_19-24-55
train/videos/2017-09-20_19-24-55/2017-09-20_19-24-55.mp4-bee_id_4715-53235-1.png,0,2017-09-20_19-24-55,2017-09-20_19-24-55#4715,53235,train,[],healthy honeybee,2017-09-20_19-24-55
train/videos/2017-09-25_16-03-38-2/2017-09-25_16-03-38.mp4-bee_id_891-30930-1.png,1,2017-09-25_16-03-38,2017-09-25_16-03-38#891,30930,train,"[[43.0, 44.0, 85.0, 71.0]]",honeybee with a varroa mite,2017-09-25_16-03-38
train/videos/2017-09-20_19-24-55/2017-09-20_19-24-55.mp4-bee_id_4055-34665-1.png,1,2017-09-20_19-24-55,2017-09-20_19-24-55#4055,34665,train,"[[38.0, 137.0, 67.0, 158.0], [83.0, 149.0, 109.0, 184.0]]",honeybee with a varroa mite,2017-09-20_19-24-55
train/videos/2017-08-30_15-42-59/2017-08-30_15-42-59.mp4-bee_id_10788-88680-1.png,0,2017-08-30_15-42-59,2017-08-30_15-42-59#10788,88680,train,[],healthy honeybee,2017-08-30_15-42-59
train/videos/2017-09-20_19-24-55/2017-09-20_19-24-55.mp4-bee_id_4785-55050-1.png,0,2017-09-20_19-24-55,2017-09-20_19-24-55#4785,55050,train,[],healthy honeybee,2017-09-20_19-24-55
train/videos/2017-08-28_09-30-00-1_500_dirty_glass/2017-08-28_09-30-00-1_500_dirty_glass.mp4-bee_id_7297-43200-1.png,1,2017-08-28_09-30-00-1_500_dirty_glass,2017-08-28_09-30-00-1_500_dirty_glass#7297,43200,train,"[[45.0, 133.0, 76.0, 159.0]]",honeybee with a varroa mite,2017-08-28_09-30-00-1_500_dirty_glass
train/videos/2017-09-20_19-24-55/2017-09-20_19-24-55.mp4-bee_id_6139-93015-1.png,0,2017-09-20_19-24-55,2017-09-20_19-24-55#6139,93015,train,[],healthy honeybee,2017-09-20_19-24-55
test/videos/2017-10-17_1-39-36/2017-10-17_1-39-36.mp4-bee_id_5977-67665-1.png,0,2017-10-17_1-39-36,2017-10-17_1-39-36#5977,67665,test,[],healthy honeybee,2017-10-17_1-39-36
test/videos/2017-09-01_10-54-26/2017-09-01_10-54-26.mp4-bee_id_8441-67575-1.png,0,2017-09-01_10-54-26,2017-09-01_10-54-26#8441,67575,test,[],healthy honeybee,2017-09-01_10-54-26
test/videos/2017-10-17_1-39-36/2017-10-17_1-39-36.mp4-bee_id_5312-51060-1.png,0,2017-10-17_1-39-36,2017-10-17_1-39-36#5312,51060,test,[],healthy honeybee,2017-10-17_1-39-36
test/videos/2017-10-17_1-39-36/2017-10-17_1-39-36.mp4-bee_id_4628-32220-1.png,0,2017-10-17_1-39-36,2017-10-17_1-39-36#4628,32220,test,[],healthy honeybee,2017-10-17_1-39-36
train/videos/2017-08-30_15-42-59/2017-08-30_15-42-59.mp4-bee_id_10073-57345-1.png,1,2017-08-30_15-42-59,2017-08-30_15-42-59#10073,57345,train,"[[69.0, 191.0, 121.0, 230.0]]",honeybee with a varroa mite,2017-08-30_15-42-59
train/videos/2017-09-20_19-24-55/2017-09-20_19-24-55.mp4-bee_id_6521-103140-1.png,0,2017-09-20_19-24-55,2017-09-20_19-24-55#6521,103140,train,[],healthy honeybee,2017-09-20_19-24-55
test/videos/2017-10-17_1-39-36/2017-10-17_1-39-36.mp4-bee_id_3908-12270-1.png,0,2017-10-17_1-39-36,2017-10-17_1-39-36#3908,12270,test,[],healthy honeybee,2017-10-17_1-39-36
train/videos/2017-09-25_16-03-38-2/2017-09-25_16-03-38.mp4-bee_id_317-8955-1.png,1,2017-09-25_16-03-38,2017-09-25_16-03-38#317,8955,train,"[[76.0, 128.0, 123.0, 181.0]]",honeybee with a varroa mite,2017-09-25_16-03-38
train/videos/2017-08-28_09-30-00-1_500_dirty_glass/2017-08-28_09-30-00-1_500_dirty_glass.mp4-bee_id_7658-60105-1.png,0,2017-08-28_09-30-00-1_500_dirty_glass,2017-08-28_09-30-00-1_500_dirty_glass#7658,60105,train,[],healthy honeybee,2017-08-28_09-30-00-1_500_dirty_glass
train/videos/2017-09-20_19-24-55/2017-09-20_19-24-55.mp4-bee_id_6130-92820-1.png,0,2017-09-20_19-24-55,2017-09-20_19-24-55#6130,92820,train,[],healthy honeybee,2017-09-20_19-24-55
train/videos/2017-08-30_15-42-59/2017-08-30_15-42-59.mp4-bee_id_10939-99045-1.png,0,2017-08-30_15-42-59,2017-08-30_15-42-59#10939,99045,train,[],healthy honeybee,2017-08-30_15-42-59
val/videos/2017-09-25_16-03-38/2017-09-25_16-03-38.mp4-bee_id_1510-48855-1.png,0,2017-09-25_16-03-38,2017-09-25_16-03-38#1510,48855,val,[],healthy honeybee,2017-09-25_16-03-38
train/videos/2017-08-30_15-42-59/2017-08-30_15-42-59.mp4-bee_id_9589-33720-1.png,1,2017-08-30_15-42-59,2017-08-30_15-42-59#9589,33720,train,"[[82.0, 85.0, 125.0, 130.0]]",honeybee with a varroa mite,2017-08-30_15-42-59
test/videos/2017-10-17_1-39-36/2017-10-17_1-39-36.mp4-bee_id_3729-7005-1.png,0,2017-10-17_1-39-36,2017-10-17_1-39-36#3729,7005,test,[],healthy honeybee,2017-10-17_1-39-36
train/videos/2017-08-30_15-42-59/2017-08-30_15-42-59.mp4-bee_id_9451-23760-1.png,0,2017-08-30_15-42-59,2017-08-30_15-42-59#9451,23760,train,[],healthy honeybee,2017-08-30_15-42-59
val/videos/2017-09-01_3-01-01/2017-09-01_3-01-01.mp4-bee_id_2344-51195-1.png,1,2017-09-01_3-01-01,2017-09-01_3-01-01#2344,51195,val,"[[73.0, 128.0, 105.0, 153.0]]",honeybee with a varroa mite,2017-09-01_3-01-01
train/videos/2017-08-30_15-42-59/2017-08-30_15-42-59.mp4-bee_id_10284-63885-1.png,0,2017-08-30_15-42-59,2017-08-30_15-42-59#10284,63885,train,[],healthy honeybee,2017-08-30_15-42-59
train/videos/2017-08-30_15-42-59/2017-08-30_15-42-59.mp4-bee_id_10508-78540-1.png,0,2017-08-30_15-42-59,2017-08-30_15-42-59#10508,78540,train,[],healthy honeybee,2017-08-30_15-42-59
train/videos/2017-09-20_19-24-55/2017-09-20_19-24-55.mp4-bee_id_4853-57030-1.png,1,2017-09-20_19-24-55,2017-09-20_19-24-55#4853,57030,train,"[[30.0, 92.0, 67.0, 126.0]]",honeybee with a varroa mite,2017-09-20_19-24-55
train/videos/2017-09-20_19-24-55/2017-09-20_19-24-55.mp4-bee_id_4550-48630-1.png,0,2017-09-20_19-24-55,2017-09-20_19-24-55#4550,48630,train,[],healthy honeybee,2017-09-20_19-24-55
train/videos/2017-09-20_19-24-55/2017-09-20_19-24-55.mp4-bee_id_3672-24165-1.png,0,2017-09-20_19-24-55,2017-09-20_19-24-55#3672,24165,train,[],healthy honeybee,2017-09-20_19-24-55
train/videos/2017-08-30_15-42-59/2017-08-30_15-42-59.mp4-bee_id_11016-102420-1.png,1,2017-08-30_15-42-59,2017-08-30_15-42-59#11016,102420,train,"[[71.0, 160.0, 109.0, 194.0]]",honeybee with a varroa mite,2017-08-30_15-42-59
train/videos/2017-08-30_15-42-59/2017-08-30_15-42-59.mp4-bee_id_10839-93390-1.png,0,2017-08-30_15-42-59,2017-08-30_15-42-59#10839,93390,train,[],healthy honeybee,2017-08-30_15-42-59
test/videos/2017-09-01_10-54-26/2017-09-01_10-54-26.mp4-bee_id_8816-95820-1.png,1,2017-09-01_10-54-26,2017-09-01_10-54-26#8816,95820,test,"[[46.0, 97.0, 73.0, 128.0]]",honeybee with a varroa mite,2017-09-01_10-54-26
test/videos/2017-09-01_10-54-26/2017-09-01_10-54-26.mp4-bee_id_8700-90210-1.png,0,2017-09-01_10-54-26,2017-09-01_10-54-26#8700,90210,test,[],healthy honeybee,2017-09-01_10-54-26
train/videos/2017-08-28_09-30-00-1_500_dirty_glass/2017-08-28_09-30-00-1_500_dirty_glass.mp4-bee_id_7399-47805-1.png,0,2017-08-28_09-30-00-1_500_dirty_glass,2017-08-28_09-30-00-1_500_dirty_glass#7399,47805,train,[],healthy honeybee,2017-08-28_09-30-00-1_500_dirty_glass
train/videos/2017-09-20_19-24-55/2017-09-20_19-24-55.mp4-bee_id_5419-73125-1.png,0,2017-09-20_19-24-55,2017-09-20_19-24-55#5419,73125,train,[],healthy honeybee,2017-09-20_19-24-55
test/videos/2017-10-17_1-39-36/2017-10-17_1-39-36.mp4-bee_id_5356-52080-1.png,0,2017-10-17_1-39-36,2017-10-17_1-39-36#5356,52080,test,[],healthy honeybee,2017-10-17_1-39-36
val/videos/2017-09-25_16-03-38/2017-09-25_16-03-38.mp4-bee_id_2067-79305-1.png,0,2017-09-25_16-03-38,2017-09-25_16-03-38#2067,79305,val,[],healthy honeybee,2017-09-25_16-03-38
train/videos/2017-08-28_09-30-00-1_500_dirty_glass/2017-08-28_09-30-00-1_500_dirty_glass.mp4-bee_id_6814-14745-1.png,0,2017-08-28_09-30-00-1_500_dirty_glass,2017-08-28_09-30-00-1_500_dirty_glass#6814,14745,train,[],healthy honeybee,2017-08-28_09-30-00-1_500_dirty_glass
train/videos/2017-09-25_16-03-38-2/2017-09-25_16-03-38.mp4-bee_id_349-10860-1.png,1,2017-09-25_16-03-38,2017-09-25_16-03-38#349,10860,train,"[[88.0, 136.0, 122.0, 168.0]]",honeybee with a varroa mite,2017-09-25_16-03-38
train/videos/2017-09-20_19-24-55/2017-09-20_19-24-55.mp4-bee_id_5384-71910-1.png,1,2017-09-20_19-24-55,2017-09-20_19-24-55#5384,71910,train,"[[47.0, 147.0, 94.0, 184.0]]",honeybee with a varroa mite,2017-09-20_19-24-55
train/videos/2017-08-30_15-42-59/2017-08-30_15-42-59.mp4-bee_id_9817-45480-1.png,0,2017-08-30_15-42-59,2017-08-30_15-42-59#9817,45480,train,[],healthy honeybee,2017-08-30_15-42-59
train/videos/2017-08-30_15-42-59/2017-08-30_15-42-59.mp4-bee_id_9418-18600-1.png,0,2017-08-30_15-42-59,2017-08-30_15-42-59#9418,18600,train,[],healthy honeybee,2017-08-30_15-42-59
train/videos/2017-08-30_15-42-59/2017-08-30_15-42-59.mp4-bee_id_10763-87870-1.png,0,2017-08-30_15-42-59,2017-08-30_15-42-59#10763,87870,train,[],healthy honeybee,2017-08-30_15-42-59
val/videos/2017-09-25_16-03-38/2017-09-25_16-03-38.mp4-bee_id_1960-72195-1.png,0,2017-09-25_16-03-38,2017-09-25_16-03-38#1960,72195,val,[],healthy honeybee,2017-09-25_16-03-38
test/videos/2017-10-17_1-39-36/2017-10-17_1-39-36.mp4-bee_id_3669-5565-1.png,0,2017-10-17_1-39-36,2017-10-17_1-39-36#3669,5565,test,[],healthy honeybee,2017-10-17_1-39-36
test/videos/2017-10-17_1-39-36/2017-10-17_1-39-36.mp4-bee_id_5318-51210-1.png,0,2017-10-17_1-39-36,2017-10-17_1-39-36#5318,51210,test,[],healthy honeybee,2017-10-17_1-39-36
train/videos/2017-09-20_19-24-55/2017-09-20_19-24-55.mp4-bee_id_6207-94875-1.png,1,2017-09-20_19-24-55,2017-09-20_19-24-55#6207,94875,train,"[[72.0, 142.0, 107.0, 178.0]]",honeybee with a varroa mite,2017-09-20_19-24-55
train/videos/2017-10-17_16-41-10/2017-10-17_16-41-10.mp4-bee_id_6988-3750-1.png,0,2017-10-17_16-41-10,2017-10-17_16-41-10#6988,3750,train,[],healthy honeybee,2017-10-17_16-41-10
val/videos/2017-08-28_16-32-55_30_sec/2017-08-28_16-32-55_30_sec.mp4-bee_id_6691-930-1.png,0,2017-08-28_16-32-55_30_sec,2017-08-28_16-32-55_30_sec#6691,930,val,[],healthy honeybee,2017-08-28_16-32-55_30_sec
test/videos/2017-09-01_10-54-26/2017-09-01_10-54-26.mp4-bee_id_8597-86055-1.png,0,2017-09-01_10-54-26,2017-09-01_10-54-26#8597,86055,test,[],healthy honeybee,2017-09-01_10-54-26
test/videos/2017-10-17_1-39-36/2017-10-17_1-39-36.mp4-bee_id_4091-17640-1.png,0,2017-10-17_1-39-36,2017-10-17_1-39-36#4091,17640,test,[],healthy honeybee,2017-10-17_1-39-36
val/videos/2017-09-25_16-03-38/2017-09-25_16-03-38.mp4-bee_id_1580-51045-1.png,0,2017-09-25_16-03-38,2017-09-25_16-03-38#1580,51045,val,[],healthy honeybee,2017-09-25_16-03-38
train/videos/2017-09-20_19-24-55/2017-09-20_19-24-55.mp4-bee_id_3535-20520-1.png,1,2017-09-20_19-24-55,2017-09-20_19-24-55#3535,20520,train,"[[21.0, 145.0, 46.0, 175.0]]",honeybee with a varroa mite,2017-09-20_19-24-55
test/videos/2017-09-01_10-54-26/2017-09-01_10-54-26.mp4-bee_id_8166-38250-1.png,1,2017-09-01_10-54-26,2017-09-01_10-54-26#8166,38250,test,"[[46.0, 145.0, 75.0, 165.0]]",honeybee with a varroa mite,2017-09-01_10-54-26
test/videos/2017-09-01_10-54-26/2017-09-01_10-54-26.mp4-bee_id_8384-63405-1.png,0,2017-09-01_10-54-26,2017-09-01_10-54-26#8384,63405,test,[],healthy honeybee,2017-09-01_10-54-26
train/videos/2017-09-20_19-24-55/2017-09-20_19-24-55.mp4-bee_id_4881-57870-1.png,1,2017-09-20_19-24-55,2017-09-20_19-24-55#4881,57870,train,"[[105.0, 57.0, 129.0, 101.0], [50.0, 95.0, 79.0, 125.0]]",honeybee with a varroa mite,2017-09-20_19-24-55
train/videos/2017-09-25_16-03-38-2/2017-09-25_16-03-38.mp4-bee_id_1202-40590-1.png,0,2017-09-25_16-03-38,2017-09-25_16-03-38#1202,40590,train,[],healthy honeybee,2017-09-25_16-03-38
val/videos/2017-09-25_16-03-38/2017-09-25_16-03-38.mp4-bee_id_2184-87150-1.png,0,2017-09-25_16-03-38,2017-09-25_16-03-38#2184,87150,val,[],healthy honeybee,2017-09-25_16-03-38
train/videos/2017-09-20_19-24-55/2017-09-20_19-24-55.mp4-bee_id_5167-65325-1.png,1,2017-09-20_19-24-55,2017-09-20_19-24-55#5167,65325,train,"[[26.0, 102.0, 65.0, 137.0]]",honeybee with a varroa mite,2017-09-20_19-24-55
train/videos/2017-08-30_15-42-59/2017-08-30_15-42-59.mp4-bee_id_10432-74865-1.png,0,2017-08-30_15-42-59,2017-08-30_15-42-59#10432,74865,train,[],healthy honeybee,2017-08-30_15-42-59
train/videos/2017-09-20_19-24-55/2017-09-20_19-24-55.mp4-bee_id_4053-34650-1.png,1,2017-09-20_19-24-55,2017-09-20_19-24-55#4053,34650,train,"[[86.0, 98.0, 129.0, 134.0]]",honeybee with a varroa mite,2017-09-20_19-24-55
train/videos/2017-10-17_16-41-10/2017-10-17_16-41-10.mp4-bee_id_7102-6960-1.png,0,2017-10-17_16-41-10,2017-10-17_16-41-10#7102,6960,train,[],healthy honeybee,2017-10-17_16-41-10
train/videos/2017-08-30_15-42-59/2017-08-30_15-42-59.mp4-bee_id_9763-42795-1.png,0,2017-08-30_15-42-59,2017-08-30_15-42-59#9763,42795,train,[],healthy honeybee,2017-08-30_15-42-59
test/videos/2017-10-17_1-39-36/2017-10-17_1-39-36.mp4-bee_id_3951-13440-1.png,0,2017-10-17_1-39-36,2017-10-17_1-39-36#3951,13440,test,[],healthy honeybee,2017-10-17_1-39-36
test/videos/2017-10-17_1-39-36/2017-10-17_1-39-36.mp4-bee_id_5013-42900-1.png,0,2017-10-17_1-39-36,2017-10-17_1-39-36#5013,42900,test,[],healthy honeybee,2017-10-17_1-39-36
train/videos/2017-09-25_16-03-38-2/2017-09-25_16-03-38.mp4-bee_id_682-25170-1.png,0,2017-09-25_16-03-38,2017-09-25_16-03-38#682,25170,train,[],healthy honeybee,2017-09-25_16-03-38
train/videos/2017-08-28_09-30-00-1_500_dirty_glass/2017-08-28_09-30-00-1_500_dirty_glass.mp4-bee_id_6797-13935-1.png,0,2017-08-28_09-30-00-1_500_dirty_glass,2017-08-28_09-30-00-1_500_dirty_glass#6797,13935,train,[],healthy honeybee,2017-08-28_09-30-00-1_500_dirty_glass
val/videos/2017-09-01_20-00-17/2017-09-01_20-00-17.mp4-bee_id_33-14535-1.png,0,2017-09-01_20-00-17,2017-09-01_20-00-17#33,14535,val,[],healthy honeybee,2017-09-01_20-00-17
train/videos/2017-08-30_15-42-59/2017-08-30_15-42-59.mp4-bee_id_10515-78780-1.png,1,2017-08-30_15-42-59,2017-08-30_15-42-59#10515,78780,train,"[[84.0, 70.0, 112.0, 108.0]]",honeybee with a varroa mite,2017-08-30_15-42-59
train/videos/2017-09-25_16-03-38-2/2017-09-25_16-03-38.mp4-bee_id_304-7905-1.png,0,2017-09-25_16-03-38,2017-09-25_16-03-38#304,7905,train,[],healthy honeybee,2017-09-25_16-03-38
val/videos/2017-09-25_16-03-38/2017-09-25_16-03-38.mp4-bee_id_1340-44370-1.png,0,2017-09-25_16-03-38,2017-09-25_16-03-38#1340,44370,val,[],healthy honeybee,2017-09-25_16-03-38
val/videos/2017-09-01_3-01-01/2017-09-01_3-01-01.mp4-bee_id_2490-63030-1.png,0,2017-09-01_3-01-01,2017-09-01_3-01-01#2490,63030,val,[],healthy honeybee,2017-09-01_3-01-01
val/videos/2017-09-01_3-01-01/2017-09-01_3-01-01.mp4-bee_id_2519-64260-1.png,0,2017-09-01_3-01-01,2017-09-01_3-01-01#2519,64260,val,[],healthy honeybee,2017-09-01_3-01-01
train/videos/2017-09-20_19-24-55/2017-09-20_19-24-55.mp4-bee_id_2997-5205-1.png,0,2017-09-20_19-24-55,2017-09-20_19-24-55#2997,5205,train,[],healthy honeybee,2017-09-20_19-24-55
train/videos/2017-09-20_19-24-55/2017-09-20_19-24-55.mp4-bee_id_4249-39735-1.png,1,2017-09-20_19-24-55,2017-09-20_19-24-55#4249,39735,train,"[[31.0, 147.0, 67.0, 175.0]]",honeybee with a varroa mite,2017-09-20_19-24-55
test/videos/2017-10-17_1-39-36/2017-10-17_1-39-36.mp4-bee_id_5912-66135-1.png,0,2017-10-17_1-39-36,2017-10-17_1-39-36#5912,66135,test,[],healthy honeybee,2017-10-17_1-39-36
train/videos/2017-09-20_19-24-55/2017-09-20_19-24-55.mp4-bee_id_4348-42705-1.png,0,2017-09-20_19-24-55,2017-09-20_19-24-55#4348,42705,train,[],healthy honeybee,2017-09-20_19-24-55
train/videos/2017-09-20_19-24-55/2017-09-20_19-24-55.mp4-bee_id_3708-24900-1.png,0,2017-09-20_19-24-55,2017-09-20_19-24-55#3708,24900,train,[],healthy honeybee,2017-09-20_19-24-55
train/videos/2017-09-20_19-24-55/2017-09-20_19-24-55.mp4-bee_id_4770-54735-1.png,1,2017-09-20_19-24-55,2017-09-20_19-24-55#4770,54735,train,"[[86.0, 71.0, 115.0, 94.0], [31.0, 106.0, 74.0, 132.0]]",honeybee with a varroa mite,2017-09-20_19-24-55
test/videos/2017-10-17_1-39-36/2017-10-17_1-39-36.mp4-bee_id_4083-17460-1.png,0,2017-10-17_1-39-36,2017-10-17_1-39-36#4083,17460,test,[],healthy honeybee,2017-10-17_1-39-36
train/videos/2017-09-20_19-24-55/2017-09-20_19-24-55.mp4-bee_id_3303-14235-1.png,1,2017-09-20_19-24-55,2017-09-20_19-24-55#3303,14235,train,"[[7.0, 149.0, 43.0, 183.0], [67.0, 147.0, 92.0, 186.0]]",honeybee with a varroa mite,2017-09-20_19-24-55
val/videos/2017-09-01_3-01-01/2017-09-01_3-01-01.mp4-bee_id_2537-65040-1.png,0,2017-09-01_3-01-01,2017-09-01_3-01-01#2537,65040,val,[],healthy honeybee,2017-09-01_3-01-01
train/videos/2017-09-20_19-24-55/2017-09-20_19-24-55.mp4-bee_id_6508-102885-1.png,0,2017-09-20_19-24-55,2017-09-20_19-24-55#6508,102885,train,[],healthy honeybee,2017-09-20_19-24-55
train/videos/2017-09-20_19-24-55/2017-09-20_19-24-55.mp4-bee_id_4298-41175-1.png,0,2017-09-20_19-24-55,2017-09-20_19-24-55#4298,41175,train,[],healthy honeybee,2017-09-20_19-24-55
train/videos/2017-09-20_19-24-55/2017-09-20_19-24-55.mp4-bee_id_5924-86985-1.png,0,2017-09-20_19-24-55,2017-09-20_19-24-55#5924,86985,train,[],healthy honeybee,2017-09-20_19-24-55
test/videos/2017-10-17_1-39-36/2017-10-17_1-39-36.mp4-bee_id_4830-37470-1.png,0,2017-10-17_1-39-36,2017-10-17_1-39-36#4830,37470,test,[],healthy honeybee,2017-10-17_1-39-36
train/videos/2017-09-20_19-24-55/2017-09-20_19-24-55.mp4-bee_id_6252-96300-1.png,1,2017-09-20_19-24-55,2017-09-20_19-24-55#6252,96300,train,"[[87.0, 137.0, 129.0, 185.0], [41.0, 166.0, 77.0, 207.0]]",honeybee with a varroa mite,2017-09-20_19-24-55
train/videos/2017-09-20_19-24-55/2017-09-20_19-24-55.mp4-bee_id_4711-53190-1.png,0,2017-09-20_19-24-55,2017-09-20_19-24-55#4711,53190,train,[],healthy honeybee,2017-09-20_19-24-55
train/videos/2017-09-20_19-24-55/2017-09-20_19-24-55.mp4-bee_id_4970-60195-1.png,0,2017-09-20_19-24-55,2017-09-20_19-24-55#4970,60195,train,[],healthy honeybee,2017-09-20_19-24-55
test/videos/2017-09-01_10-54-26/2017-09-01_10-54-26.mp4-bee_id_8772-94095-1.png,0,2017-09-01_10-54-26,2017-09-01_10-54-26#8772,94095,test,[],healthy honeybee,2017-09-01_10-54-26
train/videos/2017-09-25_16-03-38-2/2017-09-25_16-03-38.mp4-bee_id_473-16470-1.png,0,2017-09-25_16-03-38,2017-09-25_16-03-38#473,16470,train,[],healthy honeybee,2017-09-25_16-03-38
train/videos/2017-09-20_19-24-55/2017-09-20_19-24-55.mp4-bee_id_4282-40695-1.png,0,2017-09-20_19-24-55,2017-09-20_19-24-55#4282,40695,train,[],healthy honeybee,2017-09-20_19-24-55
train/videos/2017-08-30_15-42-59/2017-08-30_15-42-59.mp4-bee_id_10281-63765-1.png,0,2017-08-30_15-42-59,2017-08-30_15-42-59#10281,63765,train,[],healthy honeybee,2017-08-30_15-42-59
train/videos/2017-08-30_15-42-59/2017-08-30_15-42-59.mp4-bee_id_9583-33465-1.png,0,2017-08-30_15-42-59,2017-08-30_15-42-59#9583,33465,train,[],healthy honeybee,2017-08-30_15-42-59
test/videos/2017-09-01_10-54-26/2017-09-01_10-54-26.mp4-bee_id_8320-56175-1.png,0,2017-09-01_10-54-26,2017-09-01_10-54-26#8320,56175,test,[],healthy honeybee,2017-09-01_10-54-26
test/videos/2017-10-17_1-39-36/2017-10-17_1-39-36.mp4-bee_id_5861-64965-1.png,0,2017-10-17_1-39-36,2017-10-17_1-39-36#5861,64965,test,[],healthy honeybee,2017-10-17_1-39-36
train/videos/2017-08-30_15-42-59/2017-08-30_15-42-59.mp4-bee_id_9833-46035-1.png,0,2017-08-30_15-42-59,2017-08-30_15-42-59#9833,46035,train,[],healthy honeybee,2017-08-30_15-42-59
test/videos/2017-09-01_10-54-26/2017-09-01_10-54-26.mp4-bee_id_9022-104070-1.png,0,2017-09-01_10-54-26,2017-09-01_10-54-26#9022,104070,test,[],healthy honeybee,2017-09-01_10-54-26
train/videos/2017-08-28_09-30-00-1_500_dirty_glass/2017-08-28_09-30-00-1_500_dirty_glass.mp4-bee_id_7502-52725-1.png,0,2017-08-28_09-30-00-1_500_dirty_glass,2017-08-28_09-30-00-1_500_dirty_glass#7502,52725,train,[],healthy honeybee,2017-08-28_09-30-00-1_500_dirty_glass
train/videos/2017-08-28_09-30-00-1_500_dirty_glass/2017-08-28_09-30-00-1_500_dirty_glass.mp4-bee_id_6706-1110-1.png,0,2017-08-28_09-30-00-1_500_dirty_glass,2017-08-28_09-30-00-1_500_dirty_glass#6706,1110,train,[],healthy honeybee,2017-08-28_09-30-00-1_500_dirty_glass
train/videos/2017-08-28_09-30-00-1_500_dirty_glass/2017-08-28_09-30-00-1_500_dirty_glass.mp4-bee_id_7430-49095-1.png,0,2017-08-28_09-30-00-1_500_dirty_glass,2017-08-28_09-30-00-1_500_dirty_glass#7430,49095,train,[],healthy honeybee,2017-08-28_09-30-00-1_500_dirty_glass
val/videos/2017-09-25_16-03-38/2017-09-25_16-03-38.mp4-bee_id_1921-68895-1.png,0,2017-09-25_16-03-38,2017-09-25_16-03-38#1921,68895,val,[],healthy honeybee,2017-09-25_16-03-38
val/videos/2017-09-25_16-03-38/2017-09-25_16-03-38.mp4-bee_id_1231-41340-1.png,0,2017-09-25_16-03-38,2017-09-25_16-03-38#1231,41340,val,[],healthy honeybee,2017-09-25_16-03-38
test/videos/2017-09-01_10-54-26/2017-09-01_10-54-26.mp4-bee_id_7743-390-1.png,1,2017-09-01_10-54-26,2017-09-01_10-54-26#7743,390,test,"[[92.0, 115.0, 133.0, 149.0]]",honeybee with a varroa mite,2017-09-01_10-54-26
test/videos/2017-09-01_10-54-26/2017-09-01_10-54-26.mp4-bee_id_8581-84195-1.png,0,2017-09-01_10-54-26,2017-09-01_10-54-26#8581,84195,test,[],healthy honeybee,2017-09-01_10-54-26
train/videos/2017-08-30_15-42-59/2017-08-30_15-42-59.mp4-bee_id_10359-70860-1.png,0,2017-08-30_15-42-59,2017-08-30_15-42-59#10359,70860,train,[],healthy honeybee,2017-08-30_15-42-59
train/videos/2017-09-20_19-24-55/2017-09-20_19-24-55.mp4-bee_id_2817-945-1.png,0,2017-09-20_19-24-55,2017-09-20_19-24-55#2817,945,train,[],healthy honeybee,2017-09-20_19-24-55
test/videos/2017-09-01_10-54-26/2017-09-01_10-54-26.mp4-bee_id_7775-5310-1.png,0,2017-09-01_10-54-26,2017-09-01_10-54-26#7775,5310,test,[],healthy honeybee,2017-09-01_10-54-26
test/videos/2017-10-17_1-39-36/2017-10-17_1-39-36.mp4-bee_id_3984-14490-1.png,0,2017-10-17_1-39-36,2017-10-17_1-39-36#3984,14490,test,[],healthy honeybee,2017-10-17_1-39-36
train/videos/2017-08-28_09-30-00-1_500_dirty_glass/2017-08-28_09-30-00-1_500_dirty_glass.mp4-bee_id_7415-48600-1.png,0,2017-08-28_09-30-00-1_500_dirty_glass,2017-08-28_09-30-00-1_500_dirty_glass#7415,48600,train,[],healthy honeybee,2017-08-28_09-30-00-1_500_dirty_glass
train/videos/2017-09-20_19-24-55/2017-09-20_19-24-55.mp4-bee_id_3307-14280-1.png,1,2017-09-20_19-24-55,2017-09-20_19-24-55#3307,14280,train,"[[41.0, 108.0, 68.0, 136.0]]",honeybee with a varroa mite,2017-09-20_19-24-55
test/videos/2017-10-17_1-39-36/2017-10-17_1-39-36.mp4-bee_id_4651-32670-1.png,0,2017-10-17_1-39-36,2017-10-17_1-39-36#4651,32670,test,[],healthy honeybee,2017-10-17_1-39-36
train/videos/2017-09-20_19-24-55/2017-09-20_19-24-55.mp4-bee_id_3320-14700-1.png,0,2017-09-20_19-24-55,2017-09-20_19-24-55#3320,14700,train,[],healthy honeybee,2017-09-20_19-24-55
train/videos/2017-10-17_16-41-10/2017-10-17_16-41-10.mp4-bee_id_6882-375-1.png,0,2017-10-17_16-41-10,2017-10-17_16-41-10#6882,375,train,[],healthy honeybee,2017-10-17_16-41-10
test/videos/2017-09-01_10-54-26/2017-09-01_10-54-26.mp4-bee_id_8029-32355-1.png,0,2017-09-01_10-54-26,2017-09-01_10-54-26#8029,32355,test,[],healthy honeybee,2017-09-01_10-54-26
test/videos/2017-10-17_1-39-36/2017-10-17_1-39-36.mp4-bee_id_3851-10560-1.png,0,2017-10-17_1-39-36,2017-10-17_1-39-36#3851,10560,test,[],healthy honeybee,2017-10-17_1-39-36
train/videos/2017-09-20_19-24-55/2017-09-20_19-24-55.mp4-bee_id_2816-885-1.png,1,2017-09-20_19-24-55,2017-09-20_19-24-55#2816,885,train,"[[82.0, 112.0, 126.0, 144.0]]",honeybee with a varroa mite,2017-09-20_19-24-55
train/videos/2017-10-17_16-41-10/2017-10-17_16-41-10.mp4-bee_id_7077-6450-1.png,0,2017-10-17_16-41-10,2017-10-17_16-41-10#7077,6450,train,[],healthy honeybee,2017-10-17_16-41-10
train/videos/2017-09-25_16-03-38-2/2017-09-25_16-03-38.mp4-bee_id_1036-35760-1.png,0,2017-09-25_16-03-38,2017-09-25_16-03-38#1036,35760,train,[],healthy honeybee,2017-09-25_16-03-38
test/videos/2017-10-17_1-39-36/2017-10-17_1-39-36.mp4-bee_id_3955-13620-1.png,0,2017-10-17_1-39-36,2017-10-17_1-39-36#3955,13620,test,[],healthy honeybee,2017-10-17_1-39-36
test/videos/2017-10-17_1-39-36/2017-10-17_1-39-36.mp4-bee_id_5551-56925-1.png,0,2017-10-17_1-39-36,2017-10-17_1-39-36#5551,56925,test,[],healthy honeybee,2017-10-17_1-39-36
test/videos/2017-09-01_10-54-26/2017-09-01_10-54-26.mp4-bee_id_8638-87960-1.png,0,2017-09-01_10-54-26,2017-09-01_10-54-26#8638,87960,test,[],healthy honeybee,2017-09-01_10-54-26
train/videos/2017-09-25_16-03-38-2/2017-09-25_16-03-38.mp4-bee_id_426-14370-1.png,0,2017-09-25_16-03-38,2017-09-25_16-03-38#426,14370,train,[],healthy honeybee,2017-09-25_16-03-38
train/videos/2017-08-30_15-42-59/2017-08-30_15-42-59.mp4-bee_id_9397-17385-1.png,0,2017-08-30_15-42-59,2017-08-30_15-42-59#9397,17385,train,[],healthy honeybee,2017-08-30_15-42-59
train/videos/2017-09-20_19-24-55/2017-09-20_19-24-55.mp4-bee_id_3963-32130-1.png,0,2017-09-20_19-24-55,2017-09-20_19-24-55#3963,32130,train,[],healthy honeybee,2017-09-20_19-24-55
train/videos/2017-08-30_15-42-59/2017-08-30_15-42-59.mp4-bee_id_10656-84675-1.png,0,2017-08-30_15-42-59,2017-08-30_15-42-59#10656,84675,train,[],healthy honeybee,2017-08-30_15-42-59
train/videos/2017-09-25_16-03-38-2/2017-09-25_16-03-38.mp4-bee_id_841-29460-1.png,0,2017-09-25_16-03-38,2017-09-25_16-03-38#841,29460,train,[],healthy honeybee,2017-09-25_16-03-38
test/videos/2017-10-17_1-39-36/2017-10-17_1-39-36.mp4-bee_id_5175-47610-1.png,0,2017-10-17_1-39-36,2017-10-17_1-39-36#5175,47610,test,[],healthy honeybee,2017-10-17_1-39-36
train/videos/2017-08-30_15-42-59/2017-08-30_15-42-59.mp4-bee_id_9714-40830-1.png,0,2017-08-30_15-42-59,2017-08-30_15-42-59#9714,40830,train,[],healthy honeybee,2017-08-30_15-42-59
val/videos/2017-09-01_20-00-17/2017-09-01_20-00-17.mp4-bee_id_219-102510-1.png,0,2017-09-01_20-00-17,2017-09-01_20-00-17#219,102510,val,[],healthy honeybee,2017-09-01_20-00-17
train/videos/2017-09-20_19-24-55/2017-09-20_19-24-55.mp4-bee_id_4582-49560-1.png,0,2017-09-20_19-24-55,2017-09-20_19-24-55#4582,49560,train,[],healthy honeybee,2017-09-20_19-24-55
val/videos/2017-09-25_16-03-38/2017-09-25_16-03-38.mp4-bee_id_1780-56760-1.png,0,2017-09-25_16-03-38,2017-09-25_16-03-38#1780,56760,val,[],healthy honeybee,2017-09-25_16-03-38
test/videos/2017-10-17_1-39-36/2017-10-17_1-39-36.mp4-bee_id_5115-45885-1.png,1,2017-10-17_1-39-36,2017-10-17_1-39-36#5115,45885,test,"[[80.0, 146.0, 128.0, 196.0]]",honeybee with a varroa mite,2017-10-17_1-39-36
train/videos/2017-09-20_19-24-55/2017-09-20_19-24-55.mp4-bee_id_5215-66795-1.png,0,2017-09-20_19-24-55,2017-09-20_19-24-55#5215,66795,train,[],healthy honeybee,2017-09-20_19-24-55
test/videos/2017-10-17_1-39-36/2017-10-17_1-39-36.mp4-bee_id_4243-21780-1.png,1,2017-10-17_1-39-36,2017-10-17_1-39-36#4243,21780,test,"[[36.0, 106.0, 66.0, 145.0]]",honeybee with a varroa mite,2017-10-17_1-39-36
test/videos/2017-10-17_1-39-36/2017-10-17_1-39-36.mp4-bee_id_3517-1305-1.png,0,2017-10-17_1-39-36,2017-10-17_1-39-36#3517,1305,test,[],healthy honeybee,2017-10-17_1-39-36
test/videos/2017-09-01_10-54-26/2017-09-01_10-54-26.mp4-bee_id_8846-96885-1.png,0,2017-09-01_10-54-26,2017-09-01_10-54-26#8846,96885,test,[],healthy honeybee,2017-09-01_10-54-26
train/videos/2017-08-28_09-30-00-1_500_dirty_glass/2017-08-28_09-30-00-1_500_dirty_glass.mp4-bee_id_6818-14805-1.png,0,2017-08-28_09-30-00-1_500_dirty_glass,2017-08-28_09-30-00-1_500_dirty_glass#6818,14805,train,[],healthy honeybee,2017-08-28_09-30-00-1_500_dirty_glass
val/videos/2017-09-25_16-03-38/2017-09-25_16-03-38.mp4-bee_id_1759-56115-1.png,0,2017-09-25_16-03-38,2017-09-25_16-03-38#1759,56115,val,[],healthy honeybee,2017-09-25_16-03-38
val/videos/2017-09-01_3-01-01/2017-09-01_3-01-01.mp4-bee_id_2612-84840-1.png,0,2017-09-01_3-01-01,2017-09-01_3-01-01#2612,84840,val,[],healthy honeybee,2017-09-01_3-01-01
train/videos/2017-09-20_19-24-55/2017-09-20_19-24-55.mp4-bee_id_5336-70260-1.png,1,2017-09-20_19-24-55,2017-09-20_19-24-55#5336,70260,train,"[[51.0, 102.0, 87.0, 135.0]]",honeybee with a varroa mite,2017-09-20_19-24-55
test/videos/2017-09-01_10-54-26/2017-09-01_10-54-26.mp4-bee_id_9020-103905-1.png,1,2017-09-01_10-54-26,2017-09-01_10-54-26#9020,103905,test,"[[74.0, 141.0, 106.0, 170.0], [51.0, 149.0, 71.0, 177.0]]",honeybee with a varroa mite,2017-09-01_10-54-26
train/videos/2017-09-25_16-03-38-2/2017-09-25_16-03-38.mp4-bee_id_996-34245-1.png,0,2017-09-25_16-03-38,2017-09-25_16-03-38#996,34245,train,[],healthy honeybee,2017-09-25_16-03-38
train/videos/2017-10-17_16-41-10/2017-10-17_16-41-10.mp4-bee_id_6982-3600-1.png,0,2017-10-17_16-41-10,2017-10-17_16-41-10#6982,3600,train,[],healthy honeybee,2017-10-17_16-41-10
train/videos/2017-09-20_19-24-55/2017-09-20_19-24-55.mp4-bee_id_4946-59430-1.png,0,2017-09-20_19-24-55,2017-09-20_19-24-55#4946,59430,train,[],healthy honeybee,2017-09-20_19-24-55
train/videos/2017-09-20_19-24-55/2017-09-20_19-24-55.mp4-bee_id_5798-83295-1.png,1,2017-09-20_19-24-55,2017-09-20_19-24-55#5798,83295,train,"[[42.0, 80.0, 72.0, 110.0]]",honeybee with a varroa mite,2017-09-20_19-24-55
train/videos/2017-08-30_15-42-59/2017-08-30_15-42-59.mp4-bee_id_10977-101220-1.png,0,2017-08-30_15-42-59,2017-08-30_15-42-59#10977,101220,train,[],healthy honeybee,2017-08-30_15-42-59
test/videos/2017-10-17_1-39-36/2017-10-17_1-39-36.mp4-bee_id_4388-25905-1.png,0,2017-10-17_1-39-36,2017-10-17_1-39-36#4388,25905,test,[],healthy honeybee,2017-10-17_1-39-36
test/videos/2017-09-01_10-54-26/2017-09-01_10-54-26.mp4-bee_id_7808-8850-1.png,0,2017-09-01_10-54-26,2017-09-01_10-54-26#7808,8850,test,[],healthy honeybee,2017-09-01_10-54-26
train/videos/2017-09-20_19-24-55/2017-09-20_19-24-55.mp4-bee_id_4859-57240-1.png,0,2017-09-20_19-24-55,2017-09-20_19-24-55#4859,57240,train,[],healthy honeybee,2017-09-20_19-24-55
train/videos/2017-08-28_09-30-00-1_500_dirty_glass/2017-08-28_09-30-00-1_500_dirty_glass.mp4-bee_id_7680-60930-1.png,0,2017-08-28_09-30-00-1_500_dirty_glass,2017-08-28_09-30-00-1_500_dirty_glass#7680,60930,train,[],healthy honeybee,2017-08-28_09-30-00-1_500_dirty_glass
test/videos/2017-10-17_1-39-36/2017-10-17_1-39-36.mp4-bee_id_5065-44265-1.png,0,2017-10-17_1-39-36,2017-10-17_1-39-36#5065,44265,test,[],healthy honeybee,2017-10-17_1-39-36
test/videos/2017-10-17_1-39-36/2017-10-17_1-39-36.mp4-bee_id_5081-44880-1.png,0,2017-10-17_1-39-36,2017-10-17_1-39-36#5081,44880,test,[],healthy honeybee,2017-10-17_1-39-36
train/videos/2017-08-30_15-42-59/2017-08-30_15-42-59.mp4-bee_id_10241-62475-1.png,1,2017-08-30_15-42-59,2017-08-30_15-42-59#10241,62475,train,"[[117.0, 155.0, 144.0, 183.0]]",honeybee with a varroa mite,2017-08-30_15-42-59
val/videos/2017-09-01_20-00-17/2017-09-01_20-00-17.mp4-bee_id_216-100980-1.png,0,2017-09-01_20-00-17,2017-09-01_20-00-17#216,100980,val,[],healthy honeybee,2017-09-01_20-00-17
val/videos/2017-09-25_16-03-38/2017-09-25_16-03-38.mp4-bee_id_1276-42645-1.png,0,2017-09-25_16-03-38,2017-09-25_16-03-38#1276,42645,val,[],healthy honeybee,2017-09-25_16-03-38
val/videos/2017-09-01_3-01-01/2017-09-01_3-01-01.mp4-bee_id_2749-101610-1.png,1,2017-09-01_3-01-01,2017-09-01_3-01-01#2749,101610,val,"[[45.0, 91.0, 82.0, 121.0]]",honeybee with a varroa mite,2017-09-01_3-01-01
test/videos/2017-10-17_1-39-36/2017-10-17_1-39-36.mp4-bee_id_4351-24870-1.png,0,2017-10-17_1-39-36,2017-10-17_1-39-36#4351,24870,test,[],healthy honeybee,2017-10-17_1-39-36
train/videos/2017-08-28_09-30-00-1_500_dirty_glass/2017-08-28_09-30-00-1_500_dirty_glass.mp4-bee_id_6726-4305-1.png,0,2017-08-28_09-30-00-1_500_dirty_glass,2017-08-28_09-30-00-1_500_dirty_glass#6726,4305,train,[],healthy honeybee,2017-08-28_09-30-00-1_500_dirty_glass
test/videos/2017-10-17_1-39-36/2017-10-17_1-39-36.mp4-bee_id_3542-1950-1.png,0,2017-10-17_1-39-36,2017-10-17_1-39-36#3542,1950,test,[],healthy honeybee,2017-10-17_1-39-36
train/videos/2017-08-30_15-42-59/2017-08-30_15-42-59.mp4-bee_id_10231-62070-1.png,0,2017-08-30_15-42-59,2017-08-30_15-42-59#10231,62070,train,[],healthy honeybee,2017-08-30_15-42-59
test/videos/2017-10-17_1-39-36/2017-10-17_1-39-36.mp4-bee_id_5865-65085-1.png,1,2017-10-17_1-39-36,2017-10-17_1-39-36#5865,65085,test,"[[104.0, 65.0, 122.0, 95.0]]",honeybee with a varroa mite,2017-10-17_1-39-36
train/videos/2017-10-17_16-41-10/2017-10-17_16-41-10.mp4-bee_id_7290-14070-1.png,1,2017-10-17_16-41-10,2017-10-17_16-41-10#7290,14070,train,"[[43.0, 102.0, 81.0, 142.0]]",honeybee with a varroa mite,2017-10-17_16-41-10
train/videos/2017-08-30_15-42-59/2017-08-30_15-42-59.mp4-bee_id_9577-33180-1.png,0,2017-08-30_15-42-59,2017-08-30_15-42-59#9577,33180,train,[],healthy honeybee,2017-08-30_15-42-59
val/videos/2017-09-01_20-00-17/2017-09-01_20-00-17.mp4-bee_id_196-88545-1.png,0,2017-09-01_20-00-17,2017-09-01_20-00-17#196,88545,val,[],healthy honeybee,2017-09-01_20-00-17
test/videos/2017-09-01_10-54-26/2017-09-01_10-54-26.mp4-bee_id_7902-24375-1.png,1,2017-09-01_10-54-26,2017-09-01_10-54-26#7902,24375,test,"[[76.0, 139.0, 109.0, 179.0], [46.0, 143.0, 79.0, 181.0]]",honeybee with a varroa mite,2017-09-01_10-54-26
train/videos/2017-09-20_19-24-55/2017-09-20_19-24-55.mp4-bee_id_4706-53025-1.png,0,2017-09-20_19-24-55,2017-09-20_19-24-55#4706,53025,train,[],healthy honeybee,2017-09-20_19-24-55
test/videos/2017-09-01_10-54-26/2017-09-01_10-54-26.mp4-bee_id_7798-8145-1.png,0,2017-09-01_10-54-26,2017-09-01_10-54-26#7798,8145,test,[],healthy honeybee,2017-09-01_10-54-26
train/videos/2017-08-30_15-42-59/2017-08-30_15-42-59.mp4-bee_id_10179-60645-1.png,0,2017-08-30_15-42-59,2017-08-30_15-42-59#10179,60645,train,[],healthy honeybee,2017-08-30_15-42-59
train/videos/2017-09-20_19-24-55/2017-09-20_19-24-55.mp4-bee_id_6425-100725-1.png,0,2017-09-20_19-24-55,2017-09-20_19-24-55#6425,100725,train,[],healthy honeybee,2017-09-20_19-24-55
train/videos/2017-08-30_15-42-59/2017-08-30_15-42-59.mp4-bee_id_9945-52140-1.png,0,2017-08-30_15-42-59,2017-08-30_15-42-59#9945,52140,train,[],healthy honeybee,2017-08-30_15-42-59
test/videos/2017-10-17_1-39-36/2017-10-17_1-39-36.mp4-bee_id_5858-64890-1.png,0,2017-10-17_1-39-36,2017-10-17_1-39-36#5858,64890,test,[],healthy honeybee,2017-10-17_1-39-36
test/videos/2017-10-17_1-39-36/2017-10-17_1-39-36.mp4-bee_id_4923-40365-1.png,1,2017-10-17_1-39-36,2017-10-17_1-39-36#4923,40365,test,"[[106.0, 130.0, 126.0, 165.0]]",honeybee with a varroa mite,2017-10-17_1-39-36
train/videos/2017-09-20_19-24-55/2017-09-20_19-24-55.mp4-bee_id_3847-28410-1.png,0,2017-09-20_19-24-55,2017-09-20_19-24-55#3847,28410,train,[],healthy honeybee,2017-09-20_19-24-55
val/videos/2017-09-25_16-03-38/2017-09-25_16-03-38.mp4-bee_id_1564-50640-1.png,0,2017-09-25_16-03-38,2017-09-25_16-03-38#1564,50640,val,[],healthy honeybee,2017-09-25_16-03-38
test/videos/2017-10-17_1-39-36/2017-10-17_1-39-36.mp4-bee_id_4804-36870-1.png,0,2017-10-17_1-39-36,2017-10-17_1-39-36#4804,36870,test,[],healthy honeybee,2017-10-17_1-39-36
val/videos/2017-09-25_16-03-38/2017-09-25_16-03-38.mp4-bee_id_2087-80685-1.png,0,2017-09-25_16-03-38,2017-09-25_16-03-38#2087,80685,val,[],healthy honeybee,2017-09-25_16-03-38
train/videos/2017-09-20_19-24-55/2017-09-20_19-24-55.mp4-bee_id_3311-14400-1.png,0,2017-09-20_19-24-55,2017-09-20_19-24-55#3311,14400,train,[],healthy honeybee,2017-09-20_19-24-55
val/videos/2017-09-25_16-03-38/2017-09-25_16-03-38.mp4-bee_id_1994-74370-1.png,0,2017-09-25_16-03-38,2017-09-25_16-03-38#1994,74370,val,[],healthy honeybee,2017-09-25_16-03-38
train/videos/2017-09-20_19-24-55/2017-09-20_19-24-55.mp4-bee_id_3263-13065-1.png,0,2017-09-20_19-24-55,2017-09-20_19-24-55#3263,13065,train,[],healthy honeybee,2017-09-20_19-24-55
train/videos/2017-09-20_19-24-55/2017-09-20_19-24-55.mp4-bee_id_6519-103095-1.png,0,2017-09-20_19-24-55,2017-09-20_19-24-55#6519,103095,train,[],healthy honeybee,2017-09-20_19-24-55
val/videos/2017-09-25_16-03-38/2017-09-25_16-03-38.mp4-bee_id_1892-66375-1.png,0,2017-09-25_16-03-38,2017-09-25_16-03-38#1892,66375,val,[],healthy honeybee,2017-09-25_16-03-38
train/videos/2017-09-20_19-24-55/2017-09-20_19-24-55.mp4-bee_id_5886-85965-1.png,1,2017-09-20_19-24-55,2017-09-20_19-24-55#5886,85965,train,"[[29.0, 174.0, 53.0, 213.0], [79.0, 153.0, 107.0, 184.0]]",honeybee with a varroa mite,2017-09-20_19-24-55
train/videos/2017-08-30_15-42-59/2017-08-30_15-42-59.mp4-bee_id_10521-79035-1.png,0,2017-08-30_15-42-59,2017-08-30_15-42-59#10521,79035,train,[],healthy honeybee,2017-08-30_15-42-59
val/videos/2017-09-25_16-03-38/2017-09-25_16-03-38.mp4-bee_id_2202-88350-1.png,0,2017-09-25_16-03-38,2017-09-25_16-03-38#2202,88350,val,[],healthy honeybee,2017-09-25_16-03-38
val/videos/2017-09-25_16-03-38/2017-09-25_16-03-38.mp4-bee_id_1857-63420-1.png,0,2017-09-25_16-03-38,2017-09-25_16-03-38#1857,63420,val,[],healthy honeybee,2017-09-25_16-03-38
train/videos/2017-09-20_19-24-55/2017-09-20_19-24-55.mp4-bee_id_3178-10530-1.png,0,2017-09-20_19-24-55,2017-09-20_19-24-55#3178,10530,train,[],healthy honeybee,2017-09-20_19-24-55
train/videos/2017-08-28_09-30-00-1_500_dirty_glass/2017-08-28_09-30-00-1_500_dirty_glass.mp4-bee_id_6921-20265-1.png,0,2017-08-28_09-30-00-1_500_dirty_glass,2017-08-28_09-30-00-1_500_dirty_glass#6921,20265,train,[],healthy honeybee,2017-08-28_09-30-00-1_500_dirty_glass
test/videos/2017-10-17_1-39-36/2017-10-17_1-39-36.mp4-bee_id_5979-67695-1.png,0,2017-10-17_1-39-36,2017-10-17_1-39-36#5979,67695,test,[],healthy honeybee,2017-10-17_1-39-36
test/videos/2017-10-17_1-39-36/2017-10-17_1-39-36.mp4-bee_id_3980-14430-1.png,0,2017-10-17_1-39-36,2017-10-17_1-39-36#3980,14430,test,[],healthy honeybee,2017-10-17_1-39-36
train/videos/2017-09-20_19-24-55/2017-09-20_19-24-55.mp4-bee_id_4168-37575-1.png,0,2017-09-20_19-24-55,2017-09-20_19-24-55#4168,37575,train,[],healthy honeybee,2017-09-20_19-24-55
train/videos/2017-09-25_16-03-38-2/2017-09-25_16-03-38.mp4-bee_id_553-20100-1.png,0,2017-09-25_16-03-38,2017-09-25_16-03-38#553,20100,train,[],healthy honeybee,2017-09-25_16-03-38
train/videos/2017-09-20_19-24-55/2017-09-20_19-24-55.mp4-bee_id_3756-26040-1.png,0,2017-09-20_19-24-55,2017-09-20_19-24-55#3756,26040,train,[],healthy honeybee,2017-09-20_19-24-55
val/videos/2017-09-01_3-01-01/2017-09-01_3-01-01.mp4-bee_id_2491-63045-1.png,0,2017-09-01_3-01-01,2017-09-01_3-01-01#2491,63045,val,[],healthy honeybee,2017-09-01_3-01-01
test/videos/2017-09-01_10-54-26/2017-09-01_10-54-26.mp4-bee_id_8974-102165-1.png,1,2017-09-01_10-54-26,2017-09-01_10-54-26#8974,102165,test,"[[82.0, 107.0, 113.0, 134.0], [56.0, 113.0, 84.0, 140.0]]",honeybee with a varroa mite,2017-09-01_10-54-26
test/videos/2017-10-17_1-39-36/2017-10-17_1-39-36.mp4-bee_id_5177-47655-1.png,0,2017-10-17_1-39-36,2017-10-17_1-39-36#5177,47655,test,[],healthy honeybee,2017-10-17_1-39-36
train/videos/2017-08-28_09-30-00-1_500_dirty_glass/2017-08-28_09-30-00-1_500_dirty_glass.mp4-bee_id_6709-1350-1.png,0,2017-08-28_09-30-00-1_500_dirty_glass,2017-08-28_09-30-00-1_500_dirty_glass#6709,1350,train,[],healthy honeybee,2017-08-28_09-30-00-1_500_dirty_glass
val/videos/2017-09-01_3-01-01/2017-09-01_3-01-01.mp4-bee_id_2515-63975-1.png,1,2017-09-01_3-01-01,2017-09-01_3-01-01#2515,63975,val,"[[70.0, 85.0, 107.0, 118.0]]",honeybee with a varroa mite,2017-09-01_3-01-01
train/videos/2017-09-20_19-24-55/2017-09-20_19-24-55.mp4-bee_id_3899-29895-1.png,0,2017-09-20_19-24-55,2017-09-20_19-24-55#3899,29895,train,[],healthy honeybee,2017-09-20_19-24-55
train/videos/2017-08-28_09-30-00-1_500_dirty_glass/2017-08-28_09-30-00-1_500_dirty_glass.mp4-bee_id_7579-56520-1.png,0,2017-08-28_09-30-00-1_500_dirty_glass,2017-08-28_09-30-00-1_500_dirty_glass#7579,56520,train,[],healthy honeybee,2017-08-28_09-30-00-1_500_dirty_glass
train/videos/2017-08-30_15-42-59/2017-08-30_15-42-59.mp4-bee_id_10909-97560-1.png,0,2017-08-30_15-42-59,2017-08-30_15-42-59#10909,97560,train,[],healthy honeybee,2017-08-30_15-42-59
train/videos/2017-08-30_15-42-59/2017-08-30_15-42-59.mp4-bee_id_9530-30885-1.png,0,2017-08-30_15-42-59,2017-08-30_15-42-59#9530,30885,train,[],healthy honeybee,2017-08-30_15-42-59
train/videos/2017-09-20_19-24-55/2017-09-20_19-24-55.mp4-bee_id_5903-86505-1.png,0,2017-09-20_19-24-55,2017-09-20_19-24-55#5903,86505,train,[],healthy honeybee,2017-09-20_19-24-55
test/videos/2017-09-01_10-54-26/2017-09-01_10-54-26.mp4-bee_id_8262-49875-1.png,0,2017-09-01_10-54-26,2017-09-01_10-54-26#8262,49875,test,[],healthy honeybee,2017-09-01_10-54-26
train/videos/2017-10-17_16-41-10/2017-10-17_16-41-10.mp4-bee_id_7336-15645-1.png,0,2017-10-17_16-41-10,2017-10-17_16-41-10#7336,15645,train,[],healthy honeybee,2017-10-17_16-41-10
test/videos/2017-10-17_1-39-36/2017-10-17_1-39-36.mp4-bee_id_4662-32910-1.png,0,2017-10-17_1-39-36,2017-10-17_1-39-36#4662,32910,test,[],healthy honeybee,2017-10-17_1-39-36
test/videos/2017-09-01_10-54-26/2017-09-01_10-54-26.mp4-bee_id_7982-29880-1.png,1,2017-09-01_10-54-26,2017-09-01_10-54-26#7982,29880,test,"[[62.0, 119.0, 96.0, 147.0]]",honeybee with a varroa mite,2017-09-01_10-54-26
train/videos/2017-09-20_19-24-55/2017-09-20_19-24-55.mp4-bee_id_5255-68040-1.png,0,2017-09-20_19-24-55,2017-09-20_19-24-55#5255,68040,train,[],healthy honeybee,2017-09-20_19-24-55
test/videos/2017-09-01_10-54-26/2017-09-01_10-54-26.mp4-bee_id_8334-57525-1.png,1,2017-09-01_10-54-26,2017-09-01_10-54-26#8334,57525,test,"[[45.0, 102.0, 67.0, 126.0]]",honeybee with a varroa mite,2017-09-01_10-54-26
train/videos/2017-09-20_19-24-55/2017-09-20_19-24-55.mp4-bee_id_3346-15375-1.png,0,2017-09-20_19-24-55,2017-09-20_19-24-55#3346,15375,train,[],healthy honeybee,2017-09-20_19-24-55
val/videos/2017-09-25_16-03-38/2017-09-25_16-03-38.mp4-bee_id_1853-63165-1.png,0,2017-09-25_16-03-38,2017-09-25_16-03-38#1853,63165,val,[],healthy honeybee,2017-09-25_16-03-38
test/videos/2017-10-17_1-39-36/2017-10-17_1-39-36.mp4-bee_id_4072-17145-1.png,1,2017-10-17_1-39-36,2017-10-17_1-39-36#4072,17145,test,"[[58.0, 164.0, 99.0, 203.0]]",honeybee with a varroa mite,2017-10-17_1-39-36
test/videos/2017-10-17_1-39-36/2017-10-17_1-39-36.mp4-bee_id_4757-35715-1.png,0,2017-10-17_1-39-36,2017-10-17_1-39-36#4757,35715,test,[],healthy honeybee,2017-10-17_1-39-36
train/videos/2017-09-20_19-24-55/2017-09-20_19-24-55.mp4-bee_id_3053-6660-1.png,0,2017-09-20_19-24-55,2017-09-20_19-24-55#3053,6660,train,[],healthy honeybee,2017-09-20_19-24-55
train/videos/2017-08-28_09-30-00-1_500_dirty_glass/2017-08-28_09-30-00-1_500_dirty_glass.mp4-bee_id_6886-18660-1.png,0,2017-08-28_09-30-00-1_500_dirty_glass,2017-08-28_09-30-00-1_500_dirty_glass#6886,18660,train,[],healthy honeybee,2017-08-28_09-30-00-1_500_dirty_glass
train/videos/2017-08-28_09-30-00-1_500_dirty_glass/2017-08-28_09-30-00-1_500_dirty_glass.mp4-bee_id_6883-18375-1.png,1,2017-08-28_09-30-00-1_500_dirty_glass,2017-08-28_09-30-00-1_500_dirty_glass#6883,18375,train,"[[77.0, 87.0, 103.0, 125.0]]",honeybee with a varroa mite,2017-08-28_09-30-00-1_500_dirty_glass
train/videos/2017-08-30_15-42-59/2017-08-30_15-42-59.mp4-bee_id_10682-85410-1.png,0,2017-08-30_15-42-59,2017-08-30_15-42-59#10682,85410,train,[],healthy honeybee,2017-08-30_15-42-59
train/videos/2017-09-20_19-24-55/2017-09-20_19-24-55.mp4-bee_id_3129-9030-1.png,0,2017-09-20_19-24-55,2017-09-20_19-24-55#3129,9030,train,[],healthy honeybee,2017-09-20_19-24-55
train/videos/2017-09-20_19-24-55/2017-09-20_19-24-55.mp4-bee_id_2806-645-1.png,0,2017-09-20_19-24-55,2017-09-20_19-24-55#2806,645,train,[],healthy honeybee,2017-09-20_19-24-55
val/videos/2017-09-01_20-00-17/2017-09-01_20-00-17.mp4-bee_id_30-14430-1.png,0,2017-09-01_20-00-17,2017-09-01_20-00-17#30,14430,val,[],healthy honeybee,2017-09-01_20-00-17
test/videos/2017-10-17_1-39-36/2017-10-17_1-39-36.mp4-bee_id_5450-54195-1.png,0,2017-10-17_1-39-36,2017-10-17_1-39-36#5450,54195,test,[],healthy honeybee,2017-10-17_1-39-36
train/videos/2017-09-20_19-24-55/2017-09-20_19-24-55.mp4-bee_id_4583-49575-1.png,0,2017-09-20_19-24-55,2017-09-20_19-24-55#4583,49575,train,[],healthy honeybee,2017-09-20_19-24-55
test/videos/2017-09-01_10-54-26/2017-09-01_10-54-26.mp4-bee_id_8046-33090-1.png,0,2017-09-01_10-54-26,2017-09-01_10-54-26#8046,33090,test,[],healthy honeybee,2017-09-01_10-54-26
train/videos/2017-09-20_19-24-55/2017-09-20_19-24-55.mp4-bee_id_5686-80295-1.png,0,2017-09-20_19-24-55,2017-09-20_19-24-55#5686,80295,train,[],healthy honeybee,2017-09-20_19-24-55
val/videos/2017-09-25_16-03-38/2017-09-25_16-03-38.mp4-bee_id_1477-48030-1.png,0,2017-09-25_16-03-38,2017-09-25_16-03-38#1477,48030,val,[],healthy honeybee,2017-09-25_16-03-38
train/videos/2017-08-28_09-30-00-1_500_dirty_glass/2017-08-28_09-30-00-1_500_dirty_glass.mp4-bee_id_7125-31920-1.png,1,2017-08-28_09-30-00-1_500_dirty_glass,2017-08-28_09-30-00-1_500_dirty_glass#7125,31920,train,"[[45.0, 134.0, 78.0, 160.0]]",honeybee with a varroa mite,2017-08-28_09-30-00-1_500_dirty_glass
train/videos/2017-09-20_19-24-55/2017-09-20_19-24-55.mp4-bee_id_3522-20160-1.png,1,2017-09-20_19-24-55,2017-09-20_19-24-55#3522,20160,train,"[[107.0, 155.0, 142.0, 187.0], [59.0, 150.0, 83.0, 187.0]]",honeybee with a varroa mite,2017-09-20_19-24-55
train/videos/2017-09-20_19-24-55/2017-09-20_19-24-55.mp4-bee_id_3380-16245-1.png,0,2017-09-20_19-24-55,2017-09-20_19-24-55#3380,16245,train,[],healthy honeybee,2017-09-20_19-24-55
train/videos/2017-09-20_19-24-55/2017-09-20_19-24-55.mp4-bee_id_5313-69675-1.png,1,2017-09-20_19-24-55,2017-09-20_19-24-55#5313,69675,train,"[[135.0, 148.0, 159.0, 178.0]]",honeybee with a varroa mite,2017-09-20_19-24-55
test/videos/2017-09-01_10-54-26/2017-09-01_10-54-26.mp4-bee_id_8954-101475-1.png,1,2017-09-01_10-54-26,2017-09-01_10-54-26#8954,101475,test,"[[69.0, 152.0, 105.0, 180.0]]",honeybee with a varroa mite,2017-09-01_10-54-26
test/videos/2017-10-17_1-39-36/2017-10-17_1-39-36.mp4-bee_id_5803-63600-1.png,0,2017-10-17_1-39-36,2017-10-17_1-39-36#5803,63600,test,[],healthy honeybee,2017-10-17_1-39-36
train/videos/2017-09-25_16-03-38-2/2017-09-25_16-03-38.mp4-bee_id_837-29235-1.png,0,2017-09-25_16-03-38,2017-09-25_16-03-38#837,29235,train,[],healthy honeybee,2017-09-25_16-03-38
val/videos/2017-09-01_20-00-17/2017-09-01_20-00-17.mp4-bee_id_114-48075-1.png,0,2017-09-01_20-00-17,2017-09-01_20-00-17#114,48075,val,[],healthy honeybee,2017-09-01_20-00-17
val/videos/2017-09-29_15-31-49/2017-09-29_15-31-49.mp4-bee_id_150-3840-1.png,0,2017-09-29_15-31-49,2017-09-29_15-31-49#150,3840,val,[],healthy honeybee,2017-09-29_15-31-49
train/videos/2017-08-30_15-42-59/2017-08-30_15-42-59.mp4-bee_id_9590-33765-1.png,0,2017-08-30_15-42-59,2017-08-30_15-42-59#9590,33765,train,[],healthy honeybee,2017-08-30_15-42-59
train/videos/2017-09-20_19-24-55/2017-09-20_19-24-55.mp4-bee_id_4091-35550-1.png,1,2017-09-20_19-24-55,2017-09-20_19-24-55#4091,35550,train,"[[25.0, 125.0, 62.0, 154.0]]",honeybee with a varroa mite,2017-09-20_19-24-55
train/videos/2017-09-25_16-03-38-2/2017-09-25_16-03-38.mp4-bee_id_740-26685-1.png,0,2017-09-25_16-03-38,2017-09-25_16-03-38#740,26685,train,[],healthy honeybee,2017-09-25_16-03-38
train/videos/2017-09-20_19-24-55/2017-09-20_19-24-55.mp4-bee_id_4237-39360-1.png,0,2017-09-20_19-24-55,2017-09-20_19-24-55#4237,39360,train,[],healthy honeybee,2017-09-20_19-24-55
train/videos/2017-10-17_16-41-10/2017-10-17_16-41-10.mp4-bee_id_7178-9840-1.png,0,2017-10-17_16-41-10,2017-10-17_16-41-10#7178,9840,train,[],healthy honeybee,2017-10-17_16-41-10
train/videos/2017-08-30_15-42-59/2017-08-30_15-42-59.mp4-bee_id_11018-102420-1.png,1,2017-08-30_15-42-59,2017-08-30_15-42-59#11018,102420,train,"[[31.0, 156.0, 63.0, 194.0]]",honeybee with a varroa mite,2017-08-30_15-42-59
train/videos/2017-09-20_19-24-55/2017-09-20_19-24-55.mp4-bee_id_4822-55980-1.png,1,2017-09-20_19-24-55,2017-09-20_19-24-55#4822,55980,train,"[[92.0, 95.0, 141.0, 132.0]]",honeybee with a varroa mite,2017-09-20_19-24-55
train/videos/2017-08-30_15-42-59/2017-08-30_15-42-59.mp4-bee_id_10928-98265-1.png,0,2017-08-30_15-42-59,2017-08-30_15-42-59#10928,98265,train,[],healthy honeybee,2017-08-30_15-42-59
train/videos/2017-08-30_15-42-59/2017-08-30_15-42-59.mp4-bee_id_9334-9300-1.png,0,2017-08-30_15-42-59,2017-08-30_15-42-59#9334,9300,train,[],healthy honeybee,2017-08-30_15-42-59
train/videos/2017-09-20_19-24-55/2017-09-20_19-24-55.mp4-bee_id_3902-29925-1.png,0,2017-09-20_19-24-55,2017-09-20_19-24-55#3902,29925,train,[],healthy honeybee,2017-09-20_19-24-55
val/videos/2017-09-01_3-01-01/2017-09-01_3-01-01.mp4-bee_id_2463-61365-1.png,1,2017-09-01_3-01-01,2017-09-01_3-01-01#2463,61365,val,"[[79.0, 110.0, 107.0, 135.0]]",honeybee with a varroa mite,2017-09-01_3-01-01
train/videos/2017-09-20_19-24-55/2017-09-20_19-24-55.mp4-bee_id_3640-23235-1.png,0,2017-09-20_19-24-55,2017-09-20_19-24-55#3640,23235,train,[],healthy honeybee,2017-09-20_19-24-55
val/videos/2017-09-29_15-31-49/2017-09-29_15-31-49.mp4-bee_id_62-1710-1.png,1,2017-09-29_15-31-49,2017-09-29_15-31-49#62,1710,val,"[[105.0, 170.0, 146.0, 210.0]]",honeybee with a varroa mite,2017-09-29_15-31-49
train/videos/2017-09-20_19-24-55/2017-09-20_19-24-55.mp4-bee_id_4722-53385-1.png,1,2017-09-20_19-24-55,2017-09-20_19-24-55#4722,53385,train,"[[92.0, 84.0, 120.0, 114.0], [39.0, 78.0, 61.0, 113.0]]",honeybee with a varroa mite,2017-09-20_19-24-55
test/videos/2017-09-01_10-54-26/2017-09-01_10-54-26.mp4-bee_id_8513-79740-1.png,1,2017-09-01_10-54-26,2017-09-01_10-54-26#8513,79740,test,"[[87.0, 122.0, 124.0, 156.0]]",honeybee with a varroa mite,2017-09-01_10-54-26
train/videos/2017-08-30_15-42-59/2017-08-30_15-42-59.mp4-bee_id_11030-102870-1.png,0,2017-08-30_15-42-59,2017-08-30_15-42-59#11030,102870,train,[],healthy honeybee,2017-08-30_15-42-59
train/videos/2017-09-20_19-24-55/2017-09-20_19-24-55.mp4-bee_id_6424-100680-1.png,0,2017-09-20_19-24-55,2017-09-20_19-24-55#6424,100680,train,[],healthy honeybee,2017-09-20_19-24-55
train/videos/2017-09-20_19-24-55/2017-09-20_19-24-55.mp4-bee_id_5726-81600-1.png,0,2017-09-20_19-24-55,2017-09-20_19-24-55#5726,81600,train,[],healthy honeybee,2017-09-20_19-24-55
val/videos/2017-09-25_16-03-38/2017-09-25_16-03-38.mp4-bee_id_1846-62235-1.png,0,2017-09-25_16-03-38,2017-09-25_16-03-38#1846,62235,val,[],healthy honeybee,2017-09-25_16-03-38
train/videos/2017-09-20_19-24-55/2017-09-20_19-24-55.mp4-bee_id_6295-97350-1.png,1,2017-09-20_19-24-55,2017-09-20_19-24-55#6295,97350,train,"[[75.0, 137.0, 127.0, 175.0]]",honeybee with a varroa mite,2017-09-20_19-24-55
test/videos/2017-09-01_10-54-26/2017-09-01_10-54-26.mp4-bee_id_8292-54375-1.png,1,2017-09-01_10-54-26,2017-09-01_10-54-26#8292,54375,test,"[[35.0, 100.0, 66.0, 135.0]]",honeybee with a varroa mite,2017-09-01_10-54-26
train/videos/2017-09-25_16-03-38-2/2017-09-25_16-03-38.mp4-bee_id_761-27285-1.png,0,2017-09-25_16-03-38,2017-09-25_16-03-38#761,27285,train,[],healthy honeybee,2017-09-25_16-03-38
train/videos/2017-09-20_19-24-55/2017-09-20_19-24-55.mp4-bee_id_4710-53160-1.png,1,2017-09-20_19-24-55,2017-09-20_19-24-55#4710,53160,train,"[[84.0, 143.0, 124.0, 173.0], [47.0, 185.0, 83.0, 215.0]]",honeybee with a varroa mite,2017-09-20_19-24-55
train/videos/2017-09-25_16-03-38-2/2017-09-25_16-03-38.mp4-bee_id_1204-40650-1.png,0,2017-09-25_16-03-38,2017-09-25_16-03-38#1204,40650,train,[],healthy honeybee,2017-09-25_16-03-38
train/videos/2017-09-20_19-24-55/2017-09-20_19-24-55.mp4-bee_id_2881-2580-1.png,0,2017-09-20_19-24-55,2017-09-20_19-24-55#2881,2580,train,[],healthy honeybee,2017-09-20_19-24-55
train/videos/2017-08-30_15-42-59/2017-08-30_15-42-59.mp4-bee_id_10323-65670-1.png,0,2017-08-30_15-42-59,2017-08-30_15-42-59#10323,65670,train,[],healthy honeybee,2017-08-30_15-42-59
val/videos/2017-09-25_16-03-38/2017-09-25_16-03-38.mp4-bee_id_1657-53085-1.png,0,2017-09-25_16-03-38,2017-09-25_16-03-38#1657,53085,val,[],healthy honeybee,2017-09-25_16-03-38
train/videos/2017-09-20_19-24-55/2017-09-20_19-24-55.mp4-bee_id_6133-92850-1.png,0,2017-09-20_19-24-55,2017-09-20_19-24-55#6133,92850,train,[],healthy honeybee,2017-09-20_19-24-55
val/videos/2017-09-25_16-03-38/2017-09-25_16-03-38.mp4-bee_id_2097-81180-1.png,1,2017-09-25_16-03-38,2017-09-25_16-03-38#2097,81180,val,"[[85.0, 148.0, 124.0, 194.0]]",honeybee with a varroa mite,2017-09-25_16-03-38
train/videos/2017-09-20_19-24-55/2017-09-20_19-24-55.mp4-bee_id_6297-97395-1.png,0,2017-09-20_19-24-55,2017-09-20_19-24-55#6297,97395,train,[],healthy honeybee,2017-09-20_19-24-55
train/videos/2017-10-17_16-41-10/2017-10-17_16-41-10.mp4-bee_id_7213-10950-1.png,0,2017-10-17_16-41-10,2017-10-17_16-41-10#7213,10950,train,[],healthy honeybee,2017-10-17_16-41-10
train/videos/2017-09-20_19-24-55/2017-09-20_19-24-55.mp4-bee_id_4126-36525-1.png,0,2017-09-20_19-24-55,2017-09-20_19-24-55#4126,36525,train,[],healthy honeybee,2017-09-20_19-24-55
train/videos/2017-09-20_19-24-55/2017-09-20_19-24-55.mp4-bee_id_3607-22140-1.png,0,2017-09-20_19-24-55,2017-09-20_19-24-55#3607,22140,train,[],healthy honeybee,2017-09-20_19-24-55
val/videos/2017-09-25_16-03-38/2017-09-25_16-03-38.mp4-bee_id_1574-50895-1.png,0,2017-09-25_16-03-38,2017-09-25_16-03-38#1574,50895,val,[],healthy honeybee,2017-09-25_16-03-38
train/videos/2017-08-30_15-42-59/2017-08-30_15-42-59.mp4-bee_id_10878-95895-1.png,0,2017-08-30_15-42-59,2017-08-30_15-42-59#10878,95895,train,[],healthy honeybee,2017-08-30_15-42-59
val/videos/2017-09-01_3-01-01/2017-09-01_3-01-01.mp4-bee_id_2719-91875-1.png,0,2017-09-01_3-01-01,2017-09-01_3-01-01#2719,91875,val,[],healthy honeybee,2017-09-01_3-01-01
train/videos/2017-09-20_19-24-55/2017-09-20_19-24-55.mp4-bee_id_4513-47655-1.png,0,2017-09-20_19-24-55,2017-09-20_19-24-55#4513,47655,train,[],healthy honeybee,2017-09-20_19-24-55
train/videos/2017-09-20_19-24-55/2017-09-20_19-24-55.mp4-bee_id_3211-11700-1.png,1,2017-09-20_19-24-55,2017-09-20_19-24-55#3211,11700,train,"[[45.0, 99.0, 88.0, 130.0]]",honeybee with a varroa mite,2017-09-20_19-24-55
train/videos/2017-08-30_15-42-59/2017-08-30_15-42-59.mp4-bee_id_9197-3660-1.png,0,2017-08-30_15-42-59,2017-08-30_15-42-59#9197,3660,train,[],healthy honeybee,2017-08-30_15-42-59
test/videos/2017-09-01_10-54-26/2017-09-01_10-54-26.mp4-bee_id_8146-37485-1.png,1,2017-09-01_10-54-26,2017-09-01_10-54-26#8146,37485,test,"[[71.0, 86.0, 100.0, 114.0], [45.0, 93.0, 68.0, 118.0]]",honeybee with a varroa mite,2017-09-01_10-54-26
train/videos/2017-09-25_16-03-38-2/2017-09-25_16-03-38.mp4-bee_id_480-16830-1.png,1,2017-09-25_16-03-38,2017-09-25_16-03-38#480,16830,train,"[[77.0, 131.0, 115.0, 168.0]]",honeybee with a varroa mite,2017-09-25_16-03-38
val/videos/2017-09-01_3-01-01/2017-09-01_3-01-01.mp4-bee_id_2470-62190-1.png,0,2017-09-01_3-01-01,2017-09-01_3-01-01#2470,62190,val,[],healthy honeybee,2017-09-01_3-01-01
train/videos/2017-09-20_19-24-55/2017-09-20_19-24-55.mp4-bee_id_3789-26790-1.png,0,2017-09-20_19-24-55,2017-09-20_19-24-55#3789,26790,train,[],healthy honeybee,2017-09-20_19-24-55
test/videos/2017-10-17_1-39-36/2017-10-17_1-39-36.mp4-bee_id_5051-43860-1.png,0,2017-10-17_1-39-36,2017-10-17_1-39-36#5051,43860,test,[],healthy honeybee,2017-10-17_1-39-36
train/videos/2017-09-20_19-24-55/2017-09-20_19-24-55.mp4-bee_id_5103-63750-1.png,0,2017-09-20_19-24-55,2017-09-20_19-24-55#5103,63750,train,[],healthy honeybee,2017-09-20_19-24-55
test/videos/2017-09-01_10-54-26/2017-09-01_10-54-26.mp4-bee_id_8376-62610-1.png,0,2017-09-01_10-54-26,2017-09-01_10-54-26#8376,62610,test,[],healthy honeybee,2017-09-01_10-54-26
train/videos/2017-10-17_16-41-10/2017-10-17_16-41-10.mp4-bee_id_7003-4245-1.png,1,2017-10-17_16-41-10,2017-10-17_16-41-10#7003,4245,train,"[[72.0, 157.0, 103.0, 187.0]]",honeybee with a varroa mite,2017-10-17_16-41-10
val/videos/2017-09-25_16-03-38/2017-09-25_16-03-38.mp4-bee_id_1479-48060-1.png,0,2017-09-25_16-03-38,2017-09-25_16-03-38#1479,48060,val,[],healthy honeybee,2017-09-25_16-03-38
test/videos/2017-09-01_10-54-26/2017-09-01_10-54-26.mp4-bee_id_7781-6285-1.png,0,2017-09-01_10-54-26,2017-09-01_10-54-26#7781,6285,test,[],healthy honeybee,2017-09-01_10-54-26
val/videos/2017-09-01_3-01-01/2017-09-01_3-01-01.mp4-bee_id_2528-64530-1.png,0,2017-09-01_3-01-01,2017-09-01_3-01-01#2528,64530,val,[],healthy honeybee,2017-09-01_3-01-01
test/videos/2017-09-01_10-54-26/2017-09-01_10-54-26.mp4-bee_id_8821-96000-1.png,0,2017-09-01_10-54-26,2017-09-01_10-54-26#8821,96000,test,[],healthy honeybee,2017-09-01_10-54-26
test/videos/2017-10-17_1-39-36/2017-10-17_1-39-36.mp4-bee_id_6019-68595-1.png,1,2017-10-17_1-39-36,2017-10-17_1-39-36#6019,68595,test,"[[41.0, 88.0, 69.0, 117.0]]",honeybee with a varroa mite,2017-10-17_1-39-36
train/videos/2017-08-30_15-42-59/2017-08-30_15-42-59.mp4-bee_id_9153-2115-1.png,0,2017-08-30_15-42-59,2017-08-30_15-42-59#9153,2115,train,[],healthy honeybee,2017-08-30_15-42-59
train/videos/2017-09-20_19-24-55/2017-09-20_19-24-55.mp4-bee_id_3085-7665-1.png,0,2017-09-20_19-24-55,2017-09-20_19-24-55#3085,7665,train,[],healthy honeybee,2017-09-20_19-24-55
train/videos/2017-08-28_09-30-00-1_500_dirty_glass/2017-08-28_09-30-00-1_500_dirty_glass.mp4-bee_id_7245-39135-1.png,1,2017-08-28_09-30-00-1_500_dirty_glass,2017-08-28_09-30-00-1_500_dirty_glass#7245,39135,train,"[[116.0, 137.0, 141.0, 166.0]]",honeybee with a varroa mite,2017-08-28_09-30-00-1_500_dirty_glass
train/videos/2017-09-25_16-03-38-2/2017-09-25_16-03-38.mp4-bee_id_734-26535-1.png,0,2017-09-25_16-03-38,2017-09-25_16-03-38#734,26535,train,[],healthy honeybee,2017-09-25_16-03-38
test/videos/2017-09-01_10-54-26/2017-09-01_10-54-26.mp4-bee_id_8490-71190-1.png,0,2017-09-01_10-54-26,2017-09-01_10-54-26#8490,71190,test,[],healthy honeybee,2017-09-01_10-54-26
train/videos/2017-09-20_19-24-55/2017-09-20_19-24-55.mp4-bee_id_2945-3960-1.png,0,2017-09-20_19-24-55,2017-09-20_19-24-55#2945,3960,train,[],healthy honeybee,2017-09-20_19-24-55
train/videos/2017-09-20_19-24-55/2017-09-20_19-24-55.mp4-bee_id_4553-48810-1.png,0,2017-09-20_19-24-55,2017-09-20_19-24-55#4553,48810,train,[],healthy honeybee,2017-09-20_19-24-55
train/videos/2017-08-30_15-42-59/2017-08-30_15-42-59.mp4-bee_id_11113-105960-1.png,0,2017-08-30_15-42-59,2017-08-30_15-42-59#11113,105960,train,[],healthy honeybee,2017-08-30_15-42-59
val/videos/2017-09-25_16-03-38/2017-09-25_16-03-38.mp4-bee_id_2165-85470-1.png,1,2017-09-25_16-03-38,2017-09-25_16-03-38#2165,85470,val,"[[35.0, 122.0, 66.0, 149.0], [85.0, 110.0, 113.0, 144.0], [63.0, 175.0, 101.0, 211.0]]",honeybee with a varroa mite,2017-09-25_16-03-38
train/videos/2017-08-30_15-42-59/2017-08-30_15-42-59.mp4-bee_id_9571-32910-1.png,0,2017-08-30_15-42-59,2017-08-30_15-42-59#9571,32910,train,[],healthy honeybee,2017-08-30_15-42-59
train/videos/2017-08-30_15-42-59/2017-08-30_15-42-59.mp4-bee_id_10431-74790-1.png,0,2017-08-30_15-42-59,2017-08-30_15-42-59#10431,74790,train,[],healthy honeybee,2017-08-30_15-42-59
train/videos/2017-09-20_19-24-55/2017-09-20_19-24-55.mp4-bee_id_4629-50940-1.png,0,2017-09-20_19-24-55,2017-09-20_19-24-55#4629,50940,train,[],healthy honeybee,2017-09-20_19-24-55
train/videos/2017-10-17_16-41-10/2017-10-17_16-41-10.mp4-bee_id_7096-6795-1.png,0,2017-10-17_16-41-10,2017-10-17_16-41-10#7096,6795,train,[],healthy honeybee,2017-10-17_16-41-10
train/videos/2017-08-28_09-30-00-1_500_dirty_glass/2017-08-28_09-30-00-1_500_dirty_glass.mp4-bee_id_7102-31215-1.png,1,2017-08-28_09-30-00-1_500_dirty_glass,2017-08-28_09-30-00-1_500_dirty_glass#7102,31215,train,"[[52.0, 137.0, 82.0, 161.0]]",honeybee with a varroa mite,2017-08-28_09-30-00-1_500_dirty_glass
test/videos/2017-09-01_10-54-26/2017-09-01_10-54-26.mp4-bee_id_8848-96960-1.png,0,2017-09-01_10-54-26,2017-09-01_10-54-26#8848,96960,test,[],healthy honeybee,2017-09-01_10-54-26
train/videos/2017-08-30_15-42-59/2017-08-30_15-42-59.mp4-bee_id_10821-92385-1.png,0,2017-08-30_15-42-59,2017-08-30_15-42-59#10821,92385,train,[],healthy honeybee,2017-08-30_15-42-59
train/videos/2017-08-30_15-42-59/2017-08-30_15-42-59.mp4-bee_id_9815-45165-1.png,0,2017-08-30_15-42-59,2017-08-30_15-42-59#9815,45165,train,[],healthy honeybee,2017-08-30_15-42-59
val/videos/2017-09-01_3-01-01/2017-09-01_3-01-01.mp4-bee_id_2683-88905-1.png,0,2017-09-01_3-01-01,2017-09-01_3-01-01#2683,88905,val,[],healthy honeybee,2017-09-01_3-01-01
train/videos/2017-08-30_15-42-59/2017-08-30_15-42-59.mp4-bee_id_11126-106425-1.png,0,2017-08-30_15-42-59,2017-08-30_15-42-59#11126,106425,train,[],healthy honeybee,2017-08-30_15-42-59
test/videos/2017-10-17_1-39-36/2017-10-17_1-39-36.mp4-bee_id_5827-64215-1.png,0,2017-10-17_1-39-36,2017-10-17_1-39-36#5827,64215,test,[],healthy honeybee,2017-10-17_1-39-36
train/videos/2017-09-20_19-24-55/2017-09-20_19-24-55.mp4-bee_id_5010-61335-1.png,0,2017-09-20_19-24-55,2017-09-20_19-24-55#5010,61335,train,[],healthy honeybee,2017-09-20_19-24-55
train/videos/2017-08-30_15-42-59/2017-08-30_15-42-59.mp4-bee_id_10601-81900-1.png,0,2017-08-30_15-42-59,2017-08-30_15-42-59#10601,81900,train,[],healthy honeybee,2017-08-30_15-42-59
train/videos/2017-08-30_15-42-59/2017-08-30_15-42-59.mp4-bee_id_11103-105525-1.png,1,2017-08-30_15-42-59,2017-08-30_15-42-59#11103,105525,train,"[[28.0, 96.0, 59.0, 139.0]]",honeybee with a varroa mite,2017-08-30_15-42-59
train/videos/2017-09-20_19-24-55/2017-09-20_19-24-55.mp4-bee_id_3395-16950-1.png,1,2017-09-20_19-24-55,2017-09-20_19-24-55#3395,16950,train,"[[29.0, 148.0, 51.0, 179.0]]",honeybee with a varroa mite,2017-09-20_19-24-55
train/videos/2017-09-20_19-24-55/2017-09-20_19-24-55.mp4-bee_id_4756-54345-1.png,1,2017-09-20_19-24-55,2017-09-20_19-24-55#4756,54345,train,"[[41.0, 144.0, 80.0, 182.0]]",honeybee with a varroa mite,2017-09-20_19-24-55
train/videos/2017-09-20_19-24-55/2017-09-20_19-24-55.mp4-bee_id_5326-70065-1.png,0,2017-09-20_19-24-55,2017-09-20_19-24-55#5326,70065,train,[],healthy honeybee,2017-09-20_19-24-55
train/videos/2017-10-17_16-41-10/2017-10-17_16-41-10.mp4-bee_id_7050-5460-1.png,0,2017-10-17_16-41-10,2017-10-17_16-41-10#7050,5460,train,[],healthy honeybee,2017-10-17_16-41-10
train/videos/2017-08-30_15-42-59/2017-08-30_15-42-59.mp4-bee_id_10802-89475-1.png,0,2017-08-30_15-42-59,2017-08-30_15-42-59#10802,89475,train,[],healthy honeybee,2017-08-30_15-42-59
train/videos/2017-08-28_09-30-00-1_500_dirty_glass/2017-08-28_09-30-00-1_500_dirty_glass.mp4-bee_id_6764-12450-1.png,1,2017-08-28_09-30-00-1_500_dirty_glass,2017-08-28_09-30-00-1_500_dirty_glass#6764,12450,train,"[[94.0, 103.0, 118.0, 123.0]]",honeybee with a varroa mite,2017-08-28_09-30-00-1_500_dirty_glass
train/videos/2017-08-30_15-42-59/2017-08-30_15-42-59.mp4-bee_id_10522-79095-1.png,0,2017-08-30_15-42-59,2017-08-30_15-42-59#10522,79095,train,[],healthy honeybee,2017-08-30_15-42-59
val/videos/2017-09-01_3-01-01/2017-09-01_3-01-01.mp4-bee_id_2590-81855-1.png,0,2017-09-01_3-01-01,2017-09-01_3-01-01#2590,81855,val,[],healthy honeybee,2017-09-01_3-01-01
test/videos/2017-10-17_1-39-36/2017-10-17_1-39-36.mp4-bee_id_5005-42600-1.png,0,2017-10-17_1-39-36,2017-10-17_1-39-36#5005,42600,test,[],healthy honeybee,2017-10-17_1-39-36
test/videos/2017-09-01_10-54-26/2017-09-01_10-54-26.mp4-bee_id_8792-94950-1.png,1,2017-09-01_10-54-26,2017-09-01_10-54-26#8792,94950,test,"[[40.0, 95.0, 72.0, 113.0]]",honeybee with a varroa mite,2017-09-01_10-54-26
train/videos/2017-08-30_15-42-59/2017-08-30_15-42-59.mp4-bee_id_10664-84915-1.png,0,2017-08-30_15-42-59,2017-08-30_15-42-59#10664,84915,train,[],healthy honeybee,2017-08-30_15-42-59
train/videos/2017-09-20_19-24-55/2017-09-20_19-24-55.mp4-bee_id_6024-89895-1.png,0,2017-09-20_19-24-55,2017-09-20_19-24-55#6024,89895,train,[],healthy honeybee,2017-09-20_19-24-55
train/videos/2017-08-30_15-42-59/2017-08-30_15-42-59.mp4-bee_id_9281-6990-1.png,0,2017-08-30_15-42-59,2017-08-30_15-42-59#9281,6990,train,[],healthy honeybee,2017-08-30_15-42-59
train/videos/2017-08-28_09-30-00-1_500_dirty_glass/2017-08-28_09-30-00-1_500_dirty_glass.mp4-bee_id_7372-46410-1.png,0,2017-08-28_09-30-00-1_500_dirty_glass,2017-08-28_09-30-00-1_500_dirty_glass#7372,46410,train,[],healthy honeybee,2017-08-28_09-30-00-1_500_dirty_glass
train/videos/2017-09-20_19-24-55/2017-09-20_19-24-55.mp4-bee_id_5402-72495-1.png,0,2017-09-20_19-24-55,2017-09-20_19-24-55#5402,72495,train,[],healthy honeybee,2017-09-20_19-24-55
test/videos/2017-10-17_1-39-36/2017-10-17_1-39-36.mp4-bee_id_4536-29865-1.png,0,2017-10-17_1-39-36,2017-10-17_1-39-36#4536,29865,test,[],healthy honeybee,2017-10-17_1-39-36
val/videos/2017-09-01_3-01-01/2017-09-01_3-01-01.mp4-bee_id_2512-63825-1.png,1,2017-09-01_3-01-01,2017-09-01_3-01-01#2512,63825,val,"[[91.0, 104.0, 119.0, 146.0]]",honeybee with a varroa mite,2017-09-01_3-01-01
train/videos/2017-08-30_15-42-59/2017-08-30_15-42-59.mp4-bee_id_11028-102825-1.png,0,2017-08-30_15-42-59,2017-08-30_15-42-59#11028,102825,train,[],healthy honeybee,2017-08-30_15-42-59
train/videos/2017-09-20_19-24-55/2017-09-20_19-24-55.mp4-bee_id_4670-52215-1.png,1,2017-09-20_19-24-55,2017-09-20_19-24-55#4670,52215,train,"[[47.0, 152.0, 71.0, 171.0]]",honeybee with a varroa mite,2017-09-20_19-24-55
train/videos/2017-10-17_16-41-10/2017-10-17_16-41-10.mp4-bee_id_7242-12405-1.png,0,2017-10-17_16-41-10,2017-10-17_16-41-10#7242,12405,train,[],healthy honeybee,2017-10-17_16-41-10
train/videos/2017-08-30_15-42-59/2017-08-30_15-42-59.mp4-bee_id_9597-33990-1.png,0,2017-08-30_15-42-59,2017-08-30_15-42-59#9597,33990,train,[],healthy honeybee,2017-08-30_15-42-59
test/videos/2017-10-17_1-39-36/2017-10-17_1-39-36.mp4-bee_id_3476-270-1.png,0,2017-10-17_1-39-36,2017-10-17_1-39-36#3476,270,test,[],healthy honeybee,2017-10-17_1-39-36
test/videos/2017-10-17_1-39-36/2017-10-17_1-39-36.mp4-bee_id_4063-16890-1.png,0,2017-10-17_1-39-36,2017-10-17_1-39-36#4063,16890,test,[],healthy honeybee,2017-10-17_1-39-36
train/videos/2017-08-30_15-42-59/2017-08-30_15-42-59.mp4-bee_id_9352-12780-1.png,0,2017-08-30_15-42-59,2017-08-30_15-42-59#9352,12780,train,[],healthy honeybee,2017-08-30_15-42-59
train/videos/2017-08-28_09-30-00-1_500_dirty_glass/2017-08-28_09-30-00-1_500_dirty_glass.mp4-bee_id_7468-51060-1.png,0,2017-08-28_09-30-00-1_500_dirty_glass,2017-08-28_09-30-00-1_500_dirty_glass#7468,51060,train,[],healthy honeybee,2017-08-28_09-30-00-1_500_dirty_glass
val/videos/2017-09-25_16-03-38/2017-09-25_16-03-38.mp4-bee_id_1819-58365-1.png,1,2017-09-25_16-03-38,2017-09-25_16-03-38#1819,58365,val,"[[65.0, 107.0, 108.0, 134.0], [57.0, 165.0, 100.0, 205.0]]",honeybee with a varroa mite,2017-09-25_16-03-38
test/videos/2017-09-01_10-54-26/2017-09-01_10-54-26.mp4-bee_id_8107-35610-1.png,1,2017-09-01_10-54-26,2017-09-01_10-54-26#8107,35610,test,"[[50.0, 120.0, 89.0, 144.0]]",honeybee with a varroa mite,2017-09-01_10-54-26
train/videos/2017-09-20_19-24-55/2017-09-20_19-24-55.mp4-bee_id_4613-50490-1.png,0,2017-09-20_19-24-55,2017-09-20_19-24-55#4613,50490,train,[],healthy honeybee,2017-09-20_19-24-55
test/videos/2017-10-17_1-39-36/2017-10-17_1-39-36.mp4-bee_id_5290-50415-1.png,0,2017-10-17_1-39-36,2017-10-17_1-39-36#5290,50415,test,[],healthy honeybee,2017-10-17_1-39-36
train/videos/2017-09-25_16-03-38-2/2017-09-25_16-03-38.mp4-bee_id_848-29790-1.png,0,2017-09-25_16-03-38,2017-09-25_16-03-38#848,29790,train,[],healthy honeybee,2017-09-25_16-03-38
train/videos/2017-08-30_15-42-59/2017-08-30_15-42-59.mp4-bee_id_10773-88110-1.png,1,2017-08-30_15-42-59,2017-08-30_15-42-59#10773,88110,train,"[[92.0, 98.0, 122.0, 127.0]]",honeybee with a varroa mite,2017-08-30_15-42-59
test/videos/2017-10-17_1-39-36/2017-10-17_1-39-36.mp4-bee_id_4946-41085-1.png,0,2017-10-17_1-39-36,2017-10-17_1-39-36#4946,41085,test,[],healthy honeybee,2017-10-17_1-39-36
train/videos/2017-09-20_19-24-55/2017-09-20_19-24-55.mp4-bee_id_4566-49260-1.png,0,2017-09-20_19-24-55,2017-09-20_19-24-55#4566,49260,train,[],healthy honeybee,2017-09-20_19-24-55
test/videos/2017-09-01_10-54-26/2017-09-01_10-54-26.mp4-bee_id_8291-54360-1.png,1,2017-09-01_10-54-26,2017-09-01_10-54-26#8291,54360,test,"[[34.0, 98.0, 64.0, 134.0]]",honeybee with a varroa mite,2017-09-01_10-54-26
test/videos/2017-10-17_1-39-36/2017-10-17_1-39-36.mp4-bee_id_3887-11640-1.png,0,2017-10-17_1-39-36,2017-10-17_1-39-36#3887,11640,test,[],healthy honeybee,2017-10-17_1-39-36
train/videos/2017-08-30_15-42-59/2017-08-30_15-42-59.mp4-bee_id_9377-15585-1.png,0,2017-08-30_15-42-59,2017-08-30_15-42-59#9377,15585,train,[],healthy honeybee,2017-08-30_15-42-59
train/videos/2017-08-30_15-42-59/2017-08-30_15-42-59.mp4-bee_id_10444-75705-1.png,0,2017-08-30_15-42-59,2017-08-30_15-42-59#10444,75705,train,[],healthy honeybee,2017-08-30_15-42-59
test/videos/2017-09-01_10-54-26/2017-09-01_10-54-26.mp4-bee_id_7822-10530-1.png,0,2017-09-01_10-54-26,2017-09-01_10-54-26#7822,10530,test,[],healthy honeybee,2017-09-01_10-54-26
test/videos/2017-10-17_1-39-36/2017-10-17_1-39-36.mp4-bee_id_6000-68250-1.png,0,2017-10-17_1-39-36,2017-10-17_1-39-36#6000,68250,test,[],healthy honeybee,2017-10-17_1-39-36
train/videos/2017-09-20_19-24-55/2017-09-20_19-24-55.mp4-bee_id_4887-57960-1.png,0,2017-09-20_19-24-55,2017-09-20_19-24-55#4887,57960,train,[],healthy honeybee,2017-09-20_19-24-55
test/videos/2017-10-17_1-39-36/2017-10-17_1-39-36.mp4-bee_id_3884-11580-1.png,0,2017-10-17_1-39-36,2017-10-17_1-39-36#3884,11580,test,[],healthy honeybee,2017-10-17_1-39-36
train/videos/2017-09-20_19-24-55/2017-09-20_19-24-55.mp4-bee_id_5544-76470-1.png,0,2017-09-20_19-24-55,2017-09-20_19-24-55#5544,76470,train,[],healthy honeybee,2017-09-20_19-24-55
train/videos/2017-08-30_15-42-59/2017-08-30_15-42-59.mp4-bee_id_10061-57090-1.png,0,2017-08-30_15-42-59,2017-08-30_15-42-59#10061,57090,train,[],healthy honeybee,2017-08-30_15-42-59
val/videos/2017-09-25_16-03-38/2017-09-25_16-03-38.mp4-bee_id_1910-68250-1.png,0,2017-09-25_16-03-38,2017-09-25_16-03-38#1910,68250,val,[],healthy honeybee,2017-09-25_16-03-38
train/videos/2017-09-25_16-03-38-2/2017-09-25_16-03-38.mp4-bee_id_451-15270-1.png,0,2017-09-25_16-03-38,2017-09-25_16-03-38#451,15270,train,[],healthy honeybee,2017-09-25_16-03-38
val/videos/2017-09-25_16-03-38/2017-09-25_16-03-38.mp4-bee_id_2150-84705-1.png,0,2017-09-25_16-03-38,2017-09-25_16-03-38#2150,84705,val,[],healthy honeybee,2017-09-25_16-03-38
train/videos/2017-09-25_16-03-38-2/2017-09-25_16-03-38.mp4-bee_id_419-14085-1.png,0,2017-09-25_16-03-38,2017-09-25_16-03-38#419,14085,train,[],healthy honeybee,2017-09-25_16-03-38
val/videos/2017-09-01_3-01-01/2017-09-01_3-01-01.mp4-bee_id_2412-57660-1.png,0,2017-09-01_3-01-01,2017-09-01_3-01-01#2412,57660,val,[],healthy honeybee,2017-09-01_3-01-01
val/videos/2017-09-01_3-01-01/2017-09-01_3-01-01.mp4-bee_id_2726-92280-1.png,0,2017-09-01_3-01-01,2017-09-01_3-01-01#2726,92280,val,[],healthy honeybee,2017-09-01_3-01-01
train/videos/2017-09-20_19-24-55/2017-09-20_19-24-55.mp4-bee_id_4835-56475-1.png,0,2017-09-20_19-24-55,2017-09-20_19-24-55#4835,56475,train,[],healthy honeybee,2017-09-20_19-24-55
train/videos/2017-08-28_09-30-00-1_500_dirty_glass/2017-08-28_09-30-00-1_500_dirty_glass.mp4-bee_id_7495-52215-1.png,0,2017-08-28_09-30-00-1_500_dirty_glass,2017-08-28_09-30-00-1_500_dirty_glass#7495,52215,train,[],healthy honeybee,2017-08-28_09-30-00-1_500_dirty_glass
test/videos/2017-09-01_10-54-26/2017-09-01_10-54-26.mp4-bee_id_8591-85545-1.png,1,2017-09-01_10-54-26,2017-09-01_10-54-26#8591,85545,test,"[[44.0, 107.0, 77.0, 138.0]]",honeybee with a varroa mite,2017-09-01_10-54-26
train/videos/2017-09-20_19-24-55/2017-09-20_19-24-55.mp4-bee_id_5687-80295-1.png,0,2017-09-20_19-24-55,2017-09-20_19-24-55#5687,80295,train,[],healthy honeybee,2017-09-20_19-24-55
train/videos/2017-09-20_19-24-55/2017-09-20_19-24-55.mp4-bee_id_6061-91080-1.png,1,2017-09-20_19-24-55,2017-09-20_19-24-55#6061,91080,train,"[[80.0, 132.0, 122.0, 171.0]]",honeybee with a varroa mite,2017-09-20_19-24-55
train/videos/2017-09-20_19-24-55/2017-09-20_19-24-55.mp4-bee_id_4969-60135-1.png,0,2017-09-20_19-24-55,2017-09-20_19-24-55#4969,60135,train,[],healthy honeybee,2017-09-20_19-24-55
train/videos/2017-09-20_19-24-55/2017-09-20_19-24-55.mp4-bee_id_5855-84975-1.png,1,2017-09-20_19-24-55,2017-09-20_19-24-55#5855,84975,train,"[[27.0, 143.0, 64.0, 182.0], [78.0, 160.0, 113.0, 192.0]]",honeybee with a varroa mite,2017-09-20_19-24-55
train/videos/2017-08-28_09-30-00-1_500_dirty_glass/2017-08-28_09-30-00-1_500_dirty_glass.mp4-bee_id_6827-15060-1.png,0,2017-08-28_09-30-00-1_500_dirty_glass,2017-08-28_09-30-00-1_500_dirty_glass#6827,15060,train,[],healthy honeybee,2017-08-28_09-30-00-1_500_dirty_glass
test/videos/2017-09-01_10-54-26/2017-09-01_10-54-26.mp4-bee_id_8371-62190-1.png,0,2017-09-01_10-54-26,2017-09-01_10-54-26#8371,62190,test,[],healthy honeybee,2017-09-01_10-54-26
train/videos/2017-10-17_16-41-10/2017-10-17_16-41-10.mp4-bee_id_7145-8655-1.png,0,2017-10-17_16-41-10,2017-10-17_16-41-10#7145,8655,train,[],healthy honeybee,2017-10-17_16-41-10
test/videos/2017-10-17_1-39-36/2017-10-17_1-39-36.mp4-bee_id_4025-15570-1.png,0,2017-10-17_1-39-36,2017-10-17_1-39-36#4025,15570,test,[],healthy honeybee,2017-10-17_1-39-36
train/videos/2017-08-30_15-42-59/2017-08-30_15-42-59.mp4-bee_id_9201-3765-1.png,0,2017-08-30_15-42-59,2017-08-30_15-42-59#9201,3765,train,[],healthy honeybee,2017-08-30_15-42-59
train/videos/2017-08-28_09-30-00-1_500_dirty_glass/2017-08-28_09-30-00-1_500_dirty_glass.mp4-bee_id_6712-1410-1.png,1,2017-08-28_09-30-00-1_500_dirty_glass,2017-08-28_09-30-00-1_500_dirty_glass#6712,1410,train,"[[93.0, 104.0, 127.0, 140.0]]",honeybee with a varroa mite,2017-08-28_09-30-00-1_500_dirty_glass
val/videos/2017-09-25_16-03-38/2017-09-25_16-03-38.mp4-bee_id_2069-79545-1.png,0,2017-09-25_16-03-38,2017-09-25_16-03-38#2069,79545,val,[],healthy honeybee,2017-09-25_16-03-38
train/videos/2017-08-30_15-42-59/2017-08-30_15-42-59.mp4-bee_id_9453-23865-1.png,0,2017-08-30_15-42-59,2017-08-30_15-42-59#9453,23865,train,[],healthy honeybee,2017-08-30_15-42-59
train/videos/2017-09-20_19-24-55/2017-09-20_19-24-55.mp4-bee_id_6203-94785-1.png,0,2017-09-20_19-24-55,2017-09-20_19-24-55#6203,94785,train,[],healthy honeybee,2017-09-20_19-24-55
train/videos/2017-08-30_15-42-59/2017-08-30_15-42-59.mp4-bee_id_9176-3045-1.png,0,2017-08-30_15-42-59,2017-08-30_15-42-59#9176,3045,train,[],healthy honeybee,2017-08-30_15-42-59
train/videos/2017-09-20_19-24-55/2017-09-20_19-24-55.mp4-bee_id_3688-24465-1.png,0,2017-09-20_19-24-55,2017-09-20_19-24-55#3688,24465,train,[],healthy honeybee,2017-09-20_19-24-55
train/videos/2017-08-30_15-42-59/2017-08-30_15-42-59.mp4-bee_id_10966-100800-1.png,0,2017-08-30_15-42-59,2017-08-30_15-42-59#10966,100800,train,[],healthy honeybee,2017-08-30_15-42-59
train/videos/2017-09-25_16-03-38-2/2017-09-25_16-03-38.mp4-bee_id_392-12765-1.png,0,2017-09-25_16-03-38,2017-09-25_16-03-38#392,12765,train,[],healthy honeybee,2017-09-25_16-03-38
test/videos/2017-09-01_10-54-26/2017-09-01_10-54-26.mp4-bee_id_8867-97830-1.png,0,2017-09-01_10-54-26,2017-09-01_10-54-26#8867,97830,test,[],healthy honeybee,2017-09-01_10-54-26
train/videos/2017-08-28_09-30-00-1_500_dirty_glass/2017-08-28_09-30-00-1_500_dirty_glass.mp4-bee_id_6757-11715-1.png,0,2017-08-28_09-30-00-1_500_dirty_glass,2017-08-28_09-30-00-1_500_dirty_glass#6757,11715,train,[],healthy honeybee,2017-08-28_09-30-00-1_500_dirty_glass
test/videos/2017-09-01_10-54-26/2017-09-01_10-54-26.mp4-bee_id_7958-27915-1.png,0,2017-09-01_10-54-26,2017-09-01_10-54-26#7958,27915,test,[],healthy honeybee,2017-09-01_10-54-26
val/videos/2017-09-25_16-03-38/2017-09-25_16-03-38.mp4-bee_id_1390-45615-1.png,1,2017-09-25_16-03-38,2017-09-25_16-03-38#1390,45615,val,"[[54.0, 180.0, 93.0, 210.0]]",honeybee with a varroa mite,2017-09-25_16-03-38
train/videos/2017-08-30_15-42-59/2017-08-30_15-42-59.mp4-bee_id_9491-28050-1.png,0,2017-08-30_15-42-59,2017-08-30_15-42-59#9491,28050,train,[],healthy honeybee,2017-08-30_15-42-59
train/videos/2017-09-25_16-03-38-2/2017-09-25_16-03-38.mp4-bee_id_542-19590-1.png,1,2017-09-25_16-03-38,2017-09-25_16-03-38#542,19590,train,"[[59.0, 182.0, 89.0, 207.0]]",honeybee with a varroa mite,2017-09-25_16-03-38
train/videos/2017-09-20_19-24-55/2017-09-20_19-24-55.mp4-bee_id_5383-71910-1.png,0,2017-09-20_19-24-55,2017-09-20_19-24-55#5383,71910,train,[],healthy honeybee,2017-09-20_19-24-55
train/videos/2017-09-20_19-24-55/2017-09-20_19-24-55.mp4-bee_id_3078-7485-1.png,0,2017-09-20_19-24-55,2017-09-20_19-24-55#3078,7485,train,[],healthy honeybee,2017-09-20_19-24-55
val/videos/2017-09-01_3-01-01/2017-09-01_3-01-01.mp4-bee_id_2283-47325-1.png,1,2017-09-01_3-01-01,2017-09-01_3-01-01#2283,47325,val,"[[63.0, 117.0, 100.0, 141.0], [54.0, 94.0, 90.0, 122.0]]",honeybee with a varroa mite,2017-09-01_3-01-01
train/videos/2017-09-20_19-24-55/2017-09-20_19-24-55.mp4-bee_id_5211-66645-1.png,1,2017-09-20_19-24-55,2017-09-20_19-24-55#5211,66645,train,"[[42.0, 149.0, 76.0, 180.0]]",honeybee with a varroa mite,2017-09-20_19-24-55
val/videos/2017-09-25_16-03-38/2017-09-25_16-03-38.mp4-bee_id_1709-54690-1.png,0,2017-09-25_16-03-38,2017-09-25_16-03-38#1709,54690,val,[],healthy honeybee,2017-09-25_16-03-38
train/videos/2017-09-20_19-24-55/2017-09-20_19-24-55.mp4-bee_id_6579-104835-1.png,1,2017-09-20_19-24-55,2017-09-20_19-24-55#6579,104835,train,"[[37.0, 82.0, 72.0, 124.0]]",honeybee with a varroa mite,2017-09-20_19-24-55
val/videos/2017-09-25_16-03-38/2017-09-25_16-03-38.mp4-bee_id_1869-64320-1.png,0,2017-09-25_16-03-38,2017-09-25_16-03-38#1869,64320,val,[],healthy honeybee,2017-09-25_16-03-38
train/videos/2017-08-30_15-42-59/2017-08-30_15-42-59.mp4-bee_id_11107-105690-1.png,0,2017-08-30_15-42-59,2017-08-30_15-42-59#11107,105690,train,[],healthy honeybee,2017-08-30_15-42-59
test/videos/2017-09-01_10-54-26/2017-09-01_10-54-26.mp4-bee_id_9027-104175-1.png,1,2017-09-01_10-54-26,2017-09-01_10-54-26#9027,104175,test,"[[70.0, 150.0, 102.0, 184.0]]",honeybee with a varroa mite,2017-09-01_10-54-26
train/videos/2017-09-25_16-03-38-2/2017-09-25_16-03-38.mp4-bee_id_999-34350-1.png,0,2017-09-25_16-03-38,2017-09-25_16-03-38#999,34350,train,[],healthy honeybee,2017-09-25_16-03-38
train/videos/2017-08-30_15-42-59/2017-08-30_15-42-59.mp4-bee_id_11100-105360-1.png,0,2017-08-30_15-42-59,2017-08-30_15-42-59#11100,105360,train,[],healthy honeybee,2017-08-30_15-42-59
train/videos/2017-09-20_19-24-55/2017-09-20_19-24-55.mp4-bee_id_5691-80415-1.png,0,2017-09-20_19-24-55,2017-09-20_19-24-55#5691,80415,train,[],healthy honeybee,2017-09-20_19-24-55
train/videos/2017-09-20_19-24-55/2017-09-20_19-24-55.mp4-bee_id_4867-57405-1.png,0,2017-09-20_19-24-55,2017-09-20_19-24-55#4867,57405,train,[],healthy honeybee,2017-09-20_19-24-55
test/videos/2017-09-01_10-54-26/2017-09-01_10-54-26.mp4-bee_id_8505-79080-1.png,1,2017-09-01_10-54-26,2017-09-01_10-54-26#8505,79080,test,"[[91.0, 160.0, 127.0, 179.0]]",honeybee with a varroa mite,2017-09-01_10-54-26
train/videos/2017-10-17_16-41-10/2017-10-17_16-41-10.mp4-bee_id_7187-10080-1.png,0,2017-10-17_16-41-10,2017-10-17_16-41-10#7187,10080,train,[],healthy honeybee,2017-10-17_16-41-10
train/videos/2017-09-20_19-24-55/2017-09-20_19-24-55.mp4-bee_id_5876-85650-1.png,0,2017-09-20_19-24-55,2017-09-20_19-24-55#5876,85650,train,[],healthy honeybee,2017-09-20_19-24-55
train/videos/2017-09-20_19-24-55/2017-09-20_19-24-55.mp4-bee_id_6271-96705-1.png,0,2017-09-20_19-24-55,2017-09-20_19-24-55#6271,96705,train,[],healthy honeybee,2017-09-20_19-24-55
val/videos/2017-09-25_16-03-38/2017-09-25_16-03-38.mp4-bee_id_1772-56520-1.png,0,2017-09-25_16-03-38,2017-09-25_16-03-38#1772,56520,val,[],healthy honeybee,2017-09-25_16-03-38
train/videos/2017-08-28_09-30-00-1_500_dirty_glass/2017-08-28_09-30-00-1_500_dirty_glass.mp4-bee_id_7137-32280-1.png,0,2017-08-28_09-30-00-1_500_dirty_glass,2017-08-28_09-30-00-1_500_dirty_glass#7137,32280,train,[],healthy honeybee,2017-08-28_09-30-00-1_500_dirty_glass
train/videos/2017-09-20_19-24-55/2017-09-20_19-24-55.mp4-bee_id_5649-79305-1.png,0,2017-09-20_19-24-55,2017-09-20_19-24-55#5649,79305,train,[],healthy honeybee,2017-09-20_19-24-55
val/videos/2017-09-01_3-01-01/2017-09-01_3-01-01.mp4-bee_id_2245-18300-1.png,1,2017-09-01_3-01-01,2017-09-01_3-01-01#2245,18300,val,"[[83.0, 125.0, 111.0, 165.0], [36.0, 130.0, 67.0, 167.0]]",honeybee with a varroa mite,2017-09-01_3-01-01
val/videos/2017-09-01_3-01-01/2017-09-01_3-01-01.mp4-bee_id_2526-64470-1.png,1,2017-09-01_3-01-01,2017-09-01_3-01-01#2526,64470,val,"[[76.0, 86.0, 115.0, 119.0]]",honeybee with a varroa mite,2017-09-01_3-01-01
train/videos/2017-09-20_19-24-55/2017-09-20_19-24-55.mp4-bee_id_4668-52080-1.png,0,2017-09-20_19-24-55,2017-09-20_19-24-55#4668,52080,train,[],healthy honeybee,2017-09-20_19-24-55
test/videos/2017-10-17_1-39-36/2017-10-17_1-39-36.mp4-bee_id_4932-40665-1.png,0,2017-10-17_1-39-36,2017-10-17_1-39-36#4932,40665,test,[],healthy honeybee,2017-10-17_1-39-36
train/videos/2017-08-30_15-42-59/2017-08-30_15-42-59.mp4-bee_id_11032-102885-1.png,0,2017-08-30_15-42-59,2017-08-30_15-42-59#11032,102885,train,[],healthy honeybee,2017-08-30_15-42-59
val/videos/2017-09-01_3-01-01/2017-09-01_3-01-01.mp4-bee_id_2641-85965-1.png,0,2017-09-01_3-01-01,2017-09-01_3-01-01#2641,85965,val,[],healthy honeybee,2017-09-01_3-01-01
test/videos/2017-10-17_1-39-36/2017-10-17_1-39-36.mp4-bee_id_4699-33870-1.png,0,2017-10-17_1-39-36,2017-10-17_1-39-36#4699,33870,test,[],healthy honeybee,2017-10-17_1-39-36
test/videos/2017-10-17_1-39-36/2017-10-17_1-39-36.mp4-bee_id_5192-48000-1.png,0,2017-10-17_1-39-36,2017-10-17_1-39-36#5192,48000,test,[],healthy honeybee,2017-10-17_1-39-36
val/videos/2017-09-29_15-31-49/2017-09-29_15-31-49.mp4-bee_id_94-2400-1.png,0,2017-09-29_15-31-49,2017-09-29_15-31-49#94,2400,val,[],healthy honeybee,2017-09-29_15-31-49
train/videos/2017-09-20_19-24-55/2017-09-20_19-24-55.mp4-bee_id_5806-83595-1.png,0,2017-09-20_19-24-55,2017-09-20_19-24-55#5806,83595,train,[],healthy honeybee,2017-09-20_19-24-55
test/videos/2017-09-01_10-54-26/2017-09-01_10-54-26.mp4-bee_id_8500-73095-1.png,1,2017-09-01_10-54-26,2017-09-01_10-54-26#8500,73095,test,"[[53.0, 141.0, 74.0, 166.0]]",honeybee with a varroa mite,2017-09-01_10-54-26
train/videos/2017-09-20_19-24-55/2017-09-20_19-24-55.mp4-bee_id_4836-56505-1.png,1,2017-09-20_19-24-55,2017-09-20_19-24-55#4836,56505,train,"[[73.0, 106.0, 107.0, 135.0]]",honeybee with a varroa mite,2017-09-20_19-24-55
train/videos/2017-09-20_19-24-55/2017-09-20_19-24-55.mp4-bee_id_5955-87825-1.png,0,2017-09-20_19-24-55,2017-09-20_19-24-55#5955,87825,train,[],healthy honeybee,2017-09-20_19-24-55
test/videos/2017-09-01_10-54-26/2017-09-01_10-54-26.mp4-bee_id_8758-93660-1.png,0,2017-09-01_10-54-26,2017-09-01_10-54-26#8758,93660,test,[],healthy honeybee,2017-09-01_10-54-26
train/videos/2017-08-28_09-30-00-1_500_dirty_glass/2017-08-28_09-30-00-1_500_dirty_glass.mp4-bee_id_7175-33480-1.png,0,2017-08-28_09-30-00-1_500_dirty_glass,2017-08-28_09-30-00-1_500_dirty_glass#7175,33480,train,[],healthy honeybee,2017-08-28_09-30-00-1_500_dirty_glass
test/videos/2017-10-17_1-39-36/2017-10-17_1-39-36.mp4-bee_id_4811-37050-1.png,1,2017-10-17_1-39-36,2017-10-17_1-39-36#4811,37050,test,"[[77.0, 139.0, 109.0, 171.0]]",honeybee with a varroa mite,2017-10-17_1-39-36
val/videos/2017-09-25_16-03-38/2017-09-25_16-03-38.mp4-bee_id_1940-70800-1.png,0,2017-09-25_16-03-38,2017-09-25_16-03-38#1940,70800,val,[],healthy honeybee,2017-09-25_16-03-38
train/videos/2017-09-20_19-24-55/2017-09-20_19-24-55.mp4-bee_id_6638-106365-1.png,0,2017-09-20_19-24-55,2017-09-20_19-24-55#6638,106365,train,[],healthy honeybee,2017-09-20_19-24-55
val/videos/2017-09-25_16-03-38/2017-09-25_16-03-38.mp4-bee_id_1569-50745-1.png,0,2017-09-25_16-03-38,2017-09-25_16-03-38#1569,50745,val,[],healthy honeybee,2017-09-25_16-03-38
train/videos/2017-08-30_15-42-59/2017-08-30_15-42-59.mp4-bee_id_10190-60960-1.png,0,2017-08-30_15-42-59,2017-08-30_15-42-59#10190,60960,train,[],healthy honeybee,2017-08-30_15-42-59
train/videos/2017-08-30_15-42-59/2017-08-30_15-42-59.mp4-bee_id_10767-88050-1.png,0,2017-08-30_15-42-59,2017-08-30_15-42-59#10767,88050,train,[],healthy honeybee,2017-08-30_15-42-59
val/videos/2017-09-01_3-01-01/2017-09-01_3-01-01.mp4-bee_id_2568-72780-1.png,0,2017-09-01_3-01-01,2017-09-01_3-01-01#2568,72780,val,[],healthy honeybee,2017-09-01_3-01-01
val/videos/2017-08-28_16-32-55_30_sec/2017-08-28_16-32-55_30_sec.mp4-bee_id_6660-405-1.png,1,2017-08-28_16-32-55_30_sec,2017-08-28_16-32-55_30_sec#6660,405,val,"[[63.0, 106.0, 97.0, 128.0]]",honeybee with a varroa mite,2017-08-28_16-32-55_30_sec
test/videos/2017-09-01_10-54-26/2017-09-01_10-54-26.mp4-bee_id_8780-94395-1.png,1,2017-09-01_10-54-26,2017-09-01_10-54-26#8780,94395,test,"[[50.0, 110.0, 74.0, 133.0]]",honeybee with a varroa mite,2017-09-01_10-54-26
train/videos/2017-09-20_19-24-55/2017-09-20_19-24-55.mp4-bee_id_3556-20985-1.png,1,2017-09-20_19-24-55,2017-09-20_19-24-55#3556,20985,train,"[[103.0, 163.0, 143.0, 197.0]]",honeybee with a varroa mite,2017-09-20_19-24-55
train/videos/2017-09-20_19-24-55/2017-09-20_19-24-55.mp4-bee_id_5455-74175-1.png,0,2017-09-20_19-24-55,2017-09-20_19-24-55#5455,74175,train,[],healthy honeybee,2017-09-20_19-24-55
test/videos/2017-10-17_1-39-36/2017-10-17_1-39-36.mp4-bee_id_5332-51555-1.png,1,2017-10-17_1-39-36,2017-10-17_1-39-36#5332,51555,test,"[[43.0, 75.0, 76.0, 103.0]]",honeybee with a varroa mite,2017-10-17_1-39-36
train/videos/2017-09-20_19-24-55/2017-09-20_19-24-55.mp4-bee_id_5545-76500-1.png,1,2017-09-20_19-24-55,2017-09-20_19-24-55#5545,76500,train,"[[90.0, 145.0, 122.0, 191.0], [29.0, 132.0, 77.0, 185.0]]",honeybee with a varroa mite,2017-09-20_19-24-55
train/videos/2017-08-28_09-30-00-1_500_dirty_glass/2017-08-28_09-30-00-1_500_dirty_glass.mp4-bee_id_7458-50580-1.png,1,2017-08-28_09-30-00-1_500_dirty_glass,2017-08-28_09-30-00-1_500_dirty_glass#7458,50580,train,"[[76.0, 106.0, 108.0, 134.0]]",honeybee with a varroa mite,2017-08-28_09-30-00-1_500_dirty_glass
test/videos/2017-10-17_1-39-36/2017-10-17_1-39-36.mp4-bee_id_4233-21525-1.png,0,2017-10-17_1-39-36,2017-10-17_1-39-36#4233,21525,test,[],healthy honeybee,2017-10-17_1-39-36
train/videos/2017-09-20_19-24-55/2017-09-20_19-24-55.mp4-bee_id_4021-33825-1.png,1,2017-09-20_19-24-55,2017-09-20_19-24-55#4021,33825,train,"[[21.0, 86.0, 64.0, 126.0]]",honeybee with a varroa mite,2017-09-20_19-24-55
test/videos/2017-09-01_10-54-26/2017-09-01_10-54-26.mp4-bee_id_8261-49815-1.png,1,2017-09-01_10-54-26,2017-09-01_10-54-26#8261,49815,test,"[[52.0, 86.0, 81.0, 106.0]]",honeybee with a varroa mite,2017-09-01_10-54-26
train/videos/2017-09-20_19-24-55/2017-09-20_19-24-55.mp4-bee_id_4181-37980-1.png,1,2017-09-20_19-24-55,2017-09-20_19-24-55#4181,37980,train,"[[107.0, 149.0, 148.0, 187.0]]",honeybee with a varroa mite,2017-09-20_19-24-55
test/videos/2017-09-01_10-54-26/2017-09-01_10-54-26.mp4-bee_id_8571-83790-1.png,0,2017-09-01_10-54-26,2017-09-01_10-54-26#8571,83790,test,[],healthy honeybee,2017-09-01_10-54-26
train/videos/2017-09-20_19-24-55/2017-09-20_19-24-55.mp4-bee_id_4327-42180-1.png,1,2017-09-20_19-24-55,2017-09-20_19-24-55#4327,42180,train,"[[47.0, 148.0, 79.0, 194.0]]",honeybee with a varroa mite,2017-09-20_19-24-55
val/videos/2017-09-01_3-01-01/2017-09-01_3-01-01.mp4-bee_id_2291-48075-1.png,1,2017-09-01_3-01-01,2017-09-01_3-01-01#2291,48075,val,"[[61.0, 154.0, 94.0, 178.0], [67.0, 177.0, 99.0, 205.0]]",honeybee with a varroa mite,2017-09-01_3-01-01
train/videos/2017-08-28_09-30-00-1_500_dirty_glass/2017-08-28_09-30-00-1_500_dirty_glass.mp4-bee_id_7004-22860-1.png,0,2017-08-28_09-30-00-1_500_dirty_glass,2017-08-28_09-30-00-1_500_dirty_glass#7004,22860,train,[],healthy honeybee,2017-08-28_09-30-00-1_500_dirty_glass
train/videos/2017-09-20_19-24-55/2017-09-20_19-24-55.mp4-bee_id_4519-47715-1.png,0,2017-09-20_19-24-55,2017-09-20_19-24-55#4519,47715,train,[],healthy honeybee,2017-09-20_19-24-55
val/videos/2017-09-01_3-01-01/2017-09-01_3-01-01.mp4-bee_id_2276-46500-1.png,1,2017-09-01_3-01-01,2017-09-01_3-01-01#2276,46500,val,"[[51.0, 101.0, 98.0, 137.0], [44.0, 78.0, 81.0, 116.0]]",honeybee with a varroa mite,2017-09-01_3-01-01
train/videos/2017-09-20_19-24-55/2017-09-20_19-24-55.mp4-bee_id_3972-32265-1.png,0,2017-09-20_19-24-55,2017-09-20_19-24-55#3972,32265,train,[],healthy honeybee,2017-09-20_19-24-55
train/videos/2017-08-28_09-30-00-1_500_dirty_glass/2017-08-28_09-30-00-1_500_dirty_glass.mp4-bee_id_7189-34230-1.png,1,2017-08-28_09-30-00-1_500_dirty_glass,2017-08-28_09-30-00-1_500_dirty_glass#7189,34230,train,"[[79.0, 137.0, 120.0, 167.0]]",honeybee with a varroa mite,2017-08-28_09-30-00-1_500_dirty_glass
test/videos/2017-10-17_1-39-36/2017-10-17_1-39-36.mp4-bee_id_5834-64380-1.png,0,2017-10-17_1-39-36,2017-10-17_1-39-36#5834,64380,test,[],healthy honeybee,2017-10-17_1-39-36
test/videos/2017-09-01_10-54-26/2017-09-01_10-54-26.mp4-bee_id_8043-33000-1.png,1,2017-09-01_10-54-26,2017-09-01_10-54-26#8043,33000,test,"[[70.0, 102.0, 99.0, 128.0], [38.0, 109.0, 76.0, 135.0]]",honeybee with a varroa mite,2017-09-01_10-54-26
train/videos/2017-08-28_09-30-00-1_500_dirty_glass/2017-08-28_09-30-00-1_500_dirty_glass.mp4-bee_id_7320-44400-1.png,1,2017-08-28_09-30-00-1_500_dirty_glass,2017-08-28_09-30-00-1_500_dirty_glass#7320,44400,train,"[[55.0, 127.0, 81.0, 155.0]]",honeybee with a varroa mite,2017-08-28_09-30-00-1_500_dirty_glass
train/videos/2017-08-30_15-42-59/2017-08-30_15-42-59.mp4-bee_id_9425-19920-1.png,0,2017-08-30_15-42-59,2017-08-30_15-42-59#9425,19920,train,[],healthy honeybee,2017-08-30_15-42-59
train/videos/2017-08-28_09-30-00-1_500_dirty_glass/2017-08-28_09-30-00-1_500_dirty_glass.mp4-bee_id_6785-13665-1.png,0,2017-08-28_09-30-00-1_500_dirty_glass,2017-08-28_09-30-00-1_500_dirty_glass#6785,13665,train,[],healthy honeybee,2017-08-28_09-30-00-1_500_dirty_glass
train/videos/2017-09-20_19-24-55/2017-09-20_19-24-55.mp4-bee_id_6293-97290-1.png,0,2017-09-20_19-24-55,2017-09-20_19-24-55#6293,97290,train,[],healthy honeybee,2017-09-20_19-24-55
train/videos/2017-09-20_19-24-55/2017-09-20_19-24-55.mp4-bee_id_4723-53415-1.png,1,2017-09-20_19-24-55,2017-09-20_19-24-55#4723,53415,train,"[[42.0, 97.0, 76.0, 120.0]]",honeybee with a varroa mite,2017-09-20_19-24-55
test/videos/2017-10-17_1-39-36/2017-10-17_1-39-36.mp4-bee_id_3649-5070-1.png,0,2017-10-17_1-39-36,2017-10-17_1-39-36#3649,5070,test,[],healthy honeybee,2017-10-17_1-39-36
test/videos/2017-09-01_10-54-26/2017-09-01_10-54-26.mp4-bee_id_8776-94230-1.png,0,2017-09-01_10-54-26,2017-09-01_10-54-26#8776,94230,test,[],healthy honeybee,2017-09-01_10-54-26
train/videos/2017-08-30_15-42-59/2017-08-30_15-42-59.mp4-bee_id_9139-1650-1.png,0,2017-08-30_15-42-59,2017-08-30_15-42-59#9139,1650,train,[],healthy honeybee,2017-08-30_15-42-59
train/videos/2017-10-17_16-41-10/2017-10-17_16-41-10.mp4-bee_id_7052-5595-1.png,0,2017-10-17_16-41-10,2017-10-17_16-41-10#7052,5595,train,[],healthy honeybee,2017-10-17_16-41-10
test/videos/2017-10-17_1-39-36/2017-10-17_1-39-36.mp4-bee_id_3792-8715-1.png,0,2017-10-17_1-39-36,2017-10-17_1-39-36#3792,8715,test,[],healthy honeybee,2017-10-17_1-39-36
train/videos/2017-08-28_09-30-00-1_500_dirty_glass/2017-08-28_09-30-00-1_500_dirty_glass.mp4-bee_id_7448-50085-1.png,0,2017-08-28_09-30-00-1_500_dirty_glass,2017-08-28_09-30-00-1_500_dirty_glass#7448,50085,train,[],healthy honeybee,2017-08-28_09-30-00-1_500_dirty_glass
train/videos/2017-08-28_09-30-00-1_500_dirty_glass/2017-08-28_09-30-00-1_500_dirty_glass.mp4-bee_id_6987-22485-1.png,0,2017-08-28_09-30-00-1_500_dirty_glass,2017-08-28_09-30-00-1_500_dirty_glass#6987,22485,train,[],healthy honeybee,2017-08-28_09-30-00-1_500_dirty_glass
val/videos/2017-09-25_16-03-38/2017-09-25_16-03-38.mp4-bee_id_1988-74160-1.png,0,2017-09-25_16-03-38,2017-09-25_16-03-38#1988,74160,val,[],healthy honeybee,2017-09-25_16-03-38
train/videos/2017-09-25_16-03-38-2/2017-09-25_16-03-38.mp4-bee_id_657-24510-1.png,0,2017-09-25_16-03-38,2017-09-25_16-03-38#657,24510,train,[],healthy honeybee,2017-09-25_16-03-38
train/videos/2017-08-30_15-42-59/2017-08-30_15-42-59.mp4-bee_id_10313-64800-1.png,0,2017-08-30_15-42-59,2017-08-30_15-42-59#10313,64800,train,[],healthy honeybee,2017-08-30_15-42-59
train/videos/2017-09-20_19-24-55/2017-09-20_19-24-55.mp4-bee_id_4829-56175-1.png,0,2017-09-20_19-24-55,2017-09-20_19-24-55#4829,56175,train,[],healthy honeybee,2017-09-20_19-24-55
test/videos/2017-09-01_10-54-26/2017-09-01_10-54-26.mp4-bee_id_8027-32325-1.png,0,2017-09-01_10-54-26,2017-09-01_10-54-26#8027,32325,test,[],healthy honeybee,2017-09-01_10-54-26
val/videos/2017-09-01_20-00-17/2017-09-01_20-00-17.mp4-bee_id_203-90525-1.png,0,2017-09-01_20-00-17,2017-09-01_20-00-17#203,90525,val,[],healthy honeybee,2017-09-01_20-00-17
val/videos/2017-09-01_3-01-01/2017-09-01_3-01-01.mp4-bee_id_2244-18225-1.png,0,2017-09-01_3-01-01,2017-09-01_3-01-01#2244,18225,val,[],healthy honeybee,2017-09-01_3-01-01
train/videos/2017-08-30_15-42-59/2017-08-30_15-42-59.mp4-bee_id_10658-84765-1.png,0,2017-08-30_15-42-59,2017-08-30_15-42-59#10658,84765,train,[],healthy honeybee,2017-08-30_15-42-59
train/videos/2017-08-28_09-30-00-1_500_dirty_glass/2017-08-28_09-30-00-1_500_dirty_glass.mp4-bee_id_7400-47940-1.png,0,2017-08-28_09-30-00-1_500_dirty_glass,2017-08-28_09-30-00-1_500_dirty_glass#7400,47940,train,[],healthy honeybee,2017-08-28_09-30-00-1_500_dirty_glass
val/videos/2017-08-28_16-32-55_30_sec/2017-08-28_16-32-55_30_sec.mp4-bee_id_6684-870-1.png,0,2017-08-28_16-32-55_30_sec,2017-08-28_16-32-55_30_sec#6684,870,val,[],healthy honeybee,2017-08-28_16-32-55_30_sec
val/videos/2017-09-25_16-03-38/2017-09-25_16-03-38.mp4-bee_id_1406-46080-1.png,1,2017-09-25_16-03-38,2017-09-25_16-03-38#1406,46080,val,"[[23.0, 97.0, 62.0, 129.0]]",honeybee with a varroa mite,2017-09-25_16-03-38
test/videos/2017-10-17_1-39-36/2017-10-17_1-39-36.mp4-bee_id_5774-62790-1.png,0,2017-10-17_1-39-36,2017-10-17_1-39-36#5774,62790,test,[],healthy honeybee,2017-10-17_1-39-36
train/videos/2017-08-28_09-30-00-1_500_dirty_glass/2017-08-28_09-30-00-1_500_dirty_glass.mp4-bee_id_6746-11085-1.png,0,2017-08-28_09-30-00-1_500_dirty_glass,2017-08-28_09-30-00-1_500_dirty_glass#6746,11085,train,[],healthy honeybee,2017-08-28_09-30-00-1_500_dirty_glass
train/videos/2017-08-28_09-30-00-1_500_dirty_glass/2017-08-28_09-30-00-1_500_dirty_glass.mp4-bee_id_7191-34425-1.png,0,2017-08-28_09-30-00-1_500_dirty_glass,2017-08-28_09-30-00-1_500_dirty_glass#7191,34425,train,[],healthy honeybee,2017-08-28_09-30-00-1_500_dirty_glass
train/videos/2017-08-30_15-42-59/2017-08-30_15-42-59.mp4-bee_id_9393-16695-1.png,0,2017-08-30_15-42-59,2017-08-30_15-42-59#9393,16695,train,[],healthy honeybee,2017-08-30_15-42-59
val/videos/2017-09-25_16-03-38/2017-09-25_16-03-38.mp4-bee_id_2089-80730-1.png,0,2017-09-25_16-03-38,2017-09-25_16-03-38#2089,80730,val,[],healthy honeybee,2017-09-25_16-03-38
train/videos/2017-08-30_15-42-59/2017-08-30_15-42-59.mp4-bee_id_10730-86880-1.png,1,2017-08-30_15-42-59,2017-08-30_15-42-59#10730,86880,train,"[[102.0, 92.0, 122.0, 116.0]]",honeybee with a varroa mite,2017-08-30_15-42-59
train/videos/2017-09-20_19-24-55/2017-09-20_19-24-55.mp4-bee_id_5290-68970-1.png,0,2017-09-20_19-24-55,2017-09-20_19-24-55#5290,68970,train,[],healthy honeybee,2017-09-20_19-24-55
train/videos/2017-09-20_19-24-55/2017-09-20_19-24-55.mp4-bee_id_4432-45420-1.png,0,2017-09-20_19-24-55,2017-09-20_19-24-55#4432,45420,train,[],healthy honeybee,2017-09-20_19-24-55
train/videos/2017-09-20_19-24-55/2017-09-20_19-24-55.mp4-bee_id_6502-102735-1.png,1,2017-09-20_19-24-55,2017-09-20_19-24-55#6502,102735,train,"[[97.0, 113.0, 132.0, 147.0]]",honeybee with a varroa mite,2017-09-20_19-24-55
train/videos/2017-09-25_16-03-38-2/2017-09-25_16-03-38.mp4-bee_id_653-24300-1.png,0,2017-09-25_16-03-38,2017-09-25_16-03-38#653,24300,train,[],healthy honeybee,2017-09-25_16-03-38
test/videos/2017-10-17_1-39-36/2017-10-17_1-39-36.mp4-bee_id_5674-60300-1.png,0,2017-10-17_1-39-36,2017-10-17_1-39-36#5674,60300,test,[],healthy honeybee,2017-10-17_1-39-36
train/videos/2017-10-17_16-41-10/2017-10-17_16-41-10.mp4-bee_id_7080-6555-1.png,0,2017-10-17_16-41-10,2017-10-17_16-41-10#7080,6555,train,[],healthy honeybee,2017-10-17_16-41-10
test/videos/2017-10-17_1-39-36/2017-10-17_1-39-36.mp4-bee_id_4242-21765-1.png,0,2017-10-17_1-39-36,2017-10-17_1-39-36#4242,21765,test,[],healthy honeybee,2017-10-17_1-39-36
train/videos/2017-08-28_09-30-00-1_500_dirty_glass/2017-08-28_09-30-00-1_500_dirty_glass.mp4-bee_id_6964-21705-1.png,0,2017-08-28_09-30-00-1_500_dirty_glass,2017-08-28_09-30-00-1_500_dirty_glass#6964,21705,train,[],healthy honeybee,2017-08-28_09-30-00-1_500_dirty_glass
train/videos/2017-09-20_19-24-55/2017-09-20_19-24-55.mp4-bee_id_6466-101790-1.png,1,2017-09-20_19-24-55,2017-09-20_19-24-55#6466,101790,train,"[[84.0, 110.0, 125.0, 142.0]]",honeybee with a varroa mite,2017-09-20_19-24-55
test/videos/2017-10-17_1-39-36/2017-10-17_1-39-36.mp4-bee_id_4147-19230-1.png,1,2017-10-17_1-39-36,2017-10-17_1-39-36#4147,19230,test,"[[33.0, 149.0, 69.0, 181.0], [86.0, 156.0, 112.0, 194.0]]",honeybee with a varroa mite,2017-10-17_1-39-36
test/videos/2017-09-01_10-54-26/2017-09-01_10-54-26.mp4-bee_id_8552-82710-1.png,0,2017-09-01_10-54-26,2017-09-01_10-54-26#8552,82710,test,[],healthy honeybee,2017-09-01_10-54-26
val/videos/2017-09-01_20-00-17/2017-09-01_20-00-17.mp4-bee_id_83-29655-1.png,0,2017-09-01_20-00-17,2017-09-01_20-00-17#83,29655,val,[],healthy honeybee,2017-09-01_20-00-17
train/videos/2017-08-28_09-30-00-1_500_dirty_glass/2017-08-28_09-30-00-1_500_dirty_glass.mp4-bee_id_6854-15975-1.png,0,2017-08-28_09-30-00-1_500_dirty_glass,2017-08-28_09-30-00-1_500_dirty_glass#6854,15975,train,[],healthy honeybee,2017-08-28_09-30-00-1_500_dirty_glass
val/videos/2017-09-29_15-31-49/2017-09-29_15-31-49.mp4-bee_id_5-60-1.png,0,2017-09-29_15-31-49,2017-09-29_15-31-49#5,60,val,[],healthy honeybee,2017-09-29_15-31-49
test/videos/2017-09-01_10-54-26/2017-09-01_10-54-26.mp4-bee_id_8817-95835-1.png,1,2017-09-01_10-54-26,2017-09-01_10-54-26#8817,95835,test,"[[47.0, 112.0, 75.0, 140.0]]",honeybee with a varroa mite,2017-09-01_10-54-26
test/videos/2017-10-17_1-39-36/2017-10-17_1-39-36.mp4-bee_id_4560-30390-1.png,0,2017-10-17_1-39-36,2017-10-17_1-39-36#4560,30390,test,[],healthy honeybee,2017-10-17_1-39-36
train/videos/2017-09-20_19-24-55/2017-09-20_19-24-55.mp4-bee_id_5710-81165-1.png,0,2017-09-20_19-24-55,2017-09-20_19-24-55#5710,81165,train,[],healthy honeybee,2017-09-20_19-24-55
train/videos/2017-08-30_15-42-59/2017-08-30_15-42-59.mp4-bee_id_9245-5310-1.png,0,2017-08-30_15-42-59,2017-08-30_15-42-59#9245,5310,train,[],healthy honeybee,2017-08-30_15-42-59
test/videos/2017-09-01_10-54-26/2017-09-01_10-54-26.mp4-bee_id_9037-104625-1.png,0,2017-09-01_10-54-26,2017-09-01_10-54-26#9037,104625,test,[],healthy honeybee,2017-09-01_10-54-26
val/videos/2017-09-01_20-00-17/2017-09-01_20-00-17.mp4-bee_id_9-1950-1.png,1,2017-09-01_20-00-17,2017-09-01_20-00-17#9,1950,val,"[[58.0, 137.0, 84.0, 167.0], [72.0, 108.0, 94.0, 138.0]]",honeybee with a varroa mite,2017-09-01_20-00-17
train/videos/2017-09-20_19-24-55/2017-09-20_19-24-55.mp4-bee_id_6073-91380-1.png,0,2017-09-20_19-24-55,2017-09-20_19-24-55#6073,91380,train,[],healthy honeybee,2017-09-20_19-24-55
train/videos/2017-08-30_15-42-59/2017-08-30_15-42-59.mp4-bee_id_9668-38715-1.png,1,2017-08-30_15-42-59,2017-08-30_15-42-59#9668,38715,train,"[[87.0, 106.0, 127.0, 125.0]]",honeybee with a varroa mite,2017-08-30_15-42-59
train/videos/2017-09-25_16-03-38-2/2017-09-25_16-03-38.mp4-bee_id_984-33930-1.png,0,2017-09-25_16-03-38,2017-09-25_16-03-38#984,33930,train,[],healthy honeybee,2017-09-25_16-03-38
test/videos/2017-09-01_10-54-26/2017-09-01_10-54-26.mp4-bee_id_8086-34995-1.png,1,2017-09-01_10-54-26,2017-09-01_10-54-26#8086,34995,test,"[[59.0, 114.0, 87.0, 142.0]]",honeybee with a varroa mite,2017-09-01_10-54-26
train/videos/2017-09-20_19-24-55/2017-09-20_19-24-55.mp4-bee_id_4240-39435-1.png,0,2017-09-20_19-24-55,2017-09-20_19-24-55#4240,39435,train,[],healthy honeybee,2017-09-20_19-24-55
train/videos/2017-09-20_19-24-55/2017-09-20_19-24-55.mp4-bee_id_3849-28485-1.png,1,2017-09-20_19-24-55,2017-09-20_19-24-55#3849,28485,train,"[[44.0, 157.0, 64.0, 185.0]]",honeybee with a varroa mite,2017-09-20_19-24-55
train/videos/2017-09-20_19-24-55/2017-09-20_19-24-55.mp4-bee_id_3683-24405-1.png,0,2017-09-20_19-24-55,2017-09-20_19-24-55#3683,24405,train,[],healthy honeybee,2017-09-20_19-24-55
test/videos/2017-10-17_1-39-36/2017-10-17_1-39-36.mp4-bee_id_4429-26850-1.png,1,2017-10-17_1-39-36,2017-10-17_1-39-36#4429,26850,test,"[[33.0, 86.0, 63.0, 127.0]]",honeybee with a varroa mite,2017-10-17_1-39-36
train/videos/2017-08-30_15-42-59/2017-08-30_15-42-59.mp4-bee_id_10627-83430-1.png,0,2017-08-30_15-42-59,2017-08-30_15-42-59#10627,83430,train,[],healthy honeybee,2017-08-30_15-42-59
test/videos/2017-09-01_10-54-26/2017-09-01_10-54-26.mp4-bee_id_8090-35100-1.png,0,2017-09-01_10-54-26,2017-09-01_10-54-26#8090,35100,test,[],healthy honeybee,2017-09-01_10-54-26
train/videos/2017-08-28_09-30-00-1_500_dirty_glass/2017-08-28_09-30-00-1_500_dirty_glass.mp4-bee_id_7611-58470-1.png,0,2017-08-28_09-30-00-1_500_dirty_glass,2017-08-28_09-30-00-1_500_dirty_glass#7611,58470,train,[],healthy honeybee,2017-08-28_09-30-00-1_500_dirty_glass
test/videos/2017-10-17_1-39-36/2017-10-17_1-39-36.mp4-bee_id_4230-21450-1.png,0,2017-10-17_1-39-36,2017-10-17_1-39-36#4230,21450,test,[],healthy honeybee,2017-10-17_1-39-36
train/videos/2017-09-20_19-24-55/2017-09-20_19-24-55.mp4-bee_id_6535-103605-1.png,0,2017-09-20_19-24-55,2017-09-20_19-24-55#6535,103605,train,[],healthy honeybee,2017-09-20_19-24-55
val/videos/2017-09-01_3-01-01/2017-09-01_3-01-01.mp4-bee_id_2335-50715-1.png,1,2017-09-01_3-01-01,2017-09-01_3-01-01#2335,50715,val,"[[53.0, 106.0, 89.0, 143.0], [45.0, 87.0, 81.0, 117.0]]",honeybee with a varroa mite,2017-09-01_3-01-01
train/videos/2017-09-20_19-24-55/2017-09-20_19-24-55.mp4-bee_id_6275-96840-1.png,1,2017-09-20_19-24-55,2017-09-20_19-24-55#6275,96840,train,"[[89.0, 152.0, 129.0, 185.0], [35.0, 151.0, 73.0, 190.0]]",honeybee with a varroa mite,2017-09-20_19-24-55
test/videos/2017-09-01_10-54-26/2017-09-01_10-54-26.mp4-bee_id_8909-99645-1.png,1,2017-09-01_10-54-26,2017-09-01_10-54-26#8909,99645,test,"[[54.0, 113.0, 78.0, 137.0]]",honeybee with a varroa mite,2017-09-01_10-54-26
test/videos/2017-09-01_10-54-26/2017-09-01_10-54-26.mp4-bee_id_7907-24645-1.png,1,2017-09-01_10-54-26,2017-09-01_10-54-26#7907,24645,test,"[[60.0, 105.0, 94.0, 129.0]]",honeybee with a varroa mite,2017-09-01_10-54-26
test/videos/2017-09-01_10-54-26/2017-09-01_10-54-26.mp4-bee_id_8796-94980-1.png,1,2017-09-01_10-54-26,2017-09-01_10-54-26#8796,94980,test,"[[43.0, 105.0, 68.0, 125.0]]",honeybee with a varroa mite,2017-09-01_10-54-26
test/videos/2017-10-17_1-39-36/2017-10-17_1-39-36.mp4-bee_id_4619-31950-1.png,0,2017-10-17_1-39-36,2017-10-17_1-39-36#4619,31950,test,[],healthy honeybee,2017-10-17_1-39-36
test/videos/2017-09-01_10-54-26/2017-09-01_10-54-26.mp4-bee_id_8733-92025-1.png,0,2017-09-01_10-54-26,2017-09-01_10-54-26#8733,92025,test,[],healthy honeybee,2017-09-01_10-54-26
test/videos/2017-10-17_1-39-36/2017-10-17_1-39-36.mp4-bee_id_3724-6930-1.png,0,2017-10-17_1-39-36,2017-10-17_1-39-36#3724,6930,test,[],healthy honeybee,2017-10-17_1-39-36
test/videos/2017-10-17_1-39-36/2017-10-17_1-39-36.mp4-bee_id_5443-54060-1.png,0,2017-10-17_1-39-36,2017-10-17_1-39-36#5443,54060,test,[],healthy honeybee,2017-10-17_1-39-36
train/videos/2017-10-17_16-41-10/2017-10-17_16-41-10.mp4-bee_id_7034-4965-1.png,0,2017-10-17_16-41-10,2017-10-17_16-41-10#7034,4965,train,[],healthy honeybee,2017-10-17_16-41-10
train/videos/2017-09-20_19-24-55/2017-09-20_19-24-55.mp4-bee_id_3728-25335-1.png,1,2017-09-20_19-24-55,2017-09-20_19-24-55#3728,25335,train,"[[101.0, 135.0, 130.0, 174.0]]",honeybee with a varroa mite,2017-09-20_19-24-55
test/videos/2017-10-17_1-39-36/2017-10-17_1-39-36.mp4-bee_id_5060-44055-1.png,0,2017-10-17_1-39-36,2017-10-17_1-39-36#5060,44055,test,[],healthy honeybee,2017-10-17_1-39-36
train/videos/2017-08-28_09-30-00-1_500_dirty_glass/2017-08-28_09-30-00-1_500_dirty_glass.mp4-bee_id_6983-22260-1.png,0,2017-08-28_09-30-00-1_500_dirty_glass,2017-08-28_09-30-00-1_500_dirty_glass#6983,22260,train,[],healthy honeybee,2017-08-28_09-30-00-1_500_dirty_glass
val/videos/2017-09-25_16-03-38/2017-09-25_16-03-38.mp4-bee_id_1530-49740-1.png,0,2017-09-25_16-03-38,2017-09-25_16-03-38#1530,49740,val,[],healthy honeybee,2017-09-25_16-03-38
test/videos/2017-10-17_1-39-36/2017-10-17_1-39-36.mp4-bee_id_4328-24030-1.png,1,2017-10-17_1-39-36,2017-10-17_1-39-36#4328,24030,test,"[[41.0, 78.0, 65.0, 130.0]]",honeybee with a varroa mite,2017-10-17_1-39-36
train/videos/2017-09-20_19-24-55/2017-09-20_19-24-55.mp4-bee_id_5079-63165-1.png,1,2017-09-20_19-24-55,2017-09-20_19-24-55#5079,63165,train,"[[79.0, 147.0, 128.0, 204.0]]",honeybee with a varroa mite,2017-09-20_19-24-55
test/videos/2017-09-01_10-54-26/2017-09-01_10-54-26.mp4-bee_id_7959-28020-1.png,0,2017-09-01_10-54-26,2017-09-01_10-54-26#7959,28020,test,[],healthy honeybee,2017-09-01_10-54-26
test/videos/2017-10-17_1-39-36/2017-10-17_1-39-36.mp4-bee_id_4545-30045-1.png,0,2017-10-17_1-39-36,2017-10-17_1-39-36#4545,30045,test,[],healthy honeybee,2017-10-17_1-39-36
val/videos/2017-09-01_3-01-01/2017-09-01_3-01-01.mp4-bee_id_2712-91365-1.png,0,2017-09-01_3-01-01,2017-09-01_3-01-01#2712,91365,val,[],healthy honeybee,2017-09-01_3-01-01
train/videos/2017-10-17_16-41-10/2017-10-17_16-41-10.mp4-bee_id_6940-2115-1.png,0,2017-10-17_16-41-10,2017-10-17_16-41-10#6940,2115,train,[],healthy honeybee,2017-10-17_16-41-10
val/videos/2017-09-25_16-03-38/2017-09-25_16-03-38.mp4-bee_id_1922-69195-1.png,0,2017-09-25_16-03-38,2017-09-25_16-03-38#1922,69195,val,[],healthy honeybee,2017-09-25_16-03-38
train/videos/2017-09-20_19-24-55/2017-09-20_19-24-55.mp4-bee_id_6121-92580-1.png,1,2017-09-20_19-24-55,2017-09-20_19-24-55#6121,92580,train,"[[91.0, 156.0, 115.0, 195.0]]",honeybee with a varroa mite,2017-09-20_19-24-55
train/videos/2017-10-17_16-41-10/2017-10-17_16-41-10.mp4-bee_id_6957-2700-1.png,0,2017-10-17_16-41-10,2017-10-17_16-41-10#6957,2700,train,[],healthy honeybee,2017-10-17_16-41-10
train/videos/2017-09-25_16-03-38-2/2017-09-25_16-03-38.mp4-bee_id_938-32430-1.png,0,2017-09-25_16-03-38,2017-09-25_16-03-38#938,32430,train,[],healthy honeybee,2017-09-25_16-03-38
train/videos/2017-08-30_15-42-59/2017-08-30_15-42-59.mp4-bee_id_10706-86085-1.png,0,2017-08-30_15-42-59,2017-08-30_15-42-59#10706,86085,train,[],healthy honeybee,2017-08-30_15-42-59
train/videos/2017-08-30_15-42-59/2017-08-30_15-42-59.mp4-bee_id_10149-59730-1.png,0,2017-08-30_15-42-59,2017-08-30_15-42-59#10149,59730,train,[],healthy honeybee,2017-08-30_15-42-59
train/videos/2017-08-30_15-42-59/2017-08-30_15-42-59.mp4-bee_id_9870-48000-1.png,0,2017-08-30_15-42-59,2017-08-30_15-42-59#9870,48000,train,[],healthy honeybee,2017-08-30_15-42-59
val/videos/2017-09-01_3-01-01/2017-09-01_3-01-01.mp4-bee_id_2485-62865-1.png,0,2017-09-01_3-01-01,2017-09-01_3-01-01#2485,62865,val,[],healthy honeybee,2017-09-01_3-01-01
train/videos/2017-09-25_16-03-38-2/2017-09-25_16-03-38.mp4-bee_id_669-24855-1.png,0,2017-09-25_16-03-38,2017-09-25_16-03-38#669,24855,train,[],healthy honeybee,2017-09-25_16-03-38
test/videos/2017-09-01_10-54-26/2017-09-01_10-54-26.mp4-bee_id_8731-91950-1.png,0,2017-09-01_10-54-26,2017-09-01_10-54-26#8731,91950,test,[],healthy honeybee,2017-09-01_10-54-26
val/videos/2017-09-25_16-03-38/2017-09-25_16-03-38.mp4-bee_id_1318-43890-1.png,1,2017-09-25_16-03-38,2017-09-25_16-03-38#1318,43890,val,"[[65.0, 76.0, 97.0, 107.0]]",honeybee with a varroa mite,2017-09-25_16-03-38
train/videos/2017-09-20_19-24-55/2017-09-20_19-24-55.mp4-bee_id_5166-65325-1.png,0,2017-09-20_19-24-55,2017-09-20_19-24-55#5166,65325,train,[],healthy honeybee,2017-09-20_19-24-55
test/videos/2017-09-01_10-54-26/2017-09-01_10-54-26.mp4-bee_id_8456-68445-1.png,0,2017-09-01_10-54-26,2017-09-01_10-54-26#8456,68445,test,[],healthy honeybee,2017-09-01_10-54-26
train/videos/2017-09-20_19-24-55/2017-09-20_19-24-55.mp4-bee_id_3612-22290-1.png,0,2017-09-20_19-24-55,2017-09-20_19-24-55#3612,22290,train,[],healthy honeybee,2017-09-20_19-24-55
train/videos/2017-09-20_19-24-55/2017-09-20_19-24-55.mp4-bee_id_6503-102765-1.png,1,2017-09-20_19-24-55,2017-09-20_19-24-55#6503,102765,train,"[[13.0, 108.0, 46.0, 141.0]]",honeybee with a varroa mite,2017-09-20_19-24-55
train/videos/2017-09-25_16-03-38-2/2017-09-25_16-03-38.mp4-bee_id_1152-39195-1.png,0,2017-09-25_16-03-38,2017-09-25_16-03-38#1152,39195,train,[],healthy honeybee,2017-09-25_16-03-38
train/videos/2017-09-20_19-24-55/2017-09-20_19-24-55.mp4-bee_id_6413-100560-1.png,0,2017-09-20_19-24-55,2017-09-20_19-24-55#6413,100560,train,[],healthy honeybee,2017-09-20_19-24-55
train/videos/2017-09-20_19-24-55/2017-09-20_19-24-55.mp4-bee_id_5568-77250-1.png,0,2017-09-20_19-24-55,2017-09-20_19-24-55#5568,77250,train,[],healthy honeybee,2017-09-20_19-24-55
test/videos/2017-10-17_1-39-36/2017-10-17_1-39-36.mp4-bee_id_4647-32625-1.png,0,2017-10-17_1-39-36,2017-10-17_1-39-36#4647,32625,test,[],healthy honeybee,2017-10-17_1-39-36
test/videos/2017-09-01_10-54-26/2017-09-01_10-54-26.mp4-bee_id_8271-51570-1.png,0,2017-09-01_10-54-26,2017-09-01_10-54-26#8271,51570,test,[],healthy honeybee,2017-09-01_10-54-26
train/videos/2017-08-30_15-42-59/2017-08-30_15-42-59.mp4-bee_id_11045-103695-1.png,0,2017-08-30_15-42-59,2017-08-30_15-42-59#11045,103695,train,[],healthy honeybee,2017-08-30_15-42-59
train/videos/2017-09-25_16-03-38-2/2017-09-25_16-03-38.mp4-bee_id_1103-37620-1.png,0,2017-09-25_16-03-38,2017-09-25_16-03-38#1103,37620,train,[],healthy honeybee,2017-09-25_16-03-38
test/videos/2017-10-17_1-39-36/2017-10-17_1-39-36.mp4-bee_id_4735-34935-1.png,0,2017-10-17_1-39-36,2017-10-17_1-39-36#4735,34935,test,[],healthy honeybee,2017-10-17_1-39-36
train/videos/2017-08-28_09-30-00-1_500_dirty_glass/2017-08-28_09-30-00-1_500_dirty_glass.mp4-bee_id_7182-33870-1.png,0,2017-08-28_09-30-00-1_500_dirty_glass,2017-08-28_09-30-00-1_500_dirty_glass#7182,33870,train,[],healthy honeybee,2017-08-28_09-30-00-1_500_dirty_glass
test/videos/2017-10-17_1-39-36/2017-10-17_1-39-36.mp4-bee_id_3671-5655-1.png,0,2017-10-17_1-39-36,2017-10-17_1-39-36#3671,5655,test,[],healthy honeybee,2017-10-17_1-39-36
train/videos/2017-10-17_16-41-10/2017-10-17_16-41-10.mp4-bee_id_7266-13230-1.png,1,2017-10-17_16-41-10,2017-10-17_16-41-10#7266,13230,train,"[[34.0, 113.0, 64.0, 143.0], [77.0, 116.0, 106.0, 142.0]]",honeybee with a varroa mite,2017-10-17_16-41-10
test/videos/2017-09-01_10-54-26/2017-09-01_10-54-26.mp4-bee_id_8958-101700-1.png,1,2017-09-01_10-54-26,2017-09-01_10-54-26#8958,101700,test,"[[53.0, 115.0, 86.0, 144.0]]",honeybee with a varroa mite,2017-09-01_10-54-26
train/videos/2017-09-20_19-24-55/2017-09-20_19-24-55.mp4-bee_id_5559-76920-1.png,0,2017-09-20_19-24-55,2017-09-20_19-24-55#5559,76920,train,[],healthy honeybee,2017-09-20_19-24-55
test/videos/2017-09-01_10-54-26/2017-09-01_10-54-26.mp4-bee_id_8579-84060-1.png,1,2017-09-01_10-54-26,2017-09-01_10-54-26#8579,84060,test,"[[56.0, 101.0, 76.0, 130.0]]",honeybee with a varroa mite,2017-09-01_10-54-26
val/videos/2017-09-25_16-03-38/2017-09-25_16-03-38.mp4-bee_id_1673-53595-1.png,0,2017-09-25_16-03-38,2017-09-25_16-03-38#1673,53595,val,[],healthy honeybee,2017-09-25_16-03-38
train/videos/2017-08-30_15-42-59/2017-08-30_15-42-59.mp4-bee_id_11043-103530-1.png,0,2017-08-30_15-42-59,2017-08-30_15-42-59#11043,103530,train,[],healthy honeybee,2017-08-30_15-42-59
test/videos/2017-10-17_1-39-36/2017-10-17_1-39-36.mp4-bee_id_5024-43230-1.png,0,2017-10-17_1-39-36,2017-10-17_1-39-36#5024,43230,test,[],healthy honeybee,2017-10-17_1-39-36
test/videos/2017-10-17_1-39-36/2017-10-17_1-39-36.mp4-bee_id_5828-64245-1.png,1,2017-10-17_1-39-36,2017-10-17_1-39-36#5828,64245,test,"[[51.0, 67.0, 98.0, 108.0]]",honeybee with a varroa mite,2017-10-17_1-39-36
train/videos/2017-09-20_19-24-55/2017-09-20_19-24-55.mp4-bee_id_5064-62565-1.png,1,2017-09-20_19-24-55,2017-09-20_19-24-55#5064,62565,train,"[[64.0, 122.0, 93.0, 150.0]]",honeybee with a varroa mite,2017-09-20_19-24-55
test/videos/2017-10-17_1-39-36/2017-10-17_1-39-36.mp4-bee_id_5853-64740-1.png,0,2017-10-17_1-39-36,2017-10-17_1-39-36#5853,64740,test,[],healthy honeybee,2017-10-17_1-39-36
train/videos/2017-08-28_09-30-00-1_500_dirty_glass/2017-08-28_09-30-00-1_500_dirty_glass.mp4-bee_id_6865-16440-1.png,0,2017-08-28_09-30-00-1_500_dirty_glass,2017-08-28_09-30-00-1_500_dirty_glass#6865,16440,train,[],healthy honeybee,2017-08-28_09-30-00-1_500_dirty_glass
train/videos/2017-09-25_16-03-38-2/2017-09-25_16-03-38.mp4-bee_id_568-21030-1.png,0,2017-09-25_16-03-38,2017-09-25_16-03-38#568,21030,train,[],healthy honeybee,2017-09-25_16-03-38
train/videos/2017-08-30_15-42-59/2017-08-30_15-42-59.mp4-bee_id_9789-44130-1.png,0,2017-08-30_15-42-59,2017-08-30_15-42-59#9789,44130,train,[],healthy honeybee,2017-08-30_15-42-59
val/videos/2017-09-29_15-31-49/2017-09-29_15-31-49.mp4-bee_id_42-1065-1.png,0,2017-09-29_15-31-49,2017-09-29_15-31-49#42,1065,val,[],healthy honeybee,2017-09-29_15-31-49
train/videos/2017-08-28_09-30-00-1_500_dirty_glass/2017-08-28_09-30-00-1_500_dirty_glass.mp4-bee_id_6875-17535-1.png,0,2017-08-28_09-30-00-1_500_dirty_glass,2017-08-28_09-30-00-1_500_dirty_glass#6875,17535,train,[],healthy honeybee,2017-08-28_09-30-00-1_500_dirty_glass
train/videos/2017-08-30_15-42-59/2017-08-30_15-42-59.mp4-bee_id_11002-102045-1.png,0,2017-08-30_15-42-59,2017-08-30_15-42-59#11002,102045,train,[],healthy honeybee,2017-08-30_15-42-59
test/videos/2017-10-17_1-39-36/2017-10-17_1-39-36.mp4-bee_id_4813-37065-1.png,0,2017-10-17_1-39-36,2017-10-17_1-39-36#4813,37065,test,[],healthy honeybee,2017-10-17_1-39-36
train/videos/2017-08-28_09-30-00-1_500_dirty_glass/2017-08-28_09-30-00-1_500_dirty_glass.mp4-bee_id_6880-17700-1.png,0,2017-08-28_09-30-00-1_500_dirty_glass,2017-08-28_09-30-00-1_500_dirty_glass#6880,17700,train,[],healthy honeybee,2017-08-28_09-30-00-1_500_dirty_glass
test/videos/2017-10-17_1-39-36/2017-10-17_1-39-36.mp4-bee_id_4101-17940-1.png,0,2017-10-17_1-39-36,2017-10-17_1-39-36#4101,17940,test,[],healthy honeybee,2017-10-17_1-39-36
train/videos/2017-09-20_19-24-55/2017-09-20_19-24-55.mp4-bee_id_3229-12150-1.png,0,2017-09-20_19-24-55,2017-09-20_19-24-55#3229,12150,train,[],healthy honeybee,2017-09-20_19-24-55
train/videos/2017-09-20_19-24-55/2017-09-20_19-24-55.mp4-bee_id_4880-57840-1.png,0,2017-09-20_19-24-55,2017-09-20_19-24-55#4880,57840,train,[],healthy honeybee,2017-09-20_19-24-55
train/videos/2017-09-25_16-03-38-2/2017-09-25_16-03-38.mp4-bee_id_961-33180-1.png,1,2017-09-25_16-03-38,2017-09-25_16-03-38#961,33180,train,"[[87.0, 133.0, 132.0, 164.0]]",honeybee with a varroa mite,2017-09-25_16-03-38
test/videos/2017-10-17_1-39-36/2017-10-17_1-39-36.mp4-bee_id_4817-37215-1.png,0,2017-10-17_1-39-36,2017-10-17_1-39-36#4817,37215,test,[],healthy honeybee,2017-10-17_1-39-36
test/videos/2017-10-17_1-39-36/2017-10-17_1-39-36.mp4-bee_id_6001-68265-1.png,0,2017-10-17_1-39-36,2017-10-17_1-39-36#6001,68265,test,[],healthy honeybee,2017-10-17_1-39-36
test/videos/2017-10-17_1-39-36/2017-10-17_1-39-36.mp4-bee_id_4561-30435-1.png,0,2017-10-17_1-39-36,2017-10-17_1-39-36#4561,30435,test,[],healthy honeybee,2017-10-17_1-39-36
train/videos/2017-09-20_19-24-55/2017-09-20_19-24-55.mp4-bee_id_3887-29550-1.png,0,2017-09-20_19-24-55,2017-09-20_19-24-55#3887,29550,train,[],healthy honeybee,2017-09-20_19-24-55
train/videos/2017-09-25_16-03-38-2/2017-09-25_16-03-38.mp4-bee_id_800-28380-1.png,0,2017-09-25_16-03-38,2017-09-25_16-03-38#800,28380,train,[],healthy honeybee,2017-09-25_16-03-38
train/videos/2017-08-30_15-42-59/2017-08-30_15-42-59.mp4-bee_id_9154-2190-1.png,0,2017-08-30_15-42-59,2017-08-30_15-42-59#9154,2190,train,[],healthy honeybee,2017-08-30_15-42-59
val/videos/2017-09-01_3-01-01/2017-09-01_3-01-01.mp4-bee_id_2761-104625-1.png,1,2017-09-01_3-01-01,2017-09-01_3-01-01#2761,104625,val,"[[64.0, 153.0, 97.0, 190.0]]",honeybee with a varroa mite,2017-09-01_3-01-01
test/videos/2017-09-01_10-54-26/2017-09-01_10-54-26.mp4-bee_id_8857-97350-1.png,0,2017-09-01_10-54-26,2017-09-01_10-54-26#8857,97350,test,[],healthy honeybee,2017-09-01_10-54-26
val/videos/2017-09-01_3-01-01/2017-09-01_3-01-01.mp4-bee_id_2402-56805-1.png,0,2017-09-01_3-01-01,2017-09-01_3-01-01#2402,56805,val,[],healthy honeybee,2017-09-01_3-01-01
train/videos/2017-09-20_19-24-55/2017-09-20_19-24-55.mp4-bee_id_5609-78450-1.png,0,2017-09-20_19-24-55,2017-09-20_19-24-55#5609,78450,train,[],healthy honeybee,2017-09-20_19-24-55
train/videos/2017-09-25_16-03-38-2/2017-09-25_16-03-38.mp4-bee_id_772-27480-1.png,0,2017-09-25_16-03-38,2017-09-25_16-03-38#772,27480,train,[],healthy honeybee,2017-09-25_16-03-38
train/videos/2017-08-28_09-30-00-1_500_dirty_glass/2017-08-28_09-30-00-1_500_dirty_glass.mp4-bee_id_7150-32700-1.png,1,2017-08-28_09-30-00-1_500_dirty_glass,2017-08-28_09-30-00-1_500_dirty_glass#7150,32700,train,"[[67.0, 113.0, 95.0, 133.0]]",honeybee with a varroa mite,2017-08-28_09-30-00-1_500_dirty_glass
train/videos/2017-08-30_15-42-59/2017-08-30_15-42-59.mp4-bee_id_11087-104970-1.png,0,2017-08-30_15-42-59,2017-08-30_15-42-59#11087,104970,train,[],healthy honeybee,2017-08-30_15-42-59
test/videos/2017-10-17_1-39-36/2017-10-17_1-39-36.mp4-bee_id_4237-21615-1.png,0,2017-10-17_1-39-36,2017-10-17_1-39-36#4237,21615,test,[],healthy honeybee,2017-10-17_1-39-36
train/videos/2017-09-20_19-24-55/2017-09-20_19-24-55.mp4-bee_id_5210-66630-1.png,0,2017-09-20_19-24-55,2017-09-20_19-24-55#5210,66630,train,[],healthy honeybee,2017-09-20_19-24-55
train/videos/2017-09-20_19-24-55/2017-09-20_19-24-55.mp4-bee_id_4980-60495-1.png,0,2017-09-20_19-24-55,2017-09-20_19-24-55#4980,60495,train,[],healthy honeybee,2017-09-20_19-24-55
test/videos/2017-10-17_1-39-36/2017-10-17_1-39-36.mp4-bee_id_4208-20895-1.png,0,2017-10-17_1-39-36,2017-10-17_1-39-36#4208,20895,test,[],healthy honeybee,2017-10-17_1-39-36
test/videos/2017-10-17_1-39-36/2017-10-17_1-39-36.mp4-bee_id_4524-29535-1.png,0,2017-10-17_1-39-36,2017-10-17_1-39-36#4524,29535,test,[],healthy honeybee,2017-10-17_1-39-36
test/videos/2017-10-17_1-39-36/2017-10-17_1-39-36.mp4-bee_id_3554-2475-1.png,0,2017-10-17_1-39-36,2017-10-17_1-39-36#3554,2475,test,[],healthy honeybee,2017-10-17_1-39-36
train/videos/2017-09-20_19-24-55/2017-09-20_19-24-55.mp4-bee_id_5875-85635-1.png,1,2017-09-20_19-24-55,2017-09-20_19-24-55#5875,85635,train,"[[61.0, 101.0, 117.0, 144.0]]",honeybee with a varroa mite,2017-09-20_19-24-55
train/videos/2017-08-30_15-42-59/2017-08-30_15-42-59.mp4-bee_id_9459-24450-1.png,1,2017-08-30_15-42-59,2017-08-30_15-42-59#9459,24450,train,"[[41.0, 152.0, 78.0, 186.0]]",honeybee with a varroa mite,2017-08-30_15-42-59
test/videos/2017-10-17_1-39-36/2017-10-17_1-39-36.mp4-bee_id_4464-27900-1.png,0,2017-10-17_1-39-36,2017-10-17_1-39-36#4464,27900,test,[],healthy honeybee,2017-10-17_1-39-36
test/videos/2017-09-01_10-54-26/2017-09-01_10-54-26.mp4-bee_id_8372-62205-1.png,0,2017-09-01_10-54-26,2017-09-01_10-54-26#8372,62205,test,[],healthy honeybee,2017-09-01_10-54-26
train/videos/2017-09-20_19-24-55/2017-09-20_19-24-55.mp4-bee_id_3467-18840-1.png,0,2017-09-20_19-24-55,2017-09-20_19-24-55#3467,18840,train,[],healthy honeybee,2017-09-20_19-24-55
test/videos/2017-10-17_1-39-36/2017-10-17_1-39-36.mp4-bee_id_5810-63705-1.png,0,2017-10-17_1-39-36,2017-10-17_1-39-36#5810,63705,test,[],healthy honeybee,2017-10-17_1-39-36
test/videos/2017-10-17_1-39-36/2017-10-17_1-39-36.mp4-bee_id_5357-52095-1.png,0,2017-10-17_1-39-36,2017-10-17_1-39-36#5357,52095,test,[],healthy honeybee,2017-10-17_1-39-36
test/videos/2017-09-01_10-54-26/2017-09-01_10-54-26.mp4-bee_id_8684-89430-1.png,0,2017-09-01_10-54-26,2017-09-01_10-54-26#8684,89430,test,[],healthy honeybee,2017-09-01_10-54-26
train/videos/2017-09-20_19-24-55/2017-09-20_19-24-55.mp4-bee_id_4982-60555-1.png,0,2017-09-20_19-24-55,2017-09-20_19-24-55#4982,60555,train,[],healthy honeybee,2017-09-20_19-24-55
train/videos/2017-09-20_19-24-55/2017-09-20_19-24-55.mp4-bee_id_4560-48975-1.png,0,2017-09-20_19-24-55,2017-09-20_19-24-55#4560,48975,train,[],healthy honeybee,2017-09-20_19-24-55
train/videos/2017-09-20_19-24-55/2017-09-20_19-24-55.mp4-bee_id_4230-39195-1.png,0,2017-09-20_19-24-55,2017-09-20_19-24-55#4230,39195,train,[],healthy honeybee,2017-09-20_19-24-55
train/videos/2017-08-30_15-42-59/2017-08-30_15-42-59.mp4-bee_id_10844-93480-1.png,0,2017-08-30_15-42-59,2017-08-30_15-42-59#10844,93480,train,[],healthy honeybee,2017-08-30_15-42-59
train/videos/2017-08-30_15-42-59/2017-08-30_15-42-59.mp4-bee_id_9606-34455-1.png,0,2017-08-30_15-42-59,2017-08-30_15-42-59#9606,34455,train,[],healthy honeybee,2017-08-30_15-42-59
train/videos/2017-09-20_19-24-55/2017-09-20_19-24-55.mp4-bee_id_3791-26820-1.png,0,2017-09-20_19-24-55,2017-09-20_19-24-55#3791,26820,train,[],healthy honeybee,2017-09-20_19-24-55
train/videos/2017-10-17_16-41-10/2017-10-17_16-41-10.mp4-bee_id_7001-4200-1.png,0,2017-10-17_16-41-10,2017-10-17_16-41-10#7001,4200,train,[],healthy honeybee,2017-10-17_16-41-10
train/videos/2017-09-20_19-24-55/2017-09-20_19-24-55.mp4-bee_id_3004-5415-1.png,0,2017-09-20_19-24-55,2017-09-20_19-24-55#3004,5415,train,[],healthy honeybee,2017-09-20_19-24-55
train/videos/2017-09-20_19-24-55/2017-09-20_19-24-55.mp4-bee_id_5712-81180-1.png,0,2017-09-20_19-24-55,2017-09-20_19-24-55#5712,81180,train,[],healthy honeybee,2017-09-20_19-24-55
train/videos/2017-08-30_15-42-59/2017-08-30_15-42-59.mp4-bee_id_10119-58860-1.png,1,2017-08-30_15-42-59,2017-08-30_15-42-59#10119,58860,train,"[[85.0, 155.0, 122.0, 199.0]]",honeybee with a varroa mite,2017-08-30_15-42-59
train/videos/2017-09-20_19-24-55/2017-09-20_19-24-55.mp4-bee_id_6192-94455-1.png,1,2017-09-20_19-24-55,2017-09-20_19-24-55#6192,94455,train,"[[80.0, 100.0, 124.0, 125.0]]",honeybee with a varroa mite,2017-09-20_19-24-55
train/videos/2017-08-30_15-42-59/2017-08-30_15-42-59.mp4-bee_id_9958-52860-1.png,1,2017-08-30_15-42-59,2017-08-30_15-42-59#9958,52860,train,"[[94.0, 88.0, 120.0, 122.0]]",honeybee with a varroa mite,2017-08-30_15-42-59
val/videos/2017-09-25_16-03-38/2017-09-25_16-03-38.mp4-bee_id_1899-66900-1.png,1,2017-09-25_16-03-38,2017-09-25_16-03-38#1899,66900,val,"[[102.0, 133.0, 137.0, 168.0]]",honeybee with a varroa mite,2017-09-25_16-03-38
train/videos/2017-08-30_15-42-59/2017-08-30_15-42-59.mp4-bee_id_9241-5145-1.png,0,2017-08-30_15-42-59,2017-08-30_15-42-59#9241,5145,train,[],healthy honeybee,2017-08-30_15-42-59
train/videos/2017-08-30_15-42-59/2017-08-30_15-42-59.mp4-bee_id_9600-34110-1.png,1,2017-08-30_15-42-59,2017-08-30_15-42-59#9600,34110,train,"[[87.0, 94.0, 112.0, 125.0]]",honeybee with a varroa mite,2017-08-30_15-42-59
train/videos/2017-09-20_19-24-55/2017-09-20_19-24-55.mp4-bee_id_4300-41205-1.png,0,2017-09-20_19-24-55,2017-09-20_19-24-55#4300,41205,train,[],healthy honeybee,2017-09-20_19-24-55
train/videos/2017-08-30_15-42-59/2017-08-30_15-42-59.mp4-bee_id_9185-3435-1.png,0,2017-08-30_15-42-59,2017-08-30_15-42-59#9185,3435,train,[],healthy honeybee,2017-08-30_15-42-59
train/videos/2017-08-30_15-42-59/2017-08-30_15-42-59.mp4-bee_id_10485-77610-1.png,0,2017-08-30_15-42-59,2017-08-30_15-42-59#10485,77610,train,[],healthy honeybee,2017-08-30_15-42-59
train/videos/2017-08-28_09-30-00-1_500_dirty_glass/2017-08-28_09-30-00-1_500_dirty_glass.mp4-bee_id_7063-29505-1.png,0,2017-08-28_09-30-00-1_500_dirty_glass,2017-08-28_09-30-00-1_500_dirty_glass#7063,29505,train,[],healthy honeybee,2017-08-28_09-30-00-1_500_dirty_glass
train/videos/2017-09-20_19-24-55/2017-09-20_19-24-55.mp4-bee_id_4481-46635-1.png,0,2017-09-20_19-24-55,2017-09-20_19-24-55#4481,46635,train,[],healthy honeybee,2017-09-20_19-24-55
train/videos/2017-09-20_19-24-55/2017-09-20_19-24-55.mp4-bee_id_5120-64215-1.png,0,2017-09-20_19-24-55,2017-09-20_19-24-55#5120,64215,train,[],healthy honeybee,2017-09-20_19-24-55
train/videos/2017-09-20_19-24-55/2017-09-20_19-24-55.mp4-bee_id_3567-21225-1.png,0,2017-09-20_19-24-55,2017-09-20_19-24-55#3567,21225,train,[],healthy honeybee,2017-09-20_19-24-55
val/videos/2017-09-01_3-01-01/2017-09-01_3-01-01.mp4-bee_id_2476-62565-1.png,0,2017-09-01_3-01-01,2017-09-01_3-01-01#2476,62565,val,[],healthy honeybee,2017-09-01_3-01-01
train/videos/2017-09-25_16-03-38-2/2017-09-25_16-03-38.mp4-bee_id_829-29070-1.png,0,2017-09-25_16-03-38,2017-09-25_16-03-38#829,29070,train,[],healthy honeybee,2017-09-25_16-03-38
train/videos/2017-09-20_19-24-55/2017-09-20_19-24-55.mp4-bee_id_4368-43380-1.png,0,2017-09-20_19-24-55,2017-09-20_19-24-55#4368,43380,train,[],healthy honeybee,2017-09-20_19-24-55
train/videos/2017-08-30_15-42-59/2017-08-30_15-42-59.mp4-bee_id_9335-10275-1.png,0,2017-08-30_15-42-59,2017-08-30_15-42-59#9335,10275,train,[],healthy honeybee,2017-08-30_15-42-59
val/videos/2017-09-25_16-03-38/2017-09-25_16-03-38.mp4-bee_id_2111-82290-1.png,0,2017-09-25_16-03-38,2017-09-25_16-03-38#2111,82290,val,[],healthy honeybee,2017-09-25_16-03-38
train/videos/2017-08-30_15-42-59/2017-08-30_15-42-59.mp4-bee_id_11010-102240-1.png,0,2017-08-30_15-42-59,2017-08-30_15-42-59#11010,102240,train,[],healthy honeybee,2017-08-30_15-42-59
test/videos/2017-10-17_1-39-36/2017-10-17_1-39-36.mp4-bee_id_3667-5505-1.png,0,2017-10-17_1-39-36,2017-10-17_1-39-36#3667,5505,test,[],healthy honeybee,2017-10-17_1-39-36
test/videos/2017-10-17_1-39-36/2017-10-17_1-39-36.mp4-bee_id_5655-59910-1.png,0,2017-10-17_1-39-36,2017-10-17_1-39-36#5655,59910,test,[],healthy honeybee,2017-10-17_1-39-36
train/videos/2017-09-20_19-24-55/2017-09-20_19-24-55.mp4-bee_id_4212-38745-1.png,0,2017-09-20_19-24-55,2017-09-20_19-24-55#4212,38745,train,[],healthy honeybee,2017-09-20_19-24-55
train/videos/2017-08-28_09-30-00-1_500_dirty_glass/2017-08-28_09-30-00-1_500_dirty_glass.mp4-bee_id_7341-45120-1.png,0,2017-08-28_09-30-00-1_500_dirty_glass,2017-08-28_09-30-00-1_500_dirty_glass#7341,45120,train,[],healthy honeybee,2017-08-28_09-30-00-1_500_dirty_glass
val/videos/2017-09-01_20-00-17/2017-09-01_20-00-17.mp4-bee_id_199-89505-1.png,0,2017-09-01_20-00-17,2017-09-01_20-00-17#199,89505,val,[],healthy honeybee,2017-09-01_20-00-17
train/videos/2017-09-20_19-24-55/2017-09-20_19-24-55.mp4-bee_id_4092-35580-1.png,0,2017-09-20_19-24-55,2017-09-20_19-24-55#4092,35580,train,[],healthy honeybee,2017-09-20_19-24-55
test/videos/2017-09-01_10-54-26/2017-09-01_10-54-26.mp4-bee_id_7805-8535-1.png,0,2017-09-01_10-54-26,2017-09-01_10-54-26#7805,8535,test,[],healthy honeybee,2017-09-01_10-54-26
test/videos/2017-09-01_10-54-26/2017-09-01_10-54-26.mp4-bee_id_8663-88755-1.png,0,2017-09-01_10-54-26,2017-09-01_10-54-26#8663,88755,test,[],healthy honeybee,2017-09-01_10-54-26
train/videos/2017-08-28_09-30-00-1_500_dirty_glass/2017-08-28_09-30-00-1_500_dirty_glass.mp4-bee_id_7357-45855-1.png,0,2017-08-28_09-30-00-1_500_dirty_glass,2017-08-28_09-30-00-1_500_dirty_glass#7357,45855,train,[],healthy honeybee,2017-08-28_09-30-00-1_500_dirty_glass
test/videos/2017-10-17_1-39-36/2017-10-17_1-39-36.mp4-bee_id_4544-30030-1.png,0,2017-10-17_1-39-36,2017-10-17_1-39-36#4544,30030,test,[],healthy honeybee,2017-10-17_1-39-36
test/videos/2017-10-17_1-39-36/2017-10-17_1-39-36.mp4-bee_id_3906-12225-1.png,0,2017-10-17_1-39-36,2017-10-17_1-39-36#3906,12225,test,[],healthy honeybee,2017-10-17_1-39-36
test/videos/2017-09-01_10-54-26/2017-09-01_10-54-26.mp4-bee_id_8563-83190-1.png,0,2017-09-01_10-54-26,2017-09-01_10-54-26#8563,83190,test,[],healthy honeybee,2017-09-01_10-54-26
train/videos/2017-08-30_15-42-59/2017-08-30_15-42-59.mp4-bee_id_9188-3495-1.png,0,2017-08-30_15-42-59,2017-08-30_15-42-59#9188,3495,train,[],healthy honeybee,2017-08-30_15-42-59
train/videos/2017-09-20_19-24-55/2017-09-20_19-24-55.mp4-bee_id_6125-92700-1.png,1,2017-09-20_19-24-55,2017-09-20_19-24-55#6125,92700,train,"[[39.0, 134.0, 79.0, 170.0]]",honeybee with a varroa mite,2017-09-20_19-24-55
train/videos/2017-08-28_09-30-00-1_500_dirty_glass/2017-08-28_09-30-00-1_500_dirty_glass.mp4-bee_id_7002-22800-1.png,1,2017-08-28_09-30-00-1_500_dirty_glass,2017-08-28_09-30-00-1_500_dirty_glass#7002,22800,train,"[[49.0, 133.0, 88.0, 158.0]]",honeybee with a varroa mite,2017-08-28_09-30-00-1_500_dirty_glass
train/videos/2017-08-30_15-42-59/2017-08-30_15-42-59.mp4-bee_id_9108-765-1.png,0,2017-08-30_15-42-59,2017-08-30_15-42-59#9108,765,train,[],healthy honeybee,2017-08-30_15-42-59
test/videos/2017-09-01_10-54-26/2017-09-01_10-54-26.mp4-bee_id_8204-44670-1.png,0,2017-09-01_10-54-26,2017-09-01_10-54-26#8204,44670,test,[],healthy honeybee,2017-09-01_10-54-26
train/videos/2017-08-28_09-30-00-1_500_dirty_glass/2017-08-28_09-30-00-1_500_dirty_glass.mp4-bee_id_7036-24015-1.png,0,2017-08-28_09-30-00-1_500_dirty_glass,2017-08-28_09-30-00-1_500_dirty_glass#7036,24015,train,[],healthy honeybee,2017-08-28_09-30-00-1_500_dirty_glass
train/videos/2017-09-20_19-24-55/2017-09-20_19-24-55.mp4-bee_id_5517-75780-1.png,0,2017-09-20_19-24-55,2017-09-20_19-24-55#5517,75780,train,[],healthy honeybee,2017-09-20_19-24-55
train/videos/2017-08-30_15-42-59/2017-08-30_15-42-59.mp4-bee_id_10307-64710-1.png,0,2017-08-30_15-42-59,2017-08-30_15-42-59#10307,64710,train,[],healthy honeybee,2017-08-30_15-42-59
train/videos/2017-08-30_15-42-59/2017-08-30_15-42-59.mp4-bee_id_10558-80460-1.png,0,2017-08-30_15-42-59,2017-08-30_15-42-59#10558,80460,train,[],healthy honeybee,2017-08-30_15-42-59
train/videos/2017-10-17_16-41-10/2017-10-17_16-41-10.mp4-bee_id_7095-6765-1.png,0,2017-10-17_16-41-10,2017-10-17_16-41-10#7095,6765,train,[],healthy honeybee,2017-10-17_16-41-10
train/videos/2017-08-28_09-30-00-1_500_dirty_glass/2017-08-28_09-30-00-1_500_dirty_glass.mp4-bee_id_7629-59130-1.png,0,2017-08-28_09-30-00-1_500_dirty_glass,2017-08-28_09-30-00-1_500_dirty_glass#7629,59130,train,[],healthy honeybee,2017-08-28_09-30-00-1_500_dirty_glass
val/videos/2017-09-25_16-03-38/2017-09-25_16-03-38.mp4-bee_id_1559-50550-1.png,0,2017-09-25_16-03-38,2017-09-25_16-03-38#1559,50550,val,[],healthy honeybee,2017-09-25_16-03-38
test/videos/2017-10-17_1-39-36/2017-10-17_1-39-36.mp4-bee_id_5210-48585-1.png,0,2017-10-17_1-39-36,2017-10-17_1-39-36#5210,48585,test,[],healthy honeybee,2017-10-17_1-39-36
val/videos/2017-09-25_16-03-38/2017-09-25_16-03-38.mp4-bee_id_1860-63645-1.png,0,2017-09-25_16-03-38,2017-09-25_16-03-38#1860,63645,val,[],healthy honeybee,2017-09-25_16-03-38
train/videos/2017-10-17_16-41-10/2017-10-17_16-41-10.mp4-bee_id_7092-6705-1.png,1,2017-10-17_16-41-10,2017-10-17_16-41-10#7092,6705,train,"[[41.0, 108.0, 84.0, 146.0]]",honeybee with a varroa mite,2017-10-17_16-41-10
train/videos/2017-09-25_16-03-38-2/2017-09-25_16-03-38.mp4-bee_id_607-22440-1.png,0,2017-09-25_16-03-38,2017-09-25_16-03-38#607,22440,train,[],healthy honeybee,2017-09-25_16-03-38
val/videos/2017-09-25_16-03-38/2017-09-25_16-03-38.mp4-bee_id_2049-78195-1.png,0,2017-09-25_16-03-38,2017-09-25_16-03-38#2049,78195,val,[],healthy honeybee,2017-09-25_16-03-38
train/videos/2017-08-28_09-30-00-1_500_dirty_glass/2017-08-28_09-30-00-1_500_dirty_glass.mp4-bee_id_6751-11265-1.png,0,2017-08-28_09-30-00-1_500_dirty_glass,2017-08-28_09-30-00-1_500_dirty_glass#6751,11265,train,[],healthy honeybee,2017-08-28_09-30-00-1_500_dirty_glass
train/videos/2017-09-25_16-03-38-2/2017-09-25_16-03-38.mp4-bee_id_1024-35295-1.png,0,2017-09-25_16-03-38,2017-09-25_16-03-38#1024,35295,train,[],healthy honeybee,2017-09-25_16-03-38
train/videos/2017-09-20_19-24-55/2017-09-20_19-24-55.mp4-bee_id_4947-59445-1.png,0,2017-09-20_19-24-55,2017-09-20_19-24-55#4947,59445,train,[],healthy honeybee,2017-09-20_19-24-55
train/videos/2017-09-25_16-03-38-2/2017-09-25_16-03-38.mp4-bee_id_533-19350-1.png,0,2017-09-25_16-03-38,2017-09-25_16-03-38#533,19350,train,[],healthy honeybee,2017-09-25_16-03-38
train/videos/2017-09-20_19-24-55/2017-09-20_19-24-55.mp4-bee_id_4163-37470-1.png,1,2017-09-20_19-24-55,2017-09-20_19-24-55#4163,37470,train,"[[18.0, 154.0, 58.0, 182.0]]",honeybee with a varroa mite,2017-09-20_19-24-55
train/videos/2017-08-28_09-30-00-1_500_dirty_glass/2017-08-28_09-30-00-1_500_dirty_glass.mp4-bee_id_6917-20025-1.png,0,2017-08-28_09-30-00-1_500_dirty_glass,2017-08-28_09-30-00-1_500_dirty_glass#6917,20025,train,[],healthy honeybee,2017-08-28_09-30-00-1_500_dirty_glass
test/videos/2017-10-17_1-39-36/2017-10-17_1-39-36.mp4-bee_id_4891-39555-1.png,0,2017-10-17_1-39-36,2017-10-17_1-39-36#4891,39555,test,[],healthy honeybee,2017-10-17_1-39-36
train/videos/2017-09-20_19-24-55/2017-09-20_19-24-55.mp4-bee_id_3243-12540-1.png,1,2017-09-20_19-24-55,2017-09-20_19-24-55#3243,12540,train,"[[27.0, 112.0, 73.0, 147.0], [47.0, 57.0, 97.0, 99.0]]",honeybee with a varroa mite,2017-09-20_19-24-55
train/videos/2017-08-30_15-42-59/2017-08-30_15-42-59.mp4-bee_id_10811-91485-1.png,0,2017-08-30_15-42-59,2017-08-30_15-42-59#10811,91485,train,[],healthy honeybee,2017-08-30_15-42-59
train/videos/2017-08-30_15-42-59/2017-08-30_15-42-59.mp4-bee_id_10078-57465-1.png,0,2017-08-30_15-42-59,2017-08-30_15-42-59#10078,57465,train,[],healthy honeybee,2017-08-30_15-42-59
test/videos/2017-10-17_1-39-36/2017-10-17_1-39-36.mp4-bee_id_3747-7395-1.png,0,2017-10-17_1-39-36,2017-10-17_1-39-36#3747,7395,test,[],healthy honeybee,2017-10-17_1-39-36
train/videos/2017-08-30_15-42-59/2017-08-30_15-42-59.mp4-bee_id_9463-24885-1.png,0,2017-08-30_15-42-59,2017-08-30_15-42-59#9463,24885,train,[],healthy honeybee,2017-08-30_15-42-59
train/videos/2017-09-20_19-24-55/2017-09-20_19-24-55.mp4-bee_id_3452-18420-1.png,0,2017-09-20_19-24-55,2017-09-20_19-24-55#3452,18420,train,[],healthy honeybee,2017-09-20_19-24-55
val/videos/2017-09-01_3-01-01/2017-09-01_3-01-01.mp4-bee_id_2597-82980-1.png,0,2017-09-01_3-01-01,2017-09-01_3-01-01#2597,82980,val,[],healthy honeybee,2017-09-01_3-01-01
train/videos/2017-08-30_15-42-59/2017-08-30_15-42-59.mp4-bee_id_10514-78750-1.png,1,2017-08-30_15-42-59,2017-08-30_15-42-59#10514,78750,train,"[[90.0, 101.0, 121.0, 130.0]]",honeybee with a varroa mite,2017-08-30_15-42-59
train/videos/2017-09-25_16-03-38-2/2017-09-25_16-03-38.mp4-bee_id_381-12150-1.png,0,2017-09-25_16-03-38,2017-09-25_16-03-38#381,12150,train,[],healthy honeybee,2017-09-25_16-03-38
train/videos/2017-09-20_19-24-55/2017-09-20_19-24-55.mp4-bee_id_4451-45930-1.png,0,2017-09-20_19-24-55,2017-09-20_19-24-55#4451,45930,train,[],healthy honeybee,2017-09-20_19-24-55
train/videos/2017-08-30_15-42-59/2017-08-30_15-42-59.mp4-bee_id_9287-7410-1.png,0,2017-08-30_15-42-59,2017-08-30_15-42-59#9287,7410,train,[],healthy honeybee,2017-08-30_15-42-59
train/videos/2017-08-28_09-30-00-1_500_dirty_glass/2017-08-28_09-30-00-1_500_dirty_glass.mp4-bee_id_7012-23085-1.png,1,2017-08-28_09-30-00-1_500_dirty_glass,2017-08-28_09-30-00-1_500_dirty_glass#7012,23085,train,"[[65.0, 122.0, 104.0, 153.0]]",honeybee with a varroa mite,2017-08-28_09-30-00-1_500_dirty_glass
train/videos/2017-08-30_15-42-59/2017-08-30_15-42-59.mp4-bee_id_9088-75-1.png,0,2017-08-30_15-42-59,2017-08-30_15-42-59#9088,75,train,[],healthy honeybee,2017-08-30_15-42-59
train/videos/2017-09-20_19-24-55/2017-09-20_19-24-55.mp4-bee_id_4171-37710-1.png,0,2017-09-20_19-24-55,2017-09-20_19-24-55#4171,37710,train,[],healthy honeybee,2017-09-20_19-24-55
train/videos/2017-09-20_19-24-55/2017-09-20_19-24-55.mp4-bee_id_3936-31005-1.png,1,2017-09-20_19-24-55,2017-09-20_19-24-55#3936,31005,train,"[[34.0, 151.0, 70.0, 187.0], [88.0, 148.0, 111.0, 186.0]]",honeybee with a varroa mite,2017-09-20_19-24-55
test/videos/2017-10-17_1-39-36/2017-10-17_1-39-36.mp4-bee_id_5484-55140-1.png,0,2017-10-17_1-39-36,2017-10-17_1-39-36#5484,55140,test,[],healthy honeybee,2017-10-17_1-39-36
train/videos/2017-08-28_09-30-00-1_500_dirty_glass/2017-08-28_09-30-00-1_500_dirty_glass.mp4-bee_id_7497-52245-1.png,0,2017-08-28_09-30-00-1_500_dirty_glass,2017-08-28_09-30-00-1_500_dirty_glass#7497,52245,train,[],healthy honeybee,2017-08-28_09-30-00-1_500_dirty_glass
test/videos/2017-10-17_1-39-36/2017-10-17_1-39-36.mp4-bee_id_3776-8115-1.png,1,2017-10-17_1-39-36,2017-10-17_1-39-36#3776,8115,test,"[[37.0, 82.0, 71.0, 122.0]]",honeybee with a varroa mite,2017-10-17_1-39-36
train/videos/2017-09-25_16-03-38-2/2017-09-25_16-03-38.mp4-bee_id_619-22890-1.png,0,2017-09-25_16-03-38,2017-09-25_16-03-38#619,22890,train,[],healthy honeybee,2017-09-25_16-03-38
val/videos/2017-09-25_16-03-38/2017-09-25_16-03-38.mp4-bee_id_2032-77430-1.png,0,2017-09-25_16-03-38,2017-09-25_16-03-38#2032,77430,val,[],healthy honeybee,2017-09-25_16-03-38
test/videos/2017-09-01_10-54-26/2017-09-01_10-54-26.mp4-bee_id_8272-51675-1.png,0,2017-09-01_10-54-26,2017-09-01_10-54-26#8272,51675,test,[],healthy honeybee,2017-09-01_10-54-26
test/videos/2017-09-01_10-54-26/2017-09-01_10-54-26.mp4-bee_id_8713-91245-1.png,1,2017-09-01_10-54-26,2017-09-01_10-54-26#8713,91245,test,"[[33.0, 98.0, 57.0, 119.0]]",honeybee with a varroa mite,2017-09-01_10-54-26
train/videos/2017-09-20_19-24-55/2017-09-20_19-24-55.mp4-bee_id_4775-54810-1.png,0,2017-09-20_19-24-55,2017-09-20_19-24-55#4775,54810,train,[],healthy honeybee,2017-09-20_19-24-55
test/videos/2017-09-01_10-54-26/2017-09-01_10-54-26.mp4-bee_id_8464-69465-1.png,0,2017-09-01_10-54-26,2017-09-01_10-54-26#8464,69465,test,[],healthy honeybee,2017-09-01_10-54-26
test/videos/2017-09-01_10-54-26/2017-09-01_10-54-26.mp4-bee_id_8493-71385-1.png,1,2017-09-01_10-54-26,2017-09-01_10-54-26#8493,71385,test,"[[67.0, 156.0, 103.0, 182.0], [44.0, 153.0, 71.0, 180.0]]",honeybee with a varroa mite,2017-09-01_10-54-26
train/videos/2017-09-20_19-24-55/2017-09-20_19-24-55.mp4-bee_id_3371-16005-1.png,0,2017-09-20_19-24-55,2017-09-20_19-24-55#3371,16005,train,[],healthy honeybee,2017-09-20_19-24-55
train/videos/2017-09-20_19-24-55/2017-09-20_19-24-55.mp4-bee_id_6098-92100-1.png,0,2017-09-20_19-24-55,2017-09-20_19-24-55#6098,92100,train,[],healthy honeybee,2017-09-20_19-24-55
test/videos/2017-09-01_10-54-26/2017-09-01_10-54-26.mp4-bee_id_7995-30585-1.png,1,2017-09-01_10-54-26,2017-09-01_10-54-26#7995,30585,test,"[[56.0, 124.0, 85.0, 148.0]]",honeybee with a varroa mite,2017-09-01_10-54-26
train/videos/2017-09-20_19-24-55/2017-09-20_19-24-55.mp4-bee_id_4692-52665-1.png,0,2017-09-20_19-24-55,2017-09-20_19-24-55#4692,52665,train,[],healthy honeybee,2017-09-20_19-24-55
train/videos/2017-09-25_16-03-38-2/2017-09-25_16-03-38.mp4-bee_id_1060-36480-1.png,0,2017-09-25_16-03-38,2017-09-25_16-03-38#1060,36480,train,[],healthy honeybee,2017-09-25_16-03-38
train/videos/2017-09-20_19-24-55/2017-09-20_19-24-55.mp4-bee_id_3322-14700-1.png,1,2017-09-20_19-24-55,2017-09-20_19-24-55#3322,14700,train,"[[28.0, 186.0, 49.0, 219.0], [77.0, 158.0, 112.0, 193.0]]",honeybee with a varroa mite,2017-09-20_19-24-55
train/videos/2017-08-30_15-42-59/2017-08-30_15-42-59.mp4-bee_id_10489-77865-1.png,0,2017-08-30_15-42-59,2017-08-30_15-42-59#10489,77865,train,[],healthy honeybee,2017-08-30_15-42-59
train/videos/2017-08-30_15-42-59/2017-08-30_15-42-59.mp4-bee_id_9997-54615-1.png,0,2017-08-30_15-42-59,2017-08-30_15-42-59#9997,54615,train,[],healthy honeybee,2017-08-30_15-42-59
test/videos/2017-09-01_10-54-26/2017-09-01_10-54-26.mp4-bee_id_9080-106410-1.png,0,2017-09-01_10-54-26,2017-09-01_10-54-26#9080,106410,test,[],healthy honeybee,2017-09-01_10-54-26
train/videos/2017-08-30_15-42-59/2017-08-30_15-42-59.mp4-bee_id_9091-165-1.png,0,2017-08-30_15-42-59,2017-08-30_15-42-59#9091,165,train,[],healthy honeybee,2017-08-30_15-42-59
train/videos/2017-09-20_19-24-55/2017-09-20_19-24-55.mp4-bee_id_5297-69255-1.png,0,2017-09-20_19-24-55,2017-09-20_19-24-55#5297,69255,train,[],healthy honeybee,2017-09-20_19-24-55
train/videos/2017-08-30_15-42-59/2017-08-30_15-42-59.mp4-bee_id_9943-52095-1.png,0,2017-08-30_15-42-59,2017-08-30_15-42-59#9943,52095,train,[],healthy honeybee,2017-08-30_15-42-59
train/videos/2017-09-20_19-24-55/2017-09-20_19-24-55.mp4-bee_id_6251-96270-1.png,0,2017-09-20_19-24-55,2017-09-20_19-24-55#6251,96270,train,[],healthy honeybee,2017-09-20_19-24-55
train/videos/2017-09-20_19-24-55/2017-09-20_19-24-55.mp4-bee_id_4132-36600-1.png,0,2017-09-20_19-24-55,2017-09-20_19-24-55#4132,36600,train,[],healthy honeybee,2017-09-20_19-24-55
train/videos/2017-09-20_19-24-55/2017-09-20_19-24-55.mp4-bee_id_2977-4635-1.png,1,2017-09-20_19-24-55,2017-09-20_19-24-55#2977,4635,train,"[[39.0, 147.0, 67.0, 179.0]]",honeybee with a varroa mite,2017-09-20_19-24-55
train/videos/2017-09-20_19-24-55/2017-09-20_19-24-55.mp4-bee_id_5222-66990-1.png,1,2017-09-20_19-24-55,2017-09-20_19-24-55#5222,66990,train,"[[79.0, 92.0, 109.0, 126.0]]",honeybee with a varroa mite,2017-09-20_19-24-55
train/videos/2017-09-20_19-24-55/2017-09-20_19-24-55.mp4-bee_id_5125-64380-1.png,0,2017-09-20_19-24-55,2017-09-20_19-24-55#5125,64380,train,[],healthy honeybee,2017-09-20_19-24-55
test/videos/2017-10-17_1-39-36/2017-10-17_1-39-36.mp4-bee_id_4424-26790-1.png,1,2017-10-17_1-39-36,2017-10-17_1-39-36#4424,26790,test,"[[59.0, 177.0, 94.0, 207.0]]",honeybee with a varroa mite,2017-10-17_1-39-36
val/videos/2017-09-25_16-03-38/2017-09-25_16-03-38.mp4-bee_id_1886-65610-1.png,0,2017-09-25_16-03-38,2017-09-25_16-03-38#1886,65610,val,[],healthy honeybee,2017-09-25_16-03-38
val/videos/2017-09-25_16-03-38/2017-09-25_16-03-38.mp4-bee_id_1732-55305-1.png,0,2017-09-25_16-03-38,2017-09-25_16-03-38#1732,55305,val,[],healthy honeybee,2017-09-25_16-03-38
test/videos/2017-09-01_10-54-26/2017-09-01_10-54-26.mp4-bee_id_7823-10545-1.png,0,2017-09-01_10-54-26,2017-09-01_10-54-26#7823,10545,test,[],healthy honeybee,2017-09-01_10-54-26
train/videos/2017-08-30_15-42-59/2017-08-30_15-42-59.mp4-bee_id_10815-91770-1.png,0,2017-08-30_15-42-59,2017-08-30_15-42-59#10815,91770,train,[],healthy honeybee,2017-08-30_15-42-59
test/videos/2017-09-01_10-54-26/2017-09-01_10-54-26.mp4-bee_id_7937-26340-1.png,0,2017-09-01_10-54-26,2017-09-01_10-54-26#7937,26340,test,[],healthy honeybee,2017-09-01_10-54-26
train/videos/2017-08-30_15-42-59/2017-08-30_15-42-59.mp4-bee_id_10338-67950-1.png,0,2017-08-30_15-42-59,2017-08-30_15-42-59#10338,67950,train,[],healthy honeybee,2017-08-30_15-42-59
train/videos/2017-09-20_19-24-55/2017-09-20_19-24-55.mp4-bee_id_3671-24075-1.png,0,2017-09-20_19-24-55,2017-09-20_19-24-55#3671,24075,train,[],healthy honeybee,2017-09-20_19-24-55
train/videos/2017-09-20_19-24-55/2017-09-20_19-24-55.mp4-bee_id_5377-71670-1.png,0,2017-09-20_19-24-55,2017-09-20_19-24-55#5377,71670,train,[],healthy honeybee,2017-09-20_19-24-55
train/videos/2017-09-20_19-24-55/2017-09-20_19-24-55.mp4-bee_id_4843-56685-1.png,0,2017-09-20_19-24-55,2017-09-20_19-24-55#4843,56685,train,[],healthy honeybee,2017-09-20_19-24-55
train/videos/2017-09-20_19-24-55/2017-09-20_19-24-55.mp4-bee_id_3862-28710-1.png,0,2017-09-20_19-24-55,2017-09-20_19-24-55#3862,28710,train,[],healthy honeybee,2017-09-20_19-24-55
train/videos/2017-09-20_19-24-55/2017-09-20_19-24-55.mp4-bee_id_5296-69225-1.png,0,2017-09-20_19-24-55,2017-09-20_19-24-55#5296,69225,train,[],healthy honeybee,2017-09-20_19-24-55
train/videos/2017-09-20_19-24-55/2017-09-20_19-24-55.mp4-bee_id_6005-89430-1.png,0,2017-09-20_19-24-55,2017-09-20_19-24-55#6005,89430,train,[],healthy honeybee,2017-09-20_19-24-55
train/videos/2017-08-30_15-42-59/2017-08-30_15-42-59.mp4-bee_id_9143-1740-1.png,1,2017-08-30_15-42-59,2017-08-30_15-42-59#9143,1740,train,"[[79.0, 92.0, 114.0, 119.0]]",honeybee with a varroa mite,2017-08-30_15-42-59
val/videos/2017-09-01_3-01-01/2017-09-01_3-01-01.mp4-bee_id_2539-65160-1.png,0,2017-09-01_3-01-01,2017-09-01_3-01-01#2539,65160,val,[],healthy honeybee,2017-09-01_3-01-01
train/videos/2017-08-30_15-42-59/2017-08-30_15-42-59.mp4-bee_id_10056-56970-1.png,0,2017-08-30_15-42-59,2017-08-30_15-42-59#10056,56970,train,[],healthy honeybee,2017-08-30_15-42-59
test/videos/2017-10-17_1-39-36/2017-10-17_1-39-36.mp4-bee_id_5053-43905-1.png,1,2017-10-17_1-39-36,2017-10-17_1-39-36#5053,43905,test,"[[45.0, 80.0, 76.0, 119.0]]",honeybee with a varroa mite,2017-10-17_1-39-36
test/videos/2017-09-01_10-54-26/2017-09-01_10-54-26.mp4-bee_id_8252-48540-1.png,0,2017-09-01_10-54-26,2017-09-01_10-54-26#8252,48540,test,[],healthy honeybee,2017-09-01_10-54-26
train/videos/2017-09-20_19-24-55/2017-09-20_19-24-55.mp4-bee_id_5843-84645-1.png,1,2017-09-20_19-24-55,2017-09-20_19-24-55#5843,84645,train,"[[44.0, 92.0, 65.0, 114.0]]",honeybee with a varroa mite,2017-09-20_19-24-55
test/videos/2017-10-17_1-39-36/2017-10-17_1-39-36.mp4-bee_id_3839-10185-1.png,0,2017-10-17_1-39-36,2017-10-17_1-39-36#3839,10185,test,[],healthy honeybee,2017-10-17_1-39-36
train/videos/2017-08-30_15-42-59/2017-08-30_15-42-59.mp4-bee_id_9662-38325-1.png,1,2017-08-30_15-42-59,2017-08-30_15-42-59#9662,38325,train,"[[22.0, 158.0, 73.0, 190.0]]",honeybee with a varroa mite,2017-08-30_15-42-59
train/videos/2017-08-28_09-30-00-1_500_dirty_glass/2017-08-28_09-30-00-1_500_dirty_glass.mp4-bee_id_7389-47415-1.png,0,2017-08-28_09-30-00-1_500_dirty_glass,2017-08-28_09-30-00-1_500_dirty_glass#7389,47415,train,[],healthy honeybee,2017-08-28_09-30-00-1_500_dirty_glass
train/videos/2017-09-20_19-24-55/2017-09-20_19-24-55.mp4-bee_id_3661-23880-1.png,0,2017-09-20_19-24-55,2017-09-20_19-24-55#3661,23880,train,[],healthy honeybee,2017-09-20_19-24-55
train/videos/2017-09-25_16-03-38-2/2017-09-25_16-03-38.mp4-bee_id_494-17400-1.png,0,2017-09-25_16-03-38,2017-09-25_16-03-38#494,17400,train,[],healthy honeybee,2017-09-25_16-03-38
train/videos/2017-09-20_19-24-55/2017-09-20_19-24-55.mp4-bee_id_6151-93375-1.png,0,2017-09-20_19-24-55,2017-09-20_19-24-55#6151,93375,train,[],healthy honeybee,2017-09-20_19-24-55
train/videos/2017-08-30_15-42-59/2017-08-30_15-42-59.mp4-bee_id_9658-38145-1.png,0,2017-08-30_15-42-59,2017-08-30_15-42-59#9658,38145,train,[],healthy honeybee,2017-08-30_15-42-59
val/videos/2017-09-25_16-03-38/2017-09-25_16-03-38.mp4-bee_id_1978-73485-1.png,0,2017-09-25_16-03-38,2017-09-25_16-03-38#1978,73485,val,[],healthy honeybee,2017-09-25_16-03-38
test/videos/2017-09-01_10-54-26/2017-09-01_10-54-26.mp4-bee_id_8829-96315-1.png,0,2017-09-01_10-54-26,2017-09-01_10-54-26#8829,96315,test,[],healthy honeybee,2017-09-01_10-54-26
train/videos/2017-09-20_19-24-55/2017-09-20_19-24-55.mp4-bee_id_5245-67845-1.png,0,2017-09-20_19-24-55,2017-09-20_19-24-55#5245,67845,train,[],healthy honeybee,2017-09-20_19-24-55
train/videos/2017-08-30_15-42-59/2017-08-30_15-42-59.mp4-bee_id_10914-97740-1.png,0,2017-08-30_15-42-59,2017-08-30_15-42-59#10914,97740,train,[],healthy honeybee,2017-08-30_15-42-59
train/videos/2017-09-20_19-24-55/2017-09-20_19-24-55.mp4-bee_id_5144-64710-1.png,0,2017-09-20_19-24-55,2017-09-20_19-24-55#5144,64710,train,[],healthy honeybee,2017-09-20_19-24-55
train/videos/2017-09-25_16-03-38-2/2017-09-25_16-03-38.mp4-bee_id_815-28785-1.png,0,2017-09-25_16-03-38,2017-09-25_16-03-38#815,28785,train,[],healthy honeybee,2017-09-25_16-03-38
val/videos/2017-09-25_16-03-38/2017-09-25_16-03-38.mp4-bee_id_1461-47535-1.png,0,2017-09-25_16-03-38,2017-09-25_16-03-38#1461,47535,val,[],healthy honeybee,2017-09-25_16-03-38
train/videos/2017-09-20_19-24-55/2017-09-20_19-24-55.mp4-bee_id_4357-42870-1.png,0,2017-09-20_19-24-55,2017-09-20_19-24-55#4357,42870,train,[],healthy honeybee,2017-09-20_19-24-55
train/videos/2017-09-20_19-24-55/2017-09-20_19-24-55.mp4-bee_id_3503-19650-1.png,0,2017-09-20_19-24-55,2017-09-20_19-24-55#3503,19650,train,[],healthy honeybee,2017-09-20_19-24-55
train/videos/2017-09-25_16-03-38-2/2017-09-25_16-03-38.mp4-bee_id_834-29160-1.png,0,2017-09-25_16-03-38,2017-09-25_16-03-38#834,29160,train,[],healthy honeybee,2017-09-25_16-03-38
test/videos/2017-09-01_10-54-26/2017-09-01_10-54-26.mp4-bee_id_9017-103785-1.png,1,2017-09-01_10-54-26,2017-09-01_10-54-26#9017,103785,test,"[[86.0, 104.0, 121.0, 139.0]]",honeybee with a varroa mite,2017-09-01_10-54-26
train/videos/2017-08-30_15-42-59/2017-08-30_15-42-59.mp4-bee_id_9379-15690-1.png,0,2017-08-30_15-42-59,2017-08-30_15-42-59#9379,15690,train,[],healthy honeybee,2017-08-30_15-42-59
train/videos/2017-08-30_15-42-59/2017-08-30_15-42-59.mp4-bee_id_9472-25290-1.png,0,2017-08-30_15-42-59,2017-08-30_15-42-59#9472,25290,train,[],healthy honeybee,2017-08-30_15-42-59
train/videos/2017-09-20_19-24-55/2017-09-20_19-24-55.mp4-bee_id_6150-93375-1.png,0,2017-09-20_19-24-55,2017-09-20_19-24-55#6150,93375,train,[],healthy honeybee,2017-09-20_19-24-55
train/videos/2017-08-30_15-42-59/2017-08-30_15-42-59.mp4-bee_id_10024-55500-1.png,0,2017-08-30_15-42-59,2017-08-30_15-42-59#10024,55500,train,[],healthy honeybee,2017-08-30_15-42-59
test/videos/2017-09-01_10-54-26/2017-09-01_10-54-26.mp4-bee_id_8192-42360-1.png,1,2017-09-01_10-54-26,2017-09-01_10-54-26#8192,42360,test,"[[36.0, 163.0, 56.0, 181.0]]",honeybee with a varroa mite,2017-09-01_10-54-26
train/videos/2017-08-30_15-42-59/2017-08-30_15-42-59.mp4-bee_id_10634-83685-1.png,0,2017-08-30_15-42-59,2017-08-30_15-42-59#10634,83685,train,[],healthy honeybee,2017-08-30_15-42-59
train/videos/2017-08-30_15-42-59/2017-08-30_15-42-59.mp4-bee_id_9907-49995-1.png,0,2017-08-30_15-42-59,2017-08-30_15-42-59#9907,49995,train,[],healthy honeybee,2017-08-30_15-42-59
test/videos/2017-10-17_1-39-36/2017-10-17_1-39-36.mp4-bee_id_4947-41115-1.png,0,2017-10-17_1-39-36,2017-10-17_1-39-36#4947,41115,test,[],healthy honeybee,2017-10-17_1-39-36
test/videos/2017-10-17_1-39-36/2017-10-17_1-39-36.mp4-bee_id_3949-13410-1.png,0,2017-10-17_1-39-36,2017-10-17_1-39-36#3949,13410,test,[],healthy honeybee,2017-10-17_1-39-36
val/videos/2017-09-25_16-03-38/2017-09-25_16-03-38.mp4-bee_id_1370-45060-1.png,0,2017-09-25_16-03-38,2017-09-25_16-03-38#1370,45060,val,[],healthy honeybee,2017-09-25_16-03-38
test/videos/2017-09-01_10-54-26/2017-09-01_10-54-26.mp4-bee_id_8056-33465-1.png,1,2017-09-01_10-54-26,2017-09-01_10-54-26#8056,33465,test,"[[72.0, 96.0, 108.0, 124.0], [46.0, 94.0, 76.0, 127.0]]",honeybee with a varroa mite,2017-09-01_10-54-26
test/videos/2017-10-17_1-39-36/2017-10-17_1-39-36.mp4-bee_id_4087-17550-1.png,0,2017-10-17_1-39-36,2017-10-17_1-39-36#4087,17550,test,[],healthy honeybee,2017-10-17_1-39-36
train/videos/2017-09-20_19-24-55/2017-09-20_19-24-55.mp4-bee_id_3400-17085-1.png,1,2017-09-20_19-24-55,2017-09-20_19-24-55#3400,17085,train,"[[39.0, 152.0, 78.0, 184.0]]",honeybee with a varroa mite,2017-09-20_19-24-55
train/videos/2017-09-20_19-24-55/2017-09-20_19-24-55.mp4-bee_id_5895-86250-1.png,0,2017-09-20_19-24-55,2017-09-20_19-24-55#5895,86250,train,[],healthy honeybee,2017-09-20_19-24-55
test/videos/2017-09-01_10-54-26/2017-09-01_10-54-26.mp4-bee_id_7929-26055-1.png,1,2017-09-01_10-54-26,2017-09-01_10-54-26#7929,26055,test,"[[58.0, 109.0, 93.0, 137.0]]",honeybee with a varroa mite,2017-09-01_10-54-26
train/videos/2017-09-20_19-24-55/2017-09-20_19-24-55.mp4-bee_id_6075-91410-1.png,0,2017-09-20_19-24-55,2017-09-20_19-24-55#6075,91410,train,[],healthy honeybee,2017-09-20_19-24-55
test/videos/2017-10-17_1-39-36/2017-10-17_1-39-36.mp4-bee_id_4179-19785-1.png,0,2017-10-17_1-39-36,2017-10-17_1-39-36#4179,19785,test,[],healthy honeybee,2017-10-17_1-39-36
test/videos/2017-10-17_1-39-36/2017-10-17_1-39-36.mp4-bee_id_3618-4110-1.png,0,2017-10-17_1-39-36,2017-10-17_1-39-36#3618,4110,test,[],healthy honeybee,2017-10-17_1-39-36
train/videos/2017-09-20_19-24-55/2017-09-20_19-24-55.mp4-bee_id_4500-47130-1.png,0,2017-09-20_19-24-55,2017-09-20_19-24-55#4500,47130,train,[],healthy honeybee,2017-09-20_19-24-55
train/videos/2017-08-28_09-30-00-1_500_dirty_glass/2017-08-28_09-30-00-1_500_dirty_glass.mp4-bee_id_6914-20010-1.png,0,2017-08-28_09-30-00-1_500_dirty_glass,2017-08-28_09-30-00-1_500_dirty_glass#6914,20010,train,[],healthy honeybee,2017-08-28_09-30-00-1_500_dirty_glass
train/videos/2017-09-20_19-24-55/2017-09-20_19-24-55.mp4-bee_id_4471-46500-1.png,0,2017-09-20_19-24-55,2017-09-20_19-24-55#4471,46500,train,[],healthy honeybee,2017-09-20_19-24-55
train/videos/2017-09-20_19-24-55/2017-09-20_19-24-55.mp4-bee_id_3021-5835-1.png,0,2017-09-20_19-24-55,2017-09-20_19-24-55#3021,5835,train,[],healthy honeybee,2017-09-20_19-24-55
val/videos/2017-09-01_3-01-01/2017-09-01_3-01-01.mp4-bee_id_2628-85590-1.png,0,2017-09-01_3-01-01,2017-09-01_3-01-01#2628,85590,val,[],healthy honeybee,2017-09-01_3-01-01
train/videos/2017-08-30_15-42-59/2017-08-30_15-42-59.mp4-bee_id_10687-85650-1.png,0,2017-08-30_15-42-59,2017-08-30_15-42-59#10687,85650,train,[],healthy honeybee,2017-08-30_15-42-59
train/videos/2017-10-17_16-41-10/2017-10-17_16-41-10.mp4-bee_id_6972-3195-1.png,0,2017-10-17_16-41-10,2017-10-17_16-41-10#6972,3195,train,[],healthy honeybee,2017-10-17_16-41-10
train/videos/2017-08-30_15-42-59/2017-08-30_15-42-59.mp4-bee_id_10541-79755-1.png,0,2017-08-30_15-42-59,2017-08-30_15-42-59#10541,79755,train,[],healthy honeybee,2017-08-30_15-42-59
train/videos/2017-09-20_19-24-55/2017-09-20_19-24-55.mp4-bee_id_3398-16995-1.png,0,2017-09-20_19-24-55,2017-09-20_19-24-55#3398,16995,train,[],healthy honeybee,2017-09-20_19-24-55
train/videos/2017-09-20_19-24-55/2017-09-20_19-24-55.mp4-bee_id_5312-69630-1.png,0,2017-09-20_19-24-55,2017-09-20_19-24-55#5312,69630,train,[],healthy honeybee,2017-09-20_19-24-55
test/videos/2017-10-17_1-39-36/2017-10-17_1-39-36.mp4-bee_id_3613-3945-1.png,0,2017-10-17_1-39-36,2017-10-17_1-39-36#3613,3945,test,[],healthy honeybee,2017-10-17_1-39-36
train/videos/2017-09-20_19-24-55/2017-09-20_19-24-55.mp4-bee_id_6518-103080-1.png,0,2017-09-20_19-24-55,2017-09-20_19-24-55#6518,103080,train,[],healthy honeybee,2017-09-20_19-24-55
train/videos/2017-09-25_16-03-38-2/2017-09-25_16-03-38.mp4-bee_id_228-15-1.png,0,2017-09-25_16-03-38,2017-09-25_16-03-38#228,15,train,[],healthy honeybee,2017-09-25_16-03-38
train/videos/2017-09-20_19-24-55/2017-09-20_19-24-55.mp4-bee_id_5804-83490-1.png,1,2017-09-20_19-24-55,2017-09-20_19-24-55#5804,83490,train,"[[97.0, 93.0, 133.0, 122.0]]",honeybee with a varroa mite,2017-09-20_19-24-55
train/videos/2017-09-20_19-24-55/2017-09-20_19-24-55.mp4-bee_id_3544-20760-1.png,1,2017-09-20_19-24-55,2017-09-20_19-24-55#3544,20760,train,"[[96.0, 97.0, 120.0, 129.0], [49.0, 91.0, 79.0, 121.0]]",honeybee with a varroa mite,2017-09-20_19-24-55
test/videos/2017-10-17_1-39-36/2017-10-17_1-39-36.mp4-bee_id_5860-64905-1.png,0,2017-10-17_1-39-36,2017-10-17_1-39-36#5860,64905,test,[],healthy honeybee,2017-10-17_1-39-36
train/videos/2017-09-20_19-24-55/2017-09-20_19-24-55.mp4-bee_id_5906-86625-1.png,0,2017-09-20_19-24-55,2017-09-20_19-24-55#5906,86625,train,[],healthy honeybee,2017-09-20_19-24-55
train/videos/2017-08-30_15-42-59/2017-08-30_15-42-59.mp4-bee_id_10994-101685-1.png,1,2017-08-30_15-42-59,2017-08-30_15-42-59#10994,101685,train,"[[49.0, 163.0, 84.0, 194.0]]",honeybee with a varroa mite,2017-08-30_15-42-59
train/videos/2017-08-30_15-42-59/2017-08-30_15-42-59.mp4-bee_id_9523-30480-1.png,1,2017-08-30_15-42-59,2017-08-30_15-42-59#9523,30480,train,"[[29.0, 153.0, 64.0, 181.0]]",honeybee with a varroa mite,2017-08-30_15-42-59
train/videos/2017-09-20_19-24-55/2017-09-20_19-24-55.mp4-bee_id_6111-92325-1.png,1,2017-09-20_19-24-55,2017-09-20_19-24-55#6111,92325,train,"[[22.0, 132.0, 73.0, 171.0]]",honeybee with a varroa mite,2017-09-20_19-24-55
test/videos/2017-10-17_1-39-36/2017-10-17_1-39-36.mp4-bee_id_5212-48615-1.png,0,2017-10-17_1-39-36,2017-10-17_1-39-36#5212,48615,test,[],healthy honeybee,2017-10-17_1-39-36
test/videos/2017-10-17_1-39-36/2017-10-17_1-39-36.mp4-bee_id_5788-63210-1.png,1,2017-10-17_1-39-36,2017-10-17_1-39-36#5788,63210,test,"[[73.0, 159.0, 94.0, 193.0]]",honeybee with a varroa mite,2017-10-17_1-39-36
test/videos/2017-10-17_1-39-36/2017-10-17_1-39-36.mp4-bee_id_5565-57540-1.png,0,2017-10-17_1-39-36,2017-10-17_1-39-36#5565,57540,test,[],healthy honeybee,2017-10-17_1-39-36
test/videos/2017-10-17_1-39-36/2017-10-17_1-39-36.mp4-bee_id_3822-9720-1.png,1,2017-10-17_1-39-36,2017-10-17_1-39-36#3822,9720,test,"[[36.0, 161.0, 67.0, 190.0], [59.0, 204.0, 88.0, 230.0]]",honeybee with a varroa mite,2017-10-17_1-39-36
val/videos/2017-09-25_16-03-38/2017-09-25_16-03-38.mp4-bee_id_1764-56250-1.png,0,2017-09-25_16-03-38,2017-09-25_16-03-38#1764,56250,val,[],healthy honeybee,2017-09-25_16-03-38
train/videos/2017-08-28_09-30-00-1_500_dirty_glass/2017-08-28_09-30-00-1_500_dirty_glass.mp4-bee_id_7304-43650-1.png,0,2017-08-28_09-30-00-1_500_dirty_glass,2017-08-28_09-30-00-1_500_dirty_glass#7304,43650,train,[],healthy honeybee,2017-08-28_09-30-00-1_500_dirty_glass
train/videos/2017-08-30_15-42-59/2017-08-30_15-42-59.mp4-bee_id_9751-42465-1.png,0,2017-08-30_15-42-59,2017-08-30_15-42-59#9751,42465,train,[],healthy honeybee,2017-08-30_15-42-59
test/videos/2017-10-17_1-39-36/2017-10-17_1-39-36.mp4-bee_id_3659-5265-1.png,0,2017-10-17_1-39-36,2017-10-17_1-39-36#3659,5265,test,[],healthy honeybee,2017-10-17_1-39-36
train/videos/2017-08-30_15-42-59/2017-08-30_15-42-59.mp4-bee_id_9935-51300-1.png,0,2017-08-30_15-42-59,2017-08-30_15-42-59#9935,51300,train,[],healthy honeybee,2017-08-30_15-42-59
train/videos/2017-08-30_15-42-59/2017-08-30_15-42-59.mp4-bee_id_10911-97590-1.png,0,2017-08-30_15-42-59,2017-08-30_15-42-59#10911,97590,train,[],healthy honeybee,2017-08-30_15-42-59
train/videos/2017-09-20_19-24-55/2017-09-20_19-24-55.mp4-bee_id_3476-18975-1.png,0,2017-09-20_19-24-55,2017-09-20_19-24-55#3476,18975,train,[],healthy honeybee,2017-09-20_19-24-55
train/videos/2017-08-30_15-42-59/2017-08-30_15-42-59.mp4-bee_id_9405-17790-1.png,1,2017-08-30_15-42-59,2017-08-30_15-42-59#9405,17790,train,"[[94.0, 103.0, 127.0, 137.0]]",honeybee with a varroa mite,2017-08-30_15-42-59
train/videos/2017-08-28_09-30-00-1_500_dirty_glass/2017-08-28_09-30-00-1_500_dirty_glass.mp4-bee_id_7034-23985-1.png,0,2017-08-28_09-30-00-1_500_dirty_glass,2017-08-28_09-30-00-1_500_dirty_glass#7034,23985,train,[],healthy honeybee,2017-08-28_09-30-00-1_500_dirty_glass
train/videos/2017-08-30_15-42-59/2017-08-30_15-42-59.mp4-bee_id_10608-82260-1.png,0,2017-08-30_15-42-59,2017-08-30_15-42-59#10608,82260,train,[],healthy honeybee,2017-08-30_15-42-59
val/videos/2017-09-01_3-01-01/2017-09-01_3-01-01.mp4-bee_id_2703-91140-1.png,0,2017-09-01_3-01-01,2017-09-01_3-01-01#2703,91140,val,[],healthy honeybee,2017-09-01_3-01-01
train/videos/2017-10-17_16-41-10/2017-10-17_16-41-10.mp4-bee_id_6913-1365-1.png,0,2017-10-17_16-41-10,2017-10-17_16-41-10#6913,1365,train,[],healthy honeybee,2017-10-17_16-41-10
train/videos/2017-09-20_19-24-55/2017-09-20_19-24-55.mp4-bee_id_5763-82410-1.png,0,2017-09-20_19-24-55,2017-09-20_19-24-55#5763,82410,train,[],healthy honeybee,2017-09-20_19-24-55
test/videos/2017-10-17_1-39-36/2017-10-17_1-39-36.mp4-bee_id_3717-6615-1.png,0,2017-10-17_1-39-36,2017-10-17_1-39-36#3717,6615,test,[],healthy honeybee,2017-10-17_1-39-36
test/videos/2017-10-17_1-39-36/2017-10-17_1-39-36.mp4-bee_id_3558-2595-1.png,1,2017-10-17_1-39-36,2017-10-17_1-39-36#3558,2595,test,"[[101.0, 71.0, 130.0, 108.0]]",honeybee with a varroa mite,2017-10-17_1-39-36
test/videos/2017-10-17_1-39-36/2017-10-17_1-39-36.mp4-bee_id_4705-34005-1.png,0,2017-10-17_1-39-36,2017-10-17_1-39-36#4705,34005,test,[],healthy honeybee,2017-10-17_1-39-36
train/videos/2017-09-25_16-03-38-2/2017-09-25_16-03-38.mp4-bee_id_1048-36015-1.png,0,2017-09-25_16-03-38,2017-09-25_16-03-38#1048,36015,train,[],healthy honeybee,2017-09-25_16-03-38
train/videos/2017-09-20_19-24-55/2017-09-20_19-24-55.mp4-bee_id_4302-41340-1.png,0,2017-09-20_19-24-55,2017-09-20_19-24-55#4302,41340,train,[],healthy honeybee,2017-09-20_19-24-55
test/videos/2017-10-17_1-39-36/2017-10-17_1-39-36.mp4-bee_id_4656-32745-1.png,0,2017-10-17_1-39-36,2017-10-17_1-39-36#4656,32745,test,[],healthy honeybee,2017-10-17_1-39-36
test/videos/2017-09-01_10-54-26/2017-09-01_10-54-26.mp4-bee_id_8431-67230-1.png,1,2017-09-01_10-54-26,2017-09-01_10-54-26#8431,67230,test,"[[37.0, 104.0, 56.0, 132.0]]",honeybee with a varroa mite,2017-09-01_10-54-26
train/videos/2017-09-20_19-24-55/2017-09-20_19-24-55.mp4-bee_id_6360-99330-1.png,0,2017-09-20_19-24-55,2017-09-20_19-24-55#6360,99330,train,[],healthy honeybee,2017-09-20_19-24-55
train/videos/2017-10-17_16-41-10/2017-10-17_16-41-10.mp4-bee_id_7317-14895-1.png,0,2017-10-17_16-41-10,2017-10-17_16-41-10#7317,14895,train,[],healthy honeybee,2017-10-17_16-41-10
train/videos/2017-09-20_19-24-55/2017-09-20_19-24-55.mp4-bee_id_4160-37410-1.png,0,2017-09-20_19-24-55,2017-09-20_19-24-55#4160,37410,train,[],healthy honeybee,2017-09-20_19-24-55
train/videos/2017-08-30_15-42-59/2017-08-30_15-42-59.mp4-bee_id_11007-102195-1.png,1,2017-08-30_15-42-59,2017-08-30_15-42-59#11007,102195,train,"[[38.0, 170.0, 72.0, 209.0]]",honeybee with a varroa mite,2017-08-30_15-42-59
test/videos/2017-09-01_10-54-26/2017-09-01_10-54-26.mp4-bee_id_8174-38820-1.png,1,2017-09-01_10-54-26,2017-09-01_10-54-26#8174,38820,test,"[[81.0, 84.0, 116.0, 118.0]]",honeybee with a varroa mite,2017-09-01_10-54-26
train/videos/2017-09-25_16-03-38-2/2017-09-25_16-03-38.mp4-bee_id_526-18945-1.png,0,2017-09-25_16-03-38,2017-09-25_16-03-38#526,18945,train,[],healthy honeybee,2017-09-25_16-03-38
train/videos/2017-09-20_19-24-55/2017-09-20_19-24-55.mp4-bee_id_3531-20415-1.png,1,2017-09-20_19-24-55,2017-09-20_19-24-55#3531,20415,train,"[[22.0, 136.0, 51.0, 164.0]]",honeybee with a varroa mite,2017-09-20_19-24-55
test/videos/2017-09-01_10-54-26/2017-09-01_10-54-26.mp4-bee_id_8137-36945-1.png,1,2017-09-01_10-54-26,2017-09-01_10-54-26#8137,36945,test,"[[56.0, 101.0, 96.0, 131.0], [32.0, 107.0, 62.0, 132.0]]",honeybee with a varroa mite,2017-09-01_10-54-26
val/videos/2017-09-01_3-01-01/2017-09-01_3-01-01.mp4-bee_id_2298-48870-1.png,1,2017-09-01_3-01-01,2017-09-01_3-01-01#2298,48870,val,"[[41.0, 111.0, 73.0, 143.0], [40.0, 84.0, 78.0, 116.0]]",honeybee with a varroa mite,2017-09-01_3-01-01
val/videos/2017-09-25_16-03-38/2017-09-25_16-03-38.mp4-bee_id_1319-43950-1.png,0,2017-09-25_16-03-38,2017-09-25_16-03-38#1319,43950,val,[],healthy honeybee,2017-09-25_16-03-38
train/videos/2017-08-28_09-30-00-1_500_dirty_glass/2017-08-28_09-30-00-1_500_dirty_glass.mp4-bee_id_7719-62430-1.png,0,2017-08-28_09-30-00-1_500_dirty_glass,2017-08-28_09-30-00-1_500_dirty_glass#7719,62430,train,[],healthy honeybee,2017-08-28_09-30-00-1_500_dirty_glass
train/videos/2017-08-28_09-30-00-1_500_dirty_glass/2017-08-28_09-30-00-1_500_dirty_glass.mp4-bee_id_7222-37245-1.png,1,2017-08-28_09-30-00-1_500_dirty_glass,2017-08-28_09-30-00-1_500_dirty_glass#7222,37245,train,"[[38.0, 95.0, 64.0, 128.0]]",honeybee with a varroa mite,2017-08-28_09-30-00-1_500_dirty_glass
test/videos/2017-09-01_10-54-26/2017-09-01_10-54-26.mp4-bee_id_8250-48390-1.png,0,2017-09-01_10-54-26,2017-09-01_10-54-26#8250,48390,test,[],healthy honeybee,2017-09-01_10-54-26
train/videos/2017-09-20_19-24-55/2017-09-20_19-24-55.mp4-bee_id_3779-26520-1.png,0,2017-09-20_19-24-55,2017-09-20_19-24-55#3779,26520,train,[],healthy honeybee,2017-09-20_19-24-55
val/videos/2017-09-01_3-01-01/2017-09-01_3-01-01.mp4-bee_id_2447-60180-1.png,0,2017-09-01_3-01-01,2017-09-01_3-01-01#2447,60180,val,[],healthy honeybee,2017-09-01_3-01-01
train/videos/2017-09-20_19-24-55/2017-09-20_19-24-55.mp4-bee_id_5069-62745-1.png,0,2017-09-20_19-24-55,2017-09-20_19-24-55#5069,62745,train,[],healthy honeybee,2017-09-20_19-24-55
test/videos/2017-09-01_10-54-26/2017-09-01_10-54-26.mp4-bee_id_8139-36975-1.png,1,2017-09-01_10-54-26,2017-09-01_10-54-26#8139,36975,test,"[[55.0, 112.0, 86.0, 132.0]]",honeybee with a varroa mite,2017-09-01_10-54-26
test/videos/2017-10-17_1-39-36/2017-10-17_1-39-36.mp4-bee_id_5678-60345-1.png,0,2017-10-17_1-39-36,2017-10-17_1-39-36#5678,60345,test,[],healthy honeybee,2017-10-17_1-39-36
train/videos/2017-09-20_19-24-55/2017-09-20_19-24-55.mp4-bee_id_5373-71520-1.png,0,2017-09-20_19-24-55,2017-09-20_19-24-55#5373,71520,train,[],healthy honeybee,2017-09-20_19-24-55
train/videos/2017-08-28_09-30-00-1_500_dirty_glass/2017-08-28_09-30-00-1_500_dirty_glass.mp4-bee_id_7243-39030-1.png,1,2017-08-28_09-30-00-1_500_dirty_glass,2017-08-28_09-30-00-1_500_dirty_glass#7243,39030,train,"[[83.0, 124.0, 117.0, 151.0]]",honeybee with a varroa mite,2017-08-28_09-30-00-1_500_dirty_glass
train/videos/2017-09-20_19-24-55/2017-09-20_19-24-55.mp4-bee_id_3650-23490-1.png,0,2017-09-20_19-24-55,2017-09-20_19-24-55#3650,23490,train,[],healthy honeybee,2017-09-20_19-24-55
test/videos/2017-10-17_1-39-36/2017-10-17_1-39-36.mp4-bee_id_4842-37965-1.png,0,2017-10-17_1-39-36,2017-10-17_1-39-36#4842,37965,test,[],healthy honeybee,2017-10-17_1-39-36
train/videos/2017-08-30_15-42-59/2017-08-30_15-42-59.mp4-bee_id_9390-16605-1.png,0,2017-08-30_15-42-59,2017-08-30_15-42-59#9390,16605,train,[],healthy honeybee,2017-08-30_15-42-59
train/videos/2017-08-30_15-42-59/2017-08-30_15-42-59.mp4-bee_id_10269-63285-1.png,0,2017-08-30_15-42-59,2017-08-30_15-42-59#10269,63285,train,[],healthy honeybee,2017-08-30_15-42-59
train/videos/2017-09-20_19-24-55/2017-09-20_19-24-55.mp4-bee_id_5689-80355-1.png,0,2017-09-20_19-24-55,2017-09-20_19-24-55#5689,80355,train,[],healthy honeybee,2017-09-20_19-24-55
val/videos/2017-09-25_16-03-38/2017-09-25_16-03-38.mp4-bee_id_1950-71490-1.png,1,2017-09-25_16-03-38,2017-09-25_16-03-38#1950,71490,val,"[[46.0, 52.0, 82.0, 86.0], [32.0, 122.0, 70.0, 157.0], [82.0, 110.0, 126.0, 164.0]]",honeybee with a varroa mite,2017-09-25_16-03-38
val/videos/2017-09-01_3-01-01/2017-09-01_3-01-01.mp4-bee_id_2349-51900-1.png,1,2017-09-01_3-01-01,2017-09-01_3-01-01#2349,51900,val,"[[68.0, 136.0, 101.0, 165.0], [84.0, 152.0, 107.0, 181.0]]",honeybee with a varroa mite,2017-09-01_3-01-01
train/videos/2017-09-25_16-03-38-2/2017-09-25_16-03-38.mp4-bee_id_231-45-1.png,0,2017-09-25_16-03-38,2017-09-25_16-03-38#231,45,train,[],healthy honeybee,2017-09-25_16-03-38
train/videos/2017-09-20_19-24-55/2017-09-20_19-24-55.mp4-bee_id_4202-38460-1.png,0,2017-09-20_19-24-55,2017-09-20_19-24-55#4202,38460,train,[],healthy honeybee,2017-09-20_19-24-55
test/videos/2017-09-01_10-54-26/2017-09-01_10-54-26.mp4-bee_id_8417-65925-1.png,0,2017-09-01_10-54-26,2017-09-01_10-54-26#8417,65925,test,[],healthy honeybee,2017-09-01_10-54-26
train/videos/2017-08-30_15-42-59/2017-08-30_15-42-59.mp4-bee_id_11038-103110-1.png,0,2017-08-30_15-42-59,2017-08-30_15-42-59#11038,103110,train,[],healthy honeybee,2017-08-30_15-42-59
train/videos/2017-08-30_15-42-59/2017-08-30_15-42-59.mp4-bee_id_9826-45735-1.png,0,2017-08-30_15-42-59,2017-08-30_15-42-59#9826,45735,train,[],healthy honeybee,2017-08-30_15-42-59
test/videos/2017-10-17_1-39-36/2017-10-17_1-39-36.mp4-bee_id_4152-19320-1.png,1,2017-10-17_1-39-36,2017-10-17_1-39-36#4152,19320,test,"[[34.0, 88.0, 57.0, 118.0]]",honeybee with a varroa mite,2017-10-17_1-39-36
val/videos/2017-09-25_16-03-38/2017-09-25_16-03-38.mp4-bee_id_1469-47880-1.png,1,2017-09-25_16-03-38,2017-09-25_16-03-38#1469,47880,val,"[[30.0, 111.0, 57.0, 130.0]]",honeybee with a varroa mite,2017-09-25_16-03-38
val/videos/2017-09-25_16-03-38/2017-09-25_16-03-38.mp4-bee_id_1832-60195-1.png,0,2017-09-25_16-03-38,2017-09-25_16-03-38#1832,60195,val,[],healthy honeybee,2017-09-25_16-03-38
train/videos/2017-08-30_15-42-59/2017-08-30_15-42-59.mp4-bee_id_10426-74670-1.png,0,2017-08-30_15-42-59,2017-08-30_15-42-59#10426,74670,train,[],healthy honeybee,2017-08-30_15-42-59
test/videos/2017-10-17_1-39-36/2017-10-17_1-39-36.mp4-bee_id_5579-57840-1.png,0,2017-10-17_1-39-36,2017-10-17_1-39-36#5579,57840,test,[],healthy honeybee,2017-10-17_1-39-36
train/videos/2017-09-25_16-03-38-2/2017-09-25_16-03-38.mp4-bee_id_656-24495-1.png,0,2017-09-25_16-03-38,2017-09-25_16-03-38#656,24495,train,[],healthy honeybee,2017-09-25_16-03-38
train/videos/2017-09-20_19-24-55/2017-09-20_19-24-55.mp4-bee_id_5481-74970-1.png,0,2017-09-20_19-24-55,2017-09-20_19-24-55#5481,74970,train,[],healthy honeybee,2017-09-20_19-24-55
test/videos/2017-09-01_10-54-26/2017-09-01_10-54-26.mp4-bee_id_8006-31065-1.png,0,2017-09-01_10-54-26,2017-09-01_10-54-26#8006,31065,test,[],healthy honeybee,2017-09-01_10-54-26
train/videos/2017-08-30_15-42-59/2017-08-30_15-42-59.mp4-bee_id_9346-11820-1.png,0,2017-08-30_15-42-59,2017-08-30_15-42-59#9346,11820,train,[],healthy honeybee,2017-08-30_15-42-59
train/videos/2017-08-30_15-42-59/2017-08-30_15-42-59.mp4-bee_id_9223-4515-1.png,0,2017-08-30_15-42-59,2017-08-30_15-42-59#9223,4515,train,[],healthy honeybee,2017-08-30_15-42-59
test/videos/2017-09-01_10-54-26/2017-09-01_10-54-26.mp4-bee_id_8945-101250-1.png,1,2017-09-01_10-54-26,2017-09-01_10-54-26#8945,101250,test,"[[68.0, 156.0, 97.0, 178.0]]",honeybee with a varroa mite,2017-09-01_10-54-26
train/videos/2017-09-25_16-03-38-2/2017-09-25_16-03-38.mp4-bee_id_838-29250-1.png,0,2017-09-25_16-03-38,2017-09-25_16-03-38#838,29250,train,[],healthy honeybee,2017-09-25_16-03-38
train/videos/2017-09-25_16-03-38-2/2017-09-25_16-03-38.mp4-bee_id_931-32145-1.png,0,2017-09-25_16-03-38,2017-09-25_16-03-38#931,32145,train,[],healthy honeybee,2017-09-25_16-03-38
train/videos/2017-08-30_15-42-59/2017-08-30_15-42-59.mp4-bee_id_9810-45030-1.png,0,2017-08-30_15-42-59,2017-08-30_15-42-59#9810,45030,train,[],healthy honeybee,2017-08-30_15-42-59
train/videos/2017-08-30_15-42-59/2017-08-30_15-42-59.mp4-bee_id_9345-11805-1.png,0,2017-08-30_15-42-59,2017-08-30_15-42-59#9345,11805,train,[],healthy honeybee,2017-08-30_15-42-59
test/videos/2017-09-01_10-54-26/2017-09-01_10-54-26.mp4-bee_id_8667-88860-1.png,1,2017-09-01_10-54-26,2017-09-01_10-54-26#8667,88860,test,"[[78.0, 133.0, 108.0, 155.0]]",honeybee with a varroa mite,2017-09-01_10-54-26
val/videos/2017-09-25_16-03-38/2017-09-25_16-03-38.mp4-bee_id_1517-49350-1.png,0,2017-09-25_16-03-38,2017-09-25_16-03-38#1517,49350,val,[],healthy honeybee,2017-09-25_16-03-38
train/videos/2017-09-20_19-24-55/2017-09-20_19-24-55.mp4-bee_id_5968-88260-1.png,0,2017-09-20_19-24-55,2017-09-20_19-24-55#5968,88260,train,[],healthy honeybee,2017-09-20_19-24-55
test/videos/2017-10-17_1-39-36/2017-10-17_1-39-36.mp4-bee_id_3910-12300-1.png,0,2017-10-17_1-39-36,2017-10-17_1-39-36#3910,12300,test,[],healthy honeybee,2017-10-17_1-39-36
train/videos/2017-08-30_15-42-59/2017-08-30_15-42-59.mp4-bee_id_9987-54405-1.png,0,2017-08-30_15-42-59,2017-08-30_15-42-59#9987,54405,train,[],healthy honeybee,2017-08-30_15-42-59
train/videos/2017-09-20_19-24-55/2017-09-20_19-24-55.mp4-bee_id_4255-39870-1.png,1,2017-09-20_19-24-55,2017-09-20_19-24-55#4255,39870,train,"[[36.0, 97.0, 67.0, 139.0]]",honeybee with a varroa mite,2017-09-20_19-24-55
train/videos/2017-09-25_16-03-38-2/2017-09-25_16-03-38.mp4-bee_id_784-28035-1.png,0,2017-09-25_16-03-38,2017-09-25_16-03-38#784,28035,train,[],healthy honeybee,2017-09-25_16-03-38
train/videos/2017-09-20_19-24-55/2017-09-20_19-24-55.mp4-bee_id_3508-19815-1.png,1,2017-09-20_19-24-55,2017-09-20_19-24-55#3508,19815,train,"[[88.0, 131.0, 117.0, 152.0]]",honeybee with a varroa mite,2017-09-20_19-24-55
val/videos/2017-09-25_16-03-38/2017-09-25_16-03-38.mp4-bee_id_1804-57630-1.png,0,2017-09-25_16-03-38,2017-09-25_16-03-38#1804,57630,val,[],healthy honeybee,2017-09-25_16-03-38
train/videos/2017-09-25_16-03-38-2/2017-09-25_16-03-38.mp4-bee_id_924-31830-1.png,0,2017-09-25_16-03-38,2017-09-25_16-03-38#924,31830,train,[],healthy honeybee,2017-09-25_16-03-38
test/videos/2017-09-01_10-54-26/2017-09-01_10-54-26.mp4-bee_id_8265-50475-1.png,0,2017-09-01_10-54-26,2017-09-01_10-54-26#8265,50475,test,[],healthy honeybee,2017-09-01_10-54-26
test/videos/2017-10-17_1-39-36/2017-10-17_1-39-36.mp4-bee_id_3495-600-1.png,0,2017-10-17_1-39-36,2017-10-17_1-39-36#3495,600,test,[],healthy honeybee,2017-10-17_1-39-36
train/videos/2017-08-30_15-42-59/2017-08-30_15-42-59.mp4-bee_id_10239-62445-1.png,0,2017-08-30_15-42-59,2017-08-30_15-42-59#10239,62445,train,[],healthy honeybee,2017-08-30_15-42-59
train/videos/2017-08-30_15-42-59/2017-08-30_15-42-59.mp4-bee_id_9914-50400-1.png,0,2017-08-30_15-42-59,2017-08-30_15-42-59#9914,50400,train,[],healthy honeybee,2017-08-30_15-42-59
train/videos/2017-09-25_16-03-38-2/2017-09-25_16-03-38.mp4-bee_id_903-31275-1.png,0,2017-09-25_16-03-38,2017-09-25_16-03-38#903,31275,train,[],healthy honeybee,2017-09-25_16-03-38
test/videos/2017-10-17_1-39-36/2017-10-17_1-39-36.mp4-bee_id_4210-21000-1.png,0,2017-10-17_1-39-36,2017-10-17_1-39-36#4210,21000,test,[],healthy honeybee,2017-10-17_1-39-36
train/videos/2017-09-20_19-24-55/2017-09-20_19-24-55.mp4-bee_id_4600-50100-1.png,0,2017-09-20_19-24-55,2017-09-20_19-24-55#4600,50100,train,[],healthy honeybee,2017-09-20_19-24-55
train/videos/2017-09-20_19-24-55/2017-09-20_19-24-55.mp4-bee_id_6573-104745-1.png,1,2017-09-20_19-24-55,2017-09-20_19-24-55#6573,104745,train,"[[24.0, 90.0, 57.0, 130.0], [71.0, 83.0, 105.0, 120.0]]",honeybee with a varroa mite,2017-09-20_19-24-55
test/videos/2017-10-17_1-39-36/2017-10-17_1-39-36.mp4-bee_id_4349-24735-1.png,0,2017-10-17_1-39-36,2017-10-17_1-39-36#4349,24735,test,[],healthy honeybee,2017-10-17_1-39-36
test/videos/2017-10-17_1-39-36/2017-10-17_1-39-36.mp4-bee_id_5781-63000-1.png,1,2017-10-17_1-39-36,2017-10-17_1-39-36#5781,63000,test,"[[86.0, 141.0, 132.0, 174.0]]",honeybee with a varroa mite,2017-10-17_1-39-36
train/videos/2017-09-20_19-24-55/2017-09-20_19-24-55.mp4-bee_id_3163-10140-1.png,0,2017-09-20_19-24-55,2017-09-20_19-24-55#3163,10140,train,[],healthy honeybee,2017-09-20_19-24-55
train/videos/2017-09-25_16-03-38-2/2017-09-25_16-03-38.mp4-bee_id_368-11625-1.png,0,2017-09-25_16-03-38,2017-09-25_16-03-38#368,11625,train,[],healthy honeybee,2017-09-25_16-03-38
train/videos/2017-09-20_19-24-55/2017-09-20_19-24-55.mp4-bee_id_3133-9255-1.png,1,2017-09-20_19-24-55,2017-09-20_19-24-55#3133,9255,train,"[[78.0, 83.0, 106.0, 116.0]]",honeybee with a varroa mite,2017-09-20_19-24-55
val/videos/2017-09-25_16-03-38/2017-09-25_16-03-38.mp4-bee_id_2044-77880-1.png,0,2017-09-25_16-03-38,2017-09-25_16-03-38#2044,77880,val,[],healthy honeybee,2017-09-25_16-03-38
train/videos/2017-08-30_15-42-59/2017-08-30_15-42-59.mp4-bee_id_10892-96525-1.png,0,2017-08-30_15-42-59,2017-08-30_15-42-59#10892,96525,train,[],healthy honeybee,2017-08-30_15-42-59
train/videos/2017-08-28_09-30-00-1_500_dirty_glass/2017-08-28_09-30-00-1_500_dirty_glass.mp4-bee_id_7080-30225-1.png,1,2017-08-28_09-30-00-1_500_dirty_glass,2017-08-28_09-30-00-1_500_dirty_glass#7080,30225,train,"[[60.0, 92.0, 106.0, 114.0]]",honeybee with a varroa mite,2017-08-28_09-30-00-1_500_dirty_glass
val/videos/2017-09-25_16-03-38/2017-09-25_16-03-38.mp4-bee_id_2158-84945-1.png,1,2017-09-25_16-03-38,2017-09-25_16-03-38#2158,84945,val,"[[55.0, 135.0, 93.0, 174.0]]",honeybee with a varroa mite,2017-09-25_16-03-38
val/videos/2017-09-29_15-31-49/2017-09-29_15-31-49.mp4-bee_id_85-2205-1.png,0,2017-09-29_15-31-49,2017-09-29_15-31-49#85,2205,val,[],healthy honeybee,2017-09-29_15-31-49
test/videos/2017-10-17_1-39-36/2017-10-17_1-39-36.mp4-bee_id_5090-45015-1.png,0,2017-10-17_1-39-36,2017-10-17_1-39-36#5090,45015,test,[],healthy honeybee,2017-10-17_1-39-36
train/videos/2017-09-20_19-24-55/2017-09-20_19-24-55.mp4-bee_id_4857-57135-1.png,0,2017-09-20_19-24-55,2017-09-20_19-24-55#4857,57135,train,[],healthy honeybee,2017-09-20_19-24-55
test/videos/2017-09-01_10-54-26/2017-09-01_10-54-26.mp4-bee_id_8338-57600-1.png,1,2017-09-01_10-54-26,2017-09-01_10-54-26#8338,57600,test,"[[38.0, 110.0, 63.0, 136.0]]",honeybee with a varroa mite,2017-09-01_10-54-26
train/videos/2017-09-25_16-03-38-2/2017-09-25_16-03-38.mp4-bee_id_737-26610-1.png,0,2017-09-25_16-03-38,2017-09-25_16-03-38#737,26610,train,[],healthy honeybee,2017-09-25_16-03-38
train/videos/2017-10-17_16-41-10/2017-10-17_16-41-10.mp4-bee_id_6960-2850-1.png,0,2017-10-17_16-41-10,2017-10-17_16-41-10#6960,2850,train,[],healthy honeybee,2017-10-17_16-41-10
train/videos/2017-09-25_16-03-38-2/2017-09-25_16-03-38.mp4-bee_id_735-26550-1.png,1,2017-09-25_16-03-38,2017-09-25_16-03-38#735,26550,train,"[[53.0, 81.0, 92.0, 112.0], [42.0, 154.0, 73.0, 186.0]]",honeybee with a varroa mite,2017-09-25_16-03-38
train/videos/2017-08-28_09-30-00-1_500_dirty_glass/2017-08-28_09-30-00-1_500_dirty_glass.mp4-bee_id_6868-16500-1.png,0,2017-08-28_09-30-00-1_500_dirty_glass,2017-08-28_09-30-00-1_500_dirty_glass#6868,16500,train,[],healthy honeybee,2017-08-28_09-30-00-1_500_dirty_glass
train/videos/2017-09-20_19-24-55/2017-09-20_19-24-55.mp4-bee_id_3744-25830-1.png,1,2017-09-20_19-24-55,2017-09-20_19-24-55#3744,25830,train,"[[31.0, 145.0, 60.0, 179.0]]",honeybee with a varroa mite,2017-09-20_19-24-55
test/videos/2017-10-17_1-39-36/2017-10-17_1-39-36.mp4-bee_id_3864-10890-1.png,0,2017-10-17_1-39-36,2017-10-17_1-39-36#3864,10890,test,[],healthy honeybee,2017-10-17_1-39-36
val/videos/2017-09-01_3-01-01/2017-09-01_3-01-01.mp4-bee_id_2338-50880-1.png,1,2017-09-01_3-01-01,2017-09-01_3-01-01#2338,50880,val,"[[86.0, 99.0, 119.0, 129.0]]",honeybee with a varroa mite,2017-09-01_3-01-01
train/videos/2017-09-20_19-24-55/2017-09-20_19-24-55.mp4-bee_id_4199-38385-1.png,0,2017-09-20_19-24-55,2017-09-20_19-24-55#4199,38385,train,[],healthy honeybee,2017-09-20_19-24-55
val/videos/2017-09-01_3-01-01/2017-09-01_3-01-01.mp4-bee_id_2536-64995-1.png,0,2017-09-01_3-01-01,2017-09-01_3-01-01#2536,64995,val,[],healthy honeybee,2017-09-01_3-01-01
val/videos/2017-09-25_16-03-38/2017-09-25_16-03-38.mp4-bee_id_1496-48540-1.png,0,2017-09-25_16-03-38,2017-09-25_16-03-38#1496,48540,val,[],healthy honeybee,2017-09-25_16-03-38
test/videos/2017-10-17_1-39-36/2017-10-17_1-39-36.mp4-bee_id_4636-32280-1.png,0,2017-10-17_1-39-36,2017-10-17_1-39-36#4636,32280,test,[],healthy honeybee,2017-10-17_1-39-36
train/videos/2017-08-30_15-42-59/2017-08-30_15-42-59.mp4-bee_id_9269-6450-1.png,0,2017-08-30_15-42-59,2017-08-30_15-42-59#9269,6450,train,[],healthy honeybee,2017-08-30_15-42-59
train/videos/2017-09-25_16-03-38-2/2017-09-25_16-03-38.mp4-bee_id_939-32520-1.png,0,2017-09-25_16-03-38,2017-09-25_16-03-38#939,32520,train,[],healthy honeybee,2017-09-25_16-03-38
train/videos/2017-08-30_15-42-59/2017-08-30_15-42-59.mp4-bee_id_10835-93195-1.png,0,2017-08-30_15-42-59,2017-08-30_15-42-59#10835,93195,train,[],healthy honeybee,2017-08-30_15-42-59
val/videos/2017-09-29_15-31-49/2017-09-29_15-31-49.mp4-bee_id_146-3690-1.png,0,2017-09-29_15-31-49,2017-09-29_15-31-49#146,3690,val,[],healthy honeybee,2017-09-29_15-31-49
test/videos/2017-10-17_1-39-36/2017-10-17_1-39-36.mp4-bee_id_3973-14175-1.png,0,2017-10-17_1-39-36,2017-10-17_1-39-36#3973,14175,test,[],healthy honeybee,2017-10-17_1-39-36
train/videos/2017-08-28_09-30-00-1_500_dirty_glass/2017-08-28_09-30-00-1_500_dirty_glass.mp4-bee_id_7382-47175-1.png,1,2017-08-28_09-30-00-1_500_dirty_glass,2017-08-28_09-30-00-1_500_dirty_glass#7382,47175,train,"[[47.0, 129.0, 80.0, 161.0]]",honeybee with a varroa mite,2017-08-28_09-30-00-1_500_dirty_glass
train/videos/2017-09-20_19-24-55/2017-09-20_19-24-55.mp4-bee_id_4477-46575-1.png,0,2017-09-20_19-24-55,2017-09-20_19-24-55#4477,46575,train,[],healthy honeybee,2017-09-20_19-24-55
test/videos/2017-10-17_1-39-36/2017-10-17_1-39-36.mp4-bee_id_5954-67080-1.png,0,2017-10-17_1-39-36,2017-10-17_1-39-36#5954,67080,test,[],healthy honeybee,2017-10-17_1-39-36
train/videos/2017-09-25_16-03-38-2/2017-09-25_16-03-38.mp4-bee_id_575-21180-1.png,0,2017-09-25_16-03-38,2017-09-25_16-03-38#575,21180,train,[],healthy honeybee,2017-09-25_16-03-38
train/videos/2017-09-20_19-24-55/2017-09-20_19-24-55.mp4-bee_id_3323-14715-1.png,1,2017-09-20_19-24-55,2017-09-20_19-24-55#3323,14715,train,"[[59.0, 36.0, 81.0, 67.0]]",honeybee with a varroa mite,2017-09-20_19-24-55
test/videos/2017-10-17_1-39-36/2017-10-17_1-39-36.mp4-bee_id_4686-33555-1.png,0,2017-10-17_1-39-36,2017-10-17_1-39-36#4686,33555,test,[],healthy honeybee,2017-10-17_1-39-36
val/videos/2017-09-25_16-03-38/2017-09-25_16-03-38.mp4-bee_id_1833-60255-1.png,0,2017-09-25_16-03-38,2017-09-25_16-03-38#1833,60255,val,[],healthy honeybee,2017-09-25_16-03-38
train/videos/2017-09-20_19-24-55/2017-09-20_19-24-55.mp4-bee_id_3647-23340-1.png,1,2017-09-20_19-24-55,2017-09-20_19-24-55#3647,23340,train,"[[43.0, 134.0, 83.0, 157.0]]",honeybee with a varroa mite,2017-09-20_19-24-55
train/videos/2017-08-30_15-42-59/2017-08-30_15-42-59.mp4-bee_id_10464-77010-1.png,1,2017-08-30_15-42-59,2017-08-30_15-42-59#10464,77010,train,"[[53.0, 156.0, 76.0, 178.0]]",honeybee with a varroa mite,2017-08-30_15-42-59
test/videos/2017-10-17_1-39-36/2017-10-17_1-39-36.mp4-bee_id_5974-67620-1.png,0,2017-10-17_1-39-36,2017-10-17_1-39-36#5974,67620,test,[],healthy honeybee,2017-10-17_1-39-36
train/videos/2017-08-30_15-42-59/2017-08-30_15-42-59.mp4-bee_id_9242-5205-1.png,0,2017-08-30_15-42-59,2017-08-30_15-42-59#9242,5205,train,[],healthy honeybee,2017-08-30_15-42-59
val/videos/2017-09-25_16-03-38/2017-09-25_16-03-38.mp4-bee_id_1691-54165-1.png,0,2017-09-25_16-03-38,2017-09-25_16-03-38#1691,54165,val,[],healthy honeybee,2017-09-25_16-03-38
val/videos/2017-08-28_16-32-55_30_sec/2017-08-28_16-32-55_30_sec.mp4-bee_id_6678-705-1.png,0,2017-08-28_16-32-55_30_sec,2017-08-28_16-32-55_30_sec#6678,705,val,[],healthy honeybee,2017-08-28_16-32-55_30_sec
train/videos/2017-09-20_19-24-55/2017-09-20_19-24-55.mp4-bee_id_4159-37380-1.png,1,2017-09-20_19-24-55,2017-09-20_19-24-55#4159,37380,train,"[[97.0, 138.0, 144.0, 169.0]]",honeybee with a varroa mite,2017-09-20_19-24-55
val/videos/2017-09-25_16-03-38/2017-09-25_16-03-38.mp4-bee_id_1884-65340-1.png,0,2017-09-25_16-03-38,2017-09-25_16-03-38#1884,65340,val,[],healthy honeybee,2017-09-25_16-03-38
test/videos/2017-10-17_1-39-36/2017-10-17_1-39-36.mp4-bee_id_5280-50295-1.png,1,2017-10-17_1-39-36,2017-10-17_1-39-36#5280,50295,test,"[[39.0, 101.0, 83.0, 135.0]]",honeybee with a varroa mite,2017-10-17_1-39-36
train/videos/2017-08-28_09-30-00-1_500_dirty_glass/2017-08-28_09-30-00-1_500_dirty_glass.mp4-bee_id_7493-52125-1.png,1,2017-08-28_09-30-00-1_500_dirty_glass,2017-08-28_09-30-00-1_500_dirty_glass#7493,52125,train,"[[66.0, 102.0, 104.0, 131.0]]",honeybee with a varroa mite,2017-08-28_09-30-00-1_500_dirty_glass
train/videos/2017-09-20_19-24-55/2017-09-20_19-24-55.mp4-bee_id_5589-77790-1.png,1,2017-09-20_19-24-55,2017-09-20_19-24-55#5589,77790,train,"[[37.0, 110.0, 73.0, 144.0]]",honeybee with a varroa mite,2017-09-20_19-24-55
train/videos/2017-09-20_19-24-55/2017-09-20_19-24-55.mp4-bee_id_4274-40455-1.png,1,2017-09-20_19-24-55,2017-09-20_19-24-55#4274,40455,train,"[[81.0, 145.0, 128.0, 164.0]]",honeybee with a varroa mite,2017-09-20_19-24-55
test/videos/2017-10-17_1-39-36/2017-10-17_1-39-36.mp4-bee_id_5055-43920-1.png,0,2017-10-17_1-39-36,2017-10-17_1-39-36#5055,43920,test,[],healthy honeybee,2017-10-17_1-39-36
test/videos/2017-10-17_1-39-36/2017-10-17_1-39-36.mp4-bee_id_4364-25230-1.png,1,2017-10-17_1-39-36,2017-10-17_1-39-36#4364,25230,test,"[[44.0, 53.0, 65.0, 74.0], [40.0, 75.0, 68.0, 109.0]]",honeybee with a varroa mite,2017-10-17_1-39-36
test/videos/2017-10-17_1-39-36/2017-10-17_1-39-36.mp4-bee_id_5117-45915-1.png,0,2017-10-17_1-39-36,2017-10-17_1-39-36#5117,45915,test,[],healthy honeybee,2017-10-17_1-39-36
test/videos/2017-10-17_1-39-36/2017-10-17_1-39-36.mp4-bee_id_5546-56820-1.png,0,2017-10-17_1-39-36,2017-10-17_1-39-36#5546,56820,test,[],healthy honeybee,2017-10-17_1-39-36
train/videos/2017-09-25_16-03-38-2/2017-09-25_16-03-38.mp4-bee_id_733-26535-1.png,0,2017-09-25_16-03-38,2017-09-25_16-03-38#733,26535,train,[],healthy honeybee,2017-09-25_16-03-38
train/videos/2017-09-20_19-24-55/2017-09-20_19-24-55.mp4-bee_id_3382-16335-1.png,0,2017-09-20_19-24-55,2017-09-20_19-24-55#3382,16335,train,[],healthy honeybee,2017-09-20_19-24-55
val/videos/2017-08-28_16-32-55_30_sec/2017-08-28_16-32-55_30_sec.mp4-bee_id_6687-915-1.png,1,2017-08-28_16-32-55_30_sec,2017-08-28_16-32-55_30_sec#6687,915,val,"[[70.0, 94.0, 99.0, 122.0], [82.0, 94.0, 127.0, 133.0], [90.0, 118.0, 119.0, 157.0]]",honeybee with a varroa mite,2017-08-28_16-32-55_30_sec
train/videos/2017-09-20_19-24-55/2017-09-20_19-24-55.mp4-bee_id_6209-94995-1.png,0,2017-09-20_19-24-55,2017-09-20_19-24-55#6209,94995,train,[],healthy honeybee,2017-09-20_19-24-55
train/videos/2017-09-25_16-03-38-2/2017-09-25_16-03-38.mp4-bee_id_935-32400-1.png,0,2017-09-25_16-03-38,2017-09-25_16-03-38#935,32400,train,[],healthy honeybee,2017-09-25_16-03-38
train/videos/2017-08-30_15-42-59/2017-08-30_15-42-59.mp4-bee_id_10301-64575-1.png,0,2017-08-30_15-42-59,2017-08-30_15-42-59#10301,64575,train,[],healthy honeybee,2017-08-30_15-42-59
val/videos/2017-09-25_16-03-38/2017-09-25_16-03-38.mp4-bee_id_1671-53505-1.png,0,2017-09-25_16-03-38,2017-09-25_16-03-38#1671,53505,val,[],healthy honeybee,2017-09-25_16-03-38
val/videos/2017-09-25_16-03-38/2017-09-25_16-03-38.mp4-bee_id_2205-88455-1.png,0,2017-09-25_16-03-38,2017-09-25_16-03-38#2205,88455,val,[],healthy honeybee,2017-09-25_16-03-38
train/videos/2017-09-20_19-24-55/2017-09-20_19-24-55.mp4-bee_id_5596-78030-1.png,0,2017-09-20_19-24-55,2017-09-20_19-24-55#5596,78030,train,[],healthy honeybee,2017-09-20_19-24-55
train/videos/2017-08-30_15-42-59/2017-08-30_15-42-59.mp4-bee_id_9203-3885-1.png,0,2017-08-30_15-42-59,2017-08-30_15-42-59#9203,3885,train,[],healthy honeybee,2017-08-30_15-42-59
test/videos/2017-10-17_1-39-36/2017-10-17_1-39-36.mp4-bee_id_4546-30045-1.png,0,2017-10-17_1-39-36,2017-10-17_1-39-36#4546,30045,test,[],healthy honeybee,2017-10-17_1-39-36
val/videos/2017-09-25_16-03-38/2017-09-25_16-03-38.mp4-bee_id_2223-89400-1.png,0,2017-09-25_16-03-38,2017-09-25_16-03-38#2223,89400,val,[],healthy honeybee,2017-09-25_16-03-38
train/videos/2017-09-20_19-24-55/2017-09-20_19-24-55.mp4-bee_id_5017-61470-1.png,0,2017-09-20_19-24-55,2017-09-20_19-24-55#5017,61470,train,[],healthy honeybee,2017-09-20_19-24-55
train/videos/2017-08-30_15-42-59/2017-08-30_15-42-59.mp4-bee_id_10711-86310-1.png,0,2017-08-30_15-42-59,2017-08-30_15-42-59#10711,86310,train,[],healthy honeybee,2017-08-30_15-42-59
train/videos/2017-08-30_15-42-59/2017-08-30_15-42-59.mp4-bee_id_9149-2010-1.png,0,2017-08-30_15-42-59,2017-08-30_15-42-59#9149,2010,train,[],healthy honeybee,2017-08-30_15-42-59
train/videos/2017-08-30_15-42-59/2017-08-30_15-42-59.mp4-bee_id_9730-41595-1.png,0,2017-08-30_15-42-59,2017-08-30_15-42-59#9730,41595,train,[],healthy honeybee,2017-08-30_15-42-59
train/videos/2017-08-30_15-42-59/2017-08-30_15-42-59.mp4-bee_id_9715-40830-1.png,0,2017-08-30_15-42-59,2017-08-30_15-42-59#9715,40830,train,[],healthy honeybee,2017-08-30_15-42-59
val/videos/2017-09-25_16-03-38/2017-09-25_16-03-38.mp4-bee_id_1789-57135-1.png,0,2017-09-25_16-03-38,2017-09-25_16-03-38#1789,57135,val,[],healthy honeybee,2017-09-25_16-03-38
train/videos/2017-09-20_19-24-55/2017-09-20_19-24-55.mp4-bee_id_6390-100035-1.png,1,2017-09-20_19-24-55,2017-09-20_19-24-55#6390,100035,train,"[[30.0, 84.0, 57.0, 112.0]]",honeybee with a varroa mite,2017-09-20_19-24-55
train/videos/2017-09-20_19-24-55/2017-09-20_19-24-55.mp4-bee_id_3834-28140-1.png,0,2017-09-20_19-24-55,2017-09-20_19-24-55#3834,28140,train,[],healthy honeybee,2017-09-20_19-24-55
train/videos/2017-09-20_19-24-55/2017-09-20_19-24-55.mp4-bee_id_5826-84120-1.png,0,2017-09-20_19-24-55,2017-09-20_19-24-55#5826,84120,train,[],healthy honeybee,2017-09-20_19-24-55
val/videos/2017-09-25_16-03-38/2017-09-25_16-03-38.mp4-bee_id_1408-46125-1.png,0,2017-09-25_16-03-38,2017-09-25_16-03-38#1408,46125,val,[],healthy honeybee,2017-09-25_16-03-38
test/videos/2017-10-17_1-39-36/2017-10-17_1-39-36.mp4-bee_id_3693-6105-1.png,0,2017-10-17_1-39-36,2017-10-17_1-39-36#3693,6105,test,[],healthy honeybee,2017-10-17_1-39-36
train/videos/2017-08-28_09-30-00-1_500_dirty_glass/2017-08-28_09-30-00-1_500_dirty_glass.mp4-bee_id_7033-23970-1.png,1,2017-08-28_09-30-00-1_500_dirty_glass,2017-08-28_09-30-00-1_500_dirty_glass#7033,23970,train,"[[71.0, 87.0, 95.0, 107.0]]",honeybee with a varroa mite,2017-08-28_09-30-00-1_500_dirty_glass
test/videos/2017-10-17_1-39-36/2017-10-17_1-39-36.mp4-bee_id_4819-37245-1.png,0,2017-10-17_1-39-36,2017-10-17_1-39-36#4819,37245,test,[],healthy honeybee,2017-10-17_1-39-36
train/videos/2017-08-28_09-30-00-1_500_dirty_glass/2017-08-28_09-30-00-1_500_dirty_glass.mp4-bee_id_6837-15420-1.png,0,2017-08-28_09-30-00-1_500_dirty_glass,2017-08-28_09-30-00-1_500_dirty_glass#6837,15420,train,[],healthy honeybee,2017-08-28_09-30-00-1_500_dirty_glass
test/videos/2017-10-17_1-39-36/2017-10-17_1-39-36.mp4-bee_id_4018-15450-1.png,0,2017-10-17_1-39-36,2017-10-17_1-39-36#4018,15450,test,[],healthy honeybee,2017-10-17_1-39-36
val/videos/2017-09-25_16-03-38/2017-09-25_16-03-38.mp4-bee_id_1270-42390-1.png,0,2017-09-25_16-03-38,2017-09-25_16-03-38#1270,42390,val,[],healthy honeybee,2017-09-25_16-03-38
train/videos/2017-09-20_19-24-55/2017-09-20_19-24-55.mp4-bee_id_4242-39465-1.png,1,2017-09-20_19-24-55,2017-09-20_19-24-55#4242,39465,train,"[[83.0, 85.0, 124.0, 126.0], [40.0, 104.0, 62.0, 135.0]]",honeybee with a varroa mite,2017-09-20_19-24-55
train/videos/2017-09-20_19-24-55/2017-09-20_19-24-55.mp4-bee_id_5142-64680-1.png,1,2017-09-20_19-24-55,2017-09-20_19-24-55#5142,64680,train,"[[74.0, 88.0, 111.0, 126.0]]",honeybee with a varroa mite,2017-09-20_19-24-55
val/videos/2017-09-25_16-03-38/2017-09-25_16-03-38.mp4-bee_id_1693-54270-1.png,0,2017-09-25_16-03-38,2017-09-25_16-03-38#1693,54270,val,[],healthy honeybee,2017-09-25_16-03-38
test/videos/2017-10-17_1-39-36/2017-10-17_1-39-36.mp4-bee_id_5169-47430-1.png,0,2017-10-17_1-39-36,2017-10-17_1-39-36#5169,47430,test,[],healthy honeybee,2017-10-17_1-39-36
train/videos/2017-08-28_09-30-00-1_500_dirty_glass/2017-08-28_09-30-00-1_500_dirty_glass.mp4-bee_id_7021-23580-1.png,1,2017-08-28_09-30-00-1_500_dirty_glass,2017-08-28_09-30-00-1_500_dirty_glass#7021,23580,train,"[[39.0, 162.0, 57.0, 182.0]]",honeybee with a varroa mite,2017-08-28_09-30-00-1_500_dirty_glass
train/videos/2017-09-20_19-24-55/2017-09-20_19-24-55.mp4-bee_id_5708-81135-1.png,1,2017-09-20_19-24-55,2017-09-20_19-24-55#5708,81135,train,"[[82.0, 131.0, 119.0, 160.0]]",honeybee with a varroa mite,2017-09-20_19-24-55
train/videos/2017-09-20_19-24-55/2017-09-20_19-24-55.mp4-bee_id_5107-63825-1.png,0,2017-09-20_19-24-55,2017-09-20_19-24-55#5107,63825,train,[],healthy honeybee,2017-09-20_19-24-55
test/videos/2017-10-17_1-39-36/2017-10-17_1-39-36.mp4-bee_id_4936-40800-1.png,0,2017-10-17_1-39-36,2017-10-17_1-39-36#4936,40800,test,[],healthy honeybee,2017-10-17_1-39-36
train/videos/2017-08-30_15-42-59/2017-08-30_15-42-59.mp4-bee_id_9866-47910-1.png,1,2017-08-30_15-42-59,2017-08-30_15-42-59#9866,47910,train,"[[81.0, 73.0, 119.0, 120.0]]",honeybee with a varroa mite,2017-08-30_15-42-59
train/videos/2017-08-30_15-42-59/2017-08-30_15-42-59.mp4-bee_id_10145-59640-1.png,0,2017-08-30_15-42-59,2017-08-30_15-42-59#10145,59640,train,[],healthy honeybee,2017-08-30_15-42-59
train/videos/2017-09-20_19-24-55/2017-09-20_19-24-55.mp4-bee_id_4840-56595-1.png,0,2017-09-20_19-24-55,2017-09-20_19-24-55#4840,56595,train,[],healthy honeybee,2017-09-20_19-24-55
train/videos/2017-09-20_19-24-55/2017-09-20_19-24-55.mp4-bee_id_6285-97125-1.png,1,2017-09-20_19-24-55,2017-09-20_19-24-55#6285,97125,train,"[[63.0, 142.0, 106.0, 190.0], [16.0, 172.0, 49.0, 203.0]]",honeybee with a varroa mite,2017-09-20_19-24-55
test/videos/2017-10-17_1-39-36/2017-10-17_1-39-36.mp4-bee_id_5902-65760-1.png,0,2017-10-17_1-39-36,2017-10-17_1-39-36#5902,65760,test,[],healthy honeybee,2017-10-17_1-39-36
train/videos/2017-08-28_09-30-00-1_500_dirty_glass/2017-08-28_09-30-00-1_500_dirty_glass.mp4-bee_id_7100-31185-1.png,0,2017-08-28_09-30-00-1_500_dirty_glass,2017-08-28_09-30-00-1_500_dirty_glass#7100,31185,train,[],healthy honeybee,2017-08-28_09-30-00-1_500_dirty_glass
train/videos/2017-09-20_19-24-55/2017-09-20_19-24-55.mp4-bee_id_5537-76215-1.png,0,2017-09-20_19-24-55,2017-09-20_19-24-55#5537,76215,train,[],healthy honeybee,2017-09-20_19-24-55
train/videos/2017-08-28_09-30-00-1_500_dirty_glass/2017-08-28_09-30-00-1_500_dirty_glass.mp4-bee_id_7322-44490-1.png,0,2017-08-28_09-30-00-1_500_dirty_glass,2017-08-28_09-30-00-1_500_dirty_glass#7322,44490,train,[],healthy honeybee,2017-08-28_09-30-00-1_500_dirty_glass
train/videos/2017-09-20_19-24-55/2017-09-20_19-24-55.mp4-bee_id_5750-82125-1.png,1,2017-09-20_19-24-55,2017-09-20_19-24-55#5750,82125,train,"[[93.0, 107.0, 122.0, 139.0]]",honeybee with a varroa mite,2017-09-20_19-24-55
train/videos/2017-09-20_19-24-55/2017-09-20_19-24-55.mp4-bee_id_4095-35640-1.png,1,2017-09-20_19-24-55,2017-09-20_19-24-55#4095,35640,train,"[[65.0, 154.0, 94.0, 182.0], [20.0, 164.0, 35.0, 190.0]]",honeybee with a varroa mite,2017-09-20_19-24-55
test/videos/2017-09-01_10-54-26/2017-09-01_10-54-26.mp4-bee_id_7963-28305-1.png,0,2017-09-01_10-54-26,2017-09-01_10-54-26#7963,28305,test,[],healthy honeybee,2017-09-01_10-54-26
test/videos/2017-10-17_1-39-36/2017-10-17_1-39-36.mp4-bee_id_3718-6675-1.png,0,2017-10-17_1-39-36,2017-10-17_1-39-36#3718,6675,test,[],healthy honeybee,2017-10-17_1-39-36
train/videos/2017-09-20_19-24-55/2017-09-20_19-24-55.mp4-bee_id_6100-92115-1.png,1,2017-09-20_19-24-55,2017-09-20_19-24-55#6100,92115,train,"[[78.0, 156.0, 122.0, 202.0]]",honeybee with a varroa mite,2017-09-20_19-24-55
train/videos/2017-09-20_19-24-55/2017-09-20_19-24-55.mp4-bee_id_4246-39600-1.png,1,2017-09-20_19-24-55,2017-09-20_19-24-55#4246,39600,train,"[[33.0, 147.0, 60.0, 177.0]]",honeybee with a varroa mite,2017-09-20_19-24-55
train/videos/2017-08-28_09-30-00-1_500_dirty_glass/2017-08-28_09-30-00-1_500_dirty_glass.mp4-bee_id_6704-735-1.png,0,2017-08-28_09-30-00-1_500_dirty_glass,2017-08-28_09-30-00-1_500_dirty_glass#6704,735,train,[],healthy honeybee,2017-08-28_09-30-00-1_500_dirty_glass
train/videos/2017-08-30_15-42-59/2017-08-30_15-42-59.mp4-bee_id_9680-39615-1.png,1,2017-08-30_15-42-59,2017-08-30_15-42-59#9680,39615,train,"[[84.0, 165.0, 108.0, 188.0]]",honeybee with a varroa mite,2017-08-30_15-42-59
val/videos/2017-09-25_16-03-38/2017-09-25_16-03-38.mp4-bee_id_2008-75585-1.png,0,2017-09-25_16-03-38,2017-09-25_16-03-38#2008,75585,val,[],healthy honeybee,2017-09-25_16-03-38
val/videos/2017-09-25_16-03-38/2017-09-25_16-03-38.mp4-bee_id_2132-83565-1.png,0,2017-09-25_16-03-38,2017-09-25_16-03-38#2132,83565,val,[],healthy honeybee,2017-09-25_16-03-38
train/videos/2017-08-30_15-42-59/2017-08-30_15-42-59.mp4-bee_id_9250-5595-1.png,0,2017-08-30_15-42-59,2017-08-30_15-42-59#9250,5595,train,[],healthy honeybee,2017-08-30_15-42-59
train/videos/2017-09-20_19-24-55/2017-09-20_19-24-55.mp4-bee_id_4143-36900-1.png,0,2017-09-20_19-24-55,2017-09-20_19-24-55#4143,36900,train,[],healthy honeybee,2017-09-20_19-24-55
train/videos/2017-09-25_16-03-38-2/2017-09-25_16-03-38.mp4-bee_id_370-11730-1.png,0,2017-09-25_16-03-38,2017-09-25_16-03-38#370,11730,train,[],healthy honeybee,2017-09-25_16-03-38
train/videos/2017-08-28_09-30-00-1_500_dirty_glass/2017-08-28_09-30-00-1_500_dirty_glass.mp4-bee_id_7129-32025-1.png,1,2017-08-28_09-30-00-1_500_dirty_glass,2017-08-28_09-30-00-1_500_dirty_glass#7129,32025,train,"[[21.0, 96.0, 59.0, 130.0]]",honeybee with a varroa mite,2017-08-28_09-30-00-1_500_dirty_glass
train/videos/2017-10-17_16-41-10/2017-10-17_16-41-10.mp4-bee_id_7151-8895-1.png,0,2017-10-17_16-41-10,2017-10-17_16-41-10#7151,8895,train,[],healthy honeybee,2017-10-17_16-41-10
train/videos/2017-09-20_19-24-55/2017-09-20_19-24-55.mp4-bee_id_3525-20250-1.png,1,2017-09-20_19-24-55,2017-09-20_19-24-55#3525,20250,train,"[[41.0, 171.0, 70.0, 195.0]]",honeybee with a varroa mite,2017-09-20_19-24-55
test/videos/2017-09-01_10-54-26/2017-09-01_10-54-26.mp4-bee_id_8696-90120-1.png,0,2017-09-01_10-54-26,2017-09-01_10-54-26#8696,90120,test,[],healthy honeybee,2017-09-01_10-54-26
train/videos/2017-09-25_16-03-38-2/2017-09-25_16-03-38.mp4-bee_id_284-5880-1.png,0,2017-09-25_16-03-38,2017-09-25_16-03-38#284,5880,train,[],healthy honeybee,2017-09-25_16-03-38
train/videos/2017-08-28_09-30-00-1_500_dirty_glass/2017-08-28_09-30-00-1_500_dirty_glass.mp4-bee_id_7677-60900-1.png,0,2017-08-28_09-30-00-1_500_dirty_glass,2017-08-28_09-30-00-1_500_dirty_glass#7677,60900,train,[],healthy honeybee,2017-08-28_09-30-00-1_500_dirty_glass
val/videos/2017-09-01_3-01-01/2017-09-01_3-01-01.mp4-bee_id_2480-62685-1.png,1,2017-09-01_3-01-01,2017-09-01_3-01-01#2480,62685,val,"[[71.0, 94.0, 103.0, 128.0], [66.0, 77.0, 87.0, 100.0]]",honeybee with a varroa mite,2017-09-01_3-01-01
test/videos/2017-10-17_1-39-36/2017-10-17_1-39-36.mp4-bee_id_5533-56415-1.png,0,2017-10-17_1-39-36,2017-10-17_1-39-36#5533,56415,test,[],healthy honeybee,2017-10-17_1-39-36
train/videos/2017-10-17_16-41-10/2017-10-17_16-41-10.mp4-bee_id_7082-6570-1.png,0,2017-10-17_16-41-10,2017-10-17_16-41-10#7082,6570,train,[],healthy honeybee,2017-10-17_16-41-10
test/videos/2017-10-17_1-39-36/2017-10-17_1-39-36.mp4-bee_id_4239-21615-1.png,0,2017-10-17_1-39-36,2017-10-17_1-39-36#4239,21615,test,[],healthy honeybee,2017-10-17_1-39-36
train/videos/2017-08-28_09-30-00-1_500_dirty_glass/2017-08-28_09-30-00-1_500_dirty_glass.mp4-bee_id_6909-19395-1.png,0,2017-08-28_09-30-00-1_500_dirty_glass,2017-08-28_09-30-00-1_500_dirty_glass#6909,19395,train,[],healthy honeybee,2017-08-28_09-30-00-1_500_dirty_glass
train/videos/2017-09-20_19-24-55/2017-09-20_19-24-55.mp4-bee_id_6550-104130-1.png,0,2017-09-20_19-24-55,2017-09-20_19-24-55#6550,104130,train,[],healthy honeybee,2017-09-20_19-24-55
train/videos/2017-09-20_19-24-55/2017-09-20_19-24-55.mp4-bee_id_6219-95205-1.png,1,2017-09-20_19-24-55,2017-09-20_19-24-55#6219,95205,train,"[[91.0, 107.0, 127.0, 146.0]]",honeybee with a varroa mite,2017-09-20_19-24-55
train/videos/2017-09-20_19-24-55/2017-09-20_19-24-55.mp4-bee_id_3506-19800-1.png,1,2017-09-20_19-24-55,2017-09-20_19-24-55#3506,19800,train,"[[78.0, 104.0, 110.0, 137.0]]",honeybee with a varroa mite,2017-09-20_19-24-55
train/videos/2017-08-30_15-42-59/2017-08-30_15-42-59.mp4-bee_id_9750-42315-1.png,0,2017-08-30_15-42-59,2017-08-30_15-42-59#9750,42315,train,[],healthy honeybee,2017-08-30_15-42-59
val/videos/2017-09-25_16-03-38/2017-09-25_16-03-38.mp4-bee_id_1458-47355-1.png,0,2017-09-25_16-03-38,2017-09-25_16-03-38#1458,47355,val,[],healthy honeybee,2017-09-25_16-03-38
val/videos/2017-09-01_3-01-01/2017-09-01_3-01-01.mp4-bee_id_2661-86700-1.png,0,2017-09-01_3-01-01,2017-09-01_3-01-01#2661,86700,val,[],healthy honeybee,2017-09-01_3-01-01
train/videos/2017-08-30_15-42-59/2017-08-30_15-42-59.mp4-bee_id_9874-48510-1.png,0,2017-08-30_15-42-59,2017-08-30_15-42-59#9874,48510,train,[],healthy honeybee,2017-08-30_15-42-59
train/videos/2017-08-30_15-42-59/2017-08-30_15-42-59.mp4-bee_id_9219-4470-1.png,0,2017-08-30_15-42-59,2017-08-30_15-42-59#9219,4470,train,[],healthy honeybee,2017-08-30_15-42-59
train/videos/2017-08-28_09-30-00-1_500_dirty_glass/2017-08-28_09-30-00-1_500_dirty_glass.mp4-bee_id_7486-51690-1.png,1,2017-08-28_09-30-00-1_500_dirty_glass,2017-08-28_09-30-00-1_500_dirty_glass#7486,51690,train,"[[47.0, 121.0, 86.0, 152.0]]",honeybee with a varroa mite,2017-08-28_09-30-00-1_500_dirty_glass
val/videos/2017-09-25_16-03-38/2017-09-25_16-03-38.mp4-bee_id_1236-41415-1.png,0,2017-09-25_16-03-38,2017-09-25_16-03-38#1236,41415,val,[],healthy honeybee,2017-09-25_16-03-38
test/videos/2017-09-01_10-54-26/2017-09-01_10-54-26.mp4-bee_id_8497-72330-1.png,1,2017-09-01_10-54-26,2017-09-01_10-54-26#8497,72330,test,"[[35.0, 163.0, 57.0, 194.0]]",honeybee with a varroa mite,2017-09-01_10-54-26
test/videos/2017-10-17_1-39-36/2017-10-17_1-39-36.mp4-bee_id_4926-40455-1.png,0,2017-10-17_1-39-36,2017-10-17_1-39-36#4926,40455,test,[],healthy honeybee,2017-10-17_1-39-36
train/videos/2017-09-20_19-24-55/2017-09-20_19-24-55.mp4-bee_id_6174-94065-1.png,0,2017-09-20_19-24-55,2017-09-20_19-24-55#6174,94065,train,[],healthy honeybee,2017-09-20_19-24-55
test/videos/2017-10-17_1-39-36/2017-10-17_1-39-36.mp4-bee_id_4267-22470-1.png,1,2017-10-17_1-39-36,2017-10-17_1-39-36#4267,22470,test,"[[39.0, 95.0, 74.0, 140.0]]",honeybee with a varroa mite,2017-10-17_1-39-36
train/videos/2017-09-20_19-24-55/2017-09-20_19-24-55.mp4-bee_id_3938-31140-1.png,0,2017-09-20_19-24-55,2017-09-20_19-24-55#3938,31140,train,[],healthy honeybee,2017-09-20_19-24-55
train/videos/2017-10-17_16-41-10/2017-10-17_16-41-10.mp4-bee_id_7119-7485-1.png,1,2017-10-17_16-41-10,2017-10-17_16-41-10#7119,7485,train,"[[68.0, 59.0, 100.0, 79.0]]",honeybee with a varroa mite,2017-10-17_16-41-10
train/videos/2017-09-20_19-24-55/2017-09-20_19-24-55.mp4-bee_id_5412-72885-1.png,0,2017-09-20_19-24-55,2017-09-20_19-24-55#5412,72885,train,[],healthy honeybee,2017-09-20_19-24-55
train/videos/2017-09-20_19-24-55/2017-09-20_19-24-55.mp4-bee_id_4320-41760-1.png,0,2017-09-20_19-24-55,2017-09-20_19-24-55#4320,41760,train,[],healthy honeybee,2017-09-20_19-24-55
val/videos/2017-09-25_16-03-38/2017-09-25_16-03-38.mp4-bee_id_1873-64440-1.png,0,2017-09-25_16-03-38,2017-09-25_16-03-38#1873,64440,val,[],healthy honeybee,2017-09-25_16-03-38
test/videos/2017-10-17_1-39-36/2017-10-17_1-39-36.mp4-bee_id_5070-44520-1.png,0,2017-10-17_1-39-36,2017-10-17_1-39-36#5070,44520,test,[],healthy honeybee,2017-10-17_1-39-36
test/videos/2017-10-17_1-39-36/2017-10-17_1-39-36.mp4-bee_id_5796-63450-1.png,1,2017-10-17_1-39-36,2017-10-17_1-39-36#5796,63450,test,"[[43.0, 69.0, 85.0, 111.0]]",honeybee with a varroa mite,2017-10-17_1-39-36
train/videos/2017-09-20_19-24-55/2017-09-20_19-24-55.mp4-bee_id_4934-59160-1.png,0,2017-09-20_19-24-55,2017-09-20_19-24-55#4934,59160,train,[],healthy honeybee,2017-09-20_19-24-55
train/videos/2017-09-20_19-24-55/2017-09-20_19-24-55.mp4-bee_id_4365-43215-1.png,0,2017-09-20_19-24-55,2017-09-20_19-24-55#4365,43215,train,[],healthy honeybee,2017-09-20_19-24-55
test/videos/2017-09-01_10-54-26/2017-09-01_10-54-26.mp4-bee_id_9066-105915-1.png,0,2017-09-01_10-54-26,2017-09-01_10-54-26#9066,105915,test,[],healthy honeybee,2017-09-01_10-54-26
train/videos/2017-09-20_19-24-55/2017-09-20_19-24-55.mp4-bee_id_4225-39135-1.png,0,2017-09-20_19-24-55,2017-09-20_19-24-55#4225,39135,train,[],healthy honeybee,2017-09-20_19-24-55
train/videos/2017-08-30_15-42-59/2017-08-30_15-42-59.mp4-bee_id_10777-88335-1.png,0,2017-08-30_15-42-59,2017-08-30_15-42-59#10777,88335,train,[],healthy honeybee,2017-08-30_15-42-59
train/videos/2017-09-25_16-03-38-2/2017-09-25_16-03-38.mp4-bee_id_520-18555-1.png,0,2017-09-25_16-03-38,2017-09-25_16-03-38#520,18555,train,[],healthy honeybee,2017-09-25_16-03-38
train/videos/2017-09-20_19-24-55/2017-09-20_19-24-55.mp4-bee_id_5376-71655-1.png,0,2017-09-20_19-24-55,2017-09-20_19-24-55#5376,71655,train,[],healthy honeybee,2017-09-20_19-24-55
train/videos/2017-09-20_19-24-55/2017-09-20_19-24-55.mp4-bee_id_3997-33135-1.png,1,2017-09-20_19-24-55,2017-09-20_19-24-55#3997,33135,train,"[[42.0, 165.0, 88.0, 202.0]]",honeybee with a varroa mite,2017-09-20_19-24-55
test/videos/2017-10-17_1-39-36/2017-10-17_1-39-36.mp4-bee_id_5143-46890-1.png,0,2017-10-17_1-39-36,2017-10-17_1-39-36#5143,46890,test,[],healthy honeybee,2017-10-17_1-39-36
train/videos/2017-09-20_19-24-55/2017-09-20_19-24-55.mp4-bee_id_4995-60870-1.png,1,2017-09-20_19-24-55,2017-09-20_19-24-55#4995,60870,train,"[[93.0, 77.0, 130.0, 112.0]]",honeybee with a varroa mite,2017-09-20_19-24-55
train/videos/2017-08-30_15-42-59/2017-08-30_15-42-59.mp4-bee_id_10579-81015-1.png,0,2017-08-30_15-42-59,2017-08-30_15-42-59#10579,81015,train,[],healthy honeybee,2017-08-30_15-42-59
train/videos/2017-08-30_15-42-59/2017-08-30_15-42-59.mp4-bee_id_9543-31650-1.png,0,2017-08-30_15-42-59,2017-08-30_15-42-59#9543,31650,train,[],healthy honeybee,2017-08-30_15-42-59
train/videos/2017-08-28_09-30-00-1_500_dirty_glass/2017-08-28_09-30-00-1_500_dirty_glass.mp4-bee_id_6965-21705-1.png,1,2017-08-28_09-30-00-1_500_dirty_glass,2017-08-28_09-30-00-1_500_dirty_glass#6965,21705,train,"[[37.0, 91.0, 57.0, 113.0]]",honeybee with a varroa mite,2017-08-28_09-30-00-1_500_dirty_glass
train/videos/2017-09-20_19-24-55/2017-09-20_19-24-55.mp4-bee_id_6532-103485-1.png,0,2017-09-20_19-24-55,2017-09-20_19-24-55#6532,103485,train,[],healthy honeybee,2017-09-20_19-24-55
train/videos/2017-09-20_19-24-55/2017-09-20_19-24-55.mp4-bee_id_3732-25410-1.png,0,2017-09-20_19-24-55,2017-09-20_19-24-55#3732,25410,train,[],healthy honeybee,2017-09-20_19-24-55
train/videos/2017-08-28_09-30-00-1_500_dirty_glass/2017-08-28_09-30-00-1_500_dirty_glass.mp4-bee_id_7721-62460-1.png,1,2017-08-28_09-30-00-1_500_dirty_glass,2017-08-28_09-30-00-1_500_dirty_glass#7721,62460,train,"[[62.0, 131.0, 91.0, 160.0]]",honeybee with a varroa mite,2017-08-28_09-30-00-1_500_dirty_glass
train/videos/2017-08-30_15-42-59/2017-08-30_15-42-59.mp4-bee_id_10430-74745-1.png,0,2017-08-30_15-42-59,2017-08-30_15-42-59#10430,74745,train,[],healthy honeybee,2017-08-30_15-42-59
train/videos/2017-10-17_16-41-10/2017-10-17_16-41-10.mp4-bee_id_7352-16065-1.png,0,2017-10-17_16-41-10,2017-10-17_16-41-10#7352,16065,train,[],healthy honeybee,2017-10-17_16-41-10
train/videos/2017-08-28_09-30-00-1_500_dirty_glass/2017-08-28_09-30-00-1_500_dirty_glass.mp4-bee_id_7431-49110-1.png,0,2017-08-28_09-30-00-1_500_dirty_glass,2017-08-28_09-30-00-1_500_dirty_glass#7431,49110,train,[],healthy honeybee,2017-08-28_09-30-00-1_500_dirty_glass
train/videos/2017-09-25_16-03-38-2/2017-09-25_16-03-38.mp4-bee_id_618-22845-1.png,0,2017-09-25_16-03-38,2017-09-25_16-03-38#618,22845,train,[],healthy honeybee,2017-09-25_16-03-38
train/videos/2017-09-20_19-24-55/2017-09-20_19-24-55.mp4-bee_id_3277-13560-1.png,0,2017-09-20_19-24-55,2017-09-20_19-24-55#3277,13560,train,[],healthy honeybee,2017-09-20_19-24-55
train/videos/2017-08-30_15-42-59/2017-08-30_15-42-59.mp4-bee_id_9182-3165-1.png,0,2017-08-30_15-42-59,2017-08-30_15-42-59#9182,3165,train,[],healthy honeybee,2017-08-30_15-42-59
train/videos/2017-08-30_15-42-59/2017-08-30_15-42-59.mp4-bee_id_11120-106140-1.png,0,2017-08-30_15-42-59,2017-08-30_15-42-59#11120,106140,train,[],healthy honeybee,2017-08-30_15-42-59
test/videos/2017-10-17_1-39-36/2017-10-17_1-39-36.mp4-bee_id_5119-45990-1.png,0,2017-10-17_1-39-36,2017-10-17_1-39-36#5119,45990,test,[],healthy honeybee,2017-10-17_1-39-36
train/videos/2017-09-25_16-03-38-2/2017-09-25_16-03-38.mp4-bee_id_410-13575-1.png,0,2017-09-25_16-03-38,2017-09-25_16-03-38#410,13575,train,[],healthy honeybee,2017-09-25_16-03-38
val/videos/2017-09-25_16-03-38/2017-09-25_16-03-38.mp4-bee_id_1237-41415-1.png,0,2017-09-25_16-03-38,2017-09-25_16-03-38#1237,41415,val,[],healthy honeybee,2017-09-25_16-03-38
train/videos/2017-08-30_15-42-59/2017-08-30_15-42-59.mp4-bee_id_10079-57525-1.png,1,2017-08-30_15-42-59,2017-08-30_15-42-59#10079,57525,train,"[[39.0, 212.0, 83.0, 255.0]]",honeybee with a varroa mite,2017-08-30_15-42-59
train/videos/2017-09-20_19-24-55/2017-09-20_19-24-55.mp4-bee_id_3680-24375-1.png,0,2017-09-20_19-24-55,2017-09-20_19-24-55#3680,24375,train,[],healthy honeybee,2017-09-20_19-24-55
test/videos/2017-09-01_10-54-26/2017-09-01_10-54-26.mp4-bee_id_8232-46245-1.png,1,2017-09-01_10-54-26,2017-09-01_10-54-26#8232,46245,test,"[[82.0, 142.0, 115.0, 157.0]]",honeybee with a varroa mite,2017-09-01_10-54-26
test/videos/2017-10-17_1-39-36/2017-10-17_1-39-36.mp4-bee_id_3678-5775-1.png,0,2017-10-17_1-39-36,2017-10-17_1-39-36#3678,5775,test,[],healthy honeybee,2017-10-17_1-39-36
train/videos/2017-09-20_19-24-55/2017-09-20_19-24-55.mp4-bee_id_6172-94050-1.png,1,2017-09-20_19-24-55,2017-09-20_19-24-55#6172,94050,train,"[[37.0, 154.0, 78.0, 194.0]]",honeybee with a varroa mite,2017-09-20_19-24-55
val/videos/2017-09-25_16-03-38/2017-09-25_16-03-38.mp4-bee_id_1466-47730-1.png,0,2017-09-25_16-03-38,2017-09-25_16-03-38#1466,47730,val,[],healthy honeybee,2017-09-25_16-03-38
val/videos/2017-09-25_16-03-38/2017-09-25_16-03-38.mp4-bee_id_1676-53820-1.png,0,2017-09-25_16-03-38,2017-09-25_16-03-38#1676,53820,val,[],healthy honeybee,2017-09-25_16-03-38
val/videos/2017-09-01_3-01-01/2017-09-01_3-01-01.mp4-bee_id_2241-8325-1.png,1,2017-09-01_3-01-01,2017-09-01_3-01-01#2241,8325,val,"[[73.0, 80.0, 101.0, 114.0]]",honeybee with a varroa mite,2017-09-01_3-01-01
test/videos/2017-10-17_1-39-36/2017-10-17_1-39-36.mp4-bee_id_4638-32370-1.png,0,2017-10-17_1-39-36,2017-10-17_1-39-36#4638,32370,test,[],healthy honeybee,2017-10-17_1-39-36
test/videos/2017-10-17_1-39-36/2017-10-17_1-39-36.mp4-bee_id_5738-61725-1.png,0,2017-10-17_1-39-36,2017-10-17_1-39-36#5738,61725,test,[],healthy honeybee,2017-10-17_1-39-36
train/videos/2017-09-20_19-24-55/2017-09-20_19-24-55.mp4-bee_id_3514-20010-1.png,1,2017-09-20_19-24-55,2017-09-20_19-24-55#3514,20010,train,"[[67.0, 144.0, 117.0, 191.0], [8.0, 160.0, 53.0, 204.0]]",honeybee with a varroa mite,2017-09-20_19-24-55
train/videos/2017-08-28_09-30-00-1_500_dirty_glass/2017-08-28_09-30-00-1_500_dirty_glass.mp4-bee_id_7274-41310-1.png,0,2017-08-28_09-30-00-1_500_dirty_glass,2017-08-28_09-30-00-1_500_dirty_glass#7274,41310,train,[],healthy honeybee,2017-08-28_09-30-00-1_500_dirty_glass
train/videos/2017-08-30_15-42-59/2017-08-30_15-42-59.mp4-bee_id_10449-75795-1.png,0,2017-08-30_15-42-59,2017-08-30_15-42-59#10449,75795,train,[],healthy honeybee,2017-08-30_15-42-59
train/videos/2017-09-25_16-03-38-2/2017-09-25_16-03-38.mp4-bee_id_918-31785-1.png,0,2017-09-25_16-03-38,2017-09-25_16-03-38#918,31785,train,[],healthy honeybee,2017-09-25_16-03-38
train/videos/2017-08-30_15-42-59/2017-08-30_15-42-59.mp4-bee_id_9452-23820-1.png,0,2017-08-30_15-42-59,2017-08-30_15-42-59#9452,23820,train,[],healthy honeybee,2017-08-30_15-42-59
test/videos/2017-10-17_1-39-36/2017-10-17_1-39-36.mp4-bee_id_3732-7020-1.png,0,2017-10-17_1-39-36,2017-10-17_1-39-36#3732,7020,test,[],healthy honeybee,2017-10-17_1-39-36
train/videos/2017-09-20_19-24-55/2017-09-20_19-24-55.mp4-bee_id_3080-7515-1.png,0,2017-09-20_19-24-55,2017-09-20_19-24-55#3080,7515,train,[],healthy honeybee,2017-09-20_19-24-55
train/videos/2017-08-28_09-30-00-1_500_dirty_glass/2017-08-28_09-30-00-1_500_dirty_glass.mp4-bee_id_6786-13680-1.png,0,2017-08-28_09-30-00-1_500_dirty_glass,2017-08-28_09-30-00-1_500_dirty_glass#6786,13680,train,[],healthy honeybee,2017-08-28_09-30-00-1_500_dirty_glass
train/videos/2017-09-25_16-03-38-2/2017-09-25_16-03-38.mp4-bee_id_287-6465-1.png,0,2017-09-25_16-03-38,2017-09-25_16-03-38#287,6465,train,[],healthy honeybee,2017-09-25_16-03-38
train/videos/2017-08-30_15-42-59/2017-08-30_15-42-59.mp4-bee_id_10702-86055-1.png,0,2017-08-30_15-42-59,2017-08-30_15-42-59#10702,86055,train,[],healthy honeybee,2017-08-30_15-42-59
train/videos/2017-09-25_16-03-38-2/2017-09-25_16-03-38.mp4-bee_id_268-3180-1.png,1,2017-09-25_16-03-38,2017-09-25_16-03-38#268,3180,train,"[[90.0, 148.0, 129.0, 182.0]]",honeybee with a varroa mite,2017-09-25_16-03-38
test/videos/2017-10-17_1-39-36/2017-10-17_1-39-36.mp4-bee_id_5692-60735-1.png,0,2017-10-17_1-39-36,2017-10-17_1-39-36#5692,60735,test,[],healthy honeybee,2017-10-17_1-39-36
test/videos/2017-10-17_1-39-36/2017-10-17_1-39-36.mp4-bee_id_4995-42390-1.png,0,2017-10-17_1-39-36,2017-10-17_1-39-36#4995,42390,test,[],healthy honeybee,2017-10-17_1-39-36
train/videos/2017-08-28_09-30-00-1_500_dirty_glass/2017-08-28_09-30-00-1_500_dirty_glass.mp4-bee_id_6776-12900-1.png,1,2017-08-28_09-30-00-1_500_dirty_glass,2017-08-28_09-30-00-1_500_dirty_glass#6776,12900,train,"[[80.0, 104.0, 114.0, 140.0]]",honeybee with a varroa mite,2017-08-28_09-30-00-1_500_dirty_glass
val/videos/2017-09-01_3-01-01/2017-09-01_3-01-01.mp4-bee_id_2745-99390-1.png,1,2017-09-01_3-01-01,2017-09-01_3-01-01#2745,99390,val,"[[35.0, 95.0, 73.0, 125.0]]",honeybee with a varroa mite,2017-09-01_3-01-01
val/videos/2017-09-29_15-31-49/2017-09-29_15-31-49.mp4-bee_id_66-1755-1.png,0,2017-09-29_15-31-49,2017-09-29_15-31-49#66,1755,val,[],healthy honeybee,2017-09-29_15-31-49
train/videos/2017-08-30_15-42-59/2017-08-30_15-42-59.mp4-bee_id_10952-99840-1.png,0,2017-08-30_15-42-59,2017-08-30_15-42-59#10952,99840,train,[],healthy honeybee,2017-08-30_15-42-59
val/videos/2017-09-01_3-01-01/2017-09-01_3-01-01.mp4-bee_id_2369-54360-1.png,1,2017-09-01_3-01-01,2017-09-01_3-01-01#2369,54360,val,"[[70.0, 133.0, 98.0, 161.0], [85.0, 154.0, 118.0, 175.0]]",honeybee with a varroa mite,2017-09-01_3-01-01
val/videos/2017-09-01_3-01-01/2017-09-01_3-01-01.mp4-bee_id_2656-86610-1.png,0,2017-09-01_3-01-01,2017-09-01_3-01-01#2656,86610,val,[],healthy honeybee,2017-09-01_3-01-01
train/videos/2017-09-20_19-24-55/2017-09-20_19-24-55.mp4-bee_id_6012-89610-1.png,1,2017-09-20_19-24-55,2017-09-20_19-24-55#6012,89610,train,"[[47.0, 158.0, 78.0, 191.0]]",honeybee with a varroa mite,2017-09-20_19-24-55
val/videos/2017-09-01_3-01-01/2017-09-01_3-01-01.mp4-bee_id_2319-49830-1.png,1,2017-09-01_3-01-01,2017-09-01_3-01-01#2319,49830,val,"[[75.0, 132.0, 116.0, 170.0]]",honeybee with a varroa mite,2017-09-01_3-01-01
train/videos/2017-08-30_15-42-59/2017-08-30_15-42-59.mp4-bee_id_9918-50595-1.png,0,2017-08-30_15-42-59,2017-08-30_15-42-59#9918,50595,train,[],healthy honeybee,2017-08-30_15-42-59
train/videos/2017-09-20_19-24-55/2017-09-20_19-24-55.mp4-bee_id_4325-42075-1.png,1,2017-09-20_19-24-55,2017-09-20_19-24-55#4325,42075,train,"[[87.0, 96.0, 115.0, 125.0], [37.0, 93.0, 64.0, 133.0]]",honeybee with a varroa mite,2017-09-20_19-24-55
train/videos/2017-09-25_16-03-38-2/2017-09-25_16-03-38.mp4-bee_id_232-45-1.png,0,2017-09-25_16-03-38,2017-09-25_16-03-38#232,45,train,[],healthy honeybee,2017-09-25_16-03-38
train/videos/2017-10-17_16-41-10/2017-10-17_16-41-10.mp4-bee_id_6873-120-1.png,0,2017-10-17_16-41-10,2017-10-17_16-41-10#6873,120,train,[],healthy honeybee,2017-10-17_16-41-10
train/videos/2017-09-25_16-03-38-2/2017-09-25_16-03-38.mp4-bee_id_487-17085-1.png,0,2017-09-25_16-03-38,2017-09-25_16-03-38#487,17085,train,[],healthy honeybee,2017-09-25_16-03-38
train/videos/2017-08-30_15-42-59/2017-08-30_15-42-59.mp4-bee_id_10925-98130-1.png,0,2017-08-30_15-42-59,2017-08-30_15-42-59#10925,98130,train,[],healthy honeybee,2017-08-30_15-42-59
train/videos/2017-08-30_15-42-59/2017-08-30_15-42-59.mp4-bee_id_10974-101070-1.png,0,2017-08-30_15-42-59,2017-08-30_15-42-59#10974,101070,train,[],healthy honeybee,2017-08-30_15-42-59
train/videos/2017-09-20_19-24-55/2017-09-20_19-24-55.mp4-bee_id_5739-81945-1.png,0,2017-09-20_19-24-55,2017-09-20_19-24-55#5739,81945,train,[],healthy honeybee,2017-09-20_19-24-55
val/videos/2017-09-01_3-01-01/2017-09-01_3-01-01.mp4-bee_id_2331-50460-1.png,1,2017-09-01_3-01-01,2017-09-01_3-01-01#2331,50460,val,"[[53.0, 104.0, 76.0, 137.0], [45.0, 90.0, 67.0, 112.0]]",honeybee with a varroa mite,2017-09-01_3-01-01
test/videos/2017-09-01_10-54-26/2017-09-01_10-54-26.mp4-bee_id_8322-56685-1.png,1,2017-09-01_10-54-26,2017-09-01_10-54-26#8322,56685,test,"[[33.0, 103.0, 62.0, 132.0]]",honeybee with a varroa mite,2017-09-01_10-54-26
train/videos/2017-09-20_19-24-55/2017-09-20_19-24-55.mp4-bee_id_6328-98250-1.png,1,2017-09-20_19-24-55,2017-09-20_19-24-55#6328,98250,train,"[[4.0, 131.0, 44.0, 176.0], [68.0, 154.0, 86.0, 180.0]]",honeybee with a varroa mite,2017-09-20_19-24-55
train/videos/2017-08-30_15-42-59/2017-08-30_15-42-59.mp4-bee_id_10674-85185-1.png,0,2017-08-30_15-42-59,2017-08-30_15-42-59#10674,85185,train,[],healthy honeybee,2017-08-30_15-42-59
test/videos/2017-09-01_10-54-26/2017-09-01_10-54-26.mp4-bee_id_9072-106125-1.png,0,2017-09-01_10-54-26,2017-09-01_10-54-26#9072,106125,test,[],healthy honeybee,2017-09-01_10-54-26
train/videos/2017-08-30_15-42-59/2017-08-30_15-42-59.mp4-bee_id_9896-49620-1.png,0,2017-08-30_15-42-59,2017-08-30_15-42-59#9896,49620,train,[],healthy honeybee,2017-08-30_15-42-59
train/videos/2017-09-20_19-24-55/2017-09-20_19-24-55.mp4-bee_id_6124-92685-1.png,1,2017-09-20_19-24-55,2017-09-20_19-24-55#6124,92685,train,"[[103.0, 145.0, 132.0, 174.0]]",honeybee with a varroa mite,2017-09-20_19-24-55
train/videos/2017-08-28_09-30-00-1_500_dirty_glass/2017-08-28_09-30-00-1_500_dirty_glass.mp4-bee_id_7239-38850-1.png,0,2017-08-28_09-30-00-1_500_dirty_glass,2017-08-28_09-30-00-1_500_dirty_glass#7239,38850,train,[],healthy honeybee,2017-08-28_09-30-00-1_500_dirty_glass
train/videos/2017-09-20_19-24-55/2017-09-20_19-24-55.mp4-bee_id_5966-88230-1.png,1,2017-09-20_19-24-55,2017-09-20_19-24-55#5966,88230,train,"[[102.0, 86.0, 138.0, 127.0]]",honeybee with a varroa mite,2017-09-20_19-24-55
train/videos/2017-08-28_09-30-00-1_500_dirty_glass/2017-08-28_09-30-00-1_500_dirty_glass.mp4-bee_id_7642-59625-1.png,0,2017-08-28_09-30-00-1_500_dirty_glass,2017-08-28_09-30-00-1_500_dirty_glass#7642,59625,train,[],healthy honeybee,2017-08-28_09-30-00-1_500_dirty_glass
test/videos/2017-10-17_1-39-36/2017-10-17_1-39-36.mp4-bee_id_5867-65115-1.png,0,2017-10-17_1-39-36,2017-10-17_1-39-36#5867,65115,test,[],healthy honeybee,2017-10-17_1-39-36
train/videos/2017-09-20_19-24-55/2017-09-20_19-24-55.mp4-bee_id_4466-46245-1.png,0,2017-09-20_19-24-55,2017-09-20_19-24-55#4466,46245,train,[],healthy honeybee,2017-09-20_19-24-55
val/videos/2017-09-25_16-03-38/2017-09-25_16-03-38.mp4-bee_id_1870-64335-1.png,0,2017-09-25_16-03-38,2017-09-25_16-03-38#1870,64335,val,[],healthy honeybee,2017-09-25_16-03-38
train/videos/2017-08-30_15-42-59/2017-08-30_15-42-59.mp4-bee_id_9304-8070-1.png,0,2017-08-30_15-42-59,2017-08-30_15-42-59#9304,8070,train,[],healthy honeybee,2017-08-30_15-42-59
train/videos/2017-10-17_16-41-10/2017-10-17_16-41-10.mp4-bee_id_7016-4440-1.png,0,2017-10-17_16-41-10,2017-10-17_16-41-10#7016,4440,train,[],healthy honeybee,2017-10-17_16-41-10
test/videos/2017-10-17_1-39-36/2017-10-17_1-39-36.mp4-bee_id_3929-12720-1.png,0,2017-10-17_1-39-36,2017-10-17_1-39-36#3929,12720,test,[],healthy honeybee,2017-10-17_1-39-36
train/videos/2017-08-30_15-42-59/2017-08-30_15-42-59.mp4-bee_id_10696-85980-1.png,0,2017-08-30_15-42-59,2017-08-30_15-42-59#10696,85980,train,[],healthy honeybee,2017-08-30_15-42-59
test/videos/2017-10-17_1-39-36/2017-10-17_1-39-36.mp4-bee_id_3889-11700-1.png,1,2017-10-17_1-39-36,2017-10-17_1-39-36#3889,11700,test,"[[74.0, 135.0, 113.0, 171.0]]",honeybee with a varroa mite,2017-10-17_1-39-36
val/videos/2017-09-01_3-01-01/2017-09-01_3-01-01.mp4-bee_id_2581-79380-1.png,0,2017-09-01_3-01-01,2017-09-01_3-01-01#2581,79380,val,[],healthy honeybee,2017-09-01_3-01-01
test/videos/2017-10-17_1-39-36/2017-10-17_1-39-36.mp4-bee_id_5883-65415-1.png,0,2017-10-17_1-39-36,2017-10-17_1-39-36#5883,65415,test,[],healthy honeybee,2017-10-17_1-39-36
train/videos/2017-09-20_19-24-55/2017-09-20_19-24-55.mp4-bee_id_3228-12030-1.png,1,2017-09-20_19-24-55,2017-09-20_19-24-55#3228,12030,train,"[[42.0, 152.0, 77.0, 197.0], [94.0, 167.0, 123.0, 200.0]]",honeybee with a varroa mite,2017-09-20_19-24-55
test/videos/2017-09-01_10-54-26/2017-09-01_10-54-26.mp4-bee_id_7913-25245-1.png,1,2017-09-01_10-54-26,2017-09-01_10-54-26#7913,25245,test,"[[64.0, 168.0, 94.0, 189.0]]",honeybee with a varroa mite,2017-09-01_10-54-26
test/videos/2017-10-17_1-39-36/2017-10-17_1-39-36.mp4-bee_id_5048-43770-1.png,0,2017-10-17_1-39-36,2017-10-17_1-39-36#5048,43770,test,[],healthy honeybee,2017-10-17_1-39-36
train/videos/2017-09-20_19-24-55/2017-09-20_19-24-55.mp4-bee_id_4211-38715-1.png,0,2017-09-20_19-24-55,2017-09-20_19-24-55#4211,38715,train,[],healthy honeybee,2017-09-20_19-24-55
train/videos/2017-08-30_15-42-59/2017-08-30_15-42-59.mp4-bee_id_10046-56715-1.png,0,2017-08-30_15-42-59,2017-08-30_15-42-59#10046,56715,train,[],healthy honeybee,2017-08-30_15-42-59
train/videos/2017-10-17_16-41-10/2017-10-17_16-41-10.mp4-bee_id_7282-13860-1.png,0,2017-10-17_16-41-10,2017-10-17_16-41-10#7282,13860,train,[],healthy honeybee,2017-10-17_16-41-10
val/videos/2017-09-01_20-00-17/2017-09-01_20-00-17.mp4-bee_id_130-62685-1.png,0,2017-09-01_20-00-17,2017-09-01_20-00-17#130,62685,val,[],healthy honeybee,2017-09-01_20-00-17
train/videos/2017-09-25_16-03-38-2/2017-09-25_16-03-38.mp4-bee_id_765-27360-1.png,0,2017-09-25_16-03-38,2017-09-25_16-03-38#765,27360,train,[],healthy honeybee,2017-09-25_16-03-38
test/videos/2017-09-01_10-54-26/2017-09-01_10-54-26.mp4-bee_id_8152-37605-1.png,1,2017-09-01_10-54-26,2017-09-01_10-54-26#8152,37605,test,"[[34.0, 124.0, 63.0, 162.0]]",honeybee with a varroa mite,2017-09-01_10-54-26
train/videos/2017-09-20_19-24-55/2017-09-20_19-24-55.mp4-bee_id_4190-38190-1.png,1,2017-09-20_19-24-55,2017-09-20_19-24-55#4190,38190,train,"[[20.0, 150.0, 57.0, 178.0]]",honeybee with a varroa mite,2017-09-20_19-24-55
train/videos/2017-09-20_19-24-55/2017-09-20_19-24-55.mp4-bee_id_4649-51540-1.png,0,2017-09-20_19-24-55,2017-09-20_19-24-55#4649,51540,train,[],healthy honeybee,2017-09-20_19-24-55
train/videos/2017-08-30_15-42-59/2017-08-30_15-42-59.mp4-bee_id_9187-3495-1.png,1,2017-08-30_15-42-59,2017-08-30_15-42-59#9187,3495,train,"[[48.0, 160.0, 76.0, 194.0]]",honeybee with a varroa mite,2017-08-30_15-42-59
test/videos/2017-09-01_10-54-26/2017-09-01_10-54-26.mp4-bee_id_8373-62220-1.png,0,2017-09-01_10-54-26,2017-09-01_10-54-26#8373,62220,test,[],healthy honeybee,2017-09-01_10-54-26
train/videos/2017-09-20_19-24-55/2017-09-20_19-24-55.mp4-bee_id_4562-49080-1.png,0,2017-09-20_19-24-55,2017-09-20_19-24-55#4562,49080,train,[],healthy honeybee,2017-09-20_19-24-55
train/videos/2017-08-28_09-30-00-1_500_dirty_glass/2017-08-28_09-30-00-1_500_dirty_glass.mp4-bee_id_7041-27675-1.png,1,2017-08-28_09-30-00-1_500_dirty_glass,2017-08-28_09-30-00-1_500_dirty_glass#7041,27675,train,"[[58.0, 141.0, 93.0, 163.0]]",honeybee with a varroa mite,2017-08-28_09-30-00-1_500_dirty_glass
train/videos/2017-09-20_19-24-55/2017-09-20_19-24-55.mp4-bee_id_3982-32715-1.png,0,2017-09-20_19-24-55,2017-09-20_19-24-55#3982,32715,train,[],healthy honeybee,2017-09-20_19-24-55
test/videos/2017-09-01_10-54-26/2017-09-01_10-54-26.mp4-bee_id_8153-37620-1.png,1,2017-09-01_10-54-26,2017-09-01_10-54-26#8153,37620,test,"[[89.0, 135.0, 116.0, 162.0], [59.0, 141.0, 85.0, 165.0]]",honeybee with a varroa mite,2017-09-01_10-54-26
train/videos/2017-09-20_19-24-55/2017-09-20_19-24-55.mp4-bee_id_5039-61935-1.png,0,2017-09-20_19-24-55,2017-09-20_19-24-55#5039,61935,train,[],healthy honeybee,2017-09-20_19-24-55
test/videos/2017-10-17_1-39-36/2017-10-17_1-39-36.mp4-bee_id_6021-68625-1.png,1,2017-10-17_1-39-36,2017-10-17_1-39-36#6021,68625,test,"[[29.0, 98.0, 54.0, 130.0]]",honeybee with a varroa mite,2017-10-17_1-39-36
train/videos/2017-08-30_15-42-59/2017-08-30_15-42-59.mp4-bee_id_9147-1845-1.png,0,2017-08-30_15-42-59,2017-08-30_15-42-59#9147,1845,train,[],healthy honeybee,2017-08-30_15-42-59
test/videos/2017-10-17_1-39-36/2017-10-17_1-39-36.mp4-bee_id_5695-60795-1.png,0,2017-10-17_1-39-36,2017-10-17_1-39-36#5695,60795,test,[],healthy honeybee,2017-10-17_1-39-36
val/videos/2017-09-29_15-31-49/2017-09-29_15-31-49.mp4-bee_id_21-390-1.png,1,2017-09-29_15-31-49,2017-09-29_15-31-49#21,390,val,"[[47.0, 92.0, 71.0, 137.0]]",honeybee with a varroa mite,2017-09-29_15-31-49
val/videos/2017-09-01_3-01-01/2017-09-01_3-01-01.mp4-bee_id_2401-56775-1.png,1,2017-09-01_3-01-01,2017-09-01_3-01-01#2401,56775,val,"[[89.0, 140.0, 122.0, 168.0], [47.0, 157.0, 84.0, 186.0], [53.0, 192.0, 79.0, 209.0]]",honeybee with a varroa mite,2017-09-01_3-01-01
train/videos/2017-09-20_19-24-55/2017-09-20_19-24-55.mp4-bee_id_3453-18435-1.png,1,2017-09-20_19-24-55,2017-09-20_19-24-55#3453,18435,train,"[[42.0, 136.0, 75.0, 167.0]]",honeybee with a varroa mite,2017-09-20_19-24-55
test/videos/2017-09-01_10-54-26/2017-09-01_10-54-26.mp4-bee_id_8316-56085-1.png,0,2017-09-01_10-54-26,2017-09-01_10-54-26#8316,56085,test,[],healthy honeybee,2017-09-01_10-54-26
train/videos/2017-09-20_19-24-55/2017-09-20_19-24-55.mp4-bee_id_4746-54135-1.png,1,2017-09-20_19-24-55,2017-09-20_19-24-55#4746,54135,train,"[[32.0, 143.0, 60.0, 182.0]]",honeybee with a varroa mite,2017-09-20_19-24-55
val/videos/2017-09-01_20-00-17/2017-09-01_20-00-17.mp4-bee_id_58-20655-1.png,0,2017-09-01_20-00-17,2017-09-01_20-00-17#58,20655,val,[],healthy honeybee,2017-09-01_20-00-17
train/videos/2017-08-28_09-30-00-1_500_dirty_glass/2017-08-28_09-30-00-1_500_dirty_glass.mp4-bee_id_6990-22530-1.png,1,2017-08-28_09-30-00-1_500_dirty_glass,2017-08-28_09-30-00-1_500_dirty_glass#6990,22530,train,"[[58.0, 212.0, 83.0, 234.0]]",honeybee with a varroa mite,2017-08-28_09-30-00-1_500_dirty_glass
test/videos/2017-10-17_1-39-36/2017-10-17_1-39-36.mp4-bee_id_5890-65490-1.png,0,2017-10-17_1-39-36,2017-10-17_1-39-36#5890,65490,test,[],healthy honeybee,2017-10-17_1-39-36
train/videos/2017-09-20_19-24-55/2017-09-20_19-24-55.mp4-bee_id_4764-54570-1.png,0,2017-09-20_19-24-55,2017-09-20_19-24-55#4764,54570,train,[],healthy honeybee,2017-09-20_19-24-55
test/videos/2017-09-01_10-54-26/2017-09-01_10-54-26.mp4-bee_id_8811-95745-1.png,1,2017-09-01_10-54-26,2017-09-01_10-54-26#8811,95745,test,"[[38.0, 98.0, 76.0, 123.0]]",honeybee with a varroa mite,2017-09-01_10-54-26
train/videos/2017-08-30_15-42-59/2017-08-30_15-42-59.mp4-bee_id_10167-60315-1.png,0,2017-08-30_15-42-59,2017-08-30_15-42-59#10167,60315,train,[],healthy honeybee,2017-08-30_15-42-59
train/videos/2017-08-28_09-30-00-1_500_dirty_glass/2017-08-28_09-30-00-1_500_dirty_glass.mp4-bee_id_7128-32010-1.png,1,2017-08-28_09-30-00-1_500_dirty_glass,2017-08-28_09-30-00-1_500_dirty_glass#7128,32010,train,"[[39.0, 130.0, 72.0, 158.0]]",honeybee with a varroa mite,2017-08-28_09-30-00-1_500_dirty_glass
val/videos/2017-09-01_3-01-01/2017-09-01_3-01-01.mp4-bee_id_2296-48810-1.png,1,2017-09-01_3-01-01,2017-09-01_3-01-01#2296,48810,val,"[[51.0, 110.0, 92.0, 136.0], [50.0, 86.0, 91.0, 115.0]]",honeybee with a varroa mite,2017-09-01_3-01-01
train/videos/2017-08-30_15-42-59/2017-08-30_15-42-59.mp4-bee_id_10968-100830-1.png,0,2017-08-30_15-42-59,2017-08-30_15-42-59#10968,100830,train,[],healthy honeybee,2017-08-30_15-42-59
train/videos/2017-09-20_19-24-55/2017-09-20_19-24-55.mp4-bee_id_4719-53280-1.png,1,2017-09-20_19-24-55,2017-09-20_19-24-55#4719,53280,train,"[[86.0, 152.0, 124.0, 184.0]]",honeybee with a varroa mite,2017-09-20_19-24-55
train/videos/2017-09-20_19-24-55/2017-09-20_19-24-55.mp4-bee_id_3837-28185-1.png,0,2017-09-20_19-24-55,2017-09-20_19-24-55#3837,28185,train,[],healthy honeybee,2017-09-20_19-24-55
test/videos/2017-10-17_1-39-36/2017-10-17_1-39-36.mp4-bee_id_3583-3300-1.png,0,2017-10-17_1-39-36,2017-10-17_1-39-36#3583,3300,test,[],healthy honeybee,2017-10-17_1-39-36
test/videos/2017-09-01_10-54-26/2017-09-01_10-54-26.mp4-bee_id_8604-86535-1.png,0,2017-09-01_10-54-26,2017-09-01_10-54-26#8604,86535,test,[],healthy honeybee,2017-09-01_10-54-26
val/videos/2017-09-25_16-03-38/2017-09-25_16-03-38.mp4-bee_id_1613-51870-1.png,0,2017-09-25_16-03-38,2017-09-25_16-03-38#1613,51870,val,[],healthy honeybee,2017-09-25_16-03-38
train/videos/2017-08-30_15-42-59/2017-08-30_15-42-59.mp4-bee_id_10932-98550-1.png,0,2017-08-30_15-42-59,2017-08-30_15-42-59#10932,98550,train,[],healthy honeybee,2017-08-30_15-42-59
test/videos/2017-10-17_1-39-36/2017-10-17_1-39-36.mp4-bee_id_5315-51075-1.png,0,2017-10-17_1-39-36,2017-10-17_1-39-36#5315,51075,test,[],healthy honeybee,2017-10-17_1-39-36
val/videos/2017-09-01_20-00-17/2017-09-01_20-00-17.mp4-bee_id_195-87975-1.png,0,2017-09-01_20-00-17,2017-09-01_20-00-17#195,87975,val,[],healthy honeybee,2017-09-01_20-00-17
train/videos/2017-08-30_15-42-59/2017-08-30_15-42-59.mp4-bee_id_9264-6240-1.png,0,2017-08-30_15-42-59,2017-08-30_15-42-59#9264,6240,train,[],healthy honeybee,2017-08-30_15-42-59
train/videos/2017-09-25_16-03-38-2/2017-09-25_16-03-38.mp4-bee_id_298-7470-1.png,0,2017-09-25_16-03-38,2017-09-25_16-03-38#298,7470,train,[],healthy honeybee,2017-09-25_16-03-38
train/videos/2017-08-28_09-30-00-1_500_dirty_glass/2017-08-28_09-30-00-1_500_dirty_glass.mp4-bee_id_7654-60060-1.png,1,2017-08-28_09-30-00-1_500_dirty_glass,2017-08-28_09-30-00-1_500_dirty_glass#7654,60060,train,"[[56.0, 135.0, 80.0, 158.0]]",honeybee with a varroa mite,2017-08-28_09-30-00-1_500_dirty_glass
test/videos/2017-09-01_10-54-26/2017-09-01_10-54-26.mp4-bee_id_8595-85845-1.png,0,2017-09-01_10-54-26,2017-09-01_10-54-26#8595,85845,test,[],healthy honeybee,2017-09-01_10-54-26
val/videos/2017-09-25_16-03-38/2017-09-25_16-03-38.mp4-bee_id_1439-46890-1.png,0,2017-09-25_16-03-38,2017-09-25_16-03-38#1439,46890,val,[],healthy honeybee,2017-09-25_16-03-38
train/videos/2017-08-28_09-30-00-1_500_dirty_glass/2017-08-28_09-30-00-1_500_dirty_glass.mp4-bee_id_7645-59670-1.png,0,2017-08-28_09-30-00-1_500_dirty_glass,2017-08-28_09-30-00-1_500_dirty_glass#7645,59670,train,[],healthy honeybee,2017-08-28_09-30-00-1_500_dirty_glass
train/videos/2017-09-20_19-24-55/2017-09-20_19-24-55.mp4-bee_id_5450-74040-1.png,1,2017-09-20_19-24-55,2017-09-20_19-24-55#5450,74040,train,"[[36.0, 146.0, 65.0, 176.0]]",honeybee with a varroa mite,2017-09-20_19-24-55
train/videos/2017-09-20_19-24-55/2017-09-20_19-24-55.mp4-bee_id_6447-101295-1.png,1,2017-09-20_19-24-55,2017-09-20_19-24-55#6447,101295,train,"[[30.0, 146.0, 64.0, 187.0], [87.0, 150.0, 120.0, 190.0]]",honeybee with a varroa mite,2017-09-20_19-24-55
test/videos/2017-10-17_1-39-36/2017-10-17_1-39-36.mp4-bee_id_4802-36840-1.png,0,2017-10-17_1-39-36,2017-10-17_1-39-36#4802,36840,test,[],healthy honeybee,2017-10-17_1-39-36
test/videos/2017-10-17_1-39-36/2017-10-17_1-39-36.mp4-bee_id_3594-3495-1.png,0,2017-10-17_1-39-36,2017-10-17_1-39-36#3594,3495,test,[],healthy honeybee,2017-10-17_1-39-36
train/videos/2017-09-20_19-24-55/2017-09-20_19-24-55.mp4-bee_id_3383-16380-1.png,0,2017-09-20_19-24-55,2017-09-20_19-24-55#3383,16380,train,[],healthy honeybee,2017-09-20_19-24-55
train/videos/2017-08-30_15-42-59/2017-08-30_15-42-59.mp4-bee_id_10694-85965-1.png,0,2017-08-30_15-42-59,2017-08-30_15-42-59#10694,85965,train,[],healthy honeybee,2017-08-30_15-42-59
train/videos/2017-09-25_16-03-38-2/2017-09-25_16-03-38.mp4-bee_id_744-26865-1.png,0,2017-09-25_16-03-38,2017-09-25_16-03-38#744,26865,train,[],healthy honeybee,2017-09-25_16-03-38
train/videos/2017-08-28_09-30-00-1_500_dirty_glass/2017-08-28_09-30-00-1_500_dirty_glass.mp4-bee_id_7280-41505-1.png,0,2017-08-28_09-30-00-1_500_dirty_glass,2017-08-28_09-30-00-1_500_dirty_glass#7280,41505,train,[],healthy honeybee,2017-08-28_09-30-00-1_500_dirty_glass
val/videos/2017-09-25_16-03-38/2017-09-25_16-03-38.mp4-bee_id_1959-72075-1.png,0,2017-09-25_16-03-38,2017-09-25_16-03-38#1959,72075,val,[],healthy honeybee,2017-09-25_16-03-38
train/videos/2017-08-30_15-42-59/2017-08-30_15-42-59.mp4-bee_id_10817-92265-1.png,0,2017-08-30_15-42-59,2017-08-30_15-42-59#10817,92265,train,[],healthy honeybee,2017-08-30_15-42-59
test/videos/2017-10-17_1-39-36/2017-10-17_1-39-36.mp4-bee_id_4960-41430-1.png,0,2017-10-17_1-39-36,2017-10-17_1-39-36#4960,41430,test,[],healthy honeybee,2017-10-17_1-39-36
test/videos/2017-09-01_10-54-26/2017-09-01_10-54-26.mp4-bee_id_8454-68250-1.png,1,2017-09-01_10-54-26,2017-09-01_10-54-26#8454,68250,test,"[[68.0, 137.0, 103.0, 160.0]]",honeybee with a varroa mite,2017-09-01_10-54-26
train/videos/2017-09-20_19-24-55/2017-09-20_19-24-55.mp4-bee_id_6639-106380-1.png,1,2017-09-20_19-24-55,2017-09-20_19-24-55#6639,106380,train,"[[45.0, 93.0, 69.0, 124.0], [94.0, 96.0, 112.0, 130.0]]",honeybee with a varroa mite,2017-09-20_19-24-55
train/videos/2017-08-30_15-42-59/2017-08-30_15-42-59.mp4-bee_id_9168-2700-1.png,0,2017-08-30_15-42-59,2017-08-30_15-42-59#9168,2700,train,[],healthy honeybee,2017-08-30_15-42-59
train/videos/2017-09-25_16-03-38-2/2017-09-25_16-03-38.mp4-bee_id_852-29820-1.png,0,2017-09-25_16-03-38,2017-09-25_16-03-38#852,29820,train,[],healthy honeybee,2017-09-25_16-03-38
train/videos/2017-08-30_15-42-59/2017-08-30_15-42-59.mp4-bee_id_9467-25110-1.png,0,2017-08-30_15-42-59,2017-08-30_15-42-59#9467,25110,train,[],healthy honeybee,2017-08-30_15-42-59
val/videos/2017-09-25_16-03-38/2017-09-25_16-03-38.mp4-bee_id_1346-44550-1.png,0,2017-09-25_16-03-38,2017-09-25_16-03-38#1346,44550,val,[],healthy honeybee,2017-09-25_16-03-38
train/videos/2017-09-20_19-24-55/2017-09-20_19-24-55.mp4-bee_id_4793-55290-1.png,1,2017-09-20_19-24-55,2017-09-20_19-24-55#4793,55290,train,"[[80.0, 111.0, 118.0, 136.0]]",honeybee with a varroa mite,2017-09-20_19-24-55
test/videos/2017-10-17_1-39-36/2017-10-17_1-39-36.mp4-bee_id_4359-25035-1.png,0,2017-10-17_1-39-36,2017-10-17_1-39-36#4359,25035,test,[],healthy honeybee,2017-10-17_1-39-36
train/videos/2017-08-30_15-42-59/2017-08-30_15-42-59.mp4-bee_id_9437-22905-1.png,0,2017-08-30_15-42-59,2017-08-30_15-42-59#9437,22905,train,[],healthy honeybee,2017-08-30_15-42-59
train/videos/2017-08-28_09-30-00-1_500_dirty_glass/2017-08-28_09-30-00-1_500_dirty_glass.mp4-bee_id_7417-48615-1.png,0,2017-08-28_09-30-00-1_500_dirty_glass,2017-08-28_09-30-00-1_500_dirty_glass#7417,48615,train,[],healthy honeybee,2017-08-28_09-30-00-1_500_dirty_glass
train/videos/2017-10-17_16-41-10/2017-10-17_16-41-10.mp4-bee_id_7128-7920-1.png,0,2017-10-17_16-41-10,2017-10-17_16-41-10#7128,7920,train,[],healthy honeybee,2017-10-17_16-41-10
train/videos/2017-09-20_19-24-55/2017-09-20_19-24-55.mp4-bee_id_6159-93555-1.png,1,2017-09-20_19-24-55,2017-09-20_19-24-55#6159,93555,train,"[[44.0, 154.0, 77.0, 187.0], [93.0, 151.0, 124.0, 185.0]]",honeybee with a varroa mite,2017-09-20_19-24-55
train/videos/2017-08-30_15-42-59/2017-08-30_15-42-59.mp4-bee_id_9939-52035-1.png,0,2017-08-30_15-42-59,2017-08-30_15-42-59#9939,52035,train,[],healthy honeybee,2017-08-30_15-42-59
train/videos/2017-10-17_16-41-10/2017-10-17_16-41-10.mp4-bee_id_6992-3855-1.png,0,2017-10-17_16-41-10,2017-10-17_16-41-10#6992,3855,train,[],healthy honeybee,2017-10-17_16-41-10
test/videos/2017-10-17_1-39-36/2017-10-17_1-39-36.mp4-bee_id_5275-50160-1.png,0,2017-10-17_1-39-36,2017-10-17_1-39-36#5275,50160,test,[],healthy honeybee,2017-10-17_1-39-36
train/videos/2017-08-30_15-42-59/2017-08-30_15-42-59.mp4-bee_id_10663-84900-1.png,0,2017-08-30_15-42-59,2017-08-30_15-42-59#10663,84900,train,[],healthy honeybee,2017-08-30_15-42-59
val/videos/2017-09-01_3-01-01/2017-09-01_3-01-01.mp4-bee_id_2674-87390-1.png,0,2017-09-01_3-01-01,2017-09-01_3-01-01#2674,87390,val,[],healthy honeybee,2017-09-01_3-01-01
test/videos/2017-10-17_1-39-36/2017-10-17_1-39-36.mp4-bee_id_4574-30750-1.png,0,2017-10-17_1-39-36,2017-10-17_1-39-36#4574,30750,test,[],healthy honeybee,2017-10-17_1-39-36
train/videos/2017-09-20_19-24-55/2017-09-20_19-24-55.mp4-bee_id_2909-3180-1.png,0,2017-09-20_19-24-55,2017-09-20_19-24-55#2909,3180,train,[],healthy honeybee,2017-09-20_19-24-55
train/videos/2017-09-25_16-03-38-2/2017-09-25_16-03-38.mp4-bee_id_468-16005-1.png,0,2017-09-25_16-03-38,2017-09-25_16-03-38#468,16005,train,[],healthy honeybee,2017-09-25_16-03-38
test/videos/2017-10-17_1-39-36/2017-10-17_1-39-36.mp4-bee_id_4149-19245-1.png,1,2017-10-17_1-39-36,2017-10-17_1-39-36#4149,19245,test,"[[68.0, 166.0, 104.0, 204.0]]",honeybee with a varroa mite,2017-10-17_1-39-36
train/videos/2017-08-30_15-42-59/2017-08-30_15-42-59.mp4-bee_id_9226-4545-1.png,0,2017-08-30_15-42-59,2017-08-30_15-42-59#9226,4545,train,[],healthy honeybee,2017-08-30_15-42-59
test/videos/2017-10-17_1-39-36/2017-10-17_1-39-36.mp4-bee_id_4011-15270-1.png,0,2017-10-17_1-39-36,2017-10-17_1-39-36#4011,15270,test,[],healthy honeybee,2017-10-17_1-39-36
train/videos/2017-08-30_15-42-59/2017-08-30_15-42-59.mp4-bee_id_10781-88425-1.png,0,2017-08-30_15-42-59,2017-08-30_15-42-59#10781,88425,train,[],healthy honeybee,2017-08-30_15-42-59
test/videos/2017-10-17_1-39-36/2017-10-17_1-39-36.mp4-bee_id_4712-34110-1.png,0,2017-10-17_1-39-36,2017-10-17_1-39-36#4712,34110,test,[],healthy honeybee,2017-10-17_1-39-36
train/videos/2017-08-30_15-42-59/2017-08-30_15-42-59.mp4-bee_id_9738-42000-1.png,0,2017-08-30_15-42-59,2017-08-30_15-42-59#9738,42000,train,[],healthy honeybee,2017-08-30_15-42-59
train/videos/2017-09-25_16-03-38-2/2017-09-25_16-03-38.mp4-bee_id_421-14115-1.png,0,2017-09-25_16-03-38,2017-09-25_16-03-38#421,14115,train,[],healthy honeybee,2017-09-25_16-03-38
train/videos/2017-09-20_19-24-55/2017-09-20_19-24-55.mp4-bee_id_3738-25635-1.png,0,2017-09-20_19-24-55,2017-09-20_19-24-55#3738,25635,train,[],healthy honeybee,2017-09-20_19-24-55
test/videos/2017-10-17_1-39-36/2017-10-17_1-39-36.mp4-bee_id_5760-62385-1.png,0,2017-10-17_1-39-36,2017-10-17_1-39-36#5760,62385,test,[],healthy honeybee,2017-10-17_1-39-36
train/videos/2017-09-20_19-24-55/2017-09-20_19-24-55.mp4-bee_id_2819-1005-1.png,0,2017-09-20_19-24-55,2017-09-20_19-24-55#2819,1005,train,[],healthy honeybee,2017-09-20_19-24-55
train/videos/2017-10-17_16-41-10/2017-10-17_16-41-10.mp4-bee_id_7093-6735-1.png,1,2017-10-17_16-41-10,2017-10-17_16-41-10#7093,6735,train,"[[70.0, 147.0, 112.0, 181.0]]",honeybee with a varroa mite,2017-10-17_16-41-10
train/videos/2017-10-17_16-41-10/2017-10-17_16-41-10.mp4-bee_id_6878-165-1.png,0,2017-10-17_16-41-10,2017-10-17_16-41-10#6878,165,train,[],healthy honeybee,2017-10-17_16-41-10
train/videos/2017-09-20_19-24-55/2017-09-20_19-24-55.mp4-bee_id_5152-64950-1.png,0,2017-09-20_19-24-55,2017-09-20_19-24-55#5152,64950,train,[],healthy honeybee,2017-09-20_19-24-55
train/videos/2017-09-20_19-24-55/2017-09-20_19-24-55.mp4-bee_id_5782-82890-1.png,0,2017-09-20_19-24-55,2017-09-20_19-24-55#5782,82890,train,[],healthy honeybee,2017-09-20_19-24-55
train/videos/2017-09-20_19-24-55/2017-09-20_19-24-55.mp4-bee_id_3643-23280-1.png,0,2017-09-20_19-24-55,2017-09-20_19-24-55#3643,23280,train,[],healthy honeybee,2017-09-20_19-24-55
train/videos/2017-09-20_19-24-55/2017-09-20_19-24-55.mp4-bee_id_4799-55395-1.png,1,2017-09-20_19-24-55,2017-09-20_19-24-55#4799,55395,train,"[[72.0, 154.0, 124.0, 190.0]]",honeybee with a varroa mite,2017-09-20_19-24-55
train/videos/2017-09-25_16-03-38-2/2017-09-25_16-03-38.mp4-bee_id_391-12750-1.png,0,2017-09-25_16-03-38,2017-09-25_16-03-38#391,12750,train,[],healthy honeybee,2017-09-25_16-03-38
train/videos/2017-09-25_16-03-38-2/2017-09-25_16-03-38.mp4-bee_id_1213-40860-1.png,0,2017-09-25_16-03-38,2017-09-25_16-03-38#1213,40860,train,[],healthy honeybee,2017-09-25_16-03-38
train/videos/2017-08-30_15-42-59/2017-08-30_15-42-59.mp4-bee_id_10466-77040-1.png,0,2017-08-30_15-42-59,2017-08-30_15-42-59#10466,77040,train,[],healthy honeybee,2017-08-30_15-42-59
train/videos/2017-09-20_19-24-55/2017-09-20_19-24-55.mp4-bee_id_4017-33750-1.png,1,2017-09-20_19-24-55,2017-09-20_19-24-55#4017,33750,train,"[[89.0, 65.0, 121.0, 95.0], [46.0, 99.0, 75.0, 133.0]]",honeybee with a varroa mite,2017-09-20_19-24-55
val/videos/2017-09-01_3-01-01/2017-09-01_3-01-01.mp4-bee_id_2483-62820-1.png,0,2017-09-01_3-01-01,2017-09-01_3-01-01#2483,62820,val,[],healthy honeybee,2017-09-01_3-01-01
train/videos/2017-09-20_19-24-55/2017-09-20_19-24-55.mp4-bee_id_4184-38040-1.png,0,2017-09-20_19-24-55,2017-09-20_19-24-55#4184,38040,train,[],healthy honeybee,2017-09-20_19-24-55
val/videos/2017-08-28_16-32-55_30_sec/2017-08-28_16-32-55_30_sec.mp4-bee_id_6686-900-1.png,1,2017-08-28_16-32-55_30_sec,2017-08-28_16-32-55_30_sec#6686,900,val,"[[39.0, 122.0, 69.0, 159.0], [69.0, 147.0, 101.0, 190.0], [39.0, 152.0, 76.0, 187.0]]",honeybee with a varroa mite,2017-08-28_16-32-55_30_sec
val/videos/2017-09-01_3-01-01/2017-09-01_3-01-01.mp4-bee_id_2669-87195-1.png,0,2017-09-01_3-01-01,2017-09-01_3-01-01#2669,87195,val,[],healthy honeybee,2017-09-01_3-01-01
train/videos/2017-09-20_19-24-55/2017-09-20_19-24-55.mp4-bee_id_3285-13815-1.png,1,2017-09-20_19-24-55,2017-09-20_19-24-55#3285,13815,train,"[[94.0, 127.0, 128.0, 150.0], [70.0, 171.0, 106.0, 209.0]]",honeybee with a varroa mite,2017-09-20_19-24-55
train/videos/2017-08-30_15-42-59/2017-08-30_15-42-59.mp4-bee_id_10041-56370-1.png,0,2017-08-30_15-42-59,2017-08-30_15-42-59#10041,56370,train,[],healthy honeybee,2017-08-30_15-42-59
train/videos/2017-09-20_19-24-55/2017-09-20_19-24-55.mp4-bee_id_3123-8940-1.png,0,2017-09-20_19-24-55,2017-09-20_19-24-55#3123,8940,train,[],healthy honeybee,2017-09-20_19-24-55
test/videos/2017-10-17_1-39-36/2017-10-17_1-39-36.mp4-bee_id_5892-65550-1.png,0,2017-10-17_1-39-36,2017-10-17_1-39-36#5892,65550,test,[],healthy honeybee,2017-10-17_1-39-36
train/videos/2017-09-20_19-24-55/2017-09-20_19-24-55.mp4-bee_id_6096-92010-1.png,0,2017-09-20_19-24-55,2017-09-20_19-24-55#6096,92010,train,[],healthy honeybee,2017-09-20_19-24-55
test/videos/2017-10-17_1-39-36/2017-10-17_1-39-36.mp4-bee_id_4048-16530-1.png,0,2017-10-17_1-39-36,2017-10-17_1-39-36#4048,16530,test,[],healthy honeybee,2017-10-17_1-39-36
test/videos/2017-09-01_10-54-26/2017-09-01_10-54-26.mp4-bee_id_8739-92340-1.png,0,2017-09-01_10-54-26,2017-09-01_10-54-26#8739,92340,test,[],healthy honeybee,2017-09-01_10-54-26
train/videos/2017-09-20_19-24-55/2017-09-20_19-24-55.mp4-bee_id_3977-32490-1.png,1,2017-09-20_19-24-55,2017-09-20_19-24-55#3977,32490,train,"[[94.0, 63.0, 125.0, 101.0], [42.0, 100.0, 82.0, 129.0]]",honeybee with a varroa mite,2017-09-20_19-24-55
test/videos/2017-09-01_10-54-26/2017-09-01_10-54-26.mp4-bee_id_7977-29640-1.png,0,2017-09-01_10-54-26,2017-09-01_10-54-26#7977,29640,test,[],healthy honeybee,2017-09-01_10-54-26
train/videos/2017-08-28_09-30-00-1_500_dirty_glass/2017-08-28_09-30-00-1_500_dirty_glass.mp4-bee_id_6766-12480-1.png,0,2017-08-28_09-30-00-1_500_dirty_glass,2017-08-28_09-30-00-1_500_dirty_glass#6766,12480,train,[],healthy honeybee,2017-08-28_09-30-00-1_500_dirty_glass
test/videos/2017-10-17_1-39-36/2017-10-17_1-39-36.mp4-bee_id_4104-17985-1.png,1,2017-10-17_1-39-36,2017-10-17_1-39-36#4104,17985,test,"[[73.0, 151.0, 100.0, 180.0]]",honeybee with a varroa mite,2017-10-17_1-39-36
train/videos/2017-09-20_19-24-55/2017-09-20_19-24-55.mp4-bee_id_4408-44640-1.png,0,2017-09-20_19-24-55,2017-09-20_19-24-55#4408,44640,train,[],healthy honeybee,2017-09-20_19-24-55
train/videos/2017-09-20_19-24-55/2017-09-20_19-24-55.mp4-bee_id_5261-68160-1.png,0,2017-09-20_19-24-55,2017-09-20_19-24-55#5261,68160,train,[],healthy honeybee,2017-09-20_19-24-55
test/videos/2017-10-17_1-39-36/2017-10-17_1-39-36.mp4-bee_id_4004-15135-1.png,0,2017-10-17_1-39-36,2017-10-17_1-39-36#4004,15135,test,[],healthy honeybee,2017-10-17_1-39-36
train/videos/2017-09-25_16-03-38-2/2017-09-25_16-03-38.mp4-bee_id_633-23430-1.png,0,2017-09-25_16-03-38,2017-09-25_16-03-38#633,23430,train,[],healthy honeybee,2017-09-25_16-03-38
test/videos/2017-09-01_10-54-26/2017-09-01_10-54-26.mp4-bee_id_8069-34110-1.png,0,2017-09-01_10-54-26,2017-09-01_10-54-26#8069,34110,test,[],healthy honeybee,2017-09-01_10-54-26
train/videos/2017-09-20_19-24-55/2017-09-20_19-24-55.mp4-bee_id_5208-66600-1.png,0,2017-09-20_19-24-55,2017-09-20_19-24-55#5208,66600,train,[],healthy honeybee,2017-09-20_19-24-55
train/videos/2017-09-20_19-24-55/2017-09-20_19-24-55.mp4-bee_id_4339-42540-1.png,0,2017-09-20_19-24-55,2017-09-20_19-24-55#4339,42540,train,[],healthy honeybee,2017-09-20_19-24-55
train/videos/2017-09-20_19-24-55/2017-09-20_19-24-55.mp4-bee_id_2883-2610-1.png,1,2017-09-20_19-24-55,2017-09-20_19-24-55#2883,2610,train,"[[91.0, 159.0, 123.0, 197.0]]",honeybee with a varroa mite,2017-09-20_19-24-55
val/videos/2017-09-25_16-03-38/2017-09-25_16-03-38.mp4-bee_id_2154-84825-1.png,0,2017-09-25_16-03-38,2017-09-25_16-03-38#2154,84825,val,[],healthy honeybee,2017-09-25_16-03-38
train/videos/2017-09-20_19-24-55/2017-09-20_19-24-55.mp4-bee_id_6334-98490-1.png,0,2017-09-20_19-24-55,2017-09-20_19-24-55#6334,98490,train,[],healthy honeybee,2017-09-20_19-24-55
train/videos/2017-08-30_15-42-59/2017-08-30_15-42-59.mp4-bee_id_9707-40650-1.png,0,2017-08-30_15-42-59,2017-08-30_15-42-59#9707,40650,train,[],healthy honeybee,2017-08-30_15-42-59
train/videos/2017-08-28_09-30-00-1_500_dirty_glass/2017-08-28_09-30-00-1_500_dirty_glass.mp4-bee_id_6789-13770-1.png,0,2017-08-28_09-30-00-1_500_dirty_glass,2017-08-28_09-30-00-1_500_dirty_glass#6789,13770,train,[],healthy honeybee,2017-08-28_09-30-00-1_500_dirty_glass
train/videos/2017-09-20_19-24-55/2017-09-20_19-24-55.mp4-bee_id_3188-10845-1.png,1,2017-09-20_19-24-55,2017-09-20_19-24-55#3188,10845,train,"[[84.0, 143.0, 132.0, 184.0]]",honeybee with a varroa mite,2017-09-20_19-24-55
train/videos/2017-08-28_09-30-00-1_500_dirty_glass/2017-08-28_09-30-00-1_500_dirty_glass.mp4-bee_id_6887-18720-1.png,0,2017-08-28_09-30-00-1_500_dirty_glass,2017-08-28_09-30-00-1_500_dirty_glass#6887,18720,train,[],healthy honeybee,2017-08-28_09-30-00-1_500_dirty_glass
train/videos/2017-10-17_16-41-10/2017-10-17_16-41-10.mp4-bee_id_7169-9600-1.png,0,2017-10-17_16-41-10,2017-10-17_16-41-10#7169,9600,train,[],healthy honeybee,2017-10-17_16-41-10
train/videos/2017-08-28_09-30-00-1_500_dirty_glass/2017-08-28_09-30-00-1_500_dirty_glass.mp4-bee_id_7193-34500-1.png,1,2017-08-28_09-30-00-1_500_dirty_glass,2017-08-28_09-30-00-1_500_dirty_glass#7193,34500,train,"[[97.0, 118.0, 126.0, 145.0]]",honeybee with a varroa mite,2017-08-28_09-30-00-1_500_dirty_glass
train/videos/2017-09-20_19-24-55/2017-09-20_19-24-55.mp4-bee_id_3102-8265-1.png,0,2017-09-20_19-24-55,2017-09-20_19-24-55#3102,8265,train,[],healthy honeybee,2017-09-20_19-24-55
train/videos/2017-09-20_19-24-55/2017-09-20_19-24-55.mp4-bee_id_3897-29850-1.png,1,2017-09-20_19-24-55,2017-09-20_19-24-55#3897,29850,train,"[[87.0, 74.0, 118.0, 115.0], [46.0, 112.0, 76.0, 142.0]]",honeybee with a varroa mite,2017-09-20_19-24-55
test/videos/2017-09-01_10-54-26/2017-09-01_10-54-26.mp4-bee_id_8108-35715-1.png,1,2017-09-01_10-54-26,2017-09-01_10-54-26#8108,35715,test,"[[46.0, 153.0, 70.0, 174.0]]",honeybee with a varroa mite,2017-09-01_10-54-26
train/videos/2017-08-30_15-42-59/2017-08-30_15-42-59.mp4-bee_id_9961-53055-1.png,0,2017-08-30_15-42-59,2017-08-30_15-42-59#9961,53055,train,[],healthy honeybee,2017-08-30_15-42-59
train/videos/2017-09-20_19-24-55/2017-09-20_19-24-55.mp4-bee_id_3336-15045-1.png,0,2017-09-20_19-24-55,2017-09-20_19-24-55#3336,15045,train,[],healthy honeybee,2017-09-20_19-24-55
train/videos/2017-09-20_19-24-55/2017-09-20_19-24-55.mp4-bee_id_4664-51960-1.png,0,2017-09-20_19-24-55,2017-09-20_19-24-55#4664,51960,train,[],healthy honeybee,2017-09-20_19-24-55
train/videos/2017-09-20_19-24-55/2017-09-20_19-24-55.mp4-bee_id_6632-106215-1.png,0,2017-09-20_19-24-55,2017-09-20_19-24-55#6632,106215,train,[],healthy honeybee,2017-09-20_19-24-55
test/videos/2017-10-17_1-39-36/2017-10-17_1-39-36.mp4-bee_id_3604-3735-1.png,0,2017-10-17_1-39-36,2017-10-17_1-39-36#3604,3735,test,[],healthy honeybee,2017-10-17_1-39-36
test/videos/2017-10-17_1-39-36/2017-10-17_1-39-36.mp4-bee_id_5042-43650-1.png,0,2017-10-17_1-39-36,2017-10-17_1-39-36#5042,43650,test,[],healthy honeybee,2017-10-17_1-39-36
train/videos/2017-08-30_15-42-59/2017-08-30_15-42-59.mp4-bee_id_10133-59400-1.png,0,2017-08-30_15-42-59,2017-08-30_15-42-59#10133,59400,train,[],healthy honeybee,2017-08-30_15-42-59
test/videos/2017-10-17_1-39-36/2017-10-17_1-39-36.mp4-bee_id_4258-22200-1.png,0,2017-10-17_1-39-36,2017-10-17_1-39-36#4258,22200,test,[],healthy honeybee,2017-10-17_1-39-36
train/videos/2017-10-17_16-41-10/2017-10-17_16-41-10.mp4-bee_id_7350-16005-1.png,0,2017-10-17_16-41-10,2017-10-17_16-41-10#7350,16005,train,[],healthy honeybee,2017-10-17_16-41-10
train/videos/2017-09-20_19-24-55/2017-09-20_19-24-55.mp4-bee_id_4197-38355-1.png,0,2017-09-20_19-24-55,2017-09-20_19-24-55#4197,38355,train,[],healthy honeybee,2017-09-20_19-24-55
train/videos/2017-09-20_19-24-55/2017-09-20_19-24-55.mp4-bee_id_6167-93780-1.png,0,2017-09-20_19-24-55,2017-09-20_19-24-55#6167,93780,train,[],healthy honeybee,2017-09-20_19-24-55
train/videos/2017-09-20_19-24-55/2017-09-20_19-24-55.mp4-bee_id_5569-77310-1.png,0,2017-09-20_19-24-55,2017-09-20_19-24-55#5569,77310,train,[],healthy honeybee,2017-09-20_19-24-55
train/videos/2017-09-25_16-03-38-2/2017-09-25_16-03-38.mp4-bee_id_507-17985-1.png,1,2017-09-25_16-03-38,2017-09-25_16-03-38#507,17985,train,"[[77.0, 154.0, 119.0, 195.0]]",honeybee with a varroa mite,2017-09-25_16-03-38
test/videos/2017-10-17_1-39-36/2017-10-17_1-39-36.mp4-bee_id_5034-43470-1.png,0,2017-10-17_1-39-36,2017-10-17_1-39-36#5034,43470,test,[],healthy honeybee,2017-10-17_1-39-36
train/videos/2017-09-25_16-03-38-2/2017-09-25_16-03-38.mp4-bee_id_643-23775-1.png,0,2017-09-25_16-03-38,2017-09-25_16-03-38#643,23775,train,[],healthy honeybee,2017-09-25_16-03-38
train/videos/2017-09-20_19-24-55/2017-09-20_19-24-55.mp4-bee_id_5365-71220-1.png,0,2017-09-20_19-24-55,2017-09-20_19-24-55#5365,71220,train,[],healthy honeybee,2017-09-20_19-24-55
train/videos/2017-09-20_19-24-55/2017-09-20_19-24-55.mp4-bee_id_5317-69840-1.png,0,2017-09-20_19-24-55,2017-09-20_19-24-55#5317,69840,train,[],healthy honeybee,2017-09-20_19-24-55
train/videos/2017-08-30_15-42-59/2017-08-30_15-42-59.mp4-bee_id_9859-47610-1.png,0,2017-08-30_15-42-59,2017-08-30_15-42-59#9859,47610,train,[],healthy honeybee,2017-08-30_15-42-59
train/videos/2017-09-20_19-24-55/2017-09-20_19-24-55.mp4-bee_id_4081-35370-1.png,0,2017-09-20_19-24-55,2017-09-20_19-24-55#4081,35370,train,[],healthy honeybee,2017-09-20_19-24-55
train/videos/2017-08-30_15-42-59/2017-08-30_15-42-59.mp4-bee_id_10069-57210-1.png,1,2017-08-30_15-42-59,2017-08-30_15-42-59#10069,57210,train,"[[26.0, 204.0, 81.0, 244.0]]",honeybee with a varroa mite,2017-08-30_15-42-59
test/videos/2017-10-17_1-39-36/2017-10-17_1-39-36.mp4-bee_id_5426-53730-1.png,0,2017-10-17_1-39-36,2017-10-17_1-39-36#5426,53730,test,[],healthy honeybee,2017-10-17_1-39-36
test/videos/2017-10-17_1-39-36/2017-10-17_1-39-36.mp4-bee_id_3550-2400-1.png,0,2017-10-17_1-39-36,2017-10-17_1-39-36#3550,2400,test,[],healthy honeybee,2017-10-17_1-39-36
train/videos/2017-08-30_15-42-59/2017-08-30_15-42-59.mp4-bee_id_9704-40530-1.png,0,2017-08-30_15-42-59,2017-08-30_15-42-59#9704,40530,train,[],healthy honeybee,2017-08-30_15-42-59
test/videos/2017-10-17_1-39-36/2017-10-17_1-39-36.mp4-bee_id_4697-33720-1.png,0,2017-10-17_1-39-36,2017-10-17_1-39-36#4697,33720,test,[],healthy honeybee,2017-10-17_1-39-36
train/videos/2017-08-30_15-42-59/2017-08-30_15-42-59.mp4-bee_id_10311-64785-1.png,0,2017-08-30_15-42-59,2017-08-30_15-42-59#10311,64785,train,[],healthy honeybee,2017-08-30_15-42-59
test/videos/2017-10-17_1-39-36/2017-10-17_1-39-36.mp4-bee_id_5417-53460-1.png,0,2017-10-17_1-39-36,2017-10-17_1-39-36#5417,53460,test,[],healthy honeybee,2017-10-17_1-39-36
test/videos/2017-10-17_1-39-36/2017-10-17_1-39-36.mp4-bee_id_4052-16635-1.png,0,2017-10-17_1-39-36,2017-10-17_1-39-36#4052,16635,test,[],healthy honeybee,2017-10-17_1-39-36
train/videos/2017-09-25_16-03-38-2/2017-09-25_16-03-38.mp4-bee_id_769-27420-1.png,0,2017-09-25_16-03-38,2017-09-25_16-03-38#769,27420,train,[],healthy honeybee,2017-09-25_16-03-38
test/videos/2017-09-01_10-54-26/2017-09-01_10-54-26.mp4-bee_id_8299-54735-1.png,1,2017-09-01_10-54-26,2017-09-01_10-54-26#8299,54735,test,"[[37.0, 103.0, 62.0, 124.0]]",honeybee with a varroa mite,2017-09-01_10-54-26
train/videos/2017-08-30_15-42-59/2017-08-30_15-42-59.mp4-bee_id_10989-101520-1.png,0,2017-08-30_15-42-59,2017-08-30_15-42-59#10989,101520,train,[],healthy honeybee,2017-08-30_15-42-59
train/videos/2017-09-20_19-24-55/2017-09-20_19-24-55.mp4-bee_id_3417-17520-1.png,1,2017-09-20_19-24-55,2017-09-20_19-24-55#3417,17520,train,"[[75.0, 81.0, 105.0, 116.0], [32.0, 89.0, 53.0, 119.0]]",honeybee with a varroa mite,2017-09-20_19-24-55
train/videos/2017-08-28_09-30-00-1_500_dirty_glass/2017-08-28_09-30-00-1_500_dirty_glass.mp4-bee_id_6805-14325-1.png,0,2017-08-28_09-30-00-1_500_dirty_glass,2017-08-28_09-30-00-1_500_dirty_glass#6805,14325,train,[],healthy honeybee,2017-08-28_09-30-00-1_500_dirty_glass
train/videos/2017-08-30_15-42-59/2017-08-30_15-42-59.mp4-bee_id_9490-28050-1.png,0,2017-08-30_15-42-59,2017-08-30_15-42-59#9490,28050,train,[],healthy honeybee,2017-08-30_15-42-59
train/videos/2017-09-25_16-03-38-2/2017-09-25_16-03-38.mp4-bee_id_747-26910-1.png,0,2017-09-25_16-03-38,2017-09-25_16-03-38#747,26910,train,[],healthy honeybee,2017-09-25_16-03-38
train/videos/2017-08-28_09-30-00-1_500_dirty_glass/2017-08-28_09-30-00-1_500_dirty_glass.mp4-bee_id_7515-53415-1.png,0,2017-08-28_09-30-00-1_500_dirty_glass,2017-08-28_09-30-00-1_500_dirty_glass#7515,53415,train,[],healthy honeybee,2017-08-28_09-30-00-1_500_dirty_glass
val/videos/2017-09-25_16-03-38/2017-09-25_16-03-38.mp4-bee_id_1619-52065-1.png,0,2017-09-25_16-03-38,2017-09-25_16-03-38#1619,52065,val,[],healthy honeybee,2017-09-25_16-03-38
test/videos/2017-10-17_1-39-36/2017-10-17_1-39-36.mp4-bee_id_5286-50385-1.png,0,2017-10-17_1-39-36,2017-10-17_1-39-36#5286,50385,test,[],healthy honeybee,2017-10-17_1-39-36
test/videos/2017-10-17_1-39-36/2017-10-17_1-39-36.mp4-bee_id_5603-58515-1.png,0,2017-10-17_1-39-36,2017-10-17_1-39-36#5603,58515,test,[],healthy honeybee,2017-10-17_1-39-36
train/videos/2017-08-30_15-42-59/2017-08-30_15-42-59.mp4-bee_id_10748-87390-1.png,0,2017-08-30_15-42-59,2017-08-30_15-42-59#10748,87390,train,[],healthy honeybee,2017-08-30_15-42-59
train/videos/2017-09-20_19-24-55/2017-09-20_19-24-55.mp4-bee_id_3840-28245-1.png,1,2017-09-20_19-24-55,2017-09-20_19-24-55#3840,28245,train,"[[37.0, 102.0, 67.0, 137.0]]",honeybee with a varroa mite,2017-09-20_19-24-55
test/videos/2017-09-01_10-54-26/2017-09-01_10-54-26.mp4-bee_id_8625-87465-1.png,0,2017-09-01_10-54-26,2017-09-01_10-54-26#8625,87465,test,[],healthy honeybee,2017-09-01_10-54-26
test/videos/2017-10-17_1-39-36/2017-10-17_1-39-36.mp4-bee_id_5195-48090-1.png,0,2017-10-17_1-39-36,2017-10-17_1-39-36#5195,48090,test,[],healthy honeybee,2017-10-17_1-39-36
val/videos/2017-09-01_20-00-17/2017-09-01_20-00-17.mp4-bee_id_78-28155-1.png,0,2017-09-01_20-00-17,2017-09-01_20-00-17#78,28155,val,[],healthy honeybee,2017-09-01_20-00-17
train/videos/2017-09-20_19-24-55/2017-09-20_19-24-55.mp4-bee_id_2842-1590-1.png,0,2017-09-20_19-24-55,2017-09-20_19-24-55#2842,1590,train,[],healthy honeybee,2017-09-20_19-24-55
val/videos/2017-09-01_3-01-01/2017-09-01_3-01-01.mp4-bee_id_2390-55455-1.png,1,2017-09-01_3-01-01,2017-09-01_3-01-01#2390,55455,val,"[[67.0, 102.0, 96.0, 123.0]]",honeybee with a varroa mite,2017-09-01_3-01-01
train/videos/2017-09-20_19-24-55/2017-09-20_19-24-55.mp4-bee_id_4207-38640-1.png,0,2017-09-20_19-24-55,2017-09-20_19-24-55#4207,38640,train,[],healthy honeybee,2017-09-20_19-24-55
test/videos/2017-10-17_1-39-36/2017-10-17_1-39-36.mp4-bee_id_5453-54300-1.png,0,2017-10-17_1-39-36,2017-10-17_1-39-36#5453,54300,test,[],healthy honeybee,2017-10-17_1-39-36
train/videos/2017-08-30_15-42-59/2017-08-30_15-42-59.mp4-bee_id_10620-82905-1.png,0,2017-08-30_15-42-59,2017-08-30_15-42-59#10620,82905,train,[],healthy honeybee,2017-08-30_15-42-59
train/videos/2017-09-20_19-24-55/2017-09-20_19-24-55.mp4-bee_id_4059-34755-1.png,1,2017-09-20_19-24-55,2017-09-20_19-24-55#4059,34755,train,"[[87.0, 82.0, 129.0, 121.0], [32.0, 82.0, 62.0, 115.0]]",honeybee with a varroa mite,2017-09-20_19-24-55
train/videos/2017-09-20_19-24-55/2017-09-20_19-24-55.mp4-bee_id_3976-32445-1.png,0,2017-09-20_19-24-55,2017-09-20_19-24-55#3976,32445,train,[],healthy honeybee,2017-09-20_19-24-55
train/videos/2017-09-20_19-24-55/2017-09-20_19-24-55.mp4-bee_id_3057-6855-1.png,0,2017-09-20_19-24-55,2017-09-20_19-24-55#3057,6855,train,[],healthy honeybee,2017-09-20_19-24-55
train/videos/2017-08-30_15-42-59/2017-08-30_15-42-59.mp4-bee_id_9611-35280-1.png,0,2017-08-30_15-42-59,2017-08-30_15-42-59#9611,35280,train,[],healthy honeybee,2017-08-30_15-42-59
train/videos/2017-09-20_19-24-55/2017-09-20_19-24-55.mp4-bee_id_5883-85920-1.png,1,2017-09-20_19-24-55,2017-09-20_19-24-55#5883,85920,train,"[[68.0, 154.0, 110.0, 193.0]]",honeybee with a varroa mite,2017-09-20_19-24-55
train/videos/2017-08-28_09-30-00-1_500_dirty_glass/2017-08-28_09-30-00-1_500_dirty_glass.mp4-bee_id_6824-14940-1.png,1,2017-08-28_09-30-00-1_500_dirty_glass,2017-08-28_09-30-00-1_500_dirty_glass#6824,14940,train,"[[81.0, 182.0, 100.0, 200.0]]",honeybee with a varroa mite,2017-08-28_09-30-00-1_500_dirty_glass
train/videos/2017-08-28_09-30-00-1_500_dirty_glass/2017-08-28_09-30-00-1_500_dirty_glass.mp4-bee_id_7030-23865-1.png,1,2017-08-28_09-30-00-1_500_dirty_glass,2017-08-28_09-30-00-1_500_dirty_glass#7030,23865,train,"[[89.0, 103.0, 118.0, 125.0]]",honeybee with a varroa mite,2017-08-28_09-30-00-1_500_dirty_glass
test/videos/2017-10-17_1-39-36/2017-10-17_1-39-36.mp4-bee_id_5937-66705-1.png,1,2017-10-17_1-39-36,2017-10-17_1-39-36#5937,66705,test,"[[25.0, 84.0, 58.0, 123.0]]",honeybee with a varroa mite,2017-10-17_1-39-36
train/videos/2017-08-30_15-42-59/2017-08-30_15-42-59.mp4-bee_id_9178-3075-1.png,1,2017-08-30_15-42-59,2017-08-30_15-42-59#9178,3075,train,"[[31.0, 160.0, 57.0, 187.0]]",honeybee with a varroa mite,2017-08-30_15-42-59
train/videos/2017-09-20_19-24-55/2017-09-20_19-24-55.mp4-bee_id_5882-85890-1.png,1,2017-09-20_19-24-55,2017-09-20_19-24-55#5882,85890,train,"[[47.0, 161.0, 71.0, 190.0]]",honeybee with a varroa mite,2017-09-20_19-24-55
test/videos/2017-10-17_1-39-36/2017-10-17_1-39-36.mp4-bee_id_3656-5175-1.png,0,2017-10-17_1-39-36,2017-10-17_1-39-36#3656,5175,test,[],healthy honeybee,2017-10-17_1-39-36
train/videos/2017-08-30_15-42-59/2017-08-30_15-42-59.mp4-bee_id_10666-84960-1.png,0,2017-08-30_15-42-59,2017-08-30_15-42-59#10666,84960,train,[],healthy honeybee,2017-08-30_15-42-59
train/videos/2017-09-20_19-24-55/2017-09-20_19-24-55.mp4-bee_id_5460-74265-1.png,0,2017-09-20_19-24-55,2017-09-20_19-24-55#5460,74265,train,[],healthy honeybee,2017-09-20_19-24-55
test/videos/2017-10-17_1-39-36/2017-10-17_1-39-36.mp4-bee_id_5114-45840-1.png,0,2017-10-17_1-39-36,2017-10-17_1-39-36#5114,45840,test,[],healthy honeybee,2017-10-17_1-39-36
test/videos/2017-10-17_1-39-36/2017-10-17_1-39-36.mp4-bee_id_5899-65715-1.png,0,2017-10-17_1-39-36,2017-10-17_1-39-36#5899,65715,test,[],healthy honeybee,2017-10-17_1-39-36
val/videos/2017-09-25_16-03-38/2017-09-25_16-03-38.mp4-bee_id_1487-48300-1.png,0,2017-09-25_16-03-38,2017-09-25_16-03-38#1487,48300,val,[],healthy honeybee,2017-09-25_16-03-38
train/videos/2017-09-20_19-24-55/2017-09-20_19-24-55.mp4-bee_id_5978-88440-1.png,0,2017-09-20_19-24-55,2017-09-20_19-24-55#5978,88440,train,[],healthy honeybee,2017-09-20_19-24-55
test/videos/2017-09-01_10-54-26/2017-09-01_10-54-26.mp4-bee_id_8602-86505-1.png,0,2017-09-01_10-54-26,2017-09-01_10-54-26#8602,86505,test,[],healthy honeybee,2017-09-01_10-54-26
train/videos/2017-09-20_19-24-55/2017-09-20_19-24-55.mp4-bee_id_5284-68895-1.png,0,2017-09-20_19-24-55,2017-09-20_19-24-55#5284,68895,train,[],healthy honeybee,2017-09-20_19-24-55
train/videos/2017-09-25_16-03-38-2/2017-09-25_16-03-38.mp4-bee_id_639-23685-1.png,0,2017-09-25_16-03-38,2017-09-25_16-03-38#639,23685,train,[],healthy honeybee,2017-09-25_16-03-38
test/videos/2017-10-17_1-39-36/2017-10-17_1-39-36.mp4-bee_id_5930-66600-1.png,0,2017-10-17_1-39-36,2017-10-17_1-39-36#5930,66600,test,[],healthy honeybee,2017-10-17_1-39-36
test/videos/2017-09-01_10-54-26/2017-09-01_10-54-26.mp4-bee_id_8103-35550-1.png,1,2017-09-01_10-54-26,2017-09-01_10-54-26#8103,35550,test,"[[47.0, 105.0, 84.0, 130.0]]",honeybee with a varroa mite,2017-09-01_10-54-26
train/videos/2017-08-30_15-42-59/2017-08-30_15-42-59.mp4-bee_id_9466-25005-1.png,1,2017-08-30_15-42-59,2017-08-30_15-42-59#9466,25005,train,"[[93.0, 132.0, 128.0, 169.0]]",honeybee with a varroa mite,2017-08-30_15-42-59
train/videos/2017-09-20_19-24-55/2017-09-20_19-24-55.mp4-bee_id_3889-29595-1.png,0,2017-09-20_19-24-55,2017-09-20_19-24-55#3889,29595,train,[],healthy honeybee,2017-09-20_19-24-55
train/videos/2017-08-30_15-42-59/2017-08-30_15-42-59.mp4-bee_id_9567-32490-1.png,0,2017-08-30_15-42-59,2017-08-30_15-42-59#9567,32490,train,[],healthy honeybee,2017-08-30_15-42-59
train/videos/2017-08-30_15-42-59/2017-08-30_15-42-59.mp4-bee_id_9271-6600-1.png,0,2017-08-30_15-42-59,2017-08-30_15-42-59#9271,6600,train,[],healthy honeybee,2017-08-30_15-42-59
val/videos/2017-09-25_16-03-38/2017-09-25_16-03-38.mp4-bee_id_1289-43125-1.png,0,2017-09-25_16-03-38,2017-09-25_16-03-38#1289,43125,val,[],healthy honeybee,2017-09-25_16-03-38
val/videos/2017-09-01_3-01-01/2017-09-01_3-01-01.mp4-bee_id_2399-56715-1.png,0,2017-09-01_3-01-01,2017-09-01_3-01-01#2399,56715,val,[],healthy honeybee,2017-09-01_3-01-01
train/videos/2017-09-20_19-24-55/2017-09-20_19-24-55.mp4-bee_id_5012-61365-1.png,0,2017-09-20_19-24-55,2017-09-20_19-24-55#5012,61365,train,[],healthy honeybee,2017-09-20_19-24-55
test/videos/2017-10-17_1-39-36/2017-10-17_1-39-36.mp4-bee_id_5002-42495-1.png,0,2017-10-17_1-39-36,2017-10-17_1-39-36#5002,42495,test,[],healthy honeybee,2017-10-17_1-39-36
train/videos/2017-08-30_15-42-59/2017-08-30_15-42-59.mp4-bee_id_10129-59280-1.png,0,2017-08-30_15-42-59,2017-08-30_15-42-59#10129,59280,train,[],healthy honeybee,2017-08-30_15-42-59
test/videos/2017-09-01_10-54-26/2017-09-01_10-54-26.mp4-bee_id_8752-93075-1.png,0,2017-09-01_10-54-26,2017-09-01_10-54-26#8752,93075,test,[],healthy honeybee,2017-09-01_10-54-26
train/videos/2017-09-25_16-03-38-2/2017-09-25_16-03-38.mp4-bee_id_621-22965-1.png,0,2017-09-25_16-03-38,2017-09-25_16-03-38#621,22965,train,[],healthy honeybee,2017-09-25_16-03-38
train/videos/2017-09-20_19-24-55/2017-09-20_19-24-55.mp4-bee_id_4804-55515-1.png,1,2017-09-20_19-24-55,2017-09-20_19-24-55#4804,55515,train,"[[95.0, 62.0, 129.0, 117.0], [41.0, 94.0, 74.0, 130.0]]",honeybee with a varroa mite,2017-09-20_19-24-55
train/videos/2017-09-25_16-03-38-2/2017-09-25_16-03-38.mp4-bee_id_792-28155-1.png,0,2017-09-25_16-03-38,2017-09-25_16-03-38#792,28155,train,[],healthy honeybee,2017-09-25_16-03-38
train/videos/2017-08-30_15-42-59/2017-08-30_15-42-59.mp4-bee_id_10472-77115-1.png,0,2017-08-30_15-42-59,2017-08-30_15-42-59#10472,77115,train,[],healthy honeybee,2017-08-30_15-42-59
test/videos/2017-10-17_1-39-36/2017-10-17_1-39-36.mp4-bee_id_4522-29505-1.png,0,2017-10-17_1-39-36,2017-10-17_1-39-36#4522,29505,test,[],healthy honeybee,2017-10-17_1-39-36
train/videos/2017-09-20_19-24-55/2017-09-20_19-24-55.mp4-bee_id_3729-25335-1.png,0,2017-09-20_19-24-55,2017-09-20_19-24-55#3729,25335,train,[],healthy honeybee,2017-09-20_19-24-55
train/videos/2017-08-30_15-42-59/2017-08-30_15-42-59.mp4-bee_id_10254-62760-1.png,0,2017-08-30_15-42-59,2017-08-30_15-42-59#10254,62760,train,[],healthy honeybee,2017-08-30_15-42-59
train/videos/2017-08-30_15-42-59/2017-08-30_15-42-59.mp4-bee_id_10891-96285-1.png,1,2017-08-30_15-42-59,2017-08-30_15-42-59#10891,96285,train,"[[82.0, 147.0, 125.0, 180.0]]",honeybee with a varroa mite,2017-08-30_15-42-59
train/videos/2017-09-20_19-24-55/2017-09-20_19-24-55.mp4-bee_id_4177-37860-1.png,0,2017-09-20_19-24-55,2017-09-20_19-24-55#4177,37860,train,[],healthy honeybee,2017-09-20_19-24-55
train/videos/2017-09-25_16-03-38-2/2017-09-25_16-03-38.mp4-bee_id_393-12780-1.png,0,2017-09-25_16-03-38,2017-09-25_16-03-38#393,12780,train,[],healthy honeybee,2017-09-25_16-03-38
train/videos/2017-09-20_19-24-55/2017-09-20_19-24-55.mp4-bee_id_3007-5565-1.png,1,2017-09-20_19-24-55,2017-09-20_19-24-55#3007,5565,train,"[[70.0, 58.0, 115.0, 103.0]]",honeybee with a varroa mite,2017-09-20_19-24-55
train/videos/2017-10-17_16-41-10/2017-10-17_16-41-10.mp4-bee_id_6966-3060-1.png,0,2017-10-17_16-41-10,2017-10-17_16-41-10#6966,3060,train,[],healthy honeybee,2017-10-17_16-41-10
test/videos/2017-09-01_10-54-26/2017-09-01_10-54-26.mp4-bee_id_8805-95400-1.png,0,2017-09-01_10-54-26,2017-09-01_10-54-26#8805,95400,test,[],healthy honeybee,2017-09-01_10-54-26
train/videos/2017-08-30_15-42-59/2017-08-30_15-42-59.mp4-bee_id_9558-32055-1.png,0,2017-08-30_15-42-59,2017-08-30_15-42-59#9558,32055,train,[],healthy honeybee,2017-08-30_15-42-59
test/videos/2017-09-01_10-54-26/2017-09-01_10-54-26.mp4-bee_id_8307-55365-1.png,0,2017-09-01_10-54-26,2017-09-01_10-54-26#8307,55365,test,[],healthy honeybee,2017-09-01_10-54-26
train/videos/2017-09-20_19-24-55/2017-09-20_19-24-55.mp4-bee_id_5995-89100-1.png,0,2017-09-20_19-24-55,2017-09-20_19-24-55#5995,89100,train,[],healthy honeybee,2017-09-20_19-24-55
train/videos/2017-09-20_19-24-55/2017-09-20_19-24-55.mp4-bee_id_4604-50310-1.png,0,2017-09-20_19-24-55,2017-09-20_19-24-55#4604,50310,train,[],healthy honeybee,2017-09-20_19-24-55
train/videos/2017-09-20_19-24-55/2017-09-20_19-24-55.mp4-bee_id_5817-83865-1.png,1,2017-09-20_19-24-55,2017-09-20_19-24-55#5817,83865,train,"[[110.0, 148.0, 150.0, 183.0]]",honeybee with a varroa mite,2017-09-20_19-24-55
val/videos/2017-09-25_16-03-38/2017-09-25_16-03-38.mp4-bee_id_1743-55665-1.png,0,2017-09-25_16-03-38,2017-09-25_16-03-38#1743,55665,val,[],healthy honeybee,2017-09-25_16-03-38
train/videos/2017-10-17_16-41-10/2017-10-17_16-41-10.mp4-bee_id_6871-90-1.png,0,2017-10-17_16-41-10,2017-10-17_16-41-10#6871,90,train,[],healthy honeybee,2017-10-17_16-41-10
train/videos/2017-08-28_09-30-00-1_500_dirty_glass/2017-08-28_09-30-00-1_500_dirty_glass.mp4-bee_id_7419-48690-1.png,0,2017-08-28_09-30-00-1_500_dirty_glass,2017-08-28_09-30-00-1_500_dirty_glass#7419,48690,train,[],healthy honeybee,2017-08-28_09-30-00-1_500_dirty_glass
train/videos/2017-09-20_19-24-55/2017-09-20_19-24-55.mp4-bee_id_2794-315-1.png,1,2017-09-20_19-24-55,2017-09-20_19-24-55#2794,315,train,"[[37.0, 156.0, 77.0, 190.0]]",honeybee with a varroa mite,2017-09-20_19-24-55
val/videos/2017-09-01_3-01-01/2017-09-01_3-01-01.mp4-bee_id_2285-47580-1.png,1,2017-09-01_3-01-01,2017-09-01_3-01-01#2285,47580,val,"[[75.0, 143.0, 129.0, 173.0], [95.0, 170.0, 127.0, 194.0]]",honeybee with a varroa mite,2017-09-01_3-01-01
val/videos/2017-09-01_3-01-01/2017-09-01_3-01-01.mp4-bee_id_2758-104055-1.png,0,2017-09-01_3-01-01,2017-09-01_3-01-01#2758,104055,val,[],healthy honeybee,2017-09-01_3-01-01
train/videos/2017-09-20_19-24-55/2017-09-20_19-24-55.mp4-bee_id_5372-71445-1.png,0,2017-09-20_19-24-55,2017-09-20_19-24-55#5372,71445,train,[],healthy honeybee,2017-09-20_19-24-55
train/videos/2017-09-20_19-24-55/2017-09-20_19-24-55.mp4-bee_id_5194-66300-1.png,1,2017-09-20_19-24-55,2017-09-20_19-24-55#5194,66300,train,"[[72.0, 57.0, 113.0, 91.0], [42.0, 102.0, 80.0, 133.0]]",honeybee with a varroa mite,2017-09-20_19-24-55
train/videos/2017-09-20_19-24-55/2017-09-20_19-24-55.mp4-bee_id_3983-32715-1.png,0,2017-09-20_19-24-55,2017-09-20_19-24-55#3983,32715,train,[],healthy honeybee,2017-09-20_19-24-55
test/videos/2017-10-17_1-39-36/2017-10-17_1-39-36.mp4-bee_id_4826-37425-1.png,0,2017-10-17_1-39-36,2017-10-17_1-39-36#4826,37425,test,[],healthy honeybee,2017-10-17_1-39-36
train/videos/2017-08-28_09-30-00-1_500_dirty_glass/2017-08-28_09-30-00-1_500_dirty_glass.mp4-bee_id_7691-61455-1.png,1,2017-08-28_09-30-00-1_500_dirty_glass,2017-08-28_09-30-00-1_500_dirty_glass#7691,61455,train,"[[63.0, 134.0, 82.0, 159.0]]",honeybee with a varroa mite,2017-08-28_09-30-00-1_500_dirty_glass
test/videos/2017-10-17_1-39-36/2017-10-17_1-39-36.mp4-bee_id_5647-59715-1.png,1,2017-10-17_1-39-36,2017-10-17_1-39-36#5647,59715,test,"[[96.0, 156.0, 133.0, 190.0]]",honeybee with a varroa mite,2017-10-17_1-39-36
test/videos/2017-10-17_1-39-36/2017-10-17_1-39-36.mp4-bee_id_5400-53040-1.png,0,2017-10-17_1-39-36,2017-10-17_1-39-36#5400,53040,test,[],healthy honeybee,2017-10-17_1-39-36
test/videos/2017-10-17_1-39-36/2017-10-17_1-39-36.mp4-bee_id_3921-12540-1.png,0,2017-10-17_1-39-36,2017-10-17_1-39-36#3921,12540,test,[],healthy honeybee,2017-10-17_1-39-36
train/videos/2017-08-28_09-30-00-1_500_dirty_glass/2017-08-28_09-30-00-1_500_dirty_glass.mp4-bee_id_7716-62310-1.png,0,2017-08-28_09-30-00-1_500_dirty_glass,2017-08-28_09-30-00-1_500_dirty_glass#7716,62310,train,[],healthy honeybee,2017-08-28_09-30-00-1_500_dirty_glass
train/videos/2017-08-30_15-42-59/2017-08-30_15-42-59.mp4-bee_id_9213-4155-1.png,0,2017-08-30_15-42-59,2017-08-30_15-42-59#9213,4155,train,[],healthy honeybee,2017-08-30_15-42-59
train/videos/2017-09-20_19-24-55/2017-09-20_19-24-55.mp4-bee_id_3974-32355-1.png,1,2017-09-20_19-24-55,2017-09-20_19-24-55#3974,32355,train,"[[76.0, 79.0, 126.0, 117.0]]",honeybee with a varroa mite,2017-09-20_19-24-55
test/videos/2017-10-17_1-39-36/2017-10-17_1-39-36.mp4-bee_id_5160-47250-1.png,0,2017-10-17_1-39-36,2017-10-17_1-39-36#5160,47250,test,[],healthy honeybee,2017-10-17_1-39-36
train/videos/2017-09-20_19-24-55/2017-09-20_19-24-55.mp4-bee_id_5426-73380-1.png,1,2017-09-20_19-24-55,2017-09-20_19-24-55#5426,73380,train,"[[81.0, 99.0, 120.0, 140.0]]",honeybee with a varroa mite,2017-09-20_19-24-55
train/videos/2017-09-20_19-24-55/2017-09-20_19-24-55.mp4-bee_id_5110-63885-1.png,1,2017-09-20_19-24-55,2017-09-20_19-24-55#5110,63885,train,"[[82.0, 150.0, 117.0, 184.0]]",honeybee with a varroa mite,2017-09-20_19-24-55
train/videos/2017-09-20_19-24-55/2017-09-20_19-24-55.mp4-bee_id_4418-44895-1.png,1,2017-09-20_19-24-55,2017-09-20_19-24-55#4418,44895,train,"[[85.0, 91.0, 122.0, 119.0]]",honeybee with a varroa mite,2017-09-20_19-24-55
train/videos/2017-09-20_19-24-55/2017-09-20_19-24-55.mp4-bee_id_5705-80925-1.png,1,2017-09-20_19-24-55,2017-09-20_19-24-55#5705,80925,train,"[[99.0, 157.0, 138.0, 187.0]]",honeybee with a varroa mite,2017-09-20_19-24-55
test/videos/2017-10-17_1-39-36/2017-10-17_1-39-36.mp4-bee_id_4606-31620-1.png,0,2017-10-17_1-39-36,2017-10-17_1-39-36#4606,31620,test,[],healthy honeybee,2017-10-17_1-39-36
train/videos/2017-09-20_19-24-55/2017-09-20_19-24-55.mp4-bee_id_4120-36375-1.png,0,2017-09-20_19-24-55,2017-09-20_19-24-55#4120,36375,train,[],healthy honeybee,2017-09-20_19-24-55
train/videos/2017-09-20_19-24-55/2017-09-20_19-24-55.mp4-bee_id_3418-17565-1.png,0,2017-09-20_19-24-55,2017-09-20_19-24-55#3418,17565,train,[],healthy honeybee,2017-09-20_19-24-55
test/videos/2017-09-01_10-54-26/2017-09-01_10-54-26.mp4-bee_id_8230-46125-1.png,0,2017-09-01_10-54-26,2017-09-01_10-54-26#8230,46125,test,[],healthy honeybee,2017-09-01_10-54-26
train/videos/2017-08-30_15-42-59/2017-08-30_15-42-59.mp4-bee_id_10008-54885-1.png,0,2017-08-30_15-42-59,2017-08-30_15-42-59#10008,54885,train,[],healthy honeybee,2017-08-30_15-42-59
train/videos/2017-10-17_16-41-10/2017-10-17_16-41-10.mp4-bee_id_7153-8925-1.png,0,2017-10-17_16-41-10,2017-10-17_16-41-10#7153,8925,train,[],healthy honeybee,2017-10-17_16-41-10
train/videos/2017-09-20_19-24-55/2017-09-20_19-24-55.mp4-bee_id_5180-65850-1.png,0,2017-09-20_19-24-55,2017-09-20_19-24-55#5180,65850,train,[],healthy honeybee,2017-09-20_19-24-55
train/videos/2017-09-25_16-03-38-2/2017-09-25_16-03-38.mp4-bee_id_395-12990-1.png,0,2017-09-25_16-03-38,2017-09-25_16-03-38#395,12990,train,[],healthy honeybee,2017-09-25_16-03-38
train/videos/2017-09-20_19-24-55/2017-09-20_19-24-55.mp4-bee_id_3290-13905-1.png,0,2017-09-20_19-24-55,2017-09-20_19-24-55#3290,13905,train,[],healthy honeybee,2017-09-20_19-24-55
val/videos/2017-09-01_3-01-01/2017-09-01_3-01-01.mp4-bee_id_2340-50940-1.png,1,2017-09-01_3-01-01,2017-09-01_3-01-01#2340,50940,val,"[[52.0, 143.0, 87.0, 169.0], [60.0, 169.0, 95.0, 200.0]]",honeybee with a varroa mite,2017-09-01_3-01-01
train/videos/2017-10-17_16-41-10/2017-10-17_16-41-10.mp4-bee_id_7191-10215-1.png,1,2017-10-17_16-41-10,2017-10-17_16-41-10#7191,10215,train,"[[71.0, 124.0, 107.0, 165.0]]",honeybee with a varroa mite,2017-10-17_16-41-10
val/videos/2017-09-25_16-03-38/2017-09-25_16-03-38.mp4-bee_id_1330-44220-1.png,1,2017-09-25_16-03-38,2017-09-25_16-03-38#1330,44220,val,"[[46.0, 54.0, 90.0, 100.0], [59.0, 139.0, 78.0, 174.0], [90.0, 124.0, 132.0, 154.0]]",honeybee with a varroa mite,2017-09-25_16-03-38
train/videos/2017-09-20_19-24-55/2017-09-20_19-24-55.mp4-bee_id_6022-89865-1.png,0,2017-09-20_19-24-55,2017-09-20_19-24-55#6022,89865,train,[],healthy honeybee,2017-09-20_19-24-55
train/videos/2017-08-28_09-30-00-1_500_dirty_glass/2017-08-28_09-30-00-1_500_dirty_glass.mp4-bee_id_6769-12510-1.png,1,2017-08-28_09-30-00-1_500_dirty_glass,2017-08-28_09-30-00-1_500_dirty_glass#6769,12510,train,"[[74.0, 120.0, 101.0, 138.0]]",honeybee with a varroa mite,2017-08-28_09-30-00-1_500_dirty_glass
train/videos/2017-09-20_19-24-55/2017-09-20_19-24-55.mp4-bee_id_6270-96705-1.png,0,2017-09-20_19-24-55,2017-09-20_19-24-55#6270,96705,train,[],healthy honeybee,2017-09-20_19-24-55
test/videos/2017-10-17_1-39-36/2017-10-17_1-39-36.mp4-bee_id_3670-5610-1.png,0,2017-10-17_1-39-36,2017-10-17_1-39-36#3670,5610,test,[],healthy honeybee,2017-10-17_1-39-36
train/videos/2017-09-20_19-24-55/2017-09-20_19-24-55.mp4-bee_id_5945-87645-1.png,1,2017-09-20_19-24-55,2017-09-20_19-24-55#5945,87645,train,"[[107.0, 74.0, 134.0, 110.0], [52.0, 89.0, 82.0, 124.0]]",honeybee with a varroa mite,2017-09-20_19-24-55
test/videos/2017-10-17_1-39-36/2017-10-17_1-39-36.mp4-bee_id_5472-54810-1.png,0,2017-10-17_1-39-36,2017-10-17_1-39-36#5472,54810,test,[],healthy honeybee,2017-10-17_1-39-36
train/videos/2017-09-20_19-24-55/2017-09-20_19-24-55.mp4-bee_id_6563-104550-1.png,0,2017-09-20_19-24-55,2017-09-20_19-24-55#6563,104550,train,[],healthy honeybee,2017-09-20_19-24-55
train/videos/2017-09-20_19-24-55/2017-09-20_19-24-55.mp4-bee_id_4817-55935-1.png,0,2017-09-20_19-24-55,2017-09-20_19-24-55#4817,55935,train,[],healthy honeybee,2017-09-20_19-24-55
train/videos/2017-09-20_19-24-55/2017-09-20_19-24-55.mp4-bee_id_3461-18630-1.png,0,2017-09-20_19-24-55,2017-09-20_19-24-55#3461,18630,train,[],healthy honeybee,2017-09-20_19-24-55
train/videos/2017-09-25_16-03-38-2/2017-09-25_16-03-38.mp4-bee_id_245-1200-1.png,0,2017-09-25_16-03-38,2017-09-25_16-03-38#245,1200,train,[],healthy honeybee,2017-09-25_16-03-38
train/videos/2017-08-28_09-30-00-1_500_dirty_glass/2017-08-28_09-30-00-1_500_dirty_glass.mp4-bee_id_7535-54270-1.png,1,2017-08-28_09-30-00-1_500_dirty_glass,2017-08-28_09-30-00-1_500_dirty_glass#7535,54270,train,"[[60.0, 109.0, 95.0, 139.0]]",honeybee with a varroa mite,2017-08-28_09-30-00-1_500_dirty_glass
train/videos/2017-09-20_19-24-55/2017-09-20_19-24-55.mp4-bee_id_5878-85740-1.png,0,2017-09-20_19-24-55,2017-09-20_19-24-55#5878,85740,train,[],healthy honeybee,2017-09-20_19-24-55
test/videos/2017-09-01_10-54-26/2017-09-01_10-54-26.mp4-bee_id_8214-45270-1.png,0,2017-09-01_10-54-26,2017-09-01_10-54-26#8214,45270,test,[],healthy honeybee,2017-09-01_10-54-26
test/videos/2017-10-17_1-39-36/2017-10-17_1-39-36.mp4-bee_id_4222-21210-1.png,0,2017-10-17_1-39-36,2017-10-17_1-39-36#4222,21210,test,[],healthy honeybee,2017-10-17_1-39-36
val/videos/2017-09-01_20-00-17/2017-09-01_20-00-17.mp4-bee_id_193-83190-1.png,0,2017-09-01_20-00-17,2017-09-01_20-00-17#193,83190,val,[],healthy honeybee,2017-09-01_20-00-17
test/videos/2017-09-01_10-54-26/2017-09-01_10-54-26.mp4-bee_id_7998-30795-1.png,1,2017-09-01_10-54-26,2017-09-01_10-54-26#7998,30795,test,"[[69.0, 156.0, 103.0, 178.0]]",honeybee with a varroa mite,2017-09-01_10-54-26
val/videos/2017-09-25_16-03-38/2017-09-25_16-03-38.mp4-bee_id_1331-44235-1.png,0,2017-09-25_16-03-38,2017-09-25_16-03-38#1331,44235,val,[],healthy honeybee,2017-09-25_16-03-38
test/videos/2017-09-01_10-54-26/2017-09-01_10-54-26.mp4-bee_id_7772-5265-1.png,0,2017-09-01_10-54-26,2017-09-01_10-54-26#7772,5265,test,[],healthy honeybee,2017-09-01_10-54-26
train/videos/2017-08-30_15-42-59/2017-08-30_15-42-59.mp4-bee_id_9258-5940-1.png,0,2017-08-30_15-42-59,2017-08-30_15-42-59#9258,5940,train,[],healthy honeybee,2017-08-30_15-42-59
train/videos/2017-08-28_09-30-00-1_500_dirty_glass/2017-08-28_09-30-00-1_500_dirty_glass.mp4-bee_id_7337-45030-1.png,0,2017-08-28_09-30-00-1_500_dirty_glass,2017-08-28_09-30-00-1_500_dirty_glass#7337,45030,train,[],healthy honeybee,2017-08-28_09-30-00-1_500_dirty_glass
test/videos/2017-10-17_1-39-36/2017-10-17_1-39-36.mp4-bee_id_5218-48675-1.png,0,2017-10-17_1-39-36,2017-10-17_1-39-36#5218,48675,test,[],healthy honeybee,2017-10-17_1-39-36
train/videos/2017-08-30_15-42-59/2017-08-30_15-42-59.mp4-bee_id_10899-96930-1.png,0,2017-08-30_15-42-59,2017-08-30_15-42-59#10899,96930,train,[],healthy honeybee,2017-08-30_15-42-59
test/videos/2017-10-17_1-39-36/2017-10-17_1-39-36.mp4-bee_id_4691-33660-1.png,0,2017-10-17_1-39-36,2017-10-17_1-39-36#4691,33660,test,[],healthy honeybee,2017-10-17_1-39-36
val/videos/2017-09-25_16-03-38/2017-09-25_16-03-38.mp4-bee_id_1782-56835-1.png,0,2017-09-25_16-03-38,2017-09-25_16-03-38#1782,56835,val,[],healthy honeybee,2017-09-25_16-03-38
train/videos/2017-08-30_15-42-59/2017-08-30_15-42-59.mp4-bee_id_9784-43740-1.png,0,2017-08-30_15-42-59,2017-08-30_15-42-59#9784,43740,train,[],healthy honeybee,2017-08-30_15-42-59
val/videos/2017-09-25_16-03-38/2017-09-25_16-03-38.mp4-bee_id_1277-42750-1.png,0,2017-09-25_16-03-38,2017-09-25_16-03-38#1277,42750,val,[],healthy honeybee,2017-09-25_16-03-38
train/videos/2017-09-20_19-24-55/2017-09-20_19-24-55.mp4-bee_id_5139-64590-1.png,0,2017-09-20_19-24-55,2017-09-20_19-24-55#5139,64590,train,[],healthy honeybee,2017-09-20_19-24-55
train/videos/2017-08-30_15-42-59/2017-08-30_15-42-59.mp4-bee_id_9749-42315-1.png,1,2017-08-30_15-42-59,2017-08-30_15-42-59#9749,42315,train,"[[45.0, 160.0, 65.0, 196.0]]",honeybee with a varroa mite,2017-08-30_15-42-59
train/videos/2017-08-30_15-42-59/2017-08-30_15-42-59.mp4-bee_id_11031-102870-1.png,0,2017-08-30_15-42-59,2017-08-30_15-42-59#11031,102870,train,[],healthy honeybee,2017-08-30_15-42-59
val/videos/2017-09-25_16-03-38/2017-09-25_16-03-38.mp4-bee_id_1711-54735-1.png,0,2017-09-25_16-03-38,2017-09-25_16-03-38#1711,54735,val,[],healthy honeybee,2017-09-25_16-03-38
test/videos/2017-10-17_1-39-36/2017-10-17_1-39-36.mp4-bee_id_4452-27660-1.png,0,2017-10-17_1-39-36,2017-10-17_1-39-36#4452,27660,test,[],healthy honeybee,2017-10-17_1-39-36
train/videos/2017-08-28_09-30-00-1_500_dirty_glass/2017-08-28_09-30-00-1_500_dirty_glass.mp4-bee_id_6845-15750-1.png,1,2017-08-28_09-30-00-1_500_dirty_glass,2017-08-28_09-30-00-1_500_dirty_glass#6845,15750,train,"[[37.0, 91.0, 58.0, 112.0]]",honeybee with a varroa mite,2017-08-28_09-30-00-1_500_dirty_glass
train/videos/2017-09-25_16-03-38-2/2017-09-25_16-03-38.mp4-bee_id_548-19875-1.png,0,2017-09-25_16-03-38,2017-09-25_16-03-38#548,19875,train,[],healthy honeybee,2017-09-25_16-03-38
train/videos/2017-09-20_19-24-55/2017-09-20_19-24-55.mp4-bee_id_4572-49335-1.png,0,2017-09-20_19-24-55,2017-09-20_19-24-55#4572,49335,train,[],healthy honeybee,2017-09-20_19-24-55
train/videos/2017-09-20_19-24-55/2017-09-20_19-24-55.mp4-bee_id_4933-59130-1.png,1,2017-09-20_19-24-55,2017-09-20_19-24-55#4933,59130,train,"[[37.0, 162.0, 71.0, 197.0]]",honeybee with a varroa mite,2017-09-20_19-24-55
train/videos/2017-08-28_09-30-00-1_500_dirty_glass/2017-08-28_09-30-00-1_500_dirty_glass.mp4-bee_id_7354-45825-1.png,0,2017-08-28_09-30-00-1_500_dirty_glass,2017-08-28_09-30-00-1_500_dirty_glass#7354,45825,train,[],healthy honeybee,2017-08-28_09-30-00-1_500_dirty_glass
val/videos/2017-09-01_20-00-17/2017-09-01_20-00-17.mp4-bee_id_26-6075-1.png,0,2017-09-01_20-00-17,2017-09-01_20-00-17#26,6075,val,[],healthy honeybee,2017-09-01_20-00-17
val/videos/2017-09-29_15-31-49/2017-09-29_15-31-49.mp4-bee_id_98-2475-1.png,0,2017-09-29_15-31-49,2017-09-29_15-31-49#98,2475,val,[],healthy honeybee,2017-09-29_15-31-49
train/videos/2017-08-30_15-42-59/2017-08-30_15-42-59.mp4-bee_id_11099-105330-1.png,0,2017-08-30_15-42-59,2017-08-30_15-42-59#11099,105330,train,[],healthy honeybee,2017-08-30_15-42-59
val/videos/2017-09-25_16-03-38/2017-09-25_16-03-38.mp4-bee_id_1773-56610-1.png,0,2017-09-25_16-03-38,2017-09-25_16-03-38#1773,56610,val,[],healthy honeybee,2017-09-25_16-03-38
val/videos/2017-09-25_16-03-38/2017-09-25_16-03-38.mp4-bee_id_1812-58020-1.png,0,2017-09-25_16-03-38,2017-09-25_16-03-38#1812,58020,val,[],healthy honeybee,2017-09-25_16-03-38
test/videos/2017-10-17_1-39-36/2017-10-17_1-39-36.mp4-bee_id_3643-4845-1.png,0,2017-10-17_1-39-36,2017-10-17_1-39-36#3643,4845,test,[],healthy honeybee,2017-10-17_1-39-36
train/videos/2017-09-20_19-24-55/2017-09-20_19-24-55.mp4-bee_id_3769-26280-1.png,0,2017-09-20_19-24-55,2017-09-20_19-24-55#3769,26280,train,[],healthy honeybee,2017-09-20_19-24-55
val/videos/2017-09-01_20-00-17/2017-09-01_20-00-17.mp4-bee_id_50-19275-1.png,1,2017-09-01_20-00-17,2017-09-01_20-00-17#50,19275,val,"[[49.0, 93.0, 72.0, 125.0]]",honeybee with a varroa mite,2017-09-01_20-00-17
val/videos/2017-09-25_16-03-38/2017-09-25_16-03-38.mp4-bee_id_1647-52725-1.png,0,2017-09-25_16-03-38,2017-09-25_16-03-38#1647,52725,val,[],healthy honeybee,2017-09-25_16-03-38
test/videos/2017-10-17_1-39-36/2017-10-17_1-39-36.mp4-bee_id_5076-44565-1.png,0,2017-10-17_1-39-36,2017-10-17_1-39-36#5076,44565,test,[],healthy honeybee,2017-10-17_1-39-36
val/videos/2017-09-01_20-00-17/2017-09-01_20-00-17.mp4-bee_id_16-2985-1.png,0,2017-09-01_20-00-17,2017-09-01_20-00-17#16,2985,val,[],healthy honeybee,2017-09-01_20-00-17
train/videos/2017-09-20_19-24-55/2017-09-20_19-24-55.mp4-bee_id_3142-9465-1.png,0,2017-09-20_19-24-55,2017-09-20_19-24-55#3142,9465,train,[],healthy honeybee,2017-09-20_19-24-55
test/videos/2017-10-17_1-39-36/2017-10-17_1-39-36.mp4-bee_id_5288-50400-1.png,0,2017-10-17_1-39-36,2017-10-17_1-39-36#5288,50400,test,[],healthy honeybee,2017-10-17_1-39-36
train/videos/2017-09-20_19-24-55/2017-09-20_19-24-55.mp4-bee_id_5081-63210-1.png,1,2017-09-20_19-24-55,2017-09-20_19-24-55#5081,63210,train,"[[34.0, 130.0, 82.0, 180.0]]",honeybee with a varroa mite,2017-09-20_19-24-55
train/videos/2017-08-30_15-42-59/2017-08-30_15-42-59.mp4-bee_id_10312-64785-1.png,0,2017-08-30_15-42-59,2017-08-30_15-42-59#10312,64785,train,[],healthy honeybee,2017-08-30_15-42-59
test/videos/2017-09-01_10-54-26/2017-09-01_10-54-26.mp4-bee_id_9047-105165-1.png,1,2017-09-01_10-54-26,2017-09-01_10-54-26#9047,105165,test,"[[71.0, 142.0, 102.0, 166.0]]",honeybee with a varroa mite,2017-09-01_10-54-26
train/videos/2017-09-20_19-24-55/2017-09-20_19-24-55.mp4-bee_id_6107-92235-1.png,0,2017-09-20_19-24-55,2017-09-20_19-24-55#6107,92235,train,[],healthy honeybee,2017-09-20_19-24-55
test/videos/2017-09-01_10-54-26/2017-09-01_10-54-26.mp4-bee_id_9059-105690-1.png,1,2017-09-01_10-54-26,2017-09-01_10-54-26#9059,105690,test,"[[79.0, 143.0, 106.0, 174.0]]",honeybee with a varroa mite,2017-09-01_10-54-26
train/videos/2017-10-17_16-41-10/2017-10-17_16-41-10.mp4-bee_id_7015-4440-1.png,0,2017-10-17_16-41-10,2017-10-17_16-41-10#7015,4440,train,[],healthy honeybee,2017-10-17_16-41-10
test/videos/2017-10-17_1-39-36/2017-10-17_1-39-36.mp4-bee_id_4621-32100-1.png,0,2017-10-17_1-39-36,2017-10-17_1-39-36#4621,32100,test,[],healthy honeybee,2017-10-17_1-39-36
val/videos/2017-09-01_3-01-01/2017-09-01_3-01-01.mp4-bee_id_2421-58440-1.png,0,2017-09-01_3-01-01,2017-09-01_3-01-01#2421,58440,val,[],healthy honeybee,2017-09-01_3-01-01
val/videos/2017-08-28_16-32-55_30_sec/2017-08-28_16-32-55_30_sec.mp4-bee_id_6654-165-1.png,1,2017-08-28_16-32-55_30_sec,2017-08-28_16-32-55_30_sec#6654,165,val,"[[107.0, 64.0, 126.0, 90.0], [73.0, 112.0, 99.0, 138.0]]",honeybee with a varroa mite,2017-08-28_16-32-55_30_sec
train/videos/2017-08-28_09-30-00-1_500_dirty_glass/2017-08-28_09-30-00-1_500_dirty_glass.mp4-bee_id_6835-15345-1.png,1,2017-08-28_09-30-00-1_500_dirty_glass,2017-08-28_09-30-00-1_500_dirty_glass#6835,15345,train,"[[73.0, 126.0, 104.0, 150.0]]",honeybee with a varroa mite,2017-08-28_09-30-00-1_500_dirty_glass
train/videos/2017-08-30_15-42-59/2017-08-30_15-42-59.mp4-bee_id_10752-87555-1.png,0,2017-08-30_15-42-59,2017-08-30_15-42-59#10752,87555,train,[],healthy honeybee,2017-08-30_15-42-59
val/videos/2017-09-01_3-01-01/2017-09-01_3-01-01.mp4-bee_id_2629-85650-1.png,0,2017-09-01_3-01-01,2017-09-01_3-01-01#2629,85650,val,[],healthy honeybee,2017-09-01_3-01-01
train/videos/2017-08-30_15-42-59/2017-08-30_15-42-59.mp4-bee_id_11116-106050-1.png,0,2017-08-30_15-42-59,2017-08-30_15-42-59#11116,106050,train,[],healthy honeybee,2017-08-30_15-42-59
train/videos/2017-08-30_15-42-59/2017-08-30_15-42-59.mp4-bee_id_10783-88485-1.png,0,2017-08-30_15-42-59,2017-08-30_15-42-59#10783,88485,train,[],healthy honeybee,2017-08-30_15-42-59
test/videos/2017-10-17_1-39-36/2017-10-17_1-39-36.mp4-bee_id_4109-18105-1.png,0,2017-10-17_1-39-36,2017-10-17_1-39-36#4109,18105,test,[],healthy honeybee,2017-10-17_1-39-36
train/videos/2017-08-30_15-42-59/2017-08-30_15-42-59.mp4-bee_id_10420-74370-1.png,0,2017-08-30_15-42-59,2017-08-30_15-42-59#10420,74370,train,[],healthy honeybee,2017-08-30_15-42-59
val/videos/2017-09-01_3-01-01/2017-09-01_3-01-01.mp4-bee_id_2256-30015-1.png,1,2017-09-01_3-01-01,2017-09-01_3-01-01#2256,30015,val,"[[70.0, 151.0, 105.0, 185.0]]",honeybee with a varroa mite,2017-09-01_3-01-01
test/videos/2017-09-01_10-54-26/2017-09-01_10-54-26.mp4-bee_id_8032-32580-1.png,0,2017-09-01_10-54-26,2017-09-01_10-54-26#8032,32580,test,[],healthy honeybee,2017-09-01_10-54-26
test/videos/2017-10-17_1-39-36/2017-10-17_1-39-36.mp4-bee_id_4520-29340-1.png,0,2017-10-17_1-39-36,2017-10-17_1-39-36#4520,29340,test,[],healthy honeybee,2017-10-17_1-39-36
val/videos/2017-09-01_20-00-17/2017-09-01_20-00-17.mp4-bee_id_110-43950-1.png,1,2017-09-01_20-00-17,2017-09-01_20-00-17#110,43950,val,"[[34.0, 172.0, 69.0, 209.0]]",honeybee with a varroa mite,2017-09-01_20-00-17
train/videos/2017-09-25_16-03-38-2/2017-09-25_16-03-38.mp4-bee_id_884-30750-1.png,1,2017-09-25_16-03-38,2017-09-25_16-03-38#884,30750,train,"[[59.0, 63.0, 104.0, 97.0]]",honeybee with a varroa mite,2017-09-25_16-03-38
train/videos/2017-08-30_15-42-59/2017-08-30_15-42-59.mp4-bee_id_9942-52080-1.png,0,2017-08-30_15-42-59,2017-08-30_15-42-59#9942,52080,train,[],healthy honeybee,2017-08-30_15-42-59
val/videos/2017-09-25_16-03-38/2017-09-25_16-03-38.mp4-bee_id_1587-51165-1.png,0,2017-09-25_16-03-38,2017-09-25_16-03-38#1587,51165,val,[],healthy honeybee,2017-09-25_16-03-38
train/videos/2017-09-20_19-24-55/2017-09-20_19-24-55.mp4-bee_id_6211-95025-1.png,0,2017-09-20_19-24-55,2017-09-20_19-24-55#6211,95025,train,[],healthy honeybee,2017-09-20_19-24-55
train/videos/2017-09-20_19-24-55/2017-09-20_19-24-55.mp4-bee_id_4718-53280-1.png,1,2017-09-20_19-24-55,2017-09-20_19-24-55#4718,53280,train,"[[29.0, 98.0, 62.0, 129.0]]",honeybee with a varroa mite,2017-09-20_19-24-55
train/videos/2017-09-20_19-24-55/2017-09-20_19-24-55.mp4-bee_id_3095-7980-1.png,0,2017-09-20_19-24-55,2017-09-20_19-24-55#3095,7980,train,[],healthy honeybee,2017-09-20_19-24-55
train/videos/2017-09-20_19-24-55/2017-09-20_19-24-55.mp4-bee_id_5382-71865-1.png,1,2017-09-20_19-24-55,2017-09-20_19-24-55#5382,71865,train,"[[78.0, 145.0, 116.0, 172.0]]",honeybee with a varroa mite,2017-09-20_19-24-55
train/videos/2017-09-20_19-24-55/2017-09-20_19-24-55.mp4-bee_id_4068-35025-1.png,0,2017-09-20_19-24-55,2017-09-20_19-24-55#4068,35025,train,[],healthy honeybee,2017-09-20_19-24-55
test/videos/2017-09-01_10-54-26/2017-09-01_10-54-26.mp4-bee_id_8109-35745-1.png,0,2017-09-01_10-54-26,2017-09-01_10-54-26#8109,35745,test,[],healthy honeybee,2017-09-01_10-54-26
train/videos/2017-09-20_19-24-55/2017-09-20_19-24-55.mp4-bee_id_3562-21060-1.png,1,2017-09-20_19-24-55,2017-09-20_19-24-55#3562,21060,train,"[[29.0, 83.0, 63.0, 117.0]]",honeybee with a varroa mite,2017-09-20_19-24-55
train/videos/2017-09-20_19-24-55/2017-09-20_19-24-55.mp4-bee_id_3258-12975-1.png,0,2017-09-20_19-24-55,2017-09-20_19-24-55#3258,12975,train,[],healthy honeybee,2017-09-20_19-24-55
train/videos/2017-09-20_19-24-55/2017-09-20_19-24-55.mp4-bee_id_6085-91650-1.png,0,2017-09-20_19-24-55,2017-09-20_19-24-55#6085,91650,train,[],healthy honeybee,2017-09-20_19-24-55
test/videos/2017-10-17_1-39-36/2017-10-17_1-39-36.mp4-bee_id_4968-41640-1.png,0,2017-10-17_1-39-36,2017-10-17_1-39-36#4968,41640,test,[],healthy honeybee,2017-10-17_1-39-36
test/videos/2017-10-17_1-39-36/2017-10-17_1-39-36.mp4-bee_id_5913-66150-1.png,0,2017-10-17_1-39-36,2017-10-17_1-39-36#5913,66150,test,[],healthy honeybee,2017-10-17_1-39-36
val/videos/2017-09-29_15-31-49/2017-09-29_15-31-49.mp4-bee_id_147-3735-1.png,1,2017-09-29_15-31-49,2017-09-29_15-31-49#147,3735,val,"[[26.0, 86.0, 68.0, 118.0]]",honeybee with a varroa mite,2017-09-29_15-31-49
train/videos/2017-08-28_09-30-00-1_500_dirty_glass/2017-08-28_09-30-00-1_500_dirty_glass.mp4-bee_id_7148-32580-1.png,0,2017-08-28_09-30-00-1_500_dirty_glass,2017-08-28_09-30-00-1_500_dirty_glass#7148,32580,train,[],healthy honeybee,2017-08-28_09-30-00-1_500_dirty_glass
val/videos/2017-09-01_20-00-17/2017-09-01_20-00-17.mp4-bee_id_67-22695-1.png,1,2017-09-01_20-00-17,2017-09-01_20-00-17#67,22695,val,"[[65.0, 118.0, 95.0, 134.0]]",honeybee with a varroa mite,2017-09-01_20-00-17
test/videos/2017-10-17_1-39-36/2017-10-17_1-39-36.mp4-bee_id_5113-45780-1.png,0,2017-10-17_1-39-36,2017-10-17_1-39-36#5113,45780,test,[],healthy honeybee,2017-10-17_1-39-36
train/videos/2017-09-20_19-24-55/2017-09-20_19-24-55.mp4-bee_id_5788-83010-1.png,1,2017-09-20_19-24-55,2017-09-20_19-24-55#5788,83010,train,"[[83.0, 115.0, 119.0, 144.0]]",honeybee with a varroa mite,2017-09-20_19-24-55
train/videos/2017-09-20_19-24-55/2017-09-20_19-24-55.mp4-bee_id_5531-76095-1.png,0,2017-09-20_19-24-55,2017-09-20_19-24-55#5531,76095,train,[],healthy honeybee,2017-09-20_19-24-55
train/videos/2017-08-30_15-42-59/2017-08-30_15-42-59.mp4-bee_id_10105-58410-1.png,0,2017-08-30_15-42-59,2017-08-30_15-42-59#10105,58410,train,[],healthy honeybee,2017-08-30_15-42-59
train/videos/2017-08-30_15-42-59/2017-08-30_15-42-59.mp4-bee_id_11056-104100-1.png,0,2017-08-30_15-42-59,2017-08-30_15-42-59#11056,104100,train,[],healthy honeybee,2017-08-30_15-42-59
test/videos/2017-09-01_10-54-26/2017-09-01_10-54-26.mp4-bee_id_9051-105315-1.png,0,2017-09-01_10-54-26,2017-09-01_10-54-26#9051,105315,test,[],healthy honeybee,2017-09-01_10-54-26
val/videos/2017-09-25_16-03-38/2017-09-25_16-03-38.mp4-bee_id_1549-50355-1.png,0,2017-09-25_16-03-38,2017-09-25_16-03-38#1549,50355,val,[],healthy honeybee,2017-09-25_16-03-38
train/videos/2017-08-28_09-30-00-1_500_dirty_glass/2017-08-28_09-30-00-1_500_dirty_glass.mp4-bee_id_6981-22200-1.png,0,2017-08-28_09-30-00-1_500_dirty_glass,2017-08-28_09-30-00-1_500_dirty_glass#6981,22200,train,[],healthy honeybee,2017-08-28_09-30-00-1_500_dirty_glass
val/videos/2017-09-01_20-00-17/2017-09-01_20-00-17.mp4-bee_id_202-90450-1.png,0,2017-09-01_20-00-17,2017-09-01_20-00-17#202,90450,val,[],healthy honeybee,2017-09-01_20-00-17
val/videos/2017-09-29_15-31-49/2017-09-29_15-31-49.mp4-bee_id_70-1860-1.png,0,2017-09-29_15-31-49,2017-09-29_15-31-49#70,1860,val,[],healthy honeybee,2017-09-29_15-31-49
train/videos/2017-09-25_16-03-38-2/2017-09-25_16-03-38.mp4-bee_id_246-1230-1.png,1,2017-09-25_16-03-38,2017-09-25_16-03-38#246,1230,train,"[[35.0, 120.0, 74.0, 146.0]]",honeybee with a varroa mite,2017-09-25_16-03-38
test/videos/2017-10-17_1-39-36/2017-10-17_1-39-36.mp4-bee_id_5137-46695-1.png,0,2017-10-17_1-39-36,2017-10-17_1-39-36#5137,46695,test,[],healthy honeybee,2017-10-17_1-39-36
train/videos/2017-08-30_15-42-59/2017-08-30_15-42-59.mp4-bee_id_10750-87465-1.png,1,2017-08-30_15-42-59,2017-08-30_15-42-59#10750,87465,train,"[[33.0, 155.0, 65.0, 177.0]]",honeybee with a varroa mite,2017-08-30_15-42-59
train/videos/2017-09-20_19-24-55/2017-09-20_19-24-55.mp4-bee_id_6053-90855-1.png,0,2017-09-20_19-24-55,2017-09-20_19-24-55#6053,90855,train,[],healthy honeybee,2017-09-20_19-24-55
train/videos/2017-08-30_15-42-59/2017-08-30_15-42-59.mp4-bee_id_9086-30-1.png,0,2017-08-30_15-42-59,2017-08-30_15-42-59#9086,30,train,[],healthy honeybee,2017-08-30_15-42-59
train/videos/2017-08-30_15-42-59/2017-08-30_15-42-59.mp4-bee_id_9627-36645-1.png,0,2017-08-30_15-42-59,2017-08-30_15-42-59#9627,36645,train,[],healthy honeybee,2017-08-30_15-42-59
train/videos/2017-09-20_19-24-55/2017-09-20_19-24-55.mp4-bee_id_5672-79980-1.png,0,2017-09-20_19-24-55,2017-09-20_19-24-55#5672,79980,train,[],healthy honeybee,2017-09-20_19-24-55
train/videos/2017-08-28_09-30-00-1_500_dirty_glass/2017-08-28_09-30-00-1_500_dirty_glass.mp4-bee_id_7085-30525-1.png,0,2017-08-28_09-30-00-1_500_dirty_glass,2017-08-28_09-30-00-1_500_dirty_glass#7085,30525,train,[],healthy honeybee,2017-08-28_09-30-00-1_500_dirty_glass
train/videos/2017-09-20_19-24-55/2017-09-20_19-24-55.mp4-bee_id_4001-33315-1.png,0,2017-09-20_19-24-55,2017-09-20_19-24-55#4001,33315,train,[],healthy honeybee,2017-09-20_19-24-55
train/videos/2017-10-17_16-41-10/2017-10-17_16-41-10.mp4-bee_id_7330-15450-1.png,0,2017-10-17_16-41-10,2017-10-17_16-41-10#7330,15450,train,[],healthy honeybee,2017-10-17_16-41-10
train/videos/2017-08-28_09-30-00-1_500_dirty_glass/2017-08-28_09-30-00-1_500_dirty_glass.mp4-bee_id_7603-57945-1.png,0,2017-08-28_09-30-00-1_500_dirty_glass,2017-08-28_09-30-00-1_500_dirty_glass#7603,57945,train,[],healthy honeybee,2017-08-28_09-30-00-1_500_dirty_glass
train/videos/2017-09-20_19-24-55/2017-09-20_19-24-55.mp4-bee_id_6361-99345-1.png,0,2017-09-20_19-24-55,2017-09-20_19-24-55#6361,99345,train,[],healthy honeybee,2017-09-20_19-24-55
train/videos/2017-08-28_09-30-00-1_500_dirty_glass/2017-08-28_09-30-00-1_500_dirty_glass.mp4-bee_id_6867-16485-1.png,0,2017-08-28_09-30-00-1_500_dirty_glass,2017-08-28_09-30-00-1_500_dirty_glass#6867,16485,train,[],healthy honeybee,2017-08-28_09-30-00-1_500_dirty_glass
test/videos/2017-10-17_1-39-36/2017-10-17_1-39-36.mp4-bee_id_5337-51615-1.png,0,2017-10-17_1-39-36,2017-10-17_1-39-36#5337,51615,test,[],healthy honeybee,2017-10-17_1-39-36
test/videos/2017-10-17_1-39-36/2017-10-17_1-39-36.mp4-bee_id_4358-25035-1.png,0,2017-10-17_1-39-36,2017-10-17_1-39-36#4358,25035,test,[],healthy honeybee,2017-10-17_1-39-36
val/videos/2017-09-25_16-03-38/2017-09-25_16-03-38.mp4-bee_id_1438-46890-1.png,0,2017-09-25_16-03-38,2017-09-25_16-03-38#1438,46890,val,[],healthy honeybee,2017-09-25_16-03-38
val/videos/2017-09-25_16-03-38/2017-09-25_16-03-38.mp4-bee_id_1605-51720-1.png,0,2017-09-25_16-03-38,2017-09-25_16-03-38#1605,51720,val,[],healthy honeybee,2017-09-25_16-03-38
test/videos/2017-09-01_10-54-26/2017-09-01_10-54-26.mp4-bee_id_8258-49170-1.png,1,2017-09-01_10-54-26,2017-09-01_10-54-26#8258,49170,test,"[[46.0, 104.0, 75.0, 127.0]]",honeybee with a varroa mite,2017-09-01_10-54-26
train/videos/2017-09-20_19-24-55/2017-09-20_19-24-55.mp4-bee_id_6309-97650-1.png,0,2017-09-20_19-24-55,2017-09-20_19-24-55#6309,97650,train,[],healthy honeybee,2017-09-20_19-24-55
train/videos/2017-09-20_19-24-55/2017-09-20_19-24-55.mp4-bee_id_2856-1980-1.png,1,2017-09-20_19-24-55,2017-09-20_19-24-55#2856,1980,train,"[[90.0, 147.0, 129.0, 182.0]]",honeybee with a varroa mite,2017-09-20_19-24-55
train/videos/2017-09-20_19-24-55/2017-09-20_19-24-55.mp4-bee_id_5919-86925-1.png,0,2017-09-20_19-24-55,2017-09-20_19-24-55#5919,86925,train,[],healthy honeybee,2017-09-20_19-24-55
train/videos/2017-09-25_16-03-38-2/2017-09-25_16-03-38.mp4-bee_id_692-25440-1.png,0,2017-09-25_16-03-38,2017-09-25_16-03-38#692,25440,train,[],healthy honeybee,2017-09-25_16-03-38
train/videos/2017-09-20_19-24-55/2017-09-20_19-24-55.mp4-bee_id_4254-39855-1.png,0,2017-09-20_19-24-55,2017-09-20_19-24-55#4254,39855,train,[],healthy honeybee,2017-09-20_19-24-55
test/videos/2017-10-17_1-39-36/2017-10-17_1-39-36.mp4-bee_id_3978-14370-1.png,1,2017-10-17_1-39-36,2017-10-17_1-39-36#3978,14370,test,"[[20.0, 93.0, 61.0, 140.0]]",honeybee with a varroa mite,2017-10-17_1-39-36
val/videos/2017-09-25_16-03-38/2017-09-25_16-03-38.mp4-bee_id_2160-85095-1.png,0,2017-09-25_16-03-38,2017-09-25_16-03-38#2160,85095,val,[],healthy honeybee,2017-09-25_16-03-38
train/videos/2017-09-25_16-03-38-2/2017-09-25_16-03-38.mp4-bee_id_433-14535-1.png,1,2017-09-25_16-03-38,2017-09-25_16-03-38#433,14535,train,"[[20.0, 121.0, 59.0, 145.0]]",honeybee with a varroa mite,2017-09-25_16-03-38
train/videos/2017-09-20_19-24-55/2017-09-20_19-24-55.mp4-bee_id_3863-28785-1.png,0,2017-09-20_19-24-55,2017-09-20_19-24-55#3863,28785,train,[],healthy honeybee,2017-09-20_19-24-55
train/videos/2017-09-20_19-24-55/2017-09-20_19-24-55.mp4-bee_id_3254-12870-1.png,0,2017-09-20_19-24-55,2017-09-20_19-24-55#3254,12870,train,[],healthy honeybee,2017-09-20_19-24-55
train/videos/2017-09-20_19-24-55/2017-09-20_19-24-55.mp4-bee_id_4894-58215-1.png,0,2017-09-20_19-24-55,2017-09-20_19-24-55#4894,58215,train,[],healthy honeybee,2017-09-20_19-24-55
train/videos/2017-09-20_19-24-55/2017-09-20_19-24-55.mp4-bee_id_4437-45495-1.png,0,2017-09-20_19-24-55,2017-09-20_19-24-55#4437,45495,train,[],healthy honeybee,2017-09-20_19-24-55
train/videos/2017-09-20_19-24-55/2017-09-20_19-24-55.mp4-bee_id_4096-35700-1.png,0,2017-09-20_19-24-55,2017-09-20_19-24-55#4096,35700,train,[],healthy honeybee,2017-09-20_19-24-55
train/videos/2017-09-20_19-24-55/2017-09-20_19-24-55.mp4-bee_id_6210-95010-1.png,1,2017-09-20_19-24-55,2017-09-20_19-24-55#6210,95010,train,"[[23.0, 89.0, 63.0, 120.0]]",honeybee with a varroa mite,2017-09-20_19-24-55
train/videos/2017-08-30_15-42-59/2017-08-30_15-42-59.mp4-bee_id_10578-81000-1.png,1,2017-08-30_15-42-59,2017-08-30_15-42-59#10578,81000,train,"[[28.0, 94.0, 54.0, 126.0]]",honeybee with a varroa mite,2017-08-30_15-42-59
train/videos/2017-09-20_19-24-55/2017-09-20_19-24-55.mp4-bee_id_3539-20610-1.png,1,2017-09-20_19-24-55,2017-09-20_19-24-55#3539,20610,train,"[[56.0, 95.0, 87.0, 116.0]]",honeybee with a varroa mite,2017-09-20_19-24-55
test/videos/2017-10-17_1-39-36/2017-10-17_1-39-36.mp4-bee_id_5355-52005-1.png,0,2017-10-17_1-39-36,2017-10-17_1-39-36#5355,52005,test,[],healthy honeybee,2017-10-17_1-39-36
train/videos/2017-09-20_19-24-55/2017-09-20_19-24-55.mp4-bee_id_6292-97290-1.png,0,2017-09-20_19-24-55,2017-09-20_19-24-55#6292,97290,train,[],healthy honeybee,2017-09-20_19-24-55
train/videos/2017-08-30_15-42-59/2017-08-30_15-42-59.mp4-bee_id_10921-97950-1.png,0,2017-08-30_15-42-59,2017-08-30_15-42-59#10921,97950,train,[],healthy honeybee,2017-08-30_15-42-59
train/videos/2017-09-25_16-03-38-2/2017-09-25_16-03-38.mp4-bee_id_658-24525-1.png,0,2017-09-25_16-03-38,2017-09-25_16-03-38#658,24525,train,[],healthy honeybee,2017-09-25_16-03-38
test/videos/2017-10-17_1-39-36/2017-10-17_1-39-36.mp4-bee_id_4062-16875-1.png,0,2017-10-17_1-39-36,2017-10-17_1-39-36#4062,16875,test,[],healthy honeybee,2017-10-17_1-39-36
train/videos/2017-09-20_19-24-55/2017-09-20_19-24-55.mp4-bee_id_4284-40740-1.png,0,2017-09-20_19-24-55,2017-09-20_19-24-55#4284,40740,train,[],healthy honeybee,2017-09-20_19-24-55
train/videos/2017-09-20_19-24-55/2017-09-20_19-24-55.mp4-bee_id_5752-82125-1.png,1,2017-09-20_19-24-55,2017-09-20_19-24-55#5752,82125,train,"[[74.0, 150.0, 102.0, 177.0], [24.0, 176.0, 47.0, 206.0]]",honeybee with a varroa mite,2017-09-20_19-24-55
test/videos/2017-09-01_10-54-26/2017-09-01_10-54-26.mp4-bee_id_8067-34020-1.png,0,2017-09-01_10-54-26,2017-09-01_10-54-26#8067,34020,test,[],healthy honeybee,2017-09-01_10-54-26
train/videos/2017-09-20_19-24-55/2017-09-20_19-24-55.mp4-bee_id_3962-31965-1.png,1,2017-09-20_19-24-55,2017-09-20_19-24-55#3962,31965,train,"[[66.0, 149.0, 101.0, 184.0]]",honeybee with a varroa mite,2017-09-20_19-24-55
train/videos/2017-09-20_19-24-55/2017-09-20_19-24-55.mp4-bee_id_4792-55290-1.png,0,2017-09-20_19-24-55,2017-09-20_19-24-55#4792,55290,train,[],healthy honeybee,2017-09-20_19-24-55
test/videos/2017-10-17_1-39-36/2017-10-17_1-39-36.mp4-bee_id_3507-1095-1.png,0,2017-10-17_1-39-36,2017-10-17_1-39-36#3507,1095,test,[],healthy honeybee,2017-10-17_1-39-36
train/videos/2017-09-20_19-24-55/2017-09-20_19-24-55.mp4-bee_id_3326-14805-1.png,1,2017-09-20_19-24-55,2017-09-20_19-24-55#3326,14805,train,"[[32.0, 157.0, 54.0, 190.0], [73.0, 163.0, 108.0, 196.0]]",honeybee with a varroa mite,2017-09-20_19-24-55
train/videos/2017-09-20_19-24-55/2017-09-20_19-24-55.mp4-bee_id_5341-70545-1.png,0,2017-09-20_19-24-55,2017-09-20_19-24-55#5341,70545,train,[],healthy honeybee,2017-09-20_19-24-55
test/videos/2017-09-01_10-54-26/2017-09-01_10-54-26.mp4-bee_id_8753-93090-1.png,0,2017-09-01_10-54-26,2017-09-01_10-54-26#8753,93090,test,[],healthy honeybee,2017-09-01_10-54-26
train/videos/2017-08-30_15-42-59/2017-08-30_15-42-59.mp4-bee_id_9557-32010-1.png,0,2017-08-30_15-42-59,2017-08-30_15-42-59#9557,32010,train,[],healthy honeybee,2017-08-30_15-42-59
val/videos/2017-09-01_3-01-01/2017-09-01_3-01-01.mp4-bee_id_2415-58080-1.png,0,2017-09-01_3-01-01,2017-09-01_3-01-01#2415,58080,val,[],healthy honeybee,2017-09-01_3-01-01
train/videos/2017-09-25_16-03-38-2/2017-09-25_16-03-38.mp4-bee_id_449-15135-1.png,1,2017-09-25_16-03-38,2017-09-25_16-03-38#449,15135,train,"[[75.0, 77.0, 110.0, 124.0], [85.0, 142.0, 123.0, 185.0], [50.0, 145.0, 75.0, 179.0]]",honeybee with a varroa mite,2017-09-25_16-03-38
train/videos/2017-09-20_19-24-55/2017-09-20_19-24-55.mp4-bee_id_4721-53340-1.png,0,2017-09-20_19-24-55,2017-09-20_19-24-55#4721,53340,train,[],healthy honeybee,2017-09-20_19-24-55
train/videos/2017-10-17_16-41-10/2017-10-17_16-41-10.mp4-bee_id_6979-3525-1.png,0,2017-10-17_16-41-10,2017-10-17_16-41-10#6979,3525,train,[],healthy honeybee,2017-10-17_16-41-10
train/videos/2017-08-30_15-42-59/2017-08-30_15-42-59.mp4-bee_id_9549-31875-1.png,0,2017-08-30_15-42-59,2017-08-30_15-42-59#9549,31875,train,[],healthy honeybee,2017-08-30_15-42-59
train/videos/2017-09-25_16-03-38-2/2017-09-25_16-03-38.mp4-bee_id_957-33000-1.png,0,2017-09-25_16-03-38,2017-09-25_16-03-38#957,33000,train,[],healthy honeybee,2017-09-25_16-03-38
train/videos/2017-08-30_15-42-59/2017-08-30_15-42-59.mp4-bee_id_9806-44985-1.png,0,2017-08-30_15-42-59,2017-08-30_15-42-59#9806,44985,train,[],healthy honeybee,2017-08-30_15-42-59
test/videos/2017-09-01_10-54-26/2017-09-01_10-54-26.mp4-bee_id_8781-94410-1.png,1,2017-09-01_10-54-26,2017-09-01_10-54-26#8781,94410,test,"[[77.0, 140.0, 99.0, 163.0]]",honeybee with a varroa mite,2017-09-01_10-54-26
train/videos/2017-09-20_19-24-55/2017-09-20_19-24-55.mp4-bee_id_3896-29835-1.png,0,2017-09-20_19-24-55,2017-09-20_19-24-55#3896,29835,train,[],healthy honeybee,2017-09-20_19-24-55
test/videos/2017-10-17_1-39-36/2017-10-17_1-39-36.mp4-bee_id_4550-30150-1.png,1,2017-10-17_1-39-36,2017-10-17_1-39-36#4550,30150,test,"[[32.0, 98.0, 54.0, 124.0]]",honeybee with a varroa mite,2017-10-17_1-39-36
test/videos/2017-09-01_10-54-26/2017-09-01_10-54-26.mp4-bee_id_8343-58155-1.png,0,2017-09-01_10-54-26,2017-09-01_10-54-26#8343,58155,test,[],healthy honeybee,2017-09-01_10-54-26
train/videos/2017-09-20_19-24-55/2017-09-20_19-24-55.mp4-bee_id_4726-53535-1.png,1,2017-09-20_19-24-55,2017-09-20_19-24-55#4726,53535,train,"[[91.0, 118.0, 124.0, 156.0]]",honeybee with a varroa mite,2017-09-20_19-24-55
test/videos/2017-09-01_10-54-26/2017-09-01_10-54-26.mp4-bee_id_8305-55335-1.png,0,2017-09-01_10-54-26,2017-09-01_10-54-26#8305,55335,test,[],healthy honeybee,2017-09-01_10-54-26
test/videos/2017-10-17_1-39-36/2017-10-17_1-39-36.mp4-bee_id_5661-60045-1.png,0,2017-10-17_1-39-36,2017-10-17_1-39-36#5661,60045,test,[],healthy honeybee,2017-10-17_1-39-36
train/videos/2017-08-30_15-42-59/2017-08-30_15-42-59.mp4-bee_id_10318-65145-1.png,0,2017-08-30_15-42-59,2017-08-30_15-42-59#10318,65145,train,[],healthy honeybee,2017-08-30_15-42-59
train/videos/2017-08-30_15-42-59/2017-08-30_15-42-59.mp4-bee_id_9515-29880-1.png,0,2017-08-30_15-42-59,2017-08-30_15-42-59#9515,29880,train,[],healthy honeybee,2017-08-30_15-42-59
val/videos/2017-09-01_20-00-17/2017-09-01_20-00-17.mp4-bee_id_87-34335-1.png,1,2017-09-01_20-00-17,2017-09-01_20-00-17#87,34335,val,"[[77.0, 100.0, 104.0, 135.0]]",honeybee with a varroa mite,2017-09-01_20-00-17
test/videos/2017-10-17_1-39-36/2017-10-17_1-39-36.mp4-bee_id_4725-34620-1.png,0,2017-10-17_1-39-36,2017-10-17_1-39-36#4725,34620,test,[],healthy honeybee,2017-10-17_1-39-36
train/videos/2017-09-20_19-24-55/2017-09-20_19-24-55.mp4-bee_id_6612-105615-1.png,1,2017-09-20_19-24-55,2017-09-20_19-24-55#6612,105615,train,"[[39.0, 157.0, 75.0, 199.0]]",honeybee with a varroa mite,2017-09-20_19-24-55
train/videos/2017-09-25_16-03-38-2/2017-09-25_16-03-38.mp4-bee_id_555-20130-1.png,0,2017-09-25_16-03-38,2017-09-25_16-03-38#555,20130,train,[],healthy honeybee,2017-09-25_16-03-38
test/videos/2017-10-17_1-39-36/2017-10-17_1-39-36.mp4-bee_id_3572-2895-1.png,0,2017-10-17_1-39-36,2017-10-17_1-39-36#3572,2895,test,[],healthy honeybee,2017-10-17_1-39-36
train/videos/2017-09-20_19-24-55/2017-09-20_19-24-55.mp4-bee_id_5457-74205-1.png,0,2017-09-20_19-24-55,2017-09-20_19-24-55#5457,74205,train,[],healthy honeybee,2017-09-20_19-24-55
val/videos/2017-09-25_16-03-38/2017-09-25_16-03-38.mp4-bee_id_1723-55050-1.png,0,2017-09-25_16-03-38,2017-09-25_16-03-38#1723,55050,val,[],healthy honeybee,2017-09-25_16-03-38
train/videos/2017-09-20_19-24-55/2017-09-20_19-24-55.mp4-bee_id_3846-28395-1.png,0,2017-09-20_19-24-55,2017-09-20_19-24-55#3846,28395,train,[],healthy honeybee,2017-09-20_19-24-55
val/videos/2017-09-01_20-00-17/2017-09-01_20-00-17.mp4-bee_id_183-79230-1.png,0,2017-09-01_20-00-17,2017-09-01_20-00-17#183,79230,val,[],healthy honeybee,2017-09-01_20-00-17
test/videos/2017-10-17_1-39-36/2017-10-17_1-39-36.mp4-bee_id_5514-55875-1.png,1,2017-10-17_1-39-36,2017-10-17_1-39-36#5514,55875,test,"[[37.0, 76.0, 73.0, 117.0]]",honeybee with a varroa mite,2017-10-17_1-39-36
train/videos/2017-08-28_09-30-00-1_500_dirty_glass/2017-08-28_09-30-00-1_500_dirty_glass.mp4-bee_id_6934-20880-1.png,0,2017-08-28_09-30-00-1_500_dirty_glass,2017-08-28_09-30-00-1_500_dirty_glass#6934,20880,train,[],healthy honeybee,2017-08-28_09-30-00-1_500_dirty_glass
train/videos/2017-08-28_09-30-00-1_500_dirty_glass/2017-08-28_09-30-00-1_500_dirty_glass.mp4-bee_id_7664-60360-1.png,0,2017-08-28_09-30-00-1_500_dirty_glass,2017-08-28_09-30-00-1_500_dirty_glass#7664,60360,train,[],healthy honeybee,2017-08-28_09-30-00-1_500_dirty_glass
val/videos/2017-09-25_16-03-38/2017-09-25_16-03-38.mp4-bee_id_1953-71820-1.png,0,2017-09-25_16-03-38,2017-09-25_16-03-38#1953,71820,val,[],healthy honeybee,2017-09-25_16-03-38
val/videos/2017-09-25_16-03-38/2017-09-25_16-03-38.mp4-bee_id_1755-55965-1.png,0,2017-09-25_16-03-38,2017-09-25_16-03-38#1755,55965,val,[],healthy honeybee,2017-09-25_16-03-38
test/videos/2017-10-17_1-39-36/2017-10-17_1-39-36.mp4-bee_id_4904-39810-1.png,0,2017-10-17_1-39-36,2017-10-17_1-39-36#4904,39810,test,[],healthy honeybee,2017-10-17_1-39-36
train/videos/2017-09-20_19-24-55/2017-09-20_19-24-55.mp4-bee_id_6161-93615-1.png,0,2017-09-20_19-24-55,2017-09-20_19-24-55#6161,93615,train,[],healthy honeybee,2017-09-20_19-24-55
train/videos/2017-10-17_16-41-10/2017-10-17_16-41-10.mp4-bee_id_6876-150-1.png,0,2017-10-17_16-41-10,2017-10-17_16-41-10#6876,150,train,[],healthy honeybee,2017-10-17_16-41-10
test/videos/2017-10-17_1-39-36/2017-10-17_1-39-36.mp4-bee_id_4033-15855-1.png,0,2017-10-17_1-39-36,2017-10-17_1-39-36#4033,15855,test,[],healthy honeybee,2017-10-17_1-39-36
train/videos/2017-09-20_19-24-55/2017-09-20_19-24-55.mp4-bee_id_2795-330-1.png,0,2017-09-20_19-24-55,2017-09-20_19-24-55#2795,330,train,[],healthy honeybee,2017-09-20_19-24-55
train/videos/2017-08-28_09-30-00-1_500_dirty_glass/2017-08-28_09-30-00-1_500_dirty_glass.mp4-bee_id_6822-14910-1.png,1,2017-08-28_09-30-00-1_500_dirty_glass,2017-08-28_09-30-00-1_500_dirty_glass#6822,14910,train,"[[34.0, 77.0, 57.0, 102.0]]",honeybee with a varroa mite,2017-08-28_09-30-00-1_500_dirty_glass
train/videos/2017-09-20_19-24-55/2017-09-20_19-24-55.mp4-bee_id_3451-18405-1.png,1,2017-09-20_19-24-55,2017-09-20_19-24-55#3451,18405,train,"[[34.0, 134.0, 61.0, 156.0]]",honeybee with a varroa mite,2017-09-20_19-24-55
train/videos/2017-09-25_16-03-38-2/2017-09-25_16-03-38.mp4-bee_id_1176-39825-1.png,0,2017-09-25_16-03-38,2017-09-25_16-03-38#1176,39825,train,[],healthy honeybee,2017-09-25_16-03-38
test/videos/2017-09-01_10-54-26/2017-09-01_10-54-26.mp4-bee_id_8574-83865-1.png,1,2017-09-01_10-54-26,2017-09-01_10-54-26#8574,83865,test,"[[56.0, 102.0, 92.0, 133.0]]",honeybee with a varroa mite,2017-09-01_10-54-26
train/videos/2017-09-20_19-24-55/2017-09-20_19-24-55.mp4-bee_id_4870-57465-1.png,0,2017-09-20_19-24-55,2017-09-20_19-24-55#4870,57465,train,[],healthy honeybee,2017-09-20_19-24-55
train/videos/2017-09-20_19-24-55/2017-09-20_19-24-55.mp4-bee_id_3220-11970-1.png,1,2017-09-20_19-24-55,2017-09-20_19-24-55#3220,11970,train,"[[41.0, 141.0, 96.0, 171.0]]",honeybee with a varroa mite,2017-09-20_19-24-55
train/videos/2017-08-30_15-42-59/2017-08-30_15-42-59.mp4-bee_id_10416-74130-1.png,0,2017-08-30_15-42-59,2017-08-30_15-42-59#10416,74130,train,[],healthy honeybee,2017-08-30_15-42-59
train/videos/2017-08-30_15-42-59/2017-08-30_15-42-59.mp4-bee_id_9880-48795-1.png,0,2017-08-30_15-42-59,2017-08-30_15-42-59#9880,48795,train,[],healthy honeybee,2017-08-30_15-42-59
train/videos/2017-09-25_16-03-38-2/2017-09-25_16-03-38.mp4-bee_id_1106-37800-1.png,1,2017-09-25_16-03-38,2017-09-25_16-03-38#1106,37800,train,"[[50.0, 62.0, 69.0, 81.0]]",honeybee with a varroa mite,2017-09-25_16-03-38
test/videos/2017-10-17_1-39-36/2017-10-17_1-39-36.mp4-bee_id_3621-4140-1.png,0,2017-10-17_1-39-36,2017-10-17_1-39-36#3621,4140,test,[],healthy honeybee,2017-10-17_1-39-36
train/videos/2017-08-30_15-42-59/2017-08-30_15-42-59.mp4-bee_id_9713-40830-1.png,0,2017-08-30_15-42-59,2017-08-30_15-42-59#9713,40830,train,[],healthy honeybee,2017-08-30_15-42-59
train/videos/2017-08-30_15-42-59/2017-08-30_15-42-59.mp4-bee_id_9858-47505-1.png,0,2017-08-30_15-42-59,2017-08-30_15-42-59#9858,47505,train,[],healthy honeybee,2017-08-30_15-42-59
train/videos/2017-08-30_15-42-59/2017-08-30_15-42-59.mp4-bee_id_9955-52695-1.png,0,2017-08-30_15-42-59,2017-08-30_15-42-59#9955,52695,train,[],healthy honeybee,2017-08-30_15-42-59
val/videos/2017-09-01_3-01-01/2017-09-01_3-01-01.mp4-bee_id_2309-49395-1.png,1,2017-09-01_3-01-01,2017-09-01_3-01-01#2309,49395,val,"[[61.0, 104.0, 97.0, 128.0], [42.0, 84.0, 83.0, 117.0]]",honeybee with a varroa mite,2017-09-01_3-01-01
test/videos/2017-10-17_1-39-36/2017-10-17_1-39-36.mp4-bee_id_5547-56835-1.png,0,2017-10-17_1-39-36,2017-10-17_1-39-36#5547,56835,test,[],healthy honeybee,2017-10-17_1-39-36
train/videos/2017-08-30_15-42-59/2017-08-30_15-42-59.mp4-bee_id_10700-86055-1.png,0,2017-08-30_15-42-59,2017-08-30_15-42-59#10700,86055,train,[],healthy honeybee,2017-08-30_15-42-59
test/videos/2017-09-01_10-54-26/2017-09-01_10-54-26.mp4-bee_id_8350-58980-1.png,1,2017-09-01_10-54-26,2017-09-01_10-54-26#8350,58980,test,"[[58.0, 94.0, 84.0, 119.0]]",honeybee with a varroa mite,2017-09-01_10-54-26
train/videos/2017-09-20_19-24-55/2017-09-20_19-24-55.mp4-bee_id_4598-50070-1.png,0,2017-09-20_19-24-55,2017-09-20_19-24-55#4598,50070,train,[],healthy honeybee,2017-09-20_19-24-55
test/videos/2017-10-17_1-39-36/2017-10-17_1-39-36.mp4-bee_id_4323-23895-1.png,0,2017-10-17_1-39-36,2017-10-17_1-39-36#4323,23895,test,[],healthy honeybee,2017-10-17_1-39-36
train/videos/2017-08-28_09-30-00-1_500_dirty_glass/2017-08-28_09-30-00-1_500_dirty_glass.mp4-bee_id_7655-60075-1.png,1,2017-08-28_09-30-00-1_500_dirty_glass,2017-08-28_09-30-00-1_500_dirty_glass#7655,60075,train,"[[60.0, 130.0, 82.0, 147.0]]",honeybee with a varroa mite,2017-08-28_09-30-00-1_500_dirty_glass
train/videos/2017-09-25_16-03-38-2/2017-09-25_16-03-38.mp4-bee_id_293-6990-1.png,0,2017-09-25_16-03-38,2017-09-25_16-03-38#293,6990,train,[],healthy honeybee,2017-09-25_16-03-38
test/videos/2017-09-01_10-54-26/2017-09-01_10-54-26.mp4-bee_id_8138-36960-1.png,1,2017-09-01_10-54-26,2017-09-01_10-54-26#8138,36960,test,"[[53.0, 105.0, 92.0, 135.0]]",honeybee with a varroa mite,2017-09-01_10-54-26
val/videos/2017-09-01_3-01-01/2017-09-01_3-01-01.mp4-bee_id_2715-91485-1.png,0,2017-09-01_3-01-01,2017-09-01_3-01-01#2715,91485,val,[],healthy honeybee,2017-09-01_3-01-01
train/videos/2017-09-20_19-24-55/2017-09-20_19-24-55.mp4-bee_id_5486-75090-1.png,1,2017-09-20_19-24-55,2017-09-20_19-24-55#5486,75090,train,"[[90.0, 97.0, 119.0, 137.0]]",honeybee with a varroa mite,2017-09-20_19-24-55
test/videos/2017-10-17_1-39-36/2017-10-17_1-39-36.mp4-bee_id_4916-40080-1.png,0,2017-10-17_1-39-36,2017-10-17_1-39-36#4916,40080,test,[],healthy honeybee,2017-10-17_1-39-36
val/videos/2017-09-25_16-03-38/2017-09-25_16-03-38.mp4-bee_id_1540-50175-1.png,0,2017-09-25_16-03-38,2017-09-25_16-03-38#1540,50175,val,[],healthy honeybee,2017-09-25_16-03-38
train/videos/2017-10-17_16-41-10/2017-10-17_16-41-10.mp4-bee_id_7254-12780-1.png,1,2017-10-17_16-41-10,2017-10-17_16-41-10#7254,12780,train,"[[64.0, 119.0, 99.0, 155.0]]",honeybee with a varroa mite,2017-10-17_16-41-10
train/videos/2017-08-28_09-30-00-1_500_dirty_glass/2017-08-28_09-30-00-1_500_dirty_glass.mp4-bee_id_6962-21660-1.png,0,2017-08-28_09-30-00-1_500_dirty_glass,2017-08-28_09-30-00-1_500_dirty_glass#6962,21660,train,[],healthy honeybee,2017-08-28_09-30-00-1_500_dirty_glass
val/videos/2017-09-25_16-03-38/2017-09-25_16-03-38.mp4-bee_id_2023-76785-1.png,1,2017-09-25_16-03-38,2017-09-25_16-03-38#2023,76785,val,"[[109.0, 130.0, 145.0, 157.0]]",honeybee with a varroa mite,2017-09-25_16-03-38
train/videos/2017-09-20_19-24-55/2017-09-20_19-24-55.mp4-bee_id_5494-75315-1.png,0,2017-09-20_19-24-55,2017-09-20_19-24-55#5494,75315,train,[],healthy honeybee,2017-09-20_19-24-55
train/videos/2017-08-28_09-30-00-1_500_dirty_glass/2017-08-28_09-30-00-1_500_dirty_glass.mp4-bee_id_6966-21720-1.png,0,2017-08-28_09-30-00-1_500_dirty_glass,2017-08-28_09-30-00-1_500_dirty_glass#6966,21720,train,[],healthy honeybee,2017-08-28_09-30-00-1_500_dirty_glass
train/videos/2017-09-20_19-24-55/2017-09-20_19-24-55.mp4-bee_id_4996-60870-1.png,0,2017-09-20_19-24-55,2017-09-20_19-24-55#4996,60870,train,[],healthy honeybee,2017-09-20_19-24-55
train/videos/2017-09-20_19-24-55/2017-09-20_19-24-55.mp4-bee_id_3743-25785-1.png,0,2017-09-20_19-24-55,2017-09-20_19-24-55#3743,25785,train,[],healthy honeybee,2017-09-20_19-24-55
test/videos/2017-10-17_1-39-36/2017-10-17_1-39-36.mp4-bee_id_5373-52485-1.png,0,2017-10-17_1-39-36,2017-10-17_1-39-36#5373,52485,test,[],healthy honeybee,2017-10-17_1-39-36
test/videos/2017-10-17_1-39-36/2017-10-17_1-39-36.mp4-bee_id_4456-27750-1.png,1,2017-10-17_1-39-36,2017-10-17_1-39-36#4456,27750,test,"[[20.0, 70.0, 52.0, 117.0]]",honeybee with a varroa mite,2017-10-17_1-39-36
test/videos/2017-09-01_10-54-26/2017-09-01_10-54-26.mp4-bee_id_8824-96090-1.png,0,2017-09-01_10-54-26,2017-09-01_10-54-26#8824,96090,test,[],healthy honeybee,2017-09-01_10-54-26
train/videos/2017-09-25_16-03-38-2/2017-09-25_16-03-38.mp4-bee_id_1214-40860-1.png,0,2017-09-25_16-03-38,2017-09-25_16-03-38#1214,40860,train,[],healthy honeybee,2017-09-25_16-03-38
val/videos/2017-09-29_15-31-49/2017-09-29_15-31-49.mp4-bee_id_40-990-1.png,1,2017-09-29_15-31-49,2017-09-29_15-31-49#40,990,val,"[[97.0, 177.0, 134.0, 207.0]]",honeybee with a varroa mite,2017-09-29_15-31-49
test/videos/2017-10-17_1-39-36/2017-10-17_1-39-36.mp4-bee_id_4321-23835-1.png,0,2017-10-17_1-39-36,2017-10-17_1-39-36#4321,23835,test,[],healthy honeybee,2017-10-17_1-39-36
train/videos/2017-08-30_15-42-59/2017-08-30_15-42-59.mp4-bee_id_9555-31980-1.png,0,2017-08-30_15-42-59,2017-08-30_15-42-59#9555,31980,train,[],healthy honeybee,2017-08-30_15-42-59
test/videos/2017-09-01_10-54-26/2017-09-01_10-54-26.mp4-bee_id_9077-106320-1.png,1,2017-09-01_10-54-26,2017-09-01_10-54-26#9077,106320,test,"[[82.0, 131.0, 122.0, 170.0]]",honeybee with a varroa mite,2017-09-01_10-54-26
train/videos/2017-09-20_19-24-55/2017-09-20_19-24-55.mp4-bee_id_5631-78915-1.png,0,2017-09-20_19-24-55,2017-09-20_19-24-55#5631,78915,train,[],healthy honeybee,2017-09-20_19-24-55
test/videos/2017-09-01_10-54-26/2017-09-01_10-54-26.mp4-bee_id_8807-95445-1.png,0,2017-09-01_10-54-26,2017-09-01_10-54-26#8807,95445,test,[],healthy honeybee,2017-09-01_10-54-26
train/videos/2017-08-30_15-42-59/2017-08-30_15-42-59.mp4-bee_id_10746-87360-1.png,0,2017-08-30_15-42-59,2017-08-30_15-42-59#10746,87360,train,[],healthy honeybee,2017-08-30_15-42-59
train/videos/2017-08-28_09-30-00-1_500_dirty_glass/2017-08-28_09-30-00-1_500_dirty_glass.mp4-bee_id_7698-61755-1.png,0,2017-08-28_09-30-00-1_500_dirty_glass,2017-08-28_09-30-00-1_500_dirty_glass#7698,61755,train,[],healthy honeybee,2017-08-28_09-30-00-1_500_dirty_glass
val/videos/2017-09-01_3-01-01/2017-09-01_3-01-01.mp4-bee_id_2727-92325-1.png,0,2017-09-01_3-01-01,2017-09-01_3-01-01#2727,92325,val,[],healthy honeybee,2017-09-01_3-01-01
train/videos/2017-09-20_19-24-55/2017-09-20_19-24-55.mp4-bee_id_5267-68250-1.png,0,2017-09-20_19-24-55,2017-09-20_19-24-55#5267,68250,train,[],healthy honeybee,2017-09-20_19-24-55
train/videos/2017-08-30_15-42-59/2017-08-30_15-42-59.mp4-bee_id_11052-104010-1.png,0,2017-08-30_15-42-59,2017-08-30_15-42-59#11052,104010,train,[],healthy honeybee,2017-08-30_15-42-59
train/videos/2017-09-20_19-24-55/2017-09-20_19-24-55.mp4-bee_id_6492-102405-1.png,1,2017-09-20_19-24-55,2017-09-20_19-24-55#6492,102405,train,"[[91.0, 94.0, 125.0, 131.0], [42.0, 98.0, 72.0, 136.0]]",honeybee with a varroa mite,2017-09-20_19-24-55
test/videos/2017-10-17_1-39-36/2017-10-17_1-39-36.mp4-bee_id_4469-28005-1.png,0,2017-10-17_1-39-36,2017-10-17_1-39-36#4469,28005,test,[],healthy honeybee,2017-10-17_1-39-36
train/videos/2017-10-17_16-41-10/2017-10-17_16-41-10.mp4-bee_id_7347-15960-1.png,0,2017-10-17_16-41-10,2017-10-17_16-41-10#7347,15960,train,[],healthy honeybee,2017-10-17_16-41-10
test/videos/2017-09-01_10-54-26/2017-09-01_10-54-26.mp4-bee_id_8104-35580-1.png,0,2017-09-01_10-54-26,2017-09-01_10-54-26#8104,35580,test,[],healthy honeybee,2017-09-01_10-54-26
train/videos/2017-08-28_09-30-00-1_500_dirty_glass/2017-08-28_09-30-00-1_500_dirty_glass.mp4-bee_id_6985-22440-1.png,1,2017-08-28_09-30-00-1_500_dirty_glass,2017-08-28_09-30-00-1_500_dirty_glass#6985,22440,train,"[[41.0, 76.0, 77.0, 102.0]]",honeybee with a varroa mite,2017-08-28_09-30-00-1_500_dirty_glass
train/videos/2017-09-20_19-24-55/2017-09-20_19-24-55.mp4-bee_id_2933-3630-1.png,0,2017-09-20_19-24-55,2017-09-20_19-24-55#2933,3630,train,[],healthy honeybee,2017-09-20_19-24-55
train/videos/2017-09-25_16-03-38-2/2017-09-25_16-03-38.mp4-bee_id_976-33615-1.png,0,2017-09-25_16-03-38,2017-09-25_16-03-38#976,33615,train,[],healthy honeybee,2017-09-25_16-03-38
test/videos/2017-09-01_10-54-26/2017-09-01_10-54-26.mp4-bee_id_9018-103800-1.png,0,2017-09-01_10-54-26,2017-09-01_10-54-26#9018,103800,test,[],healthy honeybee,2017-09-01_10-54-26
test/videos/2017-09-01_10-54-26/2017-09-01_10-54-26.mp4-bee_id_7812-9480-1.png,0,2017-09-01_10-54-26,2017-09-01_10-54-26#7812,9480,test,[],healthy honeybee,2017-09-01_10-54-26
train/videos/2017-08-28_09-30-00-1_500_dirty_glass/2017-08-28_09-30-00-1_500_dirty_glass.mp4-bee_id_7325-44610-1.png,0,2017-08-28_09-30-00-1_500_dirty_glass,2017-08-28_09-30-00-1_500_dirty_glass#7325,44610,train,[],healthy honeybee,2017-08-28_09-30-00-1_500_dirty_glass
test/videos/2017-10-17_1-39-36/2017-10-17_1-39-36.mp4-bee_id_5014-42915-1.png,0,2017-10-17_1-39-36,2017-10-17_1-39-36#5014,42915,test,[],healthy honeybee,2017-10-17_1-39-36
train/videos/2017-09-20_19-24-55/2017-09-20_19-24-55.mp4-bee_id_3319-14565-1.png,0,2017-09-20_19-24-55,2017-09-20_19-24-55#3319,14565,train,[],healthy honeybee,2017-09-20_19-24-55
train/videos/2017-09-20_19-24-55/2017-09-20_19-24-55.mp4-bee_id_6181-94140-1.png,0,2017-09-20_19-24-55,2017-09-20_19-24-55#6181,94140,train,[],healthy honeybee,2017-09-20_19-24-55
train/videos/2017-09-20_19-24-55/2017-09-20_19-24-55.mp4-bee_id_5749-82125-1.png,1,2017-09-20_19-24-55,2017-09-20_19-24-55#5749,82125,train,"[[37.0, 160.0, 68.0, 196.0]]",honeybee with a varroa mite,2017-09-20_19-24-55
train/videos/2017-09-20_19-24-55/2017-09-20_19-24-55.mp4-bee_id_4260-39960-1.png,0,2017-09-20_19-24-55,2017-09-20_19-24-55#4260,39960,train,[],healthy honeybee,2017-09-20_19-24-55
train/videos/2017-08-30_15-42-59/2017-08-30_15-42-59.mp4-bee_id_10116-58785-1.png,0,2017-08-30_15-42-59,2017-08-30_15-42-59#10116,58785,train,[],healthy honeybee,2017-08-30_15-42-59
val/videos/2017-09-25_16-03-38/2017-09-25_16-03-38.mp4-bee_id_1290-43140-1.png,0,2017-09-25_16-03-38,2017-09-25_16-03-38#1290,43140,val,[],healthy honeybee,2017-09-25_16-03-38
train/videos/2017-09-20_19-24-55/2017-09-20_19-24-55.mp4-bee_id_3455-18450-1.png,0,2017-09-20_19-24-55,2017-09-20_19-24-55#3455,18450,train,[],healthy honeybee,2017-09-20_19-24-55
test/videos/2017-09-01_10-54-26/2017-09-01_10-54-26.mp4-bee_id_8724-91680-1.png,0,2017-09-01_10-54-26,2017-09-01_10-54-26#8724,91680,test,[],healthy honeybee,2017-09-01_10-54-26
train/videos/2017-09-20_19-24-55/2017-09-20_19-24-55.mp4-bee_id_4361-43035-1.png,0,2017-09-20_19-24-55,2017-09-20_19-24-55#4361,43035,train,[],healthy honeybee,2017-09-20_19-24-55
val/videos/2017-09-01_3-01-01/2017-09-01_3-01-01.mp4-bee_id_2706-91215-1.png,0,2017-09-01_3-01-01,2017-09-01_3-01-01#2706,91215,val,[],healthy honeybee,2017-09-01_3-01-01
train/videos/2017-09-25_16-03-38-2/2017-09-25_16-03-38.mp4-bee_id_875-30495-1.png,0,2017-09-25_16-03-38,2017-09-25_16-03-38#875,30495,train,[],healthy honeybee,2017-09-25_16-03-38
train/videos/2017-09-20_19-24-55/2017-09-20_19-24-55.mp4-bee_id_3942-31335-1.png,0,2017-09-20_19-24-55,2017-09-20_19-24-55#3942,31335,train,[],healthy honeybee,2017-09-20_19-24-55
test/videos/2017-10-17_1-39-36/2017-10-17_1-39-36.mp4-bee_id_5704-60990-1.png,0,2017-10-17_1-39-36,2017-10-17_1-39-36#5704,60990,test,[],healthy honeybee,2017-10-17_1-39-36
test/videos/2017-10-17_1-39-36/2017-10-17_1-39-36.mp4-bee_id_5958-67245-1.png,0,2017-10-17_1-39-36,2017-10-17_1-39-36#5958,67245,test,[],healthy honeybee,2017-10-17_1-39-36
test/videos/2017-10-17_1-39-36/2017-10-17_1-39-36.mp4-bee_id_4125-18540-1.png,0,2017-10-17_1-39-36,2017-10-17_1-39-36#4125,18540,test,[],healthy honeybee,2017-10-17_1-39-36
train/videos/2017-09-20_19-24-55/2017-09-20_19-24-55.mp4-bee_id_6119-92565-1.png,0,2017-09-20_19-24-55,2017-09-20_19-24-55#6119,92565,train,[],healthy honeybee,2017-09-20_19-24-55
train/videos/2017-08-30_15-42-59/2017-08-30_15-42-59.mp4-bee_id_9438-23040-1.png,0,2017-08-30_15-42-59,2017-08-30_15-42-59#9438,23040,train,[],healthy honeybee,2017-08-30_15-42-59
train/videos/2017-08-30_15-42-59/2017-08-30_15-42-59.mp4-bee_id_10912-97590-1.png,0,2017-08-30_15-42-59,2017-08-30_15-42-59#10912,97590,train,[],healthy honeybee,2017-08-30_15-42-59
test/videos/2017-09-01_10-54-26/2017-09-01_10-54-26.mp4-bee_id_7916-25500-1.png,0,2017-09-01_10-54-26,2017-09-01_10-54-26#7916,25500,test,[],healthy honeybee,2017-09-01_10-54-26
train/videos/2017-09-20_19-24-55/2017-09-20_19-24-55.mp4-bee_id_4549-48615-1.png,0,2017-09-20_19-24-55,2017-09-20_19-24-55#4549,48615,train,[],healthy honeybee,2017-09-20_19-24-55
train/videos/2017-08-28_09-30-00-1_500_dirty_glass/2017-08-28_09-30-00-1_500_dirty_glass.mp4-bee_id_6927-20640-1.png,0,2017-08-28_09-30-00-1_500_dirty_glass,2017-08-28_09-30-00-1_500_dirty_glass#6927,20640,train,[],healthy honeybee,2017-08-28_09-30-00-1_500_dirty_glass
val/videos/2017-09-25_16-03-38/2017-09-25_16-03-38.mp4-bee_id_1744-55680-1.png,0,2017-09-25_16-03-38,2017-09-25_16-03-38#1744,55680,val,[],healthy honeybee,2017-09-25_16-03-38
train/videos/2017-08-30_15-42-59/2017-08-30_15-42-59.mp4-bee_id_9522-30435-1.png,1,2017-08-30_15-42-59,2017-08-30_15-42-59#9522,30435,train,"[[49.0, 164.0, 74.0, 190.0]]",honeybee with a varroa mite,2017-08-30_15-42-59
test/videos/2017-09-01_10-54-26/2017-09-01_10-54-26.mp4-bee_id_8477-70545-1.png,0,2017-09-01_10-54-26,2017-09-01_10-54-26#8477,70545,test,[],healthy honeybee,2017-09-01_10-54-26
val/videos/2017-09-25_16-03-38/2017-09-25_16-03-38.mp4-bee_id_2209-89010-1.png,0,2017-09-25_16-03-38,2017-09-25_16-03-38#2209,89010,val,[],healthy honeybee,2017-09-25_16-03-38
train/videos/2017-09-25_16-03-38-2/2017-09-25_16-03-38.mp4-bee_id_550-19935-1.png,0,2017-09-25_16-03-38,2017-09-25_16-03-38#550,19935,train,[],healthy honeybee,2017-09-25_16-03-38
train/videos/2017-09-25_16-03-38-2/2017-09-25_16-03-38.mp4-bee_id_1063-36540-1.png,0,2017-09-25_16-03-38,2017-09-25_16-03-38#1063,36540,train,[],healthy honeybee,2017-09-25_16-03-38
val/videos/2017-09-01_3-01-01/2017-09-01_3-01-01.mp4-bee_id_2362-53670-1.png,1,2017-09-01_3-01-01,2017-09-01_3-01-01#2362,53670,val,"[[37.0, 101.0, 74.0, 146.0]]",honeybee with a varroa mite,2017-09-01_3-01-01
train/videos/2017-09-20_19-24-55/2017-09-20_19-24-55.mp4-bee_id_4890-58170-1.png,0,2017-09-20_19-24-55,2017-09-20_19-24-55#4890,58170,train,[],healthy honeybee,2017-09-20_19-24-55
train/videos/2017-08-30_15-42-59/2017-08-30_15-42-59.mp4-bee_id_9524-30525-1.png,1,2017-08-30_15-42-59,2017-08-30_15-42-59#9524,30525,train,"[[75.0, 91.0, 108.0, 126.0]]",honeybee with a varroa mite,2017-08-30_15-42-59
train/videos/2017-08-28_09-30-00-1_500_dirty_glass/2017-08-28_09-30-00-1_500_dirty_glass.mp4-bee_id_7048-28560-1.png,0,2017-08-28_09-30-00-1_500_dirty_glass,2017-08-28_09-30-00-1_500_dirty_glass#7048,28560,train,[],healthy honeybee,2017-08-28_09-30-00-1_500_dirty_glass
test/videos/2017-09-01_10-54-26/2017-09-01_10-54-26.mp4-bee_id_8070-34200-1.png,0,2017-09-01_10-54-26,2017-09-01_10-54-26#8070,34200,test,[],healthy honeybee,2017-09-01_10-54-26
train/videos/2017-09-25_16-03-38-2/2017-09-25_16-03-38.mp4-bee_id_1157-39240-1.png,0,2017-09-25_16-03-38,2017-09-25_16-03-38#1157,39240,train,[],healthy honeybee,2017-09-25_16-03-38
train/videos/2017-08-30_15-42-59/2017-08-30_15-42-59.mp4-bee_id_10221-61845-1.png,0,2017-08-30_15-42-59,2017-08-30_15-42-59#10221,61845,train,[],healthy honeybee,2017-08-30_15-42-59
train/videos/2017-08-30_15-42-59/2017-08-30_15-42-59.mp4-bee_id_10983-101445-1.png,1,2017-08-30_15-42-59,2017-08-30_15-42-59#10983,101445,train,"[[103.0, 96.0, 126.0, 130.0]]",honeybee with a varroa mite,2017-08-30_15-42-59
train/videos/2017-09-20_19-24-55/2017-09-20_19-24-55.mp4-bee_id_5520-75825-1.png,0,2017-09-20_19-24-55,2017-09-20_19-24-55#5520,75825,train,[],healthy honeybee,2017-09-20_19-24-55
val/videos/2017-09-01_3-01-01/2017-09-01_3-01-01.mp4-bee_id_2543-65715-1.png,0,2017-09-01_3-01-01,2017-09-01_3-01-01#2543,65715,val,[],healthy honeybee,2017-09-01_3-01-01
train/videos/2017-08-30_15-42-59/2017-08-30_15-42-59.mp4-bee_id_9207-3960-1.png,0,2017-08-30_15-42-59,2017-08-30_15-42-59#9207,3960,train,[],healthy honeybee,2017-08-30_15-42-59
val/videos/2017-09-25_16-03-38/2017-09-25_16-03-38.mp4-bee_id_1447-47100-1.png,0,2017-09-25_16-03-38,2017-09-25_16-03-38#1447,47100,val,[],healthy honeybee,2017-09-25_16-03-38
val/videos/2017-09-01_3-01-01/2017-09-01_3-01-01.mp4-bee_id_2644-86100-1.png,0,2017-09-01_3-01-01,2017-09-01_3-01-01#2644,86100,val,[],healthy honeybee,2017-09-01_3-01-01
test/videos/2017-10-17_1-39-36/2017-10-17_1-39-36.mp4-bee_id_3790-8625-1.png,1,2017-10-17_1-39-36,2017-10-17_1-39-36#3790,8625,test,"[[42.0, 187.0, 63.0, 212.0], [86.0, 172.0, 110.0, 197.0]]",honeybee with a varroa mite,2017-10-17_1-39-36
test/videos/2017-10-17_1-39-36/2017-10-17_1-39-36.mp4-bee_id_5444-54120-1.png,0,2017-10-17_1-39-36,2017-10-17_1-39-36#5444,54120,test,[],healthy honeybee,2017-10-17_1-39-36
test/videos/2017-09-01_10-54-26/2017-09-01_10-54-26.mp4-bee_id_8569-83760-1.png,1,2017-09-01_10-54-26,2017-09-01_10-54-26#8569,83760,test,"[[35.0, 100.0, 60.0, 119.0]]",honeybee with a varroa mite,2017-09-01_10-54-26
train/videos/2017-09-20_19-24-55/2017-09-20_19-24-55.mp4-bee_id_5590-77865-1.png,0,2017-09-20_19-24-55,2017-09-20_19-24-55#5590,77865,train,[],healthy honeybee,2017-09-20_19-24-55
test/videos/2017-10-17_1-39-36/2017-10-17_1-39-36.mp4-bee_id_4369-25350-1.png,0,2017-10-17_1-39-36,2017-10-17_1-39-36#4369,25350,test,[],healthy honeybee,2017-10-17_1-39-36
test/videos/2017-10-17_1-39-36/2017-10-17_1-39-36.mp4-bee_id_5339-51630-1.png,0,2017-10-17_1-39-36,2017-10-17_1-39-36#5339,51630,test,[],healthy honeybee,2017-10-17_1-39-36
test/videos/2017-10-17_1-39-36/2017-10-17_1-39-36.mp4-bee_id_5611-58695-1.png,0,2017-10-17_1-39-36,2017-10-17_1-39-36#5611,58695,test,[],healthy honeybee,2017-10-17_1-39-36
test/videos/2017-10-17_1-39-36/2017-10-17_1-39-36.mp4-bee_id_5494-55395-1.png,0,2017-10-17_1-39-36,2017-10-17_1-39-36#5494,55395,test,[],healthy honeybee,2017-10-17_1-39-36
val/videos/2017-09-25_16-03-38/2017-09-25_16-03-38.mp4-bee_id_1389-45600-1.png,0,2017-09-25_16-03-38,2017-09-25_16-03-38#1389,45600,val,[],healthy honeybee,2017-09-25_16-03-38
train/videos/2017-08-30_15-42-59/2017-08-30_15-42-59.mp4-bee_id_9876-48690-1.png,1,2017-08-30_15-42-59,2017-08-30_15-42-59#9876,48690,train,"[[67.0, 145.0, 100.0, 159.0]]",honeybee with a varroa mite,2017-08-30_15-42-59
val/videos/2017-09-25_16-03-38/2017-09-25_16-03-38.mp4-bee_id_2233-89760-1.png,0,2017-09-25_16-03-38,2017-09-25_16-03-38#2233,89760,val,[],healthy honeybee,2017-09-25_16-03-38
train/videos/2017-08-30_15-42-59/2017-08-30_15-42-59.mp4-bee_id_10841-93420-1.png,0,2017-08-30_15-42-59,2017-08-30_15-42-59#10841,93420,train,[],healthy honeybee,2017-08-30_15-42-59
train/videos/2017-08-30_15-42-59/2017-08-30_15-42-59.mp4-bee_id_9656-38040-1.png,0,2017-08-30_15-42-59,2017-08-30_15-42-59#9656,38040,train,[],healthy honeybee,2017-08-30_15-42-59
train/videos/2017-09-25_16-03-38-2/2017-09-25_16-03-38.mp4-bee_id_523-18855-1.png,1,2017-09-25_16-03-38,2017-09-25_16-03-38#523,18855,train,"[[68.0, 53.0, 113.0, 90.0]]",honeybee with a varroa mite,2017-09-25_16-03-38
test/videos/2017-10-17_1-39-36/2017-10-17_1-39-36.mp4-bee_id_5066-44310-1.png,1,2017-10-17_1-39-36,2017-10-17_1-39-36#5066,44310,test,"[[77.0, 162.0, 112.0, 196.0]]",honeybee with a varroa mite,2017-10-17_1-39-36
train/videos/2017-09-25_16-03-38-2/2017-09-25_16-03-38.mp4-bee_id_432-14520-1.png,1,2017-09-25_16-03-38,2017-09-25_16-03-38#432,14520,train,"[[115.0, 151.0, 136.0, 180.0]]",honeybee with a varroa mite,2017-09-25_16-03-38
train/videos/2017-10-17_16-41-10/2017-10-17_16-41-10.mp4-bee_id_7041-5250-1.png,0,2017-10-17_16-41-10,2017-10-17_16-41-10#7041,5250,train,[],healthy honeybee,2017-10-17_16-41-10
train/videos/2017-09-20_19-24-55/2017-09-20_19-24-55.mp4-bee_id_4563-49185-1.png,0,2017-09-20_19-24-55,2017-09-20_19-24-55#4563,49185,train,[],healthy honeybee,2017-09-20_19-24-55
train/videos/2017-08-30_15-42-59/2017-08-30_15-42-59.mp4-bee_id_10942-99285-1.png,0,2017-08-30_15-42-59,2017-08-30_15-42-59#10942,99285,train,[],healthy honeybee,2017-08-30_15-42-59
train/videos/2017-09-25_16-03-38-2/2017-09-25_16-03-38.mp4-bee_id_1134-38610-1.png,1,2017-09-25_16-03-38,2017-09-25_16-03-38#1134,38610,train,"[[57.0, 151.0, 97.0, 186.0]]",honeybee with a varroa mite,2017-09-25_16-03-38
train/videos/2017-09-25_16-03-38-2/2017-09-25_16-03-38.mp4-bee_id_1212-40845-1.png,0,2017-09-25_16-03-38,2017-09-25_16-03-38#1212,40845,train,[],healthy honeybee,2017-09-25_16-03-38
train/videos/2017-09-20_19-24-55/2017-09-20_19-24-55.mp4-bee_id_3712-24975-1.png,0,2017-09-20_19-24-55,2017-09-20_19-24-55#3712,24975,train,[],healthy honeybee,2017-09-20_19-24-55
train/videos/2017-09-20_19-24-55/2017-09-20_19-24-55.mp4-bee_id_5183-65910-1.png,0,2017-09-20_19-24-55,2017-09-20_19-24-55#5183,65910,train,[],healthy honeybee,2017-09-20_19-24-55
train/videos/2017-08-30_15-42-59/2017-08-30_15-42-59.mp4-bee_id_11013-102360-1.png,0,2017-08-30_15-42-59,2017-08-30_15-42-59#11013,102360,train,[],healthy honeybee,2017-08-30_15-42-59
test/videos/2017-09-01_10-54-26/2017-09-01_10-54-26.mp4-bee_id_8679-89235-1.png,0,2017-09-01_10-54-26,2017-09-01_10-54-26#8679,89235,test,[],healthy honeybee,2017-09-01_10-54-26
val/videos/2017-09-25_16-03-38/2017-09-25_16-03-38.mp4-bee_id_2167-85590-1.png,0,2017-09-25_16-03-38,2017-09-25_16-03-38#2167,85590,val,[],healthy honeybee,2017-09-25_16-03-38
train/videos/2017-09-25_16-03-38-2/2017-09-25_16-03-38.mp4-bee_id_788-28065-1.png,0,2017-09-25_16-03-38,2017-09-25_16-03-38#788,28065,train,[],healthy honeybee,2017-09-25_16-03-38
train/videos/2017-09-20_19-24-55/2017-09-20_19-24-55.mp4-bee_id_3946-31440-1.png,0,2017-09-20_19-24-55,2017-09-20_19-24-55#3946,31440,train,[],healthy honeybee,2017-09-20_19-24-55
train/videos/2017-08-30_15-42-59/2017-08-30_15-42-59.mp4-bee_id_10175-60555-1.png,0,2017-08-30_15-42-59,2017-08-30_15-42-59#10175,60555,train,[],healthy honeybee,2017-08-30_15-42-59
test/videos/2017-10-17_1-39-36/2017-10-17_1-39-36.mp4-bee_id_3528-1560-1.png,0,2017-10-17_1-39-36,2017-10-17_1-39-36#3528,1560,test,[],healthy honeybee,2017-10-17_1-39-36
test/videos/2017-10-17_1-39-36/2017-10-17_1-39-36.mp4-bee_id_5754-62205-1.png,0,2017-10-17_1-39-36,2017-10-17_1-39-36#5754,62205,test,[],healthy honeybee,2017-10-17_1-39-36
train/videos/2017-09-20_19-24-55/2017-09-20_19-24-55.mp4-bee_id_4005-33420-1.png,1,2017-09-20_19-24-55,2017-09-20_19-24-55#4005,33420,train,"[[54.0, 144.0, 79.0, 186.0]]",honeybee with a varroa mite,2017-09-20_19-24-55
train/videos/2017-08-30_15-42-59/2017-08-30_15-42-59.mp4-bee_id_9098-360-1.png,0,2017-08-30_15-42-59,2017-08-30_15-42-59#9098,360,train,[],healthy honeybee,2017-08-30_15-42-59
train/videos/2017-10-17_16-41-10/2017-10-17_16-41-10.mp4-bee_id_7134-8220-1.png,0,2017-10-17_16-41-10,2017-10-17_16-41-10#7134,8220,train,[],healthy honeybee,2017-10-17_16-41-10
train/videos/2017-09-20_19-24-55/2017-09-20_19-24-55.mp4-bee_id_2886-2610-1.png,1,2017-09-20_19-24-55,2017-09-20_19-24-55#2886,2610,train,"[[66.0, 102.0, 108.0, 144.0]]",honeybee with a varroa mite,2017-09-20_19-24-55
train/videos/2017-08-30_15-42-59/2017-08-30_15-42-59.mp4-bee_id_9227-4560-1.png,0,2017-08-30_15-42-59,2017-08-30_15-42-59#9227,4560,train,[],healthy honeybee,2017-08-30_15-42-59
train/videos/2017-09-20_19-24-55/2017-09-20_19-24-55.mp4-bee_id_5637-79020-1.png,0,2017-09-20_19-24-55,2017-09-20_19-24-55#5637,79020,train,[],healthy honeybee,2017-09-20_19-24-55
test/videos/2017-09-01_10-54-26/2017-09-01_10-54-26.mp4-bee_id_7799-8160-1.png,0,2017-09-01_10-54-26,2017-09-01_10-54-26#7799,8160,test,[],healthy honeybee,2017-09-01_10-54-26
train/videos/2017-08-30_15-42-59/2017-08-30_15-42-59.mp4-bee_id_9885-48915-1.png,0,2017-08-30_15-42-59,2017-08-30_15-42-59#9885,48915,train,[],healthy honeybee,2017-08-30_15-42-59
test/videos/2017-09-01_10-54-26/2017-09-01_10-54-26.mp4-bee_id_7922-25950-1.png,1,2017-09-01_10-54-26,2017-09-01_10-54-26#7922,25950,test,"[[70.0, 138.0, 101.0, 167.0]]",honeybee with a varroa mite,2017-09-01_10-54-26
train/videos/2017-09-20_19-24-55/2017-09-20_19-24-55.mp4-bee_id_4803-55515-1.png,0,2017-09-20_19-24-55,2017-09-20_19-24-55#4803,55515,train,[],healthy honeybee,2017-09-20_19-24-55
test/videos/2017-09-01_10-54-26/2017-09-01_10-54-26.mp4-bee_id_8891-98670-1.png,0,2017-09-01_10-54-26,2017-09-01_10-54-26#8891,98670,test,[],healthy honeybee,2017-09-01_10-54-26
train/videos/2017-08-30_15-42-59/2017-08-30_15-42-59.mp4-bee_id_9691-40065-1.png,0,2017-08-30_15-42-59,2017-08-30_15-42-59#9691,40065,train,[],healthy honeybee,2017-08-30_15-42-59
test/videos/2017-09-01_10-54-26/2017-09-01_10-54-26.mp4-bee_id_8526-81240-1.png,0,2017-09-01_10-54-26,2017-09-01_10-54-26#8526,81240,test,[],healthy honeybee,2017-09-01_10-54-26
test/videos/2017-09-01_10-54-26/2017-09-01_10-54-26.mp4-bee_id_9060-105840-1.png,1,2017-09-01_10-54-26,2017-09-01_10-54-26#9060,105840,test,"[[102.0, 89.0, 140.0, 123.0]]",honeybee with a varroa mite,2017-09-01_10-54-26
train/videos/2017-09-20_19-24-55/2017-09-20_19-24-55.mp4-bee_id_5830-84225-1.png,0,2017-09-20_19-24-55,2017-09-20_19-24-55#5830,84225,train,[],healthy honeybee,2017-09-20_19-24-55
test/videos/2017-10-17_1-39-36/2017-10-17_1-39-36.mp4-bee_id_5305-50850-1.png,0,2017-10-17_1-39-36,2017-10-17_1-39-36#5305,50850,test,[],healthy honeybee,2017-10-17_1-39-36
train/videos/2017-09-20_19-24-55/2017-09-20_19-24-55.mp4-bee_id_3414-17445-1.png,1,2017-09-20_19-24-55,2017-09-20_19-24-55#3414,17445,train,"[[105.0, 156.0, 135.0, 183.0]]",honeybee with a varroa mite,2017-09-20_19-24-55
val/videos/2017-09-01_3-01-01/2017-09-01_3-01-01.mp4-bee_id_2477-62580-1.png,0,2017-09-01_3-01-01,2017-09-01_3-01-01#2477,62580,val,[],healthy honeybee,2017-09-01_3-01-01
train/videos/2017-09-20_19-24-55/2017-09-20_19-24-55.mp4-bee_id_5548-76560-1.png,1,2017-09-20_19-24-55,2017-09-20_19-24-55#5548,76560,train,"[[87.0, 141.0, 119.0, 187.0], [32.0, 145.0, 61.0, 180.0]]",honeybee with a varroa mite,2017-09-20_19-24-55
train/videos/2017-09-20_19-24-55/2017-09-20_19-24-55.mp4-bee_id_2788-150-1.png,0,2017-09-20_19-24-55,2017-09-20_19-24-55#2788,150,train,[],healthy honeybee,2017-09-20_19-24-55
val/videos/2017-09-25_16-03-38/2017-09-25_16-03-38.mp4-bee_id_1606-51735-1.png,0,2017-09-25_16-03-38,2017-09-25_16-03-38#1606,51735,val,[],healthy honeybee,2017-09-25_16-03-38
train/videos/2017-09-25_16-03-38-2/2017-09-25_16-03-38.mp4-bee_id_456-15660-1.png,1,2017-09-25_16-03-38,2017-09-25_16-03-38#456,15660,train,"[[35.0, 109.0, 70.0, 135.0]]",honeybee with a varroa mite,2017-09-25_16-03-38
train/videos/2017-09-25_16-03-38-2/2017-09-25_16-03-38.mp4-bee_id_1080-36975-1.png,1,2017-09-25_16-03-38,2017-09-25_16-03-38#1080,36975,train,"[[39.0, 112.0, 81.0, 151.0]]",honeybee with a varroa mite,2017-09-25_16-03-38
test/videos/2017-10-17_1-39-36/2017-10-17_1-39-36.mp4-bee_id_5458-54435-1.png,0,2017-10-17_1-39-36,2017-10-17_1-39-36#5458,54435,test,[],healthy honeybee,2017-10-17_1-39-36
train/videos/2017-09-20_19-24-55/2017-09-20_19-24-55.mp4-bee_id_6157-93495-1.png,0,2017-09-20_19-24-55,2017-09-20_19-24-55#6157,93495,train,[],healthy honeybee,2017-09-20_19-24-55
train/videos/2017-09-20_19-24-55/2017-09-20_19-24-55.mp4-bee_id_5342-70590-1.png,1,2017-09-20_19-24-55,2017-09-20_19-24-55#5342,70590,train,"[[35.0, 141.0, 59.0, 175.0]]",honeybee with a varroa mite,2017-09-20_19-24-55
test/videos/2017-10-17_1-39-36/2017-10-17_1-39-36.mp4-bee_id_4178-19770-1.png,0,2017-10-17_1-39-36,2017-10-17_1-39-36#4178,19770,test,[],healthy honeybee,2017-10-17_1-39-36
train/videos/2017-08-30_15-42-59/2017-08-30_15-42-59.mp4-bee_id_10852-94035-1.png,1,2017-08-30_15-42-59,2017-08-30_15-42-59#10852,94035,train,"[[112.0, 155.0, 137.0, 182.0]]",honeybee with a varroa mite,2017-08-30_15-42-59
train/videos/2017-10-17_16-41-10/2017-10-17_16-41-10.mp4-bee_id_7196-10485-1.png,0,2017-10-17_16-41-10,2017-10-17_16-41-10#7196,10485,train,[],healthy honeybee,2017-10-17_16-41-10
train/videos/2017-09-20_19-24-55/2017-09-20_19-24-55.mp4-bee_id_4093-35610-1.png,0,2017-09-20_19-24-55,2017-09-20_19-24-55#4093,35610,train,[],healthy honeybee,2017-09-20_19-24-55
train/videos/2017-08-30_15-42-59/2017-08-30_15-42-59.mp4-bee_id_10165-60270-1.png,0,2017-08-30_15-42-59,2017-08-30_15-42-59#10165,60270,train,[],healthy honeybee,2017-08-30_15-42-59
train/videos/2017-09-20_19-24-55/2017-09-20_19-24-55.mp4-bee_id_6239-95895-1.png,0,2017-09-20_19-24-55,2017-09-20_19-24-55#6239,95895,train,[],healthy honeybee,2017-09-20_19-24-55
train/videos/2017-09-20_19-24-55/2017-09-20_19-24-55.mp4-bee_id_4662-51915-1.png,0,2017-09-20_19-24-55,2017-09-20_19-24-55#4662,51915,train,[],healthy honeybee,2017-09-20_19-24-55
train/videos/2017-09-20_19-24-55/2017-09-20_19-24-55.mp4-bee_id_4565-49230-1.png,0,2017-09-20_19-24-55,2017-09-20_19-24-55#4565,49230,train,[],healthy honeybee,2017-09-20_19-24-55
train/videos/2017-08-28_09-30-00-1_500_dirty_glass/2017-08-28_09-30-00-1_500_dirty_glass.mp4-bee_id_6995-22590-1.png,0,2017-08-28_09-30-00-1_500_dirty_glass,2017-08-28_09-30-00-1_500_dirty_glass#6995,22590,train,[],healthy honeybee,2017-08-28_09-30-00-1_500_dirty_glass
val/videos/2017-09-01_3-01-01/2017-09-01_3-01-01.mp4-bee_id_2300-48975-1.png,1,2017-09-01_3-01-01,2017-09-01_3-01-01#2300,48975,val,"[[80.0, 142.0, 115.0, 164.0], [90.0, 163.0, 119.0, 190.0]]",honeybee with a varroa mite,2017-09-01_3-01-01
train/videos/2017-09-20_19-24-55/2017-09-20_19-24-55.mp4-bee_id_4916-58830-1.png,0,2017-09-20_19-24-55,2017-09-20_19-24-55#4916,58830,train,[],healthy honeybee,2017-09-20_19-24-55
test/videos/2017-09-01_10-54-26/2017-09-01_10-54-26.mp4-bee_id_7779-6225-1.png,0,2017-09-01_10-54-26,2017-09-01_10-54-26#7779,6225,test,[],healthy honeybee,2017-09-01_10-54-26
train/videos/2017-09-20_19-24-55/2017-09-20_19-24-55.mp4-bee_id_5295-69210-1.png,0,2017-09-20_19-24-55,2017-09-20_19-24-55#5295,69210,train,[],healthy honeybee,2017-09-20_19-24-55
train/videos/2017-08-30_15-42-59/2017-08-30_15-42-59.mp4-bee_id_10110-58500-1.png,0,2017-08-30_15-42-59,2017-08-30_15-42-59#10110,58500,train,[],healthy honeybee,2017-08-30_15-42-59
train/videos/2017-08-28_09-30-00-1_500_dirty_glass/2017-08-28_09-30-00-1_500_dirty_glass.mp4-bee_id_7370-46245-1.png,0,2017-08-28_09-30-00-1_500_dirty_glass,2017-08-28_09-30-00-1_500_dirty_glass#7370,46245,train,[],healthy honeybee,2017-08-28_09-30-00-1_500_dirty_glass
test/videos/2017-10-17_1-39-36/2017-10-17_1-39-36.mp4-bee_id_4942-40875-1.png,0,2017-10-17_1-39-36,2017-10-17_1-39-36#4942,40875,test,[],healthy honeybee,2017-10-17_1-39-36
train/videos/2017-08-30_15-42-59/2017-08-30_15-42-59.mp4-bee_id_10943-99465-1.png,0,2017-08-30_15-42-59,2017-08-30_15-42-59#10943,99465,train,[],healthy honeybee,2017-08-30_15-42-59
test/videos/2017-10-17_1-39-36/2017-10-17_1-39-36.mp4-bee_id_5088-44985-1.png,0,2017-10-17_1-39-36,2017-10-17_1-39-36#5088,44985,test,[],healthy honeybee,2017-10-17_1-39-36
train/videos/2017-09-20_19-24-55/2017-09-20_19-24-55.mp4-bee_id_4473-46545-1.png,0,2017-09-20_19-24-55,2017-09-20_19-24-55#4473,46545,train,[],healthy honeybee,2017-09-20_19-24-55
train/videos/2017-09-20_19-24-55/2017-09-20_19-24-55.mp4-bee_id_3564-21105-1.png,1,2017-09-20_19-24-55,2017-09-20_19-24-55#3564,21105,train,"[[30.0, 99.0, 63.0, 133.0]]",honeybee with a varroa mite,2017-09-20_19-24-55
test/videos/2017-10-17_1-39-36/2017-10-17_1-39-36.mp4-bee_id_4487-28500-1.png,0,2017-10-17_1-39-36,2017-10-17_1-39-36#4487,28500,test,[],healthy honeybee,2017-10-17_1-39-36
test/videos/2017-10-17_1-39-36/2017-10-17_1-39-36.mp4-bee_id_4097-17715-1.png,0,2017-10-17_1-39-36,2017-10-17_1-39-36#4097,17715,test,[],healthy honeybee,2017-10-17_1-39-36
val/videos/2017-09-01_3-01-01/2017-09-01_3-01-01.mp4-bee_id_2657-86640-1.png,0,2017-09-01_3-01-01,2017-09-01_3-01-01#2657,86640,val,[],healthy honeybee,2017-09-01_3-01-01
val/videos/2017-09-25_16-03-38/2017-09-25_16-03-38.mp4-bee_id_1801-57555-1.png,0,2017-09-25_16-03-38,2017-09-25_16-03-38#1801,57555,val,[],healthy honeybee,2017-09-25_16-03-38
test/videos/2017-10-17_1-39-36/2017-10-17_1-39-36.mp4-bee_id_4077-17295-1.png,1,2017-10-17_1-39-36,2017-10-17_1-39-36#4077,17295,test,"[[36.0, 77.0, 62.0, 108.0]]",honeybee with a varroa mite,2017-10-17_1-39-36
train/videos/2017-09-20_19-24-55/2017-09-20_19-24-55.mp4-bee_id_3600-21900-1.png,1,2017-09-20_19-24-55,2017-09-20_19-24-55#3600,21900,train,"[[34.0, 88.0, 66.0, 130.0], [83.0, 86.0, 124.0, 122.0]]",honeybee with a varroa mite,2017-09-20_19-24-55
test/videos/2017-10-17_1-39-36/2017-10-17_1-39-36.mp4-bee_id_5144-46920-1.png,0,2017-10-17_1-39-36,2017-10-17_1-39-36#5144,46920,test,[],healthy honeybee,2017-10-17_1-39-36
test/videos/2017-10-17_1-39-36/2017-10-17_1-39-36.mp4-bee_id_4738-35070-1.png,0,2017-10-17_1-39-36,2017-10-17_1-39-36#4738,35070,test,[],healthy honeybee,2017-10-17_1-39-36
val/videos/2017-09-25_16-03-38/2017-09-25_16-03-38.mp4-bee_id_1777-56670-1.png,0,2017-09-25_16-03-38,2017-09-25_16-03-38#1777,56670,val,[],healthy honeybee,2017-09-25_16-03-38
train/videos/2017-09-20_19-24-55/2017-09-20_19-24-55.mp4-bee_id_3835-28185-1.png,0,2017-09-20_19-24-55,2017-09-20_19-24-55#3835,28185,train,[],healthy honeybee,2017-09-20_19-24-55
train/videos/2017-09-20_19-24-55/2017-09-20_19-24-55.mp4-bee_id_5823-83985-1.png,0,2017-09-20_19-24-55,2017-09-20_19-24-55#5823,83985,train,[],healthy honeybee,2017-09-20_19-24-55
train/videos/2017-08-28_09-30-00-1_500_dirty_glass/2017-08-28_09-30-00-1_500_dirty_glass.mp4-bee_id_7141-32340-1.png,1,2017-08-28_09-30-00-1_500_dirty_glass,2017-08-28_09-30-00-1_500_dirty_glass#7141,32340,train,"[[37.0, 135.0, 69.0, 159.0]]",honeybee with a varroa mite,2017-08-28_09-30-00-1_500_dirty_glass
val/videos/2017-09-25_16-03-38/2017-09-25_16-03-38.mp4-bee_id_1420-46410-1.png,0,2017-09-25_16-03-38,2017-09-25_16-03-38#1420,46410,val,[],healthy honeybee,2017-09-25_16-03-38
test/videos/2017-09-01_10-54-26/2017-09-01_10-54-26.mp4-bee_id_7994-30555-1.png,1,2017-09-01_10-54-26,2017-09-01_10-54-26#7994,30555,test,"[[85.0, 111.0, 113.0, 141.0]]",honeybee with a varroa mite,2017-09-01_10-54-26
test/videos/2017-10-17_1-39-36/2017-10-17_1-39-36.mp4-bee_id_5625-59010-1.png,0,2017-10-17_1-39-36,2017-10-17_1-39-36#5625,59010,test,[],healthy honeybee,2017-10-17_1-39-36
train/videos/2017-09-20_19-24-55/2017-09-20_19-24-55.mp4-bee_id_6052-90825-1.png,0,2017-09-20_19-24-55,2017-09-20_19-24-55#6052,90825,train,[],healthy honeybee,2017-09-20_19-24-55
train/videos/2017-08-30_15-42-59/2017-08-30_15-42-59.mp4-bee_id_10393-72960-1.png,0,2017-08-30_15-42-59,2017-08-30_15-42-59#10393,72960,train,[],healthy honeybee,2017-08-30_15-42-59
val/videos/2017-09-01_20-00-17/2017-09-01_20-00-17.mp4-bee_id_173-75570-1.png,0,2017-09-01_20-00-17,2017-09-01_20-00-17#173,75570,val,[],healthy honeybee,2017-09-01_20-00-17
test/videos/2017-09-01_10-54-26/2017-09-01_10-54-26.mp4-bee_id_8074-34290-1.png,0,2017-09-01_10-54-26,2017-09-01_10-54-26#8074,34290,test,[],healthy honeybee,2017-09-01_10-54-26
val/videos/2017-09-01_20-00-17/2017-09-01_20-00-17.mp4-bee_id_206-91440-1.png,0,2017-09-01_20-00-17,2017-09-01_20-00-17#206,91440,val,[],healthy honeybee,2017-09-01_20-00-17
val/videos/2017-09-01_20-00-17/2017-09-01_20-00-17.mp4-bee_id_111-44505-1.png,0,2017-09-01_20-00-17,2017-09-01_20-00-17#111,44505,val,[],healthy honeybee,2017-09-01_20-00-17
test/videos/2017-10-17_1-39-36/2017-10-17_1-39-36.mp4-bee_id_4457-27780-1.png,0,2017-10-17_1-39-36,2017-10-17_1-39-36#4457,27780,test,[],healthy honeybee,2017-10-17_1-39-36
train/videos/2017-08-28_09-30-00-1_500_dirty_glass/2017-08-28_09-30-00-1_500_dirty_glass.mp4-bee_id_6939-20985-1.png,1,2017-08-28_09-30-00-1_500_dirty_glass,2017-08-28_09-30-00-1_500_dirty_glass#6939,20985,train,"[[47.0, 87.0, 73.0, 110.0]]",honeybee with a varroa mite,2017-08-28_09-30-00-1_500_dirty_glass
train/videos/2017-09-25_16-03-38-2/2017-09-25_16-03-38.mp4-bee_id_701-25680-1.png,0,2017-09-25_16-03-38,2017-09-25_16-03-38#701,25680,train,[],healthy honeybee,2017-09-25_16-03-38
train/videos/2017-09-20_19-24-55/2017-09-20_19-24-55.mp4-bee_id_5621-78750-1.png,1,2017-09-20_19-24-55,2017-09-20_19-24-55#5621,78750,train,"[[86.0, 123.0, 115.0, 156.0]]",honeybee with a varroa mite,2017-09-20_19-24-55
val/videos/2017-09-01_20-00-17/2017-09-01_20-00-17.mp4-bee_id_222-104055-1.png,0,2017-09-01_20-00-17,2017-09-01_20-00-17#222,104055,val,[],healthy honeybee,2017-09-01_20-00-17
test/videos/2017-10-17_1-39-36/2017-10-17_1-39-36.mp4-bee_id_4731-34665-1.png,0,2017-10-17_1-39-36,2017-10-17_1-39-36#4731,34665,test,[],healthy honeybee,2017-10-17_1-39-36
test/videos/2017-10-17_1-39-36/2017-10-17_1-39-36.mp4-bee_id_4458-27795-1.png,0,2017-10-17_1-39-36,2017-10-17_1-39-36#4458,27795,test,[],healthy honeybee,2017-10-17_1-39-36
test/videos/2017-10-17_1-39-36/2017-10-17_1-39-36.mp4-bee_id_4801-36825-1.png,0,2017-10-17_1-39-36,2017-10-17_1-39-36#4801,36825,test,[],healthy honeybee,2017-10-17_1-39-36
test/videos/2017-10-17_1-39-36/2017-10-17_1-39-36.mp4-bee_id_3856-10680-1.png,0,2017-10-17_1-39-36,2017-10-17_1-39-36#3856,10680,test,[],healthy honeybee,2017-10-17_1-39-36
train/videos/2017-09-25_16-03-38-2/2017-09-25_16-03-38.mp4-bee_id_443-14895-1.png,1,2017-09-25_16-03-38,2017-09-25_16-03-38#443,14895,train,"[[45.0, 156.0, 97.0, 198.0], [30.0, 84.0, 64.0, 127.0], [77.0, 88.0, 110.0, 121.0]]",honeybee with a varroa mite,2017-09-25_16-03-38
test/videos/2017-09-01_10-54-26/2017-09-01_10-54-26.mp4-bee_id_8393-64185-1.png,0,2017-09-01_10-54-26,2017-09-01_10-54-26#8393,64185,test,[],healthy honeybee,2017-09-01_10-54-26
val/videos/2017-09-01_3-01-01/2017-09-01_3-01-01.mp4-bee_id_2257-42300-1.png,1,2017-09-01_3-01-01,2017-09-01_3-01-01#2257,42300,val,"[[80.0, 169.0, 112.0, 191.0], [72.0, 143.0, 111.0, 173.0]]",honeybee with a varroa mite,2017-09-01_3-01-01
test/videos/2017-10-17_1-39-36/2017-10-17_1-39-36.mp4-bee_id_5035-43485-1.png,0,2017-10-17_1-39-36,2017-10-17_1-39-36#5035,43485,test,[],healthy honeybee,2017-10-17_1-39-36
train/videos/2017-10-17_16-41-10/2017-10-17_16-41-10.mp4-bee_id_6965-3000-1.png,1,2017-10-17_16-41-10,2017-10-17_16-41-10#6965,3000,train,"[[36.0, 106.0, 73.0, 143.0]]",honeybee with a varroa mite,2017-10-17_16-41-10
val/videos/2017-08-28_16-32-55_30_sec/2017-08-28_16-32-55_30_sec.mp4-bee_id_6658-315-1.png,1,2017-08-28_16-32-55_30_sec,2017-08-28_16-32-55_30_sec#6658,315,val,"[[84.0, 151.0, 120.0, 190.0]]",honeybee with a varroa mite,2017-08-28_16-32-55_30_sec
train/videos/2017-08-30_15-42-59/2017-08-30_15-42-59.mp4-bee_id_9985-54315-1.png,0,2017-08-30_15-42-59,2017-08-30_15-42-59#9985,54315,train,[],healthy honeybee,2017-08-30_15-42-59
train/videos/2017-08-28_09-30-00-1_500_dirty_glass/2017-08-28_09-30-00-1_500_dirty_glass.mp4-bee_id_7522-53670-1.png,0,2017-08-28_09-30-00-1_500_dirty_glass,2017-08-28_09-30-00-1_500_dirty_glass#7522,53670,train,[],healthy honeybee,2017-08-28_09-30-00-1_500_dirty_glass
val/videos/2017-09-25_16-03-38/2017-09-25_16-03-38.mp4-bee_id_2153-84795-1.png,0,2017-09-25_16-03-38,2017-09-25_16-03-38#2153,84795,val,[],healthy honeybee,2017-09-25_16-03-38
train/videos/2017-08-30_15-42-59/2017-08-30_15-42-59.mp4-bee_id_10825-92775-1.png,0,2017-08-30_15-42-59,2017-08-30_15-42-59#10825,92775,train,[],healthy honeybee,2017-08-30_15-42-59
train/videos/2017-08-30_15-42-59/2017-08-30_15-42-59.mp4-bee_id_9962-53070-1.png,0,2017-08-30_15-42-59,2017-08-30_15-42-59#9962,53070,train,[],healthy honeybee,2017-08-30_15-42-59
train/videos/2017-09-20_19-24-55/2017-09-20_19-24-55.mp4-bee_id_5580-77655-1.png,0,2017-09-20_19-24-55,2017-09-20_19-24-55#5580,77655,train,[],healthy honeybee,2017-09-20_19-24-55
train/videos/2017-08-30_15-42-59/2017-08-30_15-42-59.mp4-bee_id_9834-46095-1.png,0,2017-08-30_15-42-59,2017-08-30_15-42-59#9834,46095,train,[],healthy honeybee,2017-08-30_15-42-59
train/videos/2017-09-20_19-24-55/2017-09-20_19-24-55.mp4-bee_id_6013-89670-1.png,1,2017-09-20_19-24-55,2017-09-20_19-24-55#6013,89670,train,"[[46.0, 162.0, 71.0, 196.0], [100.0, 151.0, 127.0, 190.0]]",honeybee with a varroa mite,2017-09-20_19-24-55
train/videos/2017-09-20_19-24-55/2017-09-20_19-24-55.mp4-bee_id_5353-70830-1.png,0,2017-09-20_19-24-55,2017-09-20_19-24-55#5353,70830,train,[],healthy honeybee,2017-09-20_19-24-55
test/videos/2017-09-01_10-54-26/2017-09-01_10-54-26.mp4-bee_id_8977-102225-1.png,1,2017-09-01_10-54-26,2017-09-01_10-54-26#8977,102225,test,"[[59.0, 97.0, 92.0, 123.0], [35.0, 100.0, 63.0, 128.0]]",honeybee with a varroa mite,2017-09-01_10-54-26
train/videos/2017-09-20_19-24-55/2017-09-20_19-24-55.mp4-bee_id_3500-19635-1.png,0,2017-09-20_19-24-55,2017-09-20_19-24-55#3500,19635,train,[],healthy honeybee,2017-09-20_19-24-55
train/videos/2017-09-20_19-24-55/2017-09-20_19-24-55.mp4-bee_id_3397-16980-1.png,0,2017-09-20_19-24-55,2017-09-20_19-24-55#3397,16980,train,[],healthy honeybee,2017-09-20_19-24-55
train/videos/2017-09-20_19-24-55/2017-09-20_19-24-55.mp4-bee_id_5896-86280-1.png,0,2017-09-20_19-24-55,2017-09-20_19-24-55#5896,86280,train,[],healthy honeybee,2017-09-20_19-24-55
train/videos/2017-09-20_19-24-55/2017-09-20_19-24-55.mp4-bee_id_6418-100620-1.png,1,2017-09-20_19-24-55,2017-09-20_19-24-55#6418,100620,train,"[[41.0, 133.0, 74.0, 170.0]]",honeybee with a varroa mite,2017-09-20_19-24-55
train/videos/2017-09-20_19-24-55/2017-09-20_19-24-55.mp4-bee_id_5240-67515-1.png,0,2017-09-20_19-24-55,2017-09-20_19-24-55#5240,67515,train,[],healthy honeybee,2017-09-20_19-24-55
test/videos/2017-10-17_1-39-36/2017-10-17_1-39-36.mp4-bee_id_5364-52245-1.png,0,2017-10-17_1-39-36,2017-10-17_1-39-36#5364,52245,test,[],healthy honeybee,2017-10-17_1-39-36
train/videos/2017-08-30_15-42-59/2017-08-30_15-42-59.mp4-bee_id_9497-28815-1.png,0,2017-08-30_15-42-59,2017-08-30_15-42-59#9497,28815,train,[],healthy honeybee,2017-08-30_15-42-59
val/videos/2017-09-01_3-01-01/2017-09-01_3-01-01.mp4-bee_id_2648-86265-1.png,0,2017-09-01_3-01-01,2017-09-01_3-01-01#2648,86265,val,[],healthy honeybee,2017-09-01_3-01-01
test/videos/2017-10-17_1-39-36/2017-10-17_1-39-36.mp4-bee_id_5434-53820-1.png,0,2017-10-17_1-39-36,2017-10-17_1-39-36#5434,53820,test,[],healthy honeybee,2017-10-17_1-39-36
train/videos/2017-09-25_16-03-38-2/2017-09-25_16-03-38.mp4-bee_id_373-11955-1.png,0,2017-09-25_16-03-38,2017-09-25_16-03-38#373,11955,train,[],healthy honeybee,2017-09-25_16-03-38
train/videos/2017-10-17_16-41-10/2017-10-17_16-41-10.mp4-bee_id_7002-4215-1.png,0,2017-10-17_16-41-10,2017-10-17_16-41-10#7002,4215,train,[],healthy honeybee,2017-10-17_16-41-10
test/videos/2017-10-17_1-39-36/2017-10-17_1-39-36.mp4-bee_id_5383-52695-1.png,0,2017-10-17_1-39-36,2017-10-17_1-39-36#5383,52695,test,[],healthy honeybee,2017-10-17_1-39-36
train/videos/2017-09-20_19-24-55/2017-09-20_19-24-55.mp4-bee_id_5579-77640-1.png,1,2017-09-20_19-24-55,2017-09-20_19-24-55#5579,77640,train,"[[61.0, 70.0, 101.0, 111.0]]",honeybee with a varroa mite,2017-09-20_19-24-55
train/videos/2017-08-30_15-42-59/2017-08-30_15-42-59.mp4-bee_id_10871-95160-1.png,0,2017-08-30_15-42-59,2017-08-30_15-42-59#10871,95160,train,[],healthy honeybee,2017-08-30_15-42-59
train/videos/2017-09-20_19-24-55/2017-09-20_19-24-55.mp4-bee_id_6078-91440-1.png,1,2017-09-20_19-24-55,2017-09-20_19-24-55#6078,91440,train,"[[21.0, 86.0, 54.0, 119.0]]",honeybee with a varroa mite,2017-09-20_19-24-55
train/videos/2017-09-20_19-24-55/2017-09-20_19-24-55.mp4-bee_id_5791-83070-1.png,0,2017-09-20_19-24-55,2017-09-20_19-24-55#5791,83070,train,[],healthy honeybee,2017-09-20_19-24-55
train/videos/2017-09-20_19-24-55/2017-09-20_19-24-55.mp4-bee_id_4277-40545-1.png,1,2017-09-20_19-24-55,2017-09-20_19-24-55#4277,40545,train,"[[32.0, 140.0, 63.0, 187.0]]",honeybee with a varroa mite,2017-09-20_19-24-55
train/videos/2017-09-20_19-24-55/2017-09-20_19-24-55.mp4-bee_id_6033-90210-1.png,0,2017-09-20_19-24-55,2017-09-20_19-24-55#6033,90210,train,[],healthy honeybee,2017-09-20_19-24-55
test/videos/2017-10-17_1-39-36/2017-10-17_1-39-36.mp4-bee_id_3854-10665-1.png,0,2017-10-17_1-39-36,2017-10-17_1-39-36#3854,10665,test,[],healthy honeybee,2017-10-17_1-39-36
val/videos/2017-09-25_16-03-38/2017-09-25_16-03-38.mp4-bee_id_1578-50985-1.png,0,2017-09-25_16-03-38,2017-09-25_16-03-38#1578,50985,val,[],healthy honeybee,2017-09-25_16-03-38
train/videos/2017-09-20_19-24-55/2017-09-20_19-24-55.mp4-bee_id_5464-74445-1.png,0,2017-09-20_19-24-55,2017-09-20_19-24-55#5464,74445,train,[],healthy honeybee,2017-09-20_19-24-55
train/videos/2017-08-30_15-42-59/2017-08-30_15-42-59.mp4-bee_id_9489-27780-1.png,0,2017-08-30_15-42-59,2017-08-30_15-42-59#9489,27780,train,[],healthy honeybee,2017-08-30_15-42-59
train/videos/2017-09-25_16-03-38-2/2017-09-25_16-03-38.mp4-bee_id_1096-37440-1.png,0,2017-09-25_16-03-38,2017-09-25_16-03-38#1096,37440,train,[],healthy honeybee,2017-09-25_16-03-38
train/videos/2017-08-30_15-42-59/2017-08-30_15-42-59.mp4-bee_id_9925-50910-1.png,0,2017-08-30_15-42-59,2017-08-30_15-42-59#9925,50910,train,[],healthy honeybee,2017-08-30_15-42-59
test/videos/2017-10-17_1-39-36/2017-10-17_1-39-36.mp4-bee_id_4060-16800-1.png,0,2017-10-17_1-39-36,2017-10-17_1-39-36#4060,16800,test,[],healthy honeybee,2017-10-17_1-39-36
train/videos/2017-08-30_15-42-59/2017-08-30_15-42-59.mp4-bee_id_9701-40365-1.png,0,2017-08-30_15-42-59,2017-08-30_15-42-59#9701,40365,train,[],healthy honeybee,2017-08-30_15-42-59
train/videos/2017-08-28_09-30-00-1_500_dirty_glass/2017-08-28_09-30-00-1_500_dirty_glass.mp4-bee_id_7727-62685-1.png,0,2017-08-28_09-30-00-1_500_dirty_glass,2017-08-28_09-30-00-1_500_dirty_glass#7727,62685,train,[],healthy honeybee,2017-08-28_09-30-00-1_500_dirty_glass
val/videos/2017-09-25_16-03-38/2017-09-25_16-03-38.mp4-bee_id_1567-50685-1.png,0,2017-09-25_16-03-38,2017-09-25_16-03-38#1567,50685,val,[],healthy honeybee,2017-09-25_16-03-38
train/videos/2017-08-28_09-30-00-1_500_dirty_glass/2017-08-28_09-30-00-1_500_dirty_glass.mp4-bee_id_7190-34410-1.png,0,2017-08-28_09-30-00-1_500_dirty_glass,2017-08-28_09-30-00-1_500_dirty_glass#7190,34410,train,[],healthy honeybee,2017-08-28_09-30-00-1_500_dirty_glass
train/videos/2017-10-17_16-41-10/2017-10-17_16-41-10.mp4-bee_id_7020-4605-1.png,0,2017-10-17_16-41-10,2017-10-17_16-41-10#7020,4605,train,[],healthy honeybee,2017-10-17_16-41-10
train/videos/2017-08-30_15-42-59/2017-08-30_15-42-59.mp4-bee_id_9747-42285-1.png,0,2017-08-30_15-42-59,2017-08-30_15-42-59#9747,42285,train,[],healthy honeybee,2017-08-30_15-42-59
train/videos/2017-09-20_19-24-55/2017-09-20_19-24-55.mp4-bee_id_5259-68145-1.png,0,2017-09-20_19-24-55,2017-09-20_19-24-55#5259,68145,train,[],healthy honeybee,2017-09-20_19-24-55
val/videos/2017-09-25_16-03-38/2017-09-25_16-03-38.mp4-bee_id_1436-46815-1.png,1,2017-09-25_16-03-38,2017-09-25_16-03-38#1436,46815,val,"[[42.0, 108.0, 59.0, 128.0]]",honeybee with a varroa mite,2017-09-25_16-03-38
train/videos/2017-08-28_09-30-00-1_500_dirty_glass/2017-08-28_09-30-00-1_500_dirty_glass.mp4-bee_id_6949-21240-1.png,1,2017-08-28_09-30-00-1_500_dirty_glass,2017-08-28_09-30-00-1_500_dirty_glass#6949,21240,train,"[[16.0, 112.0, 41.0, 148.0]]",honeybee with a varroa mite,2017-08-28_09-30-00-1_500_dirty_glass
train/videos/2017-09-20_19-24-55/2017-09-20_19-24-55.mp4-bee_id_3253-12870-1.png,0,2017-09-20_19-24-55,2017-09-20_19-24-55#3253,12870,train,[],healthy honeybee,2017-09-20_19-24-55
test/videos/2017-10-17_1-39-36/2017-10-17_1-39-36.mp4-bee_id_4814-37065-1.png,0,2017-10-17_1-39-36,2017-10-17_1-39-36#4814,37065,test,[],healthy honeybee,2017-10-17_1-39-36
train/videos/2017-08-30_15-42-59/2017-08-30_15-42-59.mp4-bee_id_9164-2655-1.png,0,2017-08-30_15-42-59,2017-08-30_15-42-59#9164,2655,train,[],healthy honeybee,2017-08-30_15-42-59
test/videos/2017-10-17_1-39-36/2017-10-17_1-39-36.mp4-bee_id_4198-20640-1.png,0,2017-10-17_1-39-36,2017-10-17_1-39-36#4198,20640,test,[],healthy honeybee,2017-10-17_1-39-36
test/videos/2017-10-17_1-39-36/2017-10-17_1-39-36.mp4-bee_id_5501-55605-1.png,0,2017-10-17_1-39-36,2017-10-17_1-39-36#5501,55605,test,[],healthy honeybee,2017-10-17_1-39-36
test/videos/2017-10-17_1-39-36/2017-10-17_1-39-36.mp4-bee_id_4088-17565-1.png,0,2017-10-17_1-39-36,2017-10-17_1-39-36#4088,17565,test,[],healthy honeybee,2017-10-17_1-39-36
train/videos/2017-08-30_15-42-59/2017-08-30_15-42-59.mp4-bee_id_9493-28110-1.png,0,2017-08-30_15-42-59,2017-08-30_15-42-59#9493,28110,train,[],healthy honeybee,2017-08-30_15-42-59
test/videos/2017-10-17_1-39-36/2017-10-17_1-39-36.mp4-bee_id_5882-65400-1.png,1,2017-10-17_1-39-36,2017-10-17_1-39-36#5882,65400,test,"[[88.0, 137.0, 116.0, 162.0]]",honeybee with a varroa mite,2017-10-17_1-39-36
train/videos/2017-10-17_16-41-10/2017-10-17_16-41-10.mp4-bee_id_7236-12090-1.png,0,2017-10-17_16-41-10,2017-10-17_16-41-10#7236,12090,train,[],healthy honeybee,2017-10-17_16-41-10
train/videos/2017-08-30_15-42-59/2017-08-30_15-42-59.mp4-bee_id_10676-85230-1.png,0,2017-08-30_15-42-59,2017-08-30_15-42-59#10676,85230,train,[],healthy honeybee,2017-08-30_15-42-59
train/videos/2017-08-30_15-42-59/2017-08-30_15-42-59.mp4-bee_id_9697-40320-1.png,1,2017-08-30_15-42-59,2017-08-30_15-42-59#9697,40320,train,"[[44.0, 159.0, 68.0, 204.0]]",honeybee with a varroa mite,2017-08-30_15-42-59
val/videos/2017-09-29_15-31-49/2017-09-29_15-31-49.mp4-bee_id_56-1500-1.png,0,2017-09-29_15-31-49,2017-09-29_15-31-49#56,1500,val,[],healthy honeybee,2017-09-29_15-31-49
train/videos/2017-08-30_15-42-59/2017-08-30_15-42-59.mp4-bee_id_9461-24675-1.png,1,2017-08-30_15-42-59,2017-08-30_15-42-59#9461,24675,train,"[[49.0, 149.0, 78.0, 184.0]]",honeybee with a varroa mite,2017-08-30_15-42-59
test/videos/2017-09-01_10-54-26/2017-09-01_10-54-26.mp4-bee_id_8414-65745-1.png,0,2017-09-01_10-54-26,2017-09-01_10-54-26#8414,65745,test,[],healthy honeybee,2017-09-01_10-54-26
train/videos/2017-10-17_16-41-10/2017-10-17_16-41-10.mp4-bee_id_6946-2475-1.png,0,2017-10-17_16-41-10,2017-10-17_16-41-10#6946,2475,train,[],healthy honeybee,2017-10-17_16-41-10
train/videos/2017-09-20_19-24-55/2017-09-20_19-24-55.mp4-bee_id_3725-25215-1.png,0,2017-09-20_19-24-55,2017-09-20_19-24-55#3725,25215,train,[],healthy honeybee,2017-09-20_19-24-55
test/videos/2017-09-01_10-54-26/2017-09-01_10-54-26.mp4-bee_id_8614-87285-1.png,0,2017-09-01_10-54-26,2017-09-01_10-54-26#8614,87285,test,[],healthy honeybee,2017-09-01_10-54-26
train/videos/2017-09-20_19-24-55/2017-09-20_19-24-55.mp4-bee_id_4006-33435-1.png,1,2017-09-20_19-24-55,2017-09-20_19-24-55#4006,33435,train,"[[43.0, 95.0, 77.0, 131.0], [96.0, 57.0, 116.0, 97.0]]",honeybee with a varroa mite,2017-09-20_19-24-55
test/videos/2017-10-17_1-39-36/2017-10-17_1-39-36.mp4-bee_id_4150-19290-1.png,0,2017-10-17_1-39-36,2017-10-17_1-39-36#4150,19290,test,[],healthy honeybee,2017-10-17_1-39-36
train/videos/2017-08-30_15-42-59/2017-08-30_15-42-59.mp4-bee_id_9670-39030-1.png,1,2017-08-30_15-42-59,2017-08-30_15-42-59#9670,39030,train,"[[90.0, 100.0, 123.0, 129.0]]",honeybee with a varroa mite,2017-08-30_15-42-59
test/videos/2017-10-17_1-39-36/2017-10-17_1-39-36.mp4-bee_id_3494-570-1.png,0,2017-10-17_1-39-36,2017-10-17_1-39-36#3494,570,test,[],healthy honeybee,2017-10-17_1-39-36
test/videos/2017-10-17_1-39-36/2017-10-17_1-39-36.mp4-bee_id_4742-35205-1.png,0,2017-10-17_1-39-36,2017-10-17_1-39-36#4742,35205,test,[],healthy honeybee,2017-10-17_1-39-36
train/videos/2017-08-30_15-42-59/2017-08-30_15-42-59.mp4-bee_id_10501-78195-1.png,0,2017-08-30_15-42-59,2017-08-30_15-42-59#10501,78195,train,[],healthy honeybee,2017-08-30_15-42-59
train/videos/2017-09-20_19-24-55/2017-09-20_19-24-55.mp4-bee_id_3424-17700-1.png,0,2017-09-20_19-24-55,2017-09-20_19-24-55#3424,17700,train,[],healthy honeybee,2017-09-20_19-24-55
train/videos/2017-08-30_15-42-59/2017-08-30_15-42-59.mp4-bee_id_10054-56955-1.png,0,2017-08-30_15-42-59,2017-08-30_15-42-59#10054,56955,train,[],healthy honeybee,2017-08-30_15-42-59
train/videos/2017-09-20_19-24-55/2017-09-20_19-24-55.mp4-bee_id_5644-79260-1.png,1,2017-09-20_19-24-55,2017-09-20_19-24-55#5644,79260,train,"[[89.0, 130.0, 126.0, 162.0]]",honeybee with a varroa mite,2017-09-20_19-24-55
