path,label,video,track,frame,orig_split,mite_boxes,class_name,group
train/videos/2017-08-28_16-31-55/2017-08-28_16-31-55.mp4-bee_id_2769-30-1.png,1,2017-08-28_16-31-55,2017-08-28_16-31-55#2769,30,train,"[[42.0, 150.0, 72.0, 189.0]]",honeybee with a varroa mite,2017-08-28_16-31-55
train/videos/2017-08-28_16-31-55/2017-08-28_16-31-55.mp4-bee_id_2770-75-1.png,1,2017-08-28_16-31-55,2017-08-28_16-31-55#2770,75,train,"[[56.0, 97.0, 93.0, 135.0], [96.0, 142.0, 123.0, 173.0]]",honeybee with a varroa mite,2017-08-28_16-31-55
train/videos/2017-08-28_16-31-55/2017-08-28_16-31-55.mp4-bee_id_2771-90-1.png,1,2017-08-28_16-31-55,2017-08-28_16-31-55#2771,90,train,"[[38.0, 98.0, 69.0, 126.0]]",honeybee with a varroa mite,2017-08-28_16-31-55
train/videos/2017-08-28_16-31-55/2017-08-28_16-31-55.mp4-bee_id_2772-90-1.png,1,2017-08-28_16-31-55,2017-08-28_16-31-55#2772,90,train,"[[54.0, 110.0, 90.0, 144.0], [85.0, 142.0, 108.0, 169.0]]",honeybee with a varroa mite,2017-08-28_16-31-55
train/videos/2017-09-25_16-03-38-2/2017-09-25_16-03-38.mp4-bee_id_1001-34395-1.png,0,2017-09-25_16-03-38,2017-09-25_16-03-38#1001,34395,train,[],healthy honeybee,2017-09-25_16-03-38
train/videos/2017-09-25_16-03-38-2/2017-09-25_16-03-38.mp4-bee_id_1002-34410-1.png,0,2017-09-25_16-03-38,2017-09-25_16-03-38#1002,34410,train,[],healthy honeybee,2017-09-25_16-03-38
train/videos/2017-09-25_16-03-38-2/2017-09-25_16-03-38.mp4-bee_id_1003-34425-1.png,0,2017-09-25_16-03-38,2017-09-25_16-03-38#1003,34425,train,[],healthy honeybee,2017-09-25_16-03-38
train/videos/2017-09-25_16-03-38-2/2017-09-25_16-03-38.mp4-bee_id_1005-34455-1.png,0,2017-09-25_16-03-38,2017-09-25_16-03-38#1005,34455,train,[],healthy honeybee,2017-09-25_16-03-38
train/videos/2017-09-25_16-03-38-2/2017-09-25_16-03-38.mp4-bee_id_1006-34650-1.png,0,2017-09-25_16-03-38,2017-09-25_16-03-38#1006,34650,train,[],healthy honeybee,2017-09-25_16-03-38
train/videos/2017-09-25_16-03-38-2/2017-09-25_16-03-38.mp4-bee_id_1009-34920-1.png,0,2017-09-25_16-03-38,2017-09-25_16-03-38#1009,34920,train,[],healthy honeybee,2017-09-25_16-03-38
train/videos/2017-09-25_16-03-38-2/2017-09-25_16-03-38.mp4-bee_id_1012-34965-1.png,0,2017-09-25_16-03-38,2017-09-25_16-03-38#1012,34965,train,[],healthy honeybee,2017-09-25_16-03-38
train/videos/2017-09-25_16-03-38-2/2017-09-25_16-03-38.mp4-bee_id_1013-34980-1.png,0,2017-09-25_16-03-38,2017-09-25_16-03-38#1013,34980,train,[],healthy honeybee,2017-09-25_16-03-38
train/videos/2017-09-25_16-03-38-2/2017-09-25_16-03-38.mp4-bee_id_1014-34980-1.png,1,2017-09-25_16-03-38,2017-09-25_16-03-38#1014,34980,train,"[[80.0, 128.0, 112.0, 154.0]]",honeybee with a varroa mite,2017-09-25_16-03-38
train/videos/2017-09-25_16-03-38-2/2017-09-25_16-03-38.mp4-bee_id_1015-34995-1.png,0,2017-09-25_16-03-38,2017-09-25_16-03-38#1015,34995,train,[],healthy honeybee,2017-09-25_16-03-38
train/videos/2017-09-25_16-03-38-2/2017-09-25_16-03-38.mp4-bee_id_1019-35145-1.png,0,2017-09-25_16-03-38,2017-09-25_16-03-38#1019,35145,train,[],healthy honeybee,2017-09-25_16-03-38
train/videos/2017-09-25_16-03-38-2/2017-09-25_16-03-38.mp4-bee_id_1020-35190-1.png,0,2017-09-25_16-03-38,2017-09-25_16-03-38#1020,35190,train,[],healthy honeybee,2017-09-25_16-03-38
train/videos/2017-09-25_16-03-38-2/2017-09-25_16-03-38.mp4-bee_id_1022-35265-1.png,0,2017-09-25_16-03-38,2017-09-25_16-03-38#1022,35265,train,[],healthy honeybee,2017-09-25_16-03-38
train/videos/2017-09-25_16-03-38-2/2017-09-25_16-03-38.mp4-bee_id_1024-35295-1.png,0,2017-09-25_16-03-38,2017-09-25_16-03-38#1024,35295,train,[],healthy honeybee,2017-09-25_16-03-38
train/videos/2017-09-25_16-03-38-2/2017-09-25_16-03-38.mp4-bee_id_1025-35310-1.png,0,2017-09-25_16-03-38,2017-09-25_16-03-38#1025,35310,train,[],healthy honeybee,2017-09-25_16-03-38
train/videos/2017-09-25_16-03-38-2/2017-09-25_16-03-38.mp4-bee_id_1027-35325-1.png,1,2017-09-25_16-03-38,2017-09-25_16-03-38#1027,35325,train,"[[54.0, 109.0, 81.0, 139.0]]",honeybee with a varroa mite,2017-09-25_16-03-38
train/videos/2017-09-25_16-03-38-2/2017-09-25_16-03-38.mp4-bee_id_1028-35385-1.png,0,2017-09-25_16-03-38,2017-09-25_16-03-38#1028,35385,train,[],healthy honeybee,2017-09-25_16-03-38
train/videos/2017-09-25_16-03-38-2/2017-09-25_16-03-38.mp4-bee_id_1029-35400-1.png,0,2017-09-25_16-03-38,2017-09-25_16-03-38#1029,35400,train,[],healthy honeybee,2017-09-25_16-03-38
train/videos/2017-09-25_16-03-38-2/2017-09-25_16-03-38.mp4-bee_id_1031-35595-1.png,0,2017-09-25_16-03-38,2017-09-25_16-03-38#1031,35595,train,[],healthy honeybee,2017-09-25_16-03-38
train/videos/2017-09-25_16-03-38-2/2017-09-25_16-03-38.mp4-bee_id_1032-35610-1.png,1,2017-09-25_16-03-38,2017-09-25_16-03-38#1032,35610,train,"[[65.0, 219.0, 89.0, 261.0]]",honeybee with a varroa mite,2017-09-25_16-03-38
train/videos/2017-09-25_16-03-38-2/2017-09-25_16-03-38.mp4-bee_id_1033-35640-1.png,1,2017-09-25_16-03-38,2017-09-25_16-03-38#1033,35640,train,"[[96.0, 128.0, 133.0, 166.0]]",honeybee with a varroa mite,2017-09-25_16-03-38
train/videos/2017-09-25_16-03-38-2/2017-09-25_16-03-38.mp4-bee_id_1035-35745-1.png,0,2017-09-25_16-03-38,2017-09-25_16-03-38#1035,35745,train,[],healthy honeybee,2017-09-25_16-03-38
train/videos/2017-09-25_16-03-38-2/2017-09-25_16-03-38.mp4-bee_id_1036-35760-1.png,0,2017-09-25_16-03-38,2017-09-25_16-03-38#1036,35760,train,[],healthy honeybee,2017-09-25_16-03-38
train/videos/2017-09-25_16-03-38-2/2017-09-25_16-03-38.mp4-bee_id_1037-35790-1.png,0,2017-09-25_16-03-38,2017-09-25_16-03-38#1037,35790,train,[],healthy honeybee,2017-09-25_16-03-38
train/videos/2017-09-25_16-03-38-2/2017-09-25_16-03-38.mp4-bee_id_1039-35820-1.png,0,2017-09-25_16-03-38,2017-09-25_16-03-38#1039,35820,train,[],healthy honeybee,2017-09-25_16-03-38
train/videos/2017-09-25_16-03-38-2/2017-09-25_16-03-38.mp4-bee_id_1040-35820-1.png,0,2017-09-25_16-03-38,2017-09-25_16-03-38#1040,35820,train,[],healthy honeybee,2017-09-25_16-03-38
train/videos/2017-09-25_16-03-38-2/2017-09-25_16-03-38.mp4-bee_id_1041-35835-1.png,0,2017-09-25_16-03-38,2017-09-25_16-03-38#1041,35835,train,[],healthy honeybee,2017-09-25_16-03-38
train/videos/2017-09-25_16-03-38-2/2017-09-25_16-03-38.mp4-bee_id_1042-35865-1.png,0,2017-09-25_16-03-38,2017-09-25_16-03-38#1042,35865,train,[],healthy honeybee,2017-09-25_16-03-38
train/videos/2017-09-25_16-03-38-2/2017-09-25_16-03-38.mp4-bee_id_1043-35910-1.png,0,2017-09-25_16-03-38,2017-09-25_16-03-38#1043,35910,train,[],healthy honeybee,2017-09-25_16-03-38
train/videos/2017-09-25_16-03-38-2/2017-09-25_16-03-38.mp4-bee_id_1044-35910-1.png,0,2017-09-25_16-03-38,2017-09-25_16-03-38#1044,35910,train,[],healthy honeybee,2017-09-25_16-03-38
train/videos/2017-09-25_16-03-38-2/2017-09-25_16-03-38.mp4-bee_id_1045-35925-1.png,0,2017-09-25_16-03-38,2017-09-25_16-03-38#1045,35925,train,[],healthy honeybee,2017-09-25_16-03-38
train/videos/2017-09-25_16-03-38-2/2017-09-25_16-03-38.mp4-bee_id_1046-35970-1.png,1,2017-09-25_16-03-38,2017-09-25_16-03-38#1046,35970,train,"[[89.0, 150.0, 116.0, 184.0]]",honeybee with a varroa mite,2017-09-25_16-03-38
train/videos/2017-09-25_16-03-38-2/2017-09-25_16-03-38.mp4-bee_id_1048-36015-1.png,0,2017-09-25_16-03-38,2017-09-25_16-03-38#1048,36015,train,[],healthy honeybee,2017-09-25_16-03-38
train/videos/2017-09-25_16-03-38-2/2017-09-25_16-03-38.mp4-bee_id_1049-36015-1.png,0,2017-09-25_16-03-38,2017-09-25_16-03-38#1049,36015,train,[],healthy honeybee,2017-09-25_16-03-38
train/videos/2017-09-25_16-03-38-2/2017-09-25_16-03-38.mp4-bee_id_1050-36030-1.png,0,2017-09-25_16-03-38,2017-09-25_16-03-38#1050,36030,train,[],healthy honeybee,2017-09-25_16-03-38
train/videos/2017-09-25_16-03-38-2/2017-09-25_16-03-38.mp4-bee_id_1051-36030-1.png,0,2017-09-25_16-03-38,2017-09-25_16-03-38#1051,36030,train,[],healthy honeybee,2017-09-25_16-03-38
train/videos/2017-09-25_16-03-38-2/2017-09-25_16-03-38.mp4-bee_id_1052-36045-1.png,0,2017-09-25_16-03-38,2017-09-25_16-03-38#1052,36045,train,[],healthy honeybee,2017-09-25_16-03-38
train/videos/2017-09-25_16-03-38-2/2017-09-25_16-03-38.mp4-bee_id_1053-36165-1.png,0,2017-09-25_16-03-38,2017-09-25_16-03-38#1053,36165,train,[],healthy honeybee,2017-09-25_16-03-38
train/videos/2017-09-25_16-03-38-2/2017-09-25_16-03-38.mp4-bee_id_1054-36255-1.png,0,2017-09-25_16-03-38,2017-09-25_16-03-38#1054,36255,train,[],healthy honeybee,2017-09-25_16-03-38
train/videos/2017-09-25_16-03-38-2/2017-09-25_16-03-38.mp4-bee_id_1055-36300-1.png,1,2017-09-25_16-03-38,2017-09-25_16-03-38#1055,36300,train,"[[64.0, 121.0, 113.0, 166.0]]",honeybee with a varroa mite,2017-09-25_16-03-38
train/videos/2017-09-25_16-03-38-2/2017-09-25_16-03-38.mp4-bee_id_1056-36300-1.png,0,2017-09-25_16-03-38,2017-09-25_16-03-38#1056,36300,train,[],healthy honeybee,2017-09-25_16-03-38
train/videos/2017-09-25_16-03-38-2/2017-09-25_16-03-38.mp4-bee_id_1057-36390-1.png,0,2017-09-25_16-03-38,2017-09-25_16-03-38#1057,36390,train,[],healthy honeybee,2017-09-25_16-03-38
train/videos/2017-09-25_16-03-38-2/2017-09-25_16-03-38.mp4-bee_id_1061-36495-1.png,0,2017-09-25_16-03-38,2017-09-25_16-03-38#1061,36495,train,[],healthy honeybee,2017-09-25_16-03-38
train/videos/2017-09-25_16-03-38-2/2017-09-25_16-03-38.mp4-bee_id_1063-36540-1.png,0,2017-09-25_16-03-38,2017-09-25_16-03-38#1063,36540,train,[],healthy honeybee,2017-09-25_16-03-38
train/videos/2017-09-25_16-03-38-2/2017-09-25_16-03-38.mp4-bee_id_1065-36570-1.png,0,2017-09-25_16-03-38,2017-09-25_16-03-38#1065,36570,train,[],healthy honeybee,2017-09-25_16-03-38
train/videos/2017-09-25_16-03-38-2/2017-09-25_16-03-38.mp4-bee_id_1066-36585-1.png,0,2017-09-25_16-03-38,2017-09-25_16-03-38#1066,36585,train,[],healthy honeybee,2017-09-25_16-03-38
train/videos/2017-09-25_16-03-38-2/2017-09-25_16-03-38.mp4-bee_id_1067-36600-1.png,0,2017-09-25_16-03-38,2017-09-25_16-03-38#1067,36600,train,[],healthy honeybee,2017-09-25_16-03-38
train/videos/2017-09-25_16-03-38-2/2017-09-25_16-03-38.mp4-bee_id_1068-36660-1.png,1,2017-09-25_16-03-38,2017-09-25_16-03-38#1068,36660,train,"[[101.0, 130.0, 137.0, 172.0]]",honeybee with a varroa mite,2017-09-25_16-03-38
train/videos/2017-09-25_16-03-38-2/2017-09-25_16-03-38.mp4-bee_id_1069-36675-1.png,0,2017-09-25_16-03-38,2017-09-25_16-03-38#1069,36675,train,[],healthy honeybee,2017-09-25_16-03-38
train/videos/2017-09-25_16-03-38-2/2017-09-25_16-03-38.mp4-bee_id_1070-36675-1.png,0,2017-09-25_16-03-38,2017-09-25_16-03-38#1070,36675,train,[],healthy honeybee,2017-09-25_16-03-38
train/videos/2017-09-25_16-03-38-2/2017-09-25_16-03-38.mp4-bee_id_1072-36795-1.png,1,2017-09-25_16-03-38,2017-09-25_16-03-38#1072,36795,train,"[[93.0, 131.0, 136.0, 162.0]]",honeybee with a varroa mite,2017-09-25_16-03-38
train/videos/2017-09-25_16-03-38-2/2017-09-25_16-03-38.mp4-bee_id_1073-36795-1.png,0,2017-09-25_16-03-38,2017-09-25_16-03-38#1073,36795,train,[],healthy honeybee,2017-09-25_16-03-38
train/videos/2017-09-25_16-03-38-2/2017-09-25_16-03-38.mp4-bee_id_1074-36810-1.png,1,2017-09-25_16-03-38,2017-09-25_16-03-38#1074,36810,train,"[[97.0, 131.0, 120.0, 154.0]]",honeybee with a varroa mite,2017-09-25_16-03-38
train/videos/2017-09-25_16-03-38-2/2017-09-25_16-03-38.mp4-bee_id_1078-36930-1.png,1,2017-09-25_16-03-38,2017-09-25_16-03-38#1078,36930,train,"[[74.0, 65.0, 109.0, 107.0]]",honeybee with a varroa mite,2017-09-25_16-03-38
train/videos/2017-09-25_16-03-38-2/2017-09-25_16-03-38.mp4-bee_id_1079-36945-1.png,0,2017-09-25_16-03-38,2017-09-25_16-03-38#1079,36945,train,[],healthy honeybee,2017-09-25_16-03-38
train/videos/2017-09-25_16-03-38-2/2017-09-25_16-03-38.mp4-bee_id_1080-36975-1.png,1,2017-09-25_16-03-38,2017-09-25_16-03-38#1080,36975,train,"[[39.0, 112.0, 81.0, 151.0]]",honeybee with a varroa mite,2017-09-25_16-03-38
train/videos/2017-09-25_16-03-38-2/2017-09-25_16-03-38.mp4-bee_id_1081-37020-1.png,0,2017-09-25_16-03-38,2017-09-25_16-03-38#1081,37020,train,[],healthy honeybee,2017-09-25_16-03-38
train/videos/2017-09-25_16-03-38-2/2017-09-25_16-03-38.mp4-bee_id_1082-37080-1.png,0,2017-09-25_16-03-38,2017-09-25_16-03-38#1082,37080,train,[],healthy honeybee,2017-09-25_16-03-38
train/videos/2017-09-25_16-03-38-2/2017-09-25_16-03-38.mp4-bee_id_1083-37095-1.png,1,2017-09-25_16-03-38,2017-09-25_16-03-38#1083,37095,train,"[[85.0, 157.0, 117.0, 183.0]]",honeybee with a varroa mite,2017-09-25_16-03-38
train/videos/2017-09-25_16-03-38-2/2017-09-25_16-03-38.mp4-bee_id_1084-37155-1.png,0,2017-09-25_16-03-38,2017-09-25_16-03-38#1084,37155,train,[],healthy honeybee,2017-09-25_16-03-38
train/videos/2017-09-25_16-03-38-2/2017-09-25_16-03-38.mp4-bee_id_1086-37245-1.png,1,2017-09-25_16-03-38,2017-09-25_16-03-38#1086,37245,train,"[[26.0, 93.0, 62.0, 128.0]]",honeybee with a varroa mite,2017-09-25_16-03-38
train/videos/2017-09-25_16-03-38-2/2017-09-25_16-03-38.mp4-bee_id_1087-37260-1.png,0,2017-09-25_16-03-38,2017-09-25_16-03-38#1087,37260,train,[],healthy honeybee,2017-09-25_16-03-38
train/videos/2017-09-25_16-03-38-2/2017-09-25_16-03-38.mp4-bee_id_1088-37260-1.png,0,2017-09-25_16-03-38,2017-09-25_16-03-38#1088,37260,train,[],healthy honeybee,2017-09-25_16-03-38
train/videos/2017-09-25_16-03-38-2/2017-09-25_16-03-38.mp4-bee_id_1090-37275-1.png,1,2017-09-25_16-03-38,2017-09-25_16-03-38#1090,37275,train,"[[30.0, 109.0, 61.0, 139.0]]",honeybee with a varroa mite,2017-09-25_16-03-38
train/videos/2017-09-25_16-03-38-2/2017-09-25_16-03-38.mp4-bee_id_1092-37305-1.png,1,2017-09-25_16-03-38,2017-09-25_16-03-38#1092,37305,train,"[[31.0, 97.0, 65.0, 124.0]]",honeybee with a varroa mite,2017-09-25_16-03-38
train/videos/2017-09-25_16-03-38-2/2017-09-25_16-03-38.mp4-bee_id_1093-37305-1.png,0,2017-09-25_16-03-38,2017-09-25_16-03-38#1093,37305,train,[],healthy honeybee,2017-09-25_16-03-38
train/videos/2017-09-25_16-03-38-2/2017-09-25_16-03-38.mp4-bee_id_1094-37320-1.png,0,2017-09-25_16-03-38,2017-09-25_16-03-38#1094,37320,train,[],healthy honeybee,2017-09-25_16-03-38
train/videos/2017-09-25_16-03-38-2/2017-09-25_16-03-38.mp4-bee_id_1095-37425-1.png,1,2017-09-25_16-03-38,2017-09-25_16-03-38#1095,37425,train,"[[42.0, 116.0, 84.0, 146.0]]",honeybee with a varroa mite,2017-09-25_16-03-38
train/videos/2017-09-25_16-03-38-2/2017-09-25_16-03-38.mp4-bee_id_1096-37440-1.png,0,2017-09-25_16-03-38,2017-09-25_16-03-38#1096,37440,train,[],healthy honeybee,2017-09-25_16-03-38
train/videos/2017-09-25_16-03-38-2/2017-09-25_16-03-38.mp4-bee_id_1097-37470-1.png,0,2017-09-25_16-03-38,2017-09-25_16-03-38#1097,37470,train,[],healthy honeybee,2017-09-25_16-03-38
train/videos/2017-09-25_16-03-38-2/2017-09-25_16-03-38.mp4-bee_id_1098-37470-1.png,0,2017-09-25_16-03-38,2017-09-25_16-03-38#1098,37470,train,[],healthy honeybee,2017-09-25_16-03-38
train/videos/2017-09-25_16-03-38-2/2017-09-25_16-03-38.mp4-bee_id_1099-37530-1.png,0,2017-09-25_16-03-38,2017-09-25_16-03-38#1099,37530,train,[],healthy honeybee,2017-09-25_16-03-38
train/videos/2017-09-25_16-03-38-2/2017-09-25_16-03-38.mp4-bee_id_1100-37560-1.png,0,2017-09-25_16-03-38,2017-09-25_16-03-38#1100,37560,train,[],healthy honeybee,2017-09-25_16-03-38
train/videos/2017-09-25_16-03-38-2/2017-09-25_16-03-38.mp4-bee_id_1102-37605-1.png,0,2017-09-25_16-03-38,2017-09-25_16-03-38#1102,37605,train,[],healthy honeybee,2017-09-25_16-03-38
train/videos/2017-09-25_16-03-38-2/2017-09-25_16-03-38.mp4-bee_id_1104-37695-1.png,0,2017-09-25_16-03-38,2017-09-25_16-03-38#1104,37695,train,[],healthy honeybee,2017-09-25_16-03-38
train/videos/2017-09-25_16-03-38-2/2017-09-25_16-03-38.mp4-bee_id_1105-37740-1.png,1,2017-09-25_16-03-38,2017-09-25_16-03-38#1105,37740,train,"[[90.0, 136.0, 124.0, 175.0]]",honeybee with a varroa mite,2017-09-25_16-03-38
train/videos/2017-09-25_16-03-38-2/2017-09-25_16-03-38.mp4-bee_id_1106-37800-1.png,1,2017-09-25_16-03-38,2017-09-25_16-03-38#1106,37800,train,"[[50.0, 62.0, 69.0, 81.0]]",honeybee with a varroa mite,2017-09-25_16-03-38
train/videos/2017-09-25_16-03-38-2/2017-09-25_16-03-38.mp4-bee_id_1107-37800-1.png,0,2017-09-25_16-03-38,2017-09-25_16-03-38#1107,37800,train,[],healthy honeybee,2017-09-25_16-03-38
train/videos/2017-09-25_16-03-38-2/2017-09-25_16-03-38.mp4-bee_id_1109-37875-1.png,0,2017-09-25_16-03-38,2017-09-25_16-03-38#1109,37875,train,[],healthy honeybee,2017-09-25_16-03-38
train/videos/2017-09-25_16-03-38-2/2017-09-25_16-03-38.mp4-bee_id_1112-38010-1.png,0,2017-09-25_16-03-38,2017-09-25_16-03-38#1112,38010,train,[],healthy honeybee,2017-09-25_16-03-38
train/videos/2017-09-25_16-03-38-2/2017-09-25_16-03-38.mp4-bee_id_1114-38040-1.png,0,2017-09-25_16-03-38,2017-09-25_16-03-38#1114,38040,train,[],healthy honeybee,2017-09-25_16-03-38
train/videos/2017-09-25_16-03-38-2/2017-09-25_16-03-38.mp4-bee_id_1116-38220-1.png,0,2017-09-25_16-03-38,2017-09-25_16-03-38#1116,38220,train,[],healthy honeybee,2017-09-25_16-03-38
train/videos/2017-09-25_16-03-38-2/2017-09-25_16-03-38.mp4-bee_id_1117-38235-1.png,0,2017-09-25_16-03-38,2017-09-25_16-03-38#1117,38235,train,[],healthy honeybee,2017-09-25_16-03-38
train/videos/2017-09-25_16-03-38-2/2017-09-25_16-03-38.mp4-bee_id_1119-38310-1.png,0,2017-09-25_16-03-38,2017-09-25_16-03-38#1119,38310,train,[],healthy honeybee,2017-09-25_16-03-38
train/videos/2017-09-25_16-03-38-2/2017-09-25_16-03-38.mp4-bee_id_1120-38340-1.png,0,2017-09-25_16-03-38,2017-09-25_16-03-38#1120,38340,train,[],healthy honeybee,2017-09-25_16-03-38
train/videos/2017-09-25_16-03-38-2/2017-09-25_16-03-38.mp4-bee_id_1121-38385-1.png,1,2017-09-25_16-03-38,2017-09-25_16-03-38#1121,38385,train,"[[46.0, 106.0, 94.0, 151.0]]",honeybee with a varroa mite,2017-09-25_16-03-38
train/videos/2017-09-25_16-03-38-2/2017-09-25_16-03-38.mp4-bee_id_1122-38385-1.png,0,2017-09-25_16-03-38,2017-09-25_16-03-38#1122,38385,train,[],healthy honeybee,2017-09-25_16-03-38
train/videos/2017-09-25_16-03-38-2/2017-09-25_16-03-38.mp4-bee_id_1124-38445-1.png,0,2017-09-25_16-03-38,2017-09-25_16-03-38#1124,38445,train,[],healthy honeybee,2017-09-25_16-03-38
train/videos/2017-09-25_16-03-38-2/2017-09-25_16-03-38.mp4-bee_id_1125-38460-1.png,0,2017-09-25_16-03-38,2017-09-25_16-03-38#1125,38460,train,[],healthy honeybee,2017-09-25_16-03-38
train/videos/2017-09-25_16-03-38-2/2017-09-25_16-03-38.mp4-bee_id_1126-38490-1.png,0,2017-09-25_16-03-38,2017-09-25_16-03-38#1126,38490,train,[],healthy honeybee,2017-09-25_16-03-38
train/videos/2017-09-25_16-03-38-2/2017-09-25_16-03-38.mp4-bee_id_1127-38505-1.png,0,2017-09-25_16-03-38,2017-09-25_16-03-38#1127,38505,train,[],healthy honeybee,2017-09-25_16-03-38
train/videos/2017-09-25_16-03-38-2/2017-09-25_16-03-38.mp4-bee_id_1129-38520-1.png,1,2017-09-25_16-03-38,2017-09-25_16-03-38#1129,38520,train,"[[50.0, 67.0, 81.0, 102.0]]",honeybee with a varroa mite,2017-09-25_16-03-38
train/videos/2017-09-25_16-03-38-2/2017-09-25_16-03-38.mp4-bee_id_1130-38595-1.png,0,2017-09-25_16-03-38,2017-09-25_16-03-38#1130,38595,train,[],healthy honeybee,2017-09-25_16-03-38
train/videos/2017-09-25_16-03-38-2/2017-09-25_16-03-38.mp4-bee_id_1131-38595-1.png,0,2017-09-25_16-03-38,2017-09-25_16-03-38#1131,38595,train,[],healthy honeybee,2017-09-25_16-03-38
train/videos/2017-09-25_16-03-38-2/2017-09-25_16-03-38.mp4-bee_id_1132-38610-1.png,0,2017-09-25_16-03-38,2017-09-25_16-03-38#1132,38610,train,[],healthy honeybee,2017-09-25_16-03-38
train/videos/2017-09-25_16-03-38-2/2017-09-25_16-03-38.mp4-bee_id_1133-38610-1.png,0,2017-09-25_16-03-38,2017-09-25_16-03-38#1133,38610,train,[],healthy honeybee,2017-09-25_16-03-38
train/videos/2017-09-25_16-03-38-2/2017-09-25_16-03-38.mp4-bee_id_1134-38610-1.png,1,2017-09-25_16-03-38,2017-09-25_16-03-38#1134,38610,train,"[[57.0, 151.0, 97.0, 186.0]]",honeybee with a varroa mite,2017-09-25_16-03-38
train/videos/2017-09-25_16-03-38-2/2017-09-25_16-03-38.mp4-bee_id_1137-38715-1.png,0,2017-09-25_16-03-38,2017-09-25_16-03-38#1137,38715,train,[],healthy honeybee,2017-09-25_16-03-38
train/videos/2017-09-25_16-03-38-2/2017-09-25_16-03-38.mp4-bee_id_1138-38745-1.png,0,2017-09-25_16-03-38,2017-09-25_16-03-38#1138,38745,train,[],healthy honeybee,2017-09-25_16-03-38
train/videos/2017-09-25_16-03-38-2/2017-09-25_16-03-38.mp4-bee_id_1139-38745-1.png,0,2017-09-25_16-03-38,2017-09-25_16-03-38#1139,38745,train,[],healthy honeybee,2017-09-25_16-03-38
train/videos/2017-09-25_16-03-38-2/2017-09-25_16-03-38.mp4-bee_id_1140-38790-1.png,0,2017-09-25_16-03-38,2017-09-25_16-03-38#1140,38790,train,[],healthy honeybee,2017-09-25_16-03-38
train/videos/2017-09-25_16-03-38-2/2017-09-25_16-03-38.mp4-bee_id_1141-38805-1.png,1,2017-09-25_16-03-38,2017-09-25_16-03-38#1141,38805,train,"[[53.0, 178.0, 89.0, 209.0], [93.0, 104.0, 131.0, 146.0], [50.0, 104.0, 76.0, 135.0]]",honeybee with a varroa mite,2017-09-25_16-03-38
train/videos/2017-09-25_16-03-38-2/2017-09-25_16-03-38.mp4-bee_id_1142-38805-1.png,0,2017-09-25_16-03-38,2017-09-25_16-03-38#1142,38805,train,[],healthy honeybee,2017-09-25_16-03-38
train/videos/2017-09-25_16-03-38-2/2017-09-25_16-03-38.mp4-bee_id_1144-38895-1.png,0,2017-09-25_16-03-38,2017-09-25_16-03-38#1144,38895,train,[],healthy honeybee,2017-09-25_16-03-38
train/videos/2017-09-25_16-03-38-2/2017-09-25_16-03-38.mp4-bee_id_1146-38955-1.png,0,2017-09-25_16-03-38,2017-09-25_16-03-38#1146,38955,train,[],healthy honeybee,2017-09-25_16-03-38
train/videos/2017-09-25_16-03-38-2/2017-09-25_16-03-38.mp4-bee_id_1147-38970-1.png,0,2017-09-25_16-03-38,2017-09-25_16-03-38#1147,38970,train,[],healthy honeybee,2017-09-25_16-03-38
train/videos/2017-09-25_16-03-38-2/2017-09-25_16-03-38.mp4-bee_id_1148-38985-1.png,1,2017-09-25_16-03-38,2017-09-25_16-03-38#1148,38985,train,"[[81.0, 72.0, 112.0, 102.0]]",honeybee with a varroa mite,2017-09-25_16-03-38
train/videos/2017-09-25_16-03-38-2/2017-09-25_16-03-38.mp4-bee_id_1149-39180-1.png,0,2017-09-25_16-03-38,2017-09-25_16-03-38#1149,39180,train,[],healthy honeybee,2017-09-25_16-03-38
train/videos/2017-09-25_16-03-38-2/2017-09-25_16-03-38.mp4-bee_id_1150-39195-1.png,0,2017-09-25_16-03-38,2017-09-25_16-03-38#1150,39195,train,[],healthy honeybee,2017-09-25_16-03-38
train/videos/2017-09-25_16-03-38-2/2017-09-25_16-03-38.mp4-bee_id_1151-39195-1.png,1,2017-09-25_16-03-38,2017-09-25_16-03-38#1151,39195,train,"[[54.0, 113.0, 101.0, 140.0]]",honeybee with a varroa mite,2017-09-25_16-03-38
train/videos/2017-09-25_16-03-38-2/2017-09-25_16-03-38.mp4-bee_id_1152-39195-1.png,0,2017-09-25_16-03-38,2017-09-25_16-03-38#1152,39195,train,[],healthy honeybee,2017-09-25_16-03-38
train/videos/2017-09-25_16-03-38-2/2017-09-25_16-03-38.mp4-bee_id_1154-39210-1.png,0,2017-09-25_16-03-38,2017-09-25_16-03-38#1154,39210,train,[],healthy honeybee,2017-09-25_16-03-38
train/videos/2017-09-25_16-03-38-2/2017-09-25_16-03-38.mp4-bee_id_1155-39225-1.png,0,2017-09-25_16-03-38,2017-09-25_16-03-38#1155,39225,train,[],healthy honeybee,2017-09-25_16-03-38
train/videos/2017-09-25_16-03-38-2/2017-09-25_16-03-38.mp4-bee_id_1156-39225-1.png,0,2017-09-25_16-03-38,2017-09-25_16-03-38#1156,39225,train,[],healthy honeybee,2017-09-25_16-03-38
train/videos/2017-09-25_16-03-38-2/2017-09-25_16-03-38.mp4-bee_id_1157-39240-1.png,0,2017-09-25_16-03-38,2017-09-25_16-03-38#1157,39240,train,[],healthy honeybee,2017-09-25_16-03-38
train/videos/2017-09-25_16-03-38-2/2017-09-25_16-03-38.mp4-bee_id_1158-39300-1.png,0,2017-09-25_16-03-38,2017-09-25_16-03-38#1158,39300,train,[],healthy honeybee,2017-09-25_16-03-38
train/videos/2017-09-25_16-03-38-2/2017-09-25_16-03-38.mp4-bee_id_1161-39465-1.png,0,2017-09-25_16-03-38,2017-09-25_16-03-38#1161,39465,train,[],healthy honeybee,2017-09-25_16-03-38
train/videos/2017-09-25_16-03-38-2/2017-09-25_16-03-38.mp4-bee_id_1162-39570-1.png,0,2017-09-25_16-03-38,2017-09-25_16-03-38#1162,39570,train,[],healthy honeybee,2017-09-25_16-03-38
train/videos/2017-09-25_16-03-38-2/2017-09-25_16-03-38.mp4-bee_id_1164-39585-1.png,0,2017-09-25_16-03-38,2017-09-25_16-03-38#1164,39585,train,[],healthy honeybee,2017-09-25_16-03-38
train/videos/2017-09-25_16-03-38-2/2017-09-25_16-03-38.mp4-bee_id_1168-39660-1.png,1,2017-09-25_16-03-38,2017-09-25_16-03-38#1168,39660,train,"[[31.0, 100.0, 65.0, 134.0]]",honeybee with a varroa mite,2017-09-25_16-03-38
train/videos/2017-09-25_16-03-38-2/2017-09-25_16-03-38.mp4-bee_id_1169-39765-1.png,0,2017-09-25_16-03-38,2017-09-25_16-03-38#1169,39765,train,[],healthy honeybee,2017-09-25_16-03-38
train/videos/2017-09-25_16-03-38-2/2017-09-25_16-03-38.mp4-bee_id_1170-39780-1.png,0,2017-09-25_16-03-38,2017-09-25_16-03-38#1170,39780,train,[],healthy honeybee,2017-09-25_16-03-38
train/videos/2017-09-25_16-03-38-2/2017-09-25_16-03-38.mp4-bee_id_1172-39795-1.png,0,2017-09-25_16-03-38,2017-09-25_16-03-38#1172,39795,train,[],healthy honeybee,2017-09-25_16-03-38
train/videos/2017-09-25_16-03-38-2/2017-09-25_16-03-38.mp4-bee_id_1174-39810-1.png,0,2017-09-25_16-03-38,2017-09-25_16-03-38#1174,39810,train,[],healthy honeybee,2017-09-25_16-03-38
train/videos/2017-09-25_16-03-38-2/2017-09-25_16-03-38.mp4-bee_id_1175-39810-1.png,0,2017-09-25_16-03-38,2017-09-25_16-03-38#1175,39810,train,[],healthy honeybee,2017-09-25_16-03-38
train/videos/2017-09-25_16-03-38-2/2017-09-25_16-03-38.mp4-bee_id_1180-40095-1.png,0,2017-09-25_16-03-38,2017-09-25_16-03-38#1180,40095,train,[],healthy honeybee,2017-09-25_16-03-38
train/videos/2017-09-25_16-03-38-2/2017-09-25_16-03-38.mp4-bee_id_1181-40095-1.png,0,2017-09-25_16-03-38,2017-09-25_16-03-38#1181,40095,train,[],healthy honeybee,2017-09-25_16-03-38
train/videos/2017-09-25_16-03-38-2/2017-09-25_16-03-38.mp4-bee_id_1182-40095-1.png,0,2017-09-25_16-03-38,2017-09-25_16-03-38#1182,40095,train,[],healthy honeybee,2017-09-25_16-03-38
train/videos/2017-09-25_16-03-38-2/2017-09-25_16-03-38.mp4-bee_id_1183-40125-1.png,0,2017-09-25_16-03-38,2017-09-25_16-03-38#1183,40125,train,[],healthy honeybee,2017-09-25_16-03-38
train/videos/2017-09-25_16-03-38-2/2017-09-25_16-03-38.mp4-bee_id_1184-40140-1.png,0,2017-09-25_16-03-38,2017-09-25_16-03-38#1184,40140,train,[],healthy honeybee,2017-09-25_16-03-38
train/videos/2017-09-25_16-03-38-2/2017-09-25_16-03-38.mp4-bee_id_1185-40185-1.png,0,2017-09-25_16-03-38,2017-09-25_16-03-38#1185,40185,train,[],healthy honeybee,2017-09-25_16-03-38
train/videos/2017-09-25_16-03-38-2/2017-09-25_16-03-38.mp4-bee_id_1186-40200-1.png,0,2017-09-25_16-03-38,2017-09-25_16-03-38#1186,40200,train,[],healthy honeybee,2017-09-25_16-03-38
train/videos/2017-09-25_16-03-38-2/2017-09-25_16-03-38.mp4-bee_id_1187-40215-1.png,0,2017-09-25_16-03-38,2017-09-25_16-03-38#1187,40215,train,[],healthy honeybee,2017-09-25_16-03-38
train/videos/2017-09-25_16-03-38-2/2017-09-25_16-03-38.mp4-bee_id_1188-40230-1.png,0,2017-09-25_16-03-38,2017-09-25_16-03-38#1188,40230,train,[],healthy honeybee,2017-09-25_16-03-38
train/videos/2017-09-25_16-03-38-2/2017-09-25_16-03-38.mp4-bee_id_1189-40275-1.png,0,2017-09-25_16-03-38,2017-09-25_16-03-38#1189,40275,train,[],healthy honeybee,2017-09-25_16-03-38
train/videos/2017-09-25_16-03-38-2/2017-09-25_16-03-38.mp4-bee_id_1190-40290-1.png,1,2017-09-25_16-03-38,2017-09-25_16-03-38#1190,40290,train,"[[50.0, 128.0, 93.0, 159.0]]",honeybee with a varroa mite,2017-09-25_16-03-38
train/videos/2017-09-25_16-03-38-2/2017-09-25_16-03-38.mp4-bee_id_1193-40320-1.png,0,2017-09-25_16-03-38,2017-09-25_16-03-38#1193,40320,train,[],healthy honeybee,2017-09-25_16-03-38
train/videos/2017-09-25_16-03-38-2/2017-09-25_16-03-38.mp4-bee_id_1194-40395-1.png,0,2017-09-25_16-03-38,2017-09-25_16-03-38#1194,40395,train,[],healthy honeybee,2017-09-25_16-03-38
train/videos/2017-09-25_16-03-38-2/2017-09-25_16-03-38.mp4-bee_id_1195-40395-1.png,0,2017-09-25_16-03-38,2017-09-25_16-03-38#1195,40395,train,[],healthy honeybee,2017-09-25_16-03-38
train/videos/2017-09-25_16-03-38-2/2017-09-25_16-03-38.mp4-bee_id_1196-40410-1.png,1,2017-09-25_16-03-38,2017-09-25_16-03-38#1196,40410,train,"[[73.0, 116.0, 120.0, 154.0]]",honeybee with a varroa mite,2017-09-25_16-03-38
train/videos/2017-09-25_16-03-38-2/2017-09-25_16-03-38.mp4-bee_id_1198-40455-1.png,1,2017-09-25_16-03-38,2017-09-25_16-03-38#1198,40455,train,"[[27.0, 101.0, 55.0, 138.0]]",honeybee with a varroa mite,2017-09-25_16-03-38
train/videos/2017-09-25_16-03-38-2/2017-09-25_16-03-38.mp4-bee_id_1200-40560-1.png,0,2017-09-25_16-03-38,2017-09-25_16-03-38#1200,40560,train,[],healthy honeybee,2017-09-25_16-03-38
train/videos/2017-09-25_16-03-38-2/2017-09-25_16-03-38.mp4-bee_id_1201-40575-1.png,0,2017-09-25_16-03-38,2017-09-25_16-03-38#1201,40575,train,[],healthy honeybee,2017-09-25_16-03-38
train/videos/2017-09-25_16-03-38-2/2017-09-25_16-03-38.mp4-bee_id_1202-40590-1.png,0,2017-09-25_16-03-38,2017-09-25_16-03-38#1202,40590,train,[],healthy honeybee,2017-09-25_16-03-38
train/videos/2017-09-25_16-03-38-2/2017-09-25_16-03-38.mp4-bee_id_1203-40635-1.png,0,2017-09-25_16-03-38,2017-09-25_16-03-38#1203,40635,train,[],healthy honeybee,2017-09-25_16-03-38
train/videos/2017-09-25_16-03-38-2/2017-09-25_16-03-38.mp4-bee_id_1205-40665-1.png,0,2017-09-25_16-03-38,2017-09-25_16-03-38#1205,40665,train,[],healthy honeybee,2017-09-25_16-03-38
train/videos/2017-09-25_16-03-38-2/2017-09-25_16-03-38.mp4-bee_id_1206-40680-1.png,1,2017-09-25_16-03-38,2017-09-25_16-03-38#1206,40680,train,"[[51.0, 120.0, 81.0, 149.0]]",honeybee with a varroa mite,2017-09-25_16-03-38
train/videos/2017-09-25_16-03-38-2/2017-09-25_16-03-38.mp4-bee_id_1208-40725-1.png,0,2017-09-25_16-03-38,2017-09-25_16-03-38#1208,40725,train,[],healthy honeybee,2017-09-25_16-03-38
train/videos/2017-09-25_16-03-38-2/2017-09-25_16-03-38.mp4-bee_id_1210-40740-1.png,0,2017-09-25_16-03-38,2017-09-25_16-03-38#1210,40740,train,[],healthy honeybee,2017-09-25_16-03-38
train/videos/2017-09-25_16-03-38-2/2017-09-25_16-03-38.mp4-bee_id_1211-40755-1.png,0,2017-09-25_16-03-38,2017-09-25_16-03-38#1211,40755,train,[],healthy honeybee,2017-09-25_16-03-38
train/videos/2017-09-25_16-03-38-2/2017-09-25_16-03-38.mp4-bee_id_1212-40845-1.png,0,2017-09-25_16-03-38,2017-09-25_16-03-38#1212,40845,train,[],healthy honeybee,2017-09-25_16-03-38
train/videos/2017-09-25_16-03-38-2/2017-09-25_16-03-38.mp4-bee_id_1213-40860-1.png,0,2017-09-25_16-03-38,2017-09-25_16-03-38#1213,40860,train,[],healthy honeybee,2017-09-25_16-03-38
train/videos/2017-09-25_16-03-38-2/2017-09-25_16-03-38.mp4-bee_id_1215-40890-1.png,0,2017-09-25_16-03-38,2017-09-25_16-03-38#1215,40890,train,[],healthy honeybee,2017-09-25_16-03-38
train/videos/2017-09-25_16-03-38-2/2017-09-25_16-03-38.mp4-bee_id_228-15-1.png,0,2017-09-25_16-03-38,2017-09-25_16-03-38#228,15,train,[],healthy honeybee,2017-09-25_16-03-38
train/videos/2017-09-25_16-03-38-2/2017-09-25_16-03-38.mp4-bee_id_229-15-1.png,0,2017-09-25_16-03-38,2017-09-25_16-03-38#229,15,train,[],healthy honeybee,2017-09-25_16-03-38
train/videos/2017-09-25_16-03-38-2/2017-09-25_16-03-38.mp4-bee_id_230-15-1.png,0,2017-09-25_16-03-38,2017-09-25_16-03-38#230,15,train,[],healthy honeybee,2017-09-25_16-03-38
train/videos/2017-09-25_16-03-38-2/2017-09-25_16-03-38.mp4-bee_id_231-45-1.png,0,2017-09-25_16-03-38,2017-09-25_16-03-38#231,45,train,[],healthy honeybee,2017-09-25_16-03-38
train/videos/2017-09-25_16-03-38-2/2017-09-25_16-03-38.mp4-bee_id_232-45-1.png,0,2017-09-25_16-03-38,2017-09-25_16-03-38#232,45,train,[],healthy honeybee,2017-09-25_16-03-38
train/videos/2017-09-25_16-03-38-2/2017-09-25_16-03-38.mp4-bee_id_235-75-1.png,0,2017-09-25_16-03-38,2017-09-25_16-03-38#235,75,train,[],healthy honeybee,2017-09-25_16-03-38
train/videos/2017-09-25_16-03-38-2/2017-09-25_16-03-38.mp4-bee_id_236-90-1.png,0,2017-09-25_16-03-38,2017-09-25_16-03-38#236,90,train,[],healthy honeybee,2017-09-25_16-03-38
train/videos/2017-09-25_16-03-38-2/2017-09-25_16-03-38.mp4-bee_id_237-270-1.png,0,2017-09-25_16-03-38,2017-09-25_16-03-38#237,270,train,[],healthy honeybee,2017-09-25_16-03-38
train/videos/2017-09-25_16-03-38-2/2017-09-25_16-03-38.mp4-bee_id_238-600-1.png,0,2017-09-25_16-03-38,2017-09-25_16-03-38#238,600,train,[],healthy honeybee,2017-09-25_16-03-38
train/videos/2017-09-25_16-03-38-2/2017-09-25_16-03-38.mp4-bee_id_242-840-1.png,1,2017-09-25_16-03-38,2017-09-25_16-03-38#242,840,train,"[[81.0, 104.0, 120.0, 143.0], [70.0, 179.0, 100.0, 209.0]]",honeybee with a varroa mite,2017-09-25_16-03-38
train/videos/2017-09-25_16-03-38-2/2017-09-25_16-03-38.mp4-bee_id_243-1065-1.png,1,2017-09-25_16-03-38,2017-09-25_16-03-38#243,1065,train,"[[40.0, 101.0, 78.0, 146.0]]",honeybee with a varroa mite,2017-09-25_16-03-38
train/videos/2017-09-25_16-03-38-2/2017-09-25_16-03-38.mp4-bee_id_244-1200-1.png,0,2017-09-25_16-03-38,2017-09-25_16-03-38#244,1200,train,[],healthy honeybee,2017-09-25_16-03-38
train/videos/2017-09-25_16-03-38-2/2017-09-25_16-03-38.mp4-bee_id_245-1200-1.png,0,2017-09-25_16-03-38,2017-09-25_16-03-38#245,1200,train,[],healthy honeybee,2017-09-25_16-03-38
train/videos/2017-09-25_16-03-38-2/2017-09-25_16-03-38.mp4-bee_id_247-1245-1.png,1,2017-09-25_16-03-38,2017-09-25_16-03-38#247,1245,train,"[[39.0, 112.0, 81.0, 146.0]]",honeybee with a varroa mite,2017-09-25_16-03-38
train/videos/2017-09-25_16-03-38-2/2017-09-25_16-03-38.mp4-bee_id_248-1290-1.png,0,2017-09-25_16-03-38,2017-09-25_16-03-38#248,1290,train,[],healthy honeybee,2017-09-25_16-03-38
train/videos/2017-09-25_16-03-38-2/2017-09-25_16-03-38.mp4-bee_id_249-1560-1.png,0,2017-09-25_16-03-38,2017-09-25_16-03-38#249,1560,train,[],healthy honeybee,2017-09-25_16-03-38
train/videos/2017-09-25_16-03-38-2/2017-09-25_16-03-38.mp4-bee_id_250-1620-1.png,1,2017-09-25_16-03-38,2017-09-25_16-03-38#250,1620,train,"[[71.0, 73.0, 105.0, 100.0], [98.0, 123.0, 145.0, 170.0], [51.0, 132.0, 90.0, 167.0]]",honeybee with a varroa mite,2017-09-25_16-03-38
train/videos/2017-09-25_16-03-38-2/2017-09-25_16-03-38.mp4-bee_id_253-1935-1.png,0,2017-09-25_16-03-38,2017-09-25_16-03-38#253,1935,train,[],healthy honeybee,2017-09-25_16-03-38
train/videos/2017-09-25_16-03-38-2/2017-09-25_16-03-38.mp4-bee_id_254-2055-1.png,1,2017-09-25_16-03-38,2017-09-25_16-03-38#254,2055,train,"[[55.0, 76.0, 98.0, 105.0]]",honeybee with a varroa mite,2017-09-25_16-03-38
train/videos/2017-09-25_16-03-38-2/2017-09-25_16-03-38.mp4-bee_id_255-2085-1.png,0,2017-09-25_16-03-38,2017-09-25_16-03-38#255,2085,train,[],healthy honeybee,2017-09-25_16-03-38
train/videos/2017-09-25_16-03-38-2/2017-09-25_16-03-38.mp4-bee_id_257-2265-1.png,0,2017-09-25_16-03-38,2017-09-25_16-03-38#257,2265,train,[],healthy honeybee,2017-09-25_16-03-38
train/videos/2017-09-25_16-03-38-2/2017-09-25_16-03-38.mp4-bee_id_258-2280-1.png,1,2017-09-25_16-03-38,2017-09-25_16-03-38#258,2280,train,"[[70.0, 139.0, 106.0, 175.0]]",honeybee with a varroa mite,2017-09-25_16-03-38
train/videos/2017-09-25_16-03-38-2/2017-09-25_16-03-38.mp4-bee_id_259-2310-1.png,1,2017-09-25_16-03-38,2017-09-25_16-03-38#259,2310,train,"[[76.0, 123.0, 119.0, 160.0]]",honeybee with a varroa mite,2017-09-25_16-03-38
train/videos/2017-09-25_16-03-38-2/2017-09-25_16-03-38.mp4-bee_id_261-2475-1.png,0,2017-09-25_16-03-38,2017-09-25_16-03-38#261,2475,train,[],healthy honeybee,2017-09-25_16-03-38
train/videos/2017-09-25_16-03-38-2/2017-09-25_16-03-38.mp4-bee_id_262-2610-1.png,0,2017-09-25_16-03-38,2017-09-25_16-03-38#262,2610,train,[],healthy honeybee,2017-09-25_16-03-38
train/videos/2017-09-25_16-03-38-2/2017-09-25_16-03-38.mp4-bee_id_263-2820-1.png,0,2017-09-25_16-03-38,2017-09-25_16-03-38#263,2820,train,[],healthy honeybee,2017-09-25_16-03-38
train/videos/2017-09-25_16-03-38-2/2017-09-25_16-03-38.mp4-bee_id_264-2835-1.png,0,2017-09-25_16-03-38,2017-09-25_16-03-38#264,2835,train,[],healthy honeybee,2017-09-25_16-03-38
train/videos/2017-09-25_16-03-38-2/2017-09-25_16-03-38.mp4-bee_id_267-3060-1.png,0,2017-09-25_16-03-38,2017-09-25_16-03-38#267,3060,train,[],healthy honeybee,2017-09-25_16-03-38
train/videos/2017-09-25_16-03-38-2/2017-09-25_16-03-38.mp4-bee_id_268-3180-1.png,1,2017-09-25_16-03-38,2017-09-25_16-03-38#268,3180,train,"[[90.0, 148.0, 129.0, 182.0]]",honeybee with a varroa mite,2017-09-25_16-03-38
train/videos/2017-09-25_16-03-38-2/2017-09-25_16-03-38.mp4-bee_id_270-3495-1.png,1,2017-09-25_16-03-38,2017-09-25_16-03-38#270,3495,train,"[[59.0, 169.0, 101.0, 196.0]]",honeybee with a varroa mite,2017-09-25_16-03-38
train/videos/2017-09-25_16-03-38-2/2017-09-25_16-03-38.mp4-bee_id_273-3735-1.png,0,2017-09-25_16-03-38,2017-09-25_16-03-38#273,3735,train,[],healthy honeybee,2017-09-25_16-03-38
train/videos/2017-09-25_16-03-38-2/2017-09-25_16-03-38.mp4-bee_id_274-3765-1.png,0,2017-09-25_16-03-38,2017-09-25_16-03-38#274,3765,train,[],healthy honeybee,2017-09-25_16-03-38
train/videos/2017-09-25_16-03-38-2/2017-09-25_16-03-38.mp4-bee_id_275-4320-1.png,1,2017-09-25_16-03-38,2017-09-25_16-03-38#275,4320,train,"[[63.0, 188.0, 109.0, 222.0]]",honeybee with a varroa mite,2017-09-25_16-03-38
train/videos/2017-09-25_16-03-38-2/2017-09-25_16-03-38.mp4-bee_id_276-4530-1.png,0,2017-09-25_16-03-38,2017-09-25_16-03-38#276,4530,train,[],healthy honeybee,2017-09-25_16-03-38
train/videos/2017-09-25_16-03-38-2/2017-09-25_16-03-38.mp4-bee_id_277-4530-1.png,0,2017-09-25_16-03-38,2017-09-25_16-03-38#277,4530,train,[],healthy honeybee,2017-09-25_16-03-38
train/videos/2017-09-25_16-03-38-2/2017-09-25_16-03-38.mp4-bee_id_278-4590-1.png,0,2017-09-25_16-03-38,2017-09-25_16-03-38#278,4590,train,[],healthy honeybee,2017-09-25_16-03-38
train/videos/2017-09-25_16-03-38-2/2017-09-25_16-03-38.mp4-bee_id_279-4635-1.png,0,2017-09-25_16-03-38,2017-09-25_16-03-38#279,4635,train,[],healthy honeybee,2017-09-25_16-03-38
train/videos/2017-09-25_16-03-38-2/2017-09-25_16-03-38.mp4-bee_id_280-4740-1.png,1,2017-09-25_16-03-38,2017-09-25_16-03-38#280,4740,train,"[[51.0, 183.0, 93.0, 222.0]]",honeybee with a varroa mite,2017-09-25_16-03-38
train/videos/2017-09-25_16-03-38-2/2017-09-25_16-03-38.mp4-bee_id_282-5310-1.png,0,2017-09-25_16-03-38,2017-09-25_16-03-38#282,5310,train,[],healthy honeybee,2017-09-25_16-03-38
train/videos/2017-09-25_16-03-38-2/2017-09-25_16-03-38.mp4-bee_id_285-5895-1.png,0,2017-09-25_16-03-38,2017-09-25_16-03-38#285,5895,train,[],healthy honeybee,2017-09-25_16-03-38
train/videos/2017-09-25_16-03-38-2/2017-09-25_16-03-38.mp4-bee_id_286-6450-1.png,0,2017-09-25_16-03-38,2017-09-25_16-03-38#286,6450,train,[],healthy honeybee,2017-09-25_16-03-38
train/videos/2017-09-25_16-03-38-2/2017-09-25_16-03-38.mp4-bee_id_287-6465-1.png,0,2017-09-25_16-03-38,2017-09-25_16-03-38#287,6465,train,[],healthy honeybee,2017-09-25_16-03-38
train/videos/2017-09-25_16-03-38-2/2017-09-25_16-03-38.mp4-bee_id_288-6480-1.png,0,2017-09-25_16-03-38,2017-09-25_16-03-38#288,6480,train,[],healthy honeybee,2017-09-25_16-03-38
train/videos/2017-09-25_16-03-38-2/2017-09-25_16-03-38.mp4-bee_id_289-6495-1.png,0,2017-09-25_16-03-38,2017-09-25_16-03-38#289,6495,train,[],healthy honeybee,2017-09-25_16-03-38
train/videos/2017-09-25_16-03-38-2/2017-09-25_16-03-38.mp4-bee_id_291-6855-1.png,1,2017-09-25_16-03-38,2017-09-25_16-03-38#291,6855,train,"[[53.0, 188.0, 89.0, 219.0]]",honeybee with a varroa mite,2017-09-25_16-03-38
train/videos/2017-09-25_16-03-38-2/2017-09-25_16-03-38.mp4-bee_id_293-6990-1.png,0,2017-09-25_16-03-38,2017-09-25_16-03-38#293,6990,train,[],healthy honeybee,2017-09-25_16-03-38
train/videos/2017-09-25_16-03-38-2/2017-09-25_16-03-38.mp4-bee_id_294-7005-1.png,0,2017-09-25_16-03-38,2017-09-25_16-03-38#294,7005,train,[],healthy honeybee,2017-09-25_16-03-38
train/videos/2017-09-25_16-03-38-2/2017-09-25_16-03-38.mp4-bee_id_295-7230-1.png,1,2017-09-25_16-03-38,2017-09-25_16-03-38#295,7230,train,"[[59.0, 184.0, 90.0, 215.0]]",honeybee with a varroa mite,2017-09-25_16-03-38
train/videos/2017-09-25_16-03-38-2/2017-09-25_16-03-38.mp4-bee_id_296-7290-1.png,0,2017-09-25_16-03-38,2017-09-25_16-03-38#296,7290,train,[],healthy honeybee,2017-09-25_16-03-38
train/videos/2017-09-25_16-03-38-2/2017-09-25_16-03-38.mp4-bee_id_298-7470-1.png,0,2017-09-25_16-03-38,2017-09-25_16-03-38#298,7470,train,[],healthy honeybee,2017-09-25_16-03-38
train/videos/2017-09-25_16-03-38-2/2017-09-25_16-03-38.mp4-bee_id_299-7485-1.png,0,2017-09-25_16-03-38,2017-09-25_16-03-38#299,7485,train,[],healthy honeybee,2017-09-25_16-03-38
train/videos/2017-09-25_16-03-38-2/2017-09-25_16-03-38.mp4-bee_id_301-7545-1.png,0,2017-09-25_16-03-38,2017-09-25_16-03-38#301,7545,train,[],healthy honeybee,2017-09-25_16-03-38
train/videos/2017-09-25_16-03-38-2/2017-09-25_16-03-38.mp4-bee_id_302-7860-1.png,0,2017-09-25_16-03-38,2017-09-25_16-03-38#302,7860,train,[],healthy honeybee,2017-09-25_16-03-38
train/videos/2017-09-25_16-03-38-2/2017-09-25_16-03-38.mp4-bee_id_303-7890-1.png,0,2017-09-25_16-03-38,2017-09-25_16-03-38#303,7890,train,[],healthy honeybee,2017-09-25_16-03-38
train/videos/2017-09-25_16-03-38-2/2017-09-25_16-03-38.mp4-bee_id_305-7920-1.png,1,2017-09-25_16-03-38,2017-09-25_16-03-38#305,7920,train,"[[43.0, 187.0, 90.0, 225.0]]",honeybee with a varroa mite,2017-09-25_16-03-38
train/videos/2017-09-25_16-03-38-2/2017-09-25_16-03-38.mp4-bee_id_306-7920-1.png,1,2017-09-25_16-03-38,2017-09-25_16-03-38#306,7920,train,"[[46.0, 118.0, 78.0, 141.0]]",honeybee with a varroa mite,2017-09-25_16-03-38
train/videos/2017-09-25_16-03-38-2/2017-09-25_16-03-38.mp4-bee_id_307-8025-1.png,0,2017-09-25_16-03-38,2017-09-25_16-03-38#307,8025,train,[],healthy honeybee,2017-09-25_16-03-38
train/videos/2017-09-25_16-03-38-2/2017-09-25_16-03-38.mp4-bee_id_308-8040-1.png,0,2017-09-25_16-03-38,2017-09-25_16-03-38#308,8040,train,[],healthy honeybee,2017-09-25_16-03-38
train/videos/2017-09-25_16-03-38-2/2017-09-25_16-03-38.mp4-bee_id_310-8160-1.png,0,2017-09-25_16-03-38,2017-09-25_16-03-38#310,8160,train,[],healthy honeybee,2017-09-25_16-03-38
train/videos/2017-09-25_16-03-38-2/2017-09-25_16-03-38.mp4-bee_id_311-8175-1.png,0,2017-09-25_16-03-38,2017-09-25_16-03-38#311,8175,train,[],healthy honeybee,2017-09-25_16-03-38
train/videos/2017-09-25_16-03-38-2/2017-09-25_16-03-38.mp4-bee_id_312-8340-1.png,1,2017-09-25_16-03-38,2017-09-25_16-03-38#312,8340,train,"[[49.0, 123.0, 73.0, 142.0]]",honeybee with a varroa mite,2017-09-25_16-03-38
train/videos/2017-09-25_16-03-38-2/2017-09-25_16-03-38.mp4-bee_id_313-8355-1.png,0,2017-09-25_16-03-38,2017-09-25_16-03-38#313,8355,train,[],healthy honeybee,2017-09-25_16-03-38
train/videos/2017-09-25_16-03-38-2/2017-09-25_16-03-38.mp4-bee_id_314-8730-1.png,0,2017-09-25_16-03-38,2017-09-25_16-03-38#314,8730,train,[],healthy honeybee,2017-09-25_16-03-38
train/videos/2017-09-25_16-03-38-2/2017-09-25_16-03-38.mp4-bee_id_315-8850-1.png,1,2017-09-25_16-03-38,2017-09-25_16-03-38#315,8850,train,"[[44.0, 120.0, 73.0, 144.0]]",honeybee with a varroa mite,2017-09-25_16-03-38
train/videos/2017-09-25_16-03-38-2/2017-09-25_16-03-38.mp4-bee_id_321-9285-1.png,0,2017-09-25_16-03-38,2017-09-25_16-03-38#321,9285,train,[],healthy honeybee,2017-09-25_16-03-38
train/videos/2017-09-25_16-03-38-2/2017-09-25_16-03-38.mp4-bee_id_322-9360-1.png,0,2017-09-25_16-03-38,2017-09-25_16-03-38#322,9360,train,[],healthy honeybee,2017-09-25_16-03-38
train/videos/2017-09-25_16-03-38-2/2017-09-25_16-03-38.mp4-bee_id_325-9495-1.png,0,2017-09-25_16-03-38,2017-09-25_16-03-38#325,9495,train,[],healthy honeybee,2017-09-25_16-03-38
train/videos/2017-09-25_16-03-38-2/2017-09-25_16-03-38.mp4-bee_id_326-9495-1.png,1,2017-09-25_16-03-38,2017-09-25_16-03-38#326,9495,train,"[[68.0, 179.0, 104.0, 204.0]]",honeybee with a varroa mite,2017-09-25_16-03-38
train/videos/2017-09-25_16-03-38-2/2017-09-25_16-03-38.mp4-bee_id_327-9585-1.png,0,2017-09-25_16-03-38,2017-09-25_16-03-38#327,9585,train,[],healthy honeybee,2017-09-25_16-03-38
train/videos/2017-09-25_16-03-38-2/2017-09-25_16-03-38.mp4-bee_id_328-9600-1.png,0,2017-09-25_16-03-38,2017-09-25_16-03-38#328,9600,train,[],healthy honeybee,2017-09-25_16-03-38
train/videos/2017-09-25_16-03-38-2/2017-09-25_16-03-38.mp4-bee_id_329-9645-1.png,0,2017-09-25_16-03-38,2017-09-25_16-03-38#329,9645,train,[],healthy honeybee,2017-09-25_16-03-38
train/videos/2017-09-25_16-03-38-2/2017-09-25_16-03-38.mp4-bee_id_330-9660-1.png,0,2017-09-25_16-03-38,2017-09-25_16-03-38#330,9660,train,[],healthy honeybee,2017-09-25_16-03-38
train/videos/2017-09-25_16-03-38-2/2017-09-25_16-03-38.mp4-bee_id_331-9705-1.png,1,2017-09-25_16-03-38,2017-09-25_16-03-38#331,9705,train,"[[91.0, 78.0, 125.0, 98.0]]",honeybee with a varroa mite,2017-09-25_16-03-38
train/videos/2017-09-25_16-03-38-2/2017-09-25_16-03-38.mp4-bee_id_333-9810-1.png,0,2017-09-25_16-03-38,2017-09-25_16-03-38#333,9810,train,[],healthy honeybee,2017-09-25_16-03-38
train/videos/2017-09-25_16-03-38-2/2017-09-25_16-03-38.mp4-bee_id_334-9825-1.png,0,2017-09-25_16-03-38,2017-09-25_16-03-38#334,9825,train,[],healthy honeybee,2017-09-25_16-03-38
train/videos/2017-09-25_16-03-38-2/2017-09-25_16-03-38.mp4-bee_id_336-10110-1.png,0,2017-09-25_16-03-38,2017-09-25_16-03-38#336,10110,train,[],healthy honeybee,2017-09-25_16-03-38
train/videos/2017-09-25_16-03-38-2/2017-09-25_16-03-38.mp4-bee_id_337-10125-1.png,0,2017-09-25_16-03-38,2017-09-25_16-03-38#337,10125,train,[],healthy honeybee,2017-09-25_16-03-38
train/videos/2017-09-25_16-03-38-2/2017-09-25_16-03-38.mp4-bee_id_338-10230-1.png,1,2017-09-25_16-03-38,2017-09-25_16-03-38#338,10230,train,"[[54.0, 189.0, 87.0, 218.0]]",honeybee with a varroa mite,2017-09-25_16-03-38
train/videos/2017-09-25_16-03-38-2/2017-09-25_16-03-38.mp4-bee_id_339-10260-1.png,1,2017-09-25_16-03-38,2017-09-25_16-03-38#339,10260,train,"[[63.0, 181.0, 97.0, 208.0]]",honeybee with a varroa mite,2017-09-25_16-03-38
train/videos/2017-09-25_16-03-38-2/2017-09-25_16-03-38.mp4-bee_id_340-10275-1.png,1,2017-09-25_16-03-38,2017-09-25_16-03-38#340,10275,train,"[[43.0, 180.0, 104.0, 226.0]]",honeybee with a varroa mite,2017-09-25_16-03-38
train/videos/2017-09-25_16-03-38-2/2017-09-25_16-03-38.mp4-bee_id_341-10290-1.png,0,2017-09-25_16-03-38,2017-09-25_16-03-38#341,10290,train,[],healthy honeybee,2017-09-25_16-03-38
train/videos/2017-09-25_16-03-38-2/2017-09-25_16-03-38.mp4-bee_id_342-10380-1.png,0,2017-09-25_16-03-38,2017-09-25_16-03-38#342,10380,train,[],healthy honeybee,2017-09-25_16-03-38
train/videos/2017-09-25_16-03-38-2/2017-09-25_16-03-38.mp4-bee_id_344-10425-1.png,1,2017-09-25_16-03-38,2017-09-25_16-03-38#344,10425,train,"[[93.0, 179.0, 122.0, 208.0]]",honeybee with a varroa mite,2017-09-25_16-03-38
train/videos/2017-09-25_16-03-38-2/2017-09-25_16-03-38.mp4-bee_id_346-10770-1.png,1,2017-09-25_16-03-38,2017-09-25_16-03-38#346,10770,train,"[[55.0, 201.0, 99.0, 231.0]]",honeybee with a varroa mite,2017-09-25_16-03-38
train/videos/2017-09-25_16-03-38-2/2017-09-25_16-03-38.mp4-bee_id_349-10860-1.png,1,2017-09-25_16-03-38,2017-09-25_16-03-38#349,10860,train,"[[88.0, 136.0, 122.0, 168.0]]",honeybee with a varroa mite,2017-09-25_16-03-38
train/videos/2017-09-25_16-03-38-2/2017-09-25_16-03-38.mp4-bee_id_350-11055-1.png,1,2017-09-25_16-03-38,2017-09-25_16-03-38#350,11055,train,"[[74.0, 80.0, 106.0, 102.0], [90.0, 145.0, 123.0, 178.0]]",honeybee with a varroa mite,2017-09-25_16-03-38
train/videos/2017-09-25_16-03-38-2/2017-09-25_16-03-38.mp4-bee_id_352-11100-1.png,0,2017-09-25_16-03-38,2017-09-25_16-03-38#352,11100,train,[],healthy honeybee,2017-09-25_16-03-38
train/videos/2017-09-25_16-03-38-2/2017-09-25_16-03-38.mp4-bee_id_353-11160-1.png,1,2017-09-25_16-03-38,2017-09-25_16-03-38#353,11160,train,"[[89.0, 168.0, 117.0, 199.0]]",honeybee with a varroa mite,2017-09-25_16-03-38
train/videos/2017-09-25_16-03-38-2/2017-09-25_16-03-38.mp4-bee_id_356-11310-1.png,1,2017-09-25_16-03-38,2017-09-25_16-03-38#356,11310,train,"[[58.0, 76.0, 89.0, 105.0]]",honeybee with a varroa mite,2017-09-25_16-03-38
train/videos/2017-09-25_16-03-38-2/2017-09-25_16-03-38.mp4-bee_id_357-11325-1.png,1,2017-09-25_16-03-38,2017-09-25_16-03-38#357,11325,train,"[[53.0, 93.0, 75.0, 121.0]]",honeybee with a varroa mite,2017-09-25_16-03-38
train/videos/2017-09-25_16-03-38-2/2017-09-25_16-03-38.mp4-bee_id_358-11325-1.png,0,2017-09-25_16-03-38,2017-09-25_16-03-38#358,11325,train,[],healthy honeybee,2017-09-25_16-03-38
train/videos/2017-09-25_16-03-38-2/2017-09-25_16-03-38.mp4-bee_id_360-11355-1.png,1,2017-09-25_16-03-38,2017-09-25_16-03-38#360,11355,train,"[[94.0, 134.0, 128.0, 167.0]]",honeybee with a varroa mite,2017-09-25_16-03-38
train/videos/2017-09-25_16-03-38-2/2017-09-25_16-03-38.mp4-bee_id_361-11355-1.png,1,2017-09-25_16-03-38,2017-09-25_16-03-38#361,11355,train,"[[61.0, 42.0, 99.0, 77.0]]",honeybee with a varroa mite,2017-09-25_16-03-38
train/videos/2017-09-25_16-03-38-2/2017-09-25_16-03-38.mp4-bee_id_362-11370-1.png,1,2017-09-25_16-03-38,2017-09-25_16-03-38#362,11370,train,"[[78.0, 121.0, 132.0, 163.0]]",honeybee with a varroa mite,2017-09-25_16-03-38
train/videos/2017-09-25_16-03-38-2/2017-09-25_16-03-38.mp4-bee_id_363-11385-1.png,0,2017-09-25_16-03-38,2017-09-25_16-03-38#363,11385,train,[],healthy honeybee,2017-09-25_16-03-38
train/videos/2017-09-25_16-03-38-2/2017-09-25_16-03-38.mp4-bee_id_365-11460-1.png,0,2017-09-25_16-03-38,2017-09-25_16-03-38#365,11460,train,[],healthy honeybee,2017-09-25_16-03-38
train/videos/2017-09-25_16-03-38-2/2017-09-25_16-03-38.mp4-bee_id_366-11475-1.png,1,2017-09-25_16-03-38,2017-09-25_16-03-38#366,11475,train,"[[79.0, 71.0, 133.0, 112.0]]",honeybee with a varroa mite,2017-09-25_16-03-38
train/videos/2017-09-25_16-03-38-2/2017-09-25_16-03-38.mp4-bee_id_367-11565-1.png,0,2017-09-25_16-03-38,2017-09-25_16-03-38#367,11565,train,[],healthy honeybee,2017-09-25_16-03-38
train/videos/2017-09-25_16-03-38-2/2017-09-25_16-03-38.mp4-bee_id_368-11625-1.png,0,2017-09-25_16-03-38,2017-09-25_16-03-38#368,11625,train,[],healthy honeybee,2017-09-25_16-03-38
train/videos/2017-09-25_16-03-38-2/2017-09-25_16-03-38.mp4-bee_id_370-11730-1.png,0,2017-09-25_16-03-38,2017-09-25_16-03-38#370,11730,train,[],healthy honeybee,2017-09-25_16-03-38
train/videos/2017-09-25_16-03-38-2/2017-09-25_16-03-38.mp4-bee_id_371-11865-1.png,0,2017-09-25_16-03-38,2017-09-25_16-03-38#371,11865,train,[],healthy honeybee,2017-09-25_16-03-38
train/videos/2017-09-25_16-03-38-2/2017-09-25_16-03-38.mp4-bee_id_373-11955-1.png,0,2017-09-25_16-03-38,2017-09-25_16-03-38#373,11955,train,[],healthy honeybee,2017-09-25_16-03-38
train/videos/2017-09-25_16-03-38-2/2017-09-25_16-03-38.mp4-bee_id_374-11970-1.png,0,2017-09-25_16-03-38,2017-09-25_16-03-38#374,11970,train,[],healthy honeybee,2017-09-25_16-03-38
train/videos/2017-09-25_16-03-38-2/2017-09-25_16-03-38.mp4-bee_id_375-12000-1.png,0,2017-09-25_16-03-38,2017-09-25_16-03-38#375,12000,train,[],healthy honeybee,2017-09-25_16-03-38
train/videos/2017-09-25_16-03-38-2/2017-09-25_16-03-38.mp4-bee_id_376-12015-1.png,0,2017-09-25_16-03-38,2017-09-25_16-03-38#376,12015,train,[],healthy honeybee,2017-09-25_16-03-38
train/videos/2017-09-25_16-03-38-2/2017-09-25_16-03-38.mp4-bee_id_377-12030-1.png,0,2017-09-25_16-03-38,2017-09-25_16-03-38#377,12030,train,[],healthy honeybee,2017-09-25_16-03-38
train/videos/2017-09-25_16-03-38-2/2017-09-25_16-03-38.mp4-bee_id_378-12045-1.png,1,2017-09-25_16-03-38,2017-09-25_16-03-38#378,12045,train,"[[113.0, 143.0, 140.0, 182.0]]",honeybee with a varroa mite,2017-09-25_16-03-38
train/videos/2017-09-25_16-03-38-2/2017-09-25_16-03-38.mp4-bee_id_379-12060-1.png,0,2017-09-25_16-03-38,2017-09-25_16-03-38#379,12060,train,[],healthy honeybee,2017-09-25_16-03-38
train/videos/2017-09-25_16-03-38-2/2017-09-25_16-03-38.mp4-bee_id_380-12120-1.png,0,2017-09-25_16-03-38,2017-09-25_16-03-38#380,12120,train,[],healthy honeybee,2017-09-25_16-03-38
train/videos/2017-09-25_16-03-38-2/2017-09-25_16-03-38.mp4-bee_id_381-12150-1.png,0,2017-09-25_16-03-38,2017-09-25_16-03-38#381,12150,train,[],healthy honeybee,2017-09-25_16-03-38
train/videos/2017-09-25_16-03-38-2/2017-09-25_16-03-38.mp4-bee_id_382-12240-1.png,0,2017-09-25_16-03-38,2017-09-25_16-03-38#382,12240,train,[],healthy honeybee,2017-09-25_16-03-38
train/videos/2017-09-25_16-03-38-2/2017-09-25_16-03-38.mp4-bee_id_383-12240-1.png,0,2017-09-25_16-03-38,2017-09-25_16-03-38#383,12240,train,[],healthy honeybee,2017-09-25_16-03-38
train/videos/2017-09-25_16-03-38-2/2017-09-25_16-03-38.mp4-bee_id_385-12300-1.png,0,2017-09-25_16-03-38,2017-09-25_16-03-38#385,12300,train,[],healthy honeybee,2017-09-25_16-03-38
train/videos/2017-09-25_16-03-38-2/2017-09-25_16-03-38.mp4-bee_id_386-12390-1.png,0,2017-09-25_16-03-38,2017-09-25_16-03-38#386,12390,train,[],healthy honeybee,2017-09-25_16-03-38
train/videos/2017-09-25_16-03-38-2/2017-09-25_16-03-38.mp4-bee_id_387-12405-1.png,0,2017-09-25_16-03-38,2017-09-25_16-03-38#387,12405,train,[],healthy honeybee,2017-09-25_16-03-38
train/videos/2017-09-25_16-03-38-2/2017-09-25_16-03-38.mp4-bee_id_388-12450-1.png,0,2017-09-25_16-03-38,2017-09-25_16-03-38#388,12450,train,[],healthy honeybee,2017-09-25_16-03-38
train/videos/2017-09-25_16-03-38-2/2017-09-25_16-03-38.mp4-bee_id_389-12645-1.png,1,2017-09-25_16-03-38,2017-09-25_16-03-38#389,12645,train,"[[53.0, 84.0, 84.0, 120.0]]",honeybee with a varroa mite,2017-09-25_16-03-38
train/videos/2017-09-25_16-03-38-2/2017-09-25_16-03-38.mp4-bee_id_392-12765-1.png,0,2017-09-25_16-03-38,2017-09-25_16-03-38#392,12765,train,[],healthy honeybee,2017-09-25_16-03-38
train/videos/2017-09-25_16-03-38-2/2017-09-25_16-03-38.mp4-bee_id_393-12780-1.png,0,2017-09-25_16-03-38,2017-09-25_16-03-38#393,12780,train,[],healthy honeybee,2017-09-25_16-03-38
train/videos/2017-09-25_16-03-38-2/2017-09-25_16-03-38.mp4-bee_id_395-12990-1.png,0,2017-09-25_16-03-38,2017-09-25_16-03-38#395,12990,train,[],healthy honeybee,2017-09-25_16-03-38
train/videos/2017-09-25_16-03-38-2/2017-09-25_16-03-38.mp4-bee_id_396-12990-1.png,1,2017-09-25_16-03-38,2017-09-25_16-03-38#396,12990,train,"[[50.0, 93.0, 91.0, 122.0]]",honeybee with a varroa mite,2017-09-25_16-03-38
train/videos/2017-09-25_16-03-38-2/2017-09-25_16-03-38.mp4-bee_id_397-13005-1.png,1,2017-09-25_16-03-38,2017-09-25_16-03-38#397,13005,train,"[[32.0, 69.0, 84.0, 111.0]]",honeybee with a varroa mite,2017-09-25_16-03-38
train/videos/2017-09-25_16-03-38-2/2017-09-25_16-03-38.mp4-bee_id_398-13020-1.png,1,2017-09-25_16-03-38,2017-09-25_16-03-38#398,13020,train,"[[47.0, 68.0, 87.0, 107.0]]",honeybee with a varroa mite,2017-09-25_16-03-38
train/videos/2017-09-25_16-03-38-2/2017-09-25_16-03-38.mp4-bee_id_399-13110-1.png,0,2017-09-25_16-03-38,2017-09-25_16-03-38#399,13110,train,[],healthy honeybee,2017-09-25_16-03-38
train/videos/2017-09-25_16-03-38-2/2017-09-25_16-03-38.mp4-bee_id_403-13200-1.png,1,2017-09-25_16-03-38,2017-09-25_16-03-38#403,13200,train,"[[70.0, 190.0, 105.0, 217.0]]",honeybee with a varroa mite,2017-09-25_16-03-38
train/videos/2017-09-25_16-03-38-2/2017-09-25_16-03-38.mp4-bee_id_408-13500-1.png,1,2017-09-25_16-03-38,2017-09-25_16-03-38#408,13500,train,"[[34.0, 104.0, 69.0, 131.0]]",honeybee with a varroa mite,2017-09-25_16-03-38
train/videos/2017-09-25_16-03-38-2/2017-09-25_16-03-38.mp4-bee_id_409-13530-1.png,0,2017-09-25_16-03-38,2017-09-25_16-03-38#409,13530,train,[],healthy honeybee,2017-09-25_16-03-38
train/videos/2017-09-25_16-03-38-2/2017-09-25_16-03-38.mp4-bee_id_410-13575-1.png,0,2017-09-25_16-03-38,2017-09-25_16-03-38#410,13575,train,[],healthy honeybee,2017-09-25_16-03-38
train/videos/2017-09-25_16-03-38-2/2017-09-25_16-03-38.mp4-bee_id_411-13590-1.png,1,2017-09-25_16-03-38,2017-09-25_16-03-38#411,13590,train,"[[59.0, 74.0, 89.0, 121.0]]",honeybee with a varroa mite,2017-09-25_16-03-38
train/videos/2017-09-25_16-03-38-2/2017-09-25_16-03-38.mp4-bee_id_412-13650-1.png,0,2017-09-25_16-03-38,2017-09-25_16-03-38#412,13650,train,[],healthy honeybee,2017-09-25_16-03-38
train/videos/2017-09-25_16-03-38-2/2017-09-25_16-03-38.mp4-bee_id_414-13845-1.png,0,2017-09-25_16-03-38,2017-09-25_16-03-38#414,13845,train,[],healthy honeybee,2017-09-25_16-03-38
train/videos/2017-09-25_16-03-38-2/2017-09-25_16-03-38.mp4-bee_id_416-13965-1.png,0,2017-09-25_16-03-38,2017-09-25_16-03-38#416,13965,train,[],healthy honeybee,2017-09-25_16-03-38
train/videos/2017-09-25_16-03-38-2/2017-09-25_16-03-38.mp4-bee_id_417-13980-1.png,0,2017-09-25_16-03-38,2017-09-25_16-03-38#417,13980,train,[],healthy honeybee,2017-09-25_16-03-38
train/videos/2017-09-25_16-03-38-2/2017-09-25_16-03-38.mp4-bee_id_418-13995-1.png,0,2017-09-25_16-03-38,2017-09-25_16-03-38#418,13995,train,[],healthy honeybee,2017-09-25_16-03-38
train/videos/2017-09-25_16-03-38-2/2017-09-25_16-03-38.mp4-bee_id_419-14085-1.png,0,2017-09-25_16-03-38,2017-09-25_16-03-38#419,14085,train,[],healthy honeybee,2017-09-25_16-03-38
train/videos/2017-09-25_16-03-38-2/2017-09-25_16-03-38.mp4-bee_id_420-14085-1.png,0,2017-09-25_16-03-38,2017-09-25_16-03-38#420,14085,train,[],healthy honeybee,2017-09-25_16-03-38
train/videos/2017-09-25_16-03-38-2/2017-09-25_16-03-38.mp4-bee_id_421-14115-1.png,0,2017-09-25_16-03-38,2017-09-25_16-03-38#421,14115,train,[],healthy honeybee,2017-09-25_16-03-38
train/videos/2017-09-25_16-03-38-2/2017-09-25_16-03-38.mp4-bee_id_422-14175-1.png,0,2017-09-25_16-03-38,2017-09-25_16-03-38#422,14175,train,[],healthy honeybee,2017-09-25_16-03-38
train/videos/2017-09-25_16-03-38-2/2017-09-25_16-03-38.mp4-bee_id_423-14190-1.png,0,2017-09-25_16-03-38,2017-09-25_16-03-38#423,14190,train,[],healthy honeybee,2017-09-25_16-03-38
train/videos/2017-09-25_16-03-38-2/2017-09-25_16-03-38.mp4-bee_id_425-14280-1.png,1,2017-09-25_16-03-38,2017-09-25_16-03-38#425,14280,train,"[[64.0, 137.0, 99.0, 170.0]]",honeybee with a varroa mite,2017-09-25_16-03-38
train/videos/2017-09-25_16-03-38-2/2017-09-25_16-03-38.mp4-bee_id_426-14370-1.png,0,2017-09-25_16-03-38,2017-09-25_16-03-38#426,14370,train,[],healthy honeybee,2017-09-25_16-03-38
train/videos/2017-09-25_16-03-38-2/2017-09-25_16-03-38.mp4-bee_id_428-14385-1.png,0,2017-09-25_16-03-38,2017-09-25_16-03-38#428,14385,train,[],healthy honeybee,2017-09-25_16-03-38
train/videos/2017-09-25_16-03-38-2/2017-09-25_16-03-38.mp4-bee_id_430-14490-1.png,0,2017-09-25_16-03-38,2017-09-25_16-03-38#430,14490,train,[],healthy honeybee,2017-09-25_16-03-38
train/videos/2017-09-25_16-03-38-2/2017-09-25_16-03-38.mp4-bee_id_432-14520-1.png,1,2017-09-25_16-03-38,2017-09-25_16-03-38#432,14520,train,"[[115.0, 151.0, 136.0, 180.0]]",honeybee with a varroa mite,2017-09-25_16-03-38
train/videos/2017-09-25_16-03-38-2/2017-09-25_16-03-38.mp4-bee_id_433-14535-1.png,1,2017-09-25_16-03-38,2017-09-25_16-03-38#433,14535,train,"[[20.0, 121.0, 59.0, 145.0]]",honeybee with a varroa mite,2017-09-25_16-03-38
train/videos/2017-09-25_16-03-38-2/2017-09-25_16-03-38.mp4-bee_id_435-14655-1.png,1,2017-09-25_16-03-38,2017-09-25_16-03-38#435,14655,train,"[[50.0, 116.0, 84.0, 159.0]]",honeybee with a varroa mite,2017-09-25_16-03-38
train/videos/2017-09-25_16-03-38-2/2017-09-25_16-03-38.mp4-bee_id_436-14745-1.png,1,2017-09-25_16-03-38,2017-09-25_16-03-38#436,14745,train,"[[59.0, 65.0, 93.0, 96.0], [90.0, 135.0, 129.0, 170.0], [40.0, 128.0, 74.0, 167.0]]",honeybee with a varroa mite,2017-09-25_16-03-38
train/videos/2017-09-25_16-03-38-2/2017-09-25_16-03-38.mp4-bee_id_437-14745-1.png,0,2017-09-25_16-03-38,2017-09-25_16-03-38#437,14745,train,[],healthy honeybee,2017-09-25_16-03-38
train/videos/2017-09-25_16-03-38-2/2017-09-25_16-03-38.mp4-bee_id_439-14760-1.png,1,2017-09-25_16-03-38,2017-09-25_16-03-38#439,14760,train,"[[40.0, 112.0, 78.0, 139.0]]",honeybee with a varroa mite,2017-09-25_16-03-38
train/videos/2017-09-25_16-03-38-2/2017-09-25_16-03-38.mp4-bee_id_440-14775-1.png,0,2017-09-25_16-03-38,2017-09-25_16-03-38#440,14775,train,[],healthy honeybee,2017-09-25_16-03-38
train/videos/2017-09-25_16-03-38-2/2017-09-25_16-03-38.mp4-bee_id_441-14790-1.png,1,2017-09-25_16-03-38,2017-09-25_16-03-38#441,14790,train,"[[55.0, 53.0, 92.0, 100.0]]",honeybee with a varroa mite,2017-09-25_16-03-38
train/videos/2017-09-25_16-03-38-2/2017-09-25_16-03-38.mp4-bee_id_443-14895-1.png,1,2017-09-25_16-03-38,2017-09-25_16-03-38#443,14895,train,"[[45.0, 156.0, 97.0, 198.0], [30.0, 84.0, 64.0, 127.0], [77.0, 88.0, 110.0, 121.0]]",honeybee with a varroa mite,2017-09-25_16-03-38
train/videos/2017-09-25_16-03-38-2/2017-09-25_16-03-38.mp4-bee_id_444-14895-1.png,0,2017-09-25_16-03-38,2017-09-25_16-03-38#444,14895,train,[],healthy honeybee,2017-09-25_16-03-38
train/videos/2017-09-25_16-03-38-2/2017-09-25_16-03-38.mp4-bee_id_446-15090-1.png,0,2017-09-25_16-03-38,2017-09-25_16-03-38#446,15090,train,[],healthy honeybee,2017-09-25_16-03-38
train/videos/2017-09-25_16-03-38-2/2017-09-25_16-03-38.mp4-bee_id_447-15120-1.png,1,2017-09-25_16-03-38,2017-09-25_16-03-38#447,15120,train,"[[57.0, 74.0, 93.0, 117.0]]",honeybee with a varroa mite,2017-09-25_16-03-38
train/videos/2017-09-25_16-03-38-2/2017-09-25_16-03-38.mp4-bee_id_449-15135-1.png,1,2017-09-25_16-03-38,2017-09-25_16-03-38#449,15135,train,"[[75.0, 77.0, 110.0, 124.0], [85.0, 142.0, 123.0, 185.0], [50.0, 145.0, 75.0, 179.0]]",honeybee with a varroa mite,2017-09-25_16-03-38
train/videos/2017-09-25_16-03-38-2/2017-09-25_16-03-38.mp4-bee_id_451-15270-1.png,0,2017-09-25_16-03-38,2017-09-25_16-03-38#451,15270,train,[],healthy honeybee,2017-09-25_16-03-38
train/videos/2017-09-25_16-03-38-2/2017-09-25_16-03-38.mp4-bee_id_454-15585-1.png,0,2017-09-25_16-03-38,2017-09-25_16-03-38#454,15585,train,[],healthy honeybee,2017-09-25_16-03-38
train/videos/2017-09-25_16-03-38-2/2017-09-25_16-03-38.mp4-bee_id_455-15630-1.png,0,2017-09-25_16-03-38,2017-09-25_16-03-38#455,15630,train,[],healthy honeybee,2017-09-25_16-03-38
train/videos/2017-09-25_16-03-38-2/2017-09-25_16-03-38.mp4-bee_id_457-15690-1.png,0,2017-09-25_16-03-38,2017-09-25_16-03-38#457,15690,train,[],healthy honeybee,2017-09-25_16-03-38
train/videos/2017-09-25_16-03-38-2/2017-09-25_16-03-38.mp4-bee_id_458-15690-1.png,0,2017-09-25_16-03-38,2017-09-25_16-03-38#458,15690,train,[],healthy honeybee,2017-09-25_16-03-38
train/videos/2017-09-25_16-03-38-2/2017-09-25_16-03-38.mp4-bee_id_459-15690-1.png,1,2017-09-25_16-03-38,2017-09-25_16-03-38#459,15690,train,"[[26.0, 112.0, 76.0, 143.0]]",honeybee with a varroa mite,2017-09-25_16-03-38
train/videos/2017-09-25_16-03-38-2/2017-09-25_16-03-38.mp4-bee_id_460-15735-1.png,0,2017-09-25_16-03-38,2017-09-25_16-03-38#460,15735,train,[],healthy honeybee,2017-09-25_16-03-38
train/videos/2017-09-25_16-03-38-2/2017-09-25_16-03-38.mp4-bee_id_462-15810-1.png,1,2017-09-25_16-03-38,2017-09-25_16-03-38#462,15810,train,"[[34.0, 100.0, 61.0, 131.0]]",honeybee with a varroa mite,2017-09-25_16-03-38
train/videos/2017-09-25_16-03-38-2/2017-09-25_16-03-38.mp4-bee_id_463-15825-1.png,1,2017-09-25_16-03-38,2017-09-25_16-03-38#463,15825,train,"[[31.0, 113.0, 62.0, 132.0]]",honeybee with a varroa mite,2017-09-25_16-03-38
train/videos/2017-09-25_16-03-38-2/2017-09-25_16-03-38.mp4-bee_id_464-15855-1.png,0,2017-09-25_16-03-38,2017-09-25_16-03-38#464,15855,train,[],healthy honeybee,2017-09-25_16-03-38
train/videos/2017-09-25_16-03-38-2/2017-09-25_16-03-38.mp4-bee_id_465-15870-1.png,0,2017-09-25_16-03-38,2017-09-25_16-03-38#465,15870,train,[],healthy honeybee,2017-09-25_16-03-38
train/videos/2017-09-25_16-03-38-2/2017-09-25_16-03-38.mp4-bee_id_466-15915-1.png,0,2017-09-25_16-03-38,2017-09-25_16-03-38#466,15915,train,[],healthy honeybee,2017-09-25_16-03-38
train/videos/2017-09-25_16-03-38-2/2017-09-25_16-03-38.mp4-bee_id_469-16035-1.png,0,2017-09-25_16-03-38,2017-09-25_16-03-38#469,16035,train,[],healthy honeybee,2017-09-25_16-03-38
train/videos/2017-09-25_16-03-38-2/2017-09-25_16-03-38.mp4-bee_id_471-16260-1.png,0,2017-09-25_16-03-38,2017-09-25_16-03-38#471,16260,train,[],healthy honeybee,2017-09-25_16-03-38
train/videos/2017-09-25_16-03-38-2/2017-09-25_16-03-38.mp4-bee_id_472-16455-1.png,0,2017-09-25_16-03-38,2017-09-25_16-03-38#472,16455,train,[],healthy honeybee,2017-09-25_16-03-38
train/videos/2017-09-25_16-03-38-2/2017-09-25_16-03-38.mp4-bee_id_473-16470-1.png,0,2017-09-25_16-03-38,2017-09-25_16-03-38#473,16470,train,[],healthy honeybee,2017-09-25_16-03-38
train/videos/2017-09-25_16-03-38-2/2017-09-25_16-03-38.mp4-bee_id_475-16560-1.png,1,2017-09-25_16-03-38,2017-09-25_16-03-38#475,16560,train,"[[101.0, 132.0, 127.0, 170.0]]",honeybee with a varroa mite,2017-09-25_16-03-38
train/videos/2017-09-25_16-03-38-2/2017-09-25_16-03-38.mp4-bee_id_479-16755-1.png,0,2017-09-25_16-03-38,2017-09-25_16-03-38#479,16755,train,[],healthy honeybee,2017-09-25_16-03-38
train/videos/2017-09-25_16-03-38-2/2017-09-25_16-03-38.mp4-bee_id_480-16830-1.png,1,2017-09-25_16-03-38,2017-09-25_16-03-38#480,16830,train,"[[77.0, 131.0, 115.0, 168.0]]",honeybee with a varroa mite,2017-09-25_16-03-38
train/videos/2017-09-25_16-03-38-2/2017-09-25_16-03-38.mp4-bee_id_482-16875-1.png,0,2017-09-25_16-03-38,2017-09-25_16-03-38#482,16875,train,[],healthy honeybee,2017-09-25_16-03-38
train/videos/2017-09-25_16-03-38-2/2017-09-25_16-03-38.mp4-bee_id_483-16950-1.png,0,2017-09-25_16-03-38,2017-09-25_16-03-38#483,16950,train,[],healthy honeybee,2017-09-25_16-03-38
train/videos/2017-09-25_16-03-38-2/2017-09-25_16-03-38.mp4-bee_id_485-17070-1.png,1,2017-09-25_16-03-38,2017-09-25_16-03-38#485,17070,train,"[[36.0, 160.0, 67.0, 187.0]]",honeybee with a varroa mite,2017-09-25_16-03-38
train/videos/2017-09-25_16-03-38-2/2017-09-25_16-03-38.mp4-bee_id_487-17085-1.png,0,2017-09-25_16-03-38,2017-09-25_16-03-38#487,17085,train,[],healthy honeybee,2017-09-25_16-03-38
train/videos/2017-09-25_16-03-38-2/2017-09-25_16-03-38.mp4-bee_id_488-17160-1.png,0,2017-09-25_16-03-38,2017-09-25_16-03-38#488,17160,train,[],healthy honeybee,2017-09-25_16-03-38
train/videos/2017-09-25_16-03-38-2/2017-09-25_16-03-38.mp4-bee_id_491-17295-1.png,1,2017-09-25_16-03-38,2017-09-25_16-03-38#491,17295,train,"[[26.0, 91.0, 64.0, 124.0]]",honeybee with a varroa mite,2017-09-25_16-03-38
train/videos/2017-09-25_16-03-38-2/2017-09-25_16-03-38.mp4-bee_id_496-17460-1.png,1,2017-09-25_16-03-38,2017-09-25_16-03-38#496,17460,train,"[[29.0, 107.0, 68.0, 140.0]]",honeybee with a varroa mite,2017-09-25_16-03-38
train/videos/2017-09-25_16-03-38-2/2017-09-25_16-03-38.mp4-bee_id_497-17505-1.png,0,2017-09-25_16-03-38,2017-09-25_16-03-38#497,17505,train,[],healthy honeybee,2017-09-25_16-03-38
train/videos/2017-09-25_16-03-38-2/2017-09-25_16-03-38.mp4-bee_id_498-17610-1.png,0,2017-09-25_16-03-38,2017-09-25_16-03-38#498,17610,train,[],healthy honeybee,2017-09-25_16-03-38
train/videos/2017-09-25_16-03-38-2/2017-09-25_16-03-38.mp4-bee_id_501-17760-1.png,1,2017-09-25_16-03-38,2017-09-25_16-03-38#501,17760,train,"[[100.0, 147.0, 134.0, 187.0]]",honeybee with a varroa mite,2017-09-25_16-03-38
train/videos/2017-09-25_16-03-38-2/2017-09-25_16-03-38.mp4-bee_id_502-17805-1.png,1,2017-09-25_16-03-38,2017-09-25_16-03-38#502,17805,train,"[[101.0, 147.0, 143.0, 187.0]]",honeybee with a varroa mite,2017-09-25_16-03-38
train/videos/2017-09-25_16-03-38-2/2017-09-25_16-03-38.mp4-bee_id_503-17880-1.png,0,2017-09-25_16-03-38,2017-09-25_16-03-38#503,17880,train,[],healthy honeybee,2017-09-25_16-03-38
train/videos/2017-09-25_16-03-38-2/2017-09-25_16-03-38.mp4-bee_id_504-17895-1.png,1,2017-09-25_16-03-38,2017-09-25_16-03-38#504,17895,train,"[[34.0, 98.0, 80.0, 139.0]]",honeybee with a varroa mite,2017-09-25_16-03-38
train/videos/2017-09-25_16-03-38-2/2017-09-25_16-03-38.mp4-bee_id_505-17925-1.png,0,2017-09-25_16-03-38,2017-09-25_16-03-38#505,17925,train,[],healthy honeybee,2017-09-25_16-03-38
train/videos/2017-09-25_16-03-38-2/2017-09-25_16-03-38.mp4-bee_id_506-17955-1.png,0,2017-09-25_16-03-38,2017-09-25_16-03-38#506,17955,train,[],healthy honeybee,2017-09-25_16-03-38
train/videos/2017-09-25_16-03-38-2/2017-09-25_16-03-38.mp4-bee_id_507-17985-1.png,1,2017-09-25_16-03-38,2017-09-25_16-03-38#507,17985,train,"[[77.0, 154.0, 119.0, 195.0]]",honeybee with a varroa mite,2017-09-25_16-03-38
train/videos/2017-09-25_16-03-38-2/2017-09-25_16-03-38.mp4-bee_id_508-18000-1.png,1,2017-09-25_16-03-38,2017-09-25_16-03-38#508,18000,train,"[[25.0, 89.0, 75.0, 127.0]]",honeybee with a varroa mite,2017-09-25_16-03-38
train/videos/2017-09-25_16-03-38-2/2017-09-25_16-03-38.mp4-bee_id_509-18045-1.png,0,2017-09-25_16-03-38,2017-09-25_16-03-38#509,18045,train,[],healthy honeybee,2017-09-25_16-03-38
train/videos/2017-09-25_16-03-38-2/2017-09-25_16-03-38.mp4-bee_id_510-18060-1.png,0,2017-09-25_16-03-38,2017-09-25_16-03-38#510,18060,train,[],healthy honeybee,2017-09-25_16-03-38
train/videos/2017-09-25_16-03-38-2/2017-09-25_16-03-38.mp4-bee_id_514-18315-1.png,1,2017-09-25_16-03-38,2017-09-25_16-03-38#514,18315,train,"[[89.0, 152.0, 125.0, 202.0]]",honeybee with a varroa mite,2017-09-25_16-03-38
train/videos/2017-09-25_16-03-38-2/2017-09-25_16-03-38.mp4-bee_id_515-18330-1.png,1,2017-09-25_16-03-38,2017-09-25_16-03-38#515,18330,train,"[[106.0, 135.0, 142.0, 176.0]]",honeybee with a varroa mite,2017-09-25_16-03-38
train/videos/2017-09-25_16-03-38-2/2017-09-25_16-03-38.mp4-bee_id_516-18420-1.png,0,2017-09-25_16-03-38,2017-09-25_16-03-38#516,18420,train,[],healthy honeybee,2017-09-25_16-03-38
train/videos/2017-09-25_16-03-38-2/2017-09-25_16-03-38.mp4-bee_id_517-18420-1.png,1,2017-09-25_16-03-38,2017-09-25_16-03-38#517,18420,train,"[[85.0, 133.0, 131.0, 174.0]]",honeybee with a varroa mite,2017-09-25_16-03-38
train/videos/2017-09-25_16-03-38-2/2017-09-25_16-03-38.mp4-bee_id_518-18420-1.png,0,2017-09-25_16-03-38,2017-09-25_16-03-38#518,18420,train,[],healthy honeybee,2017-09-25_16-03-38
train/videos/2017-09-25_16-03-38-2/2017-09-25_16-03-38.mp4-bee_id_521-18705-1.png,1,2017-09-25_16-03-38,2017-09-25_16-03-38#521,18705,train,"[[60.0, 163.0, 99.0, 202.0], [52.0, 97.0, 82.0, 133.0]]",honeybee with a varroa mite,2017-09-25_16-03-38
train/videos/2017-09-25_16-03-38-2/2017-09-25_16-03-38.mp4-bee_id_522-18720-1.png,1,2017-09-25_16-03-38,2017-09-25_16-03-38#522,18720,train,"[[54.0, 175.0, 101.0, 216.0]]",honeybee with a varroa mite,2017-09-25_16-03-38
train/videos/2017-09-25_16-03-38-2/2017-09-25_16-03-38.mp4-bee_id_523-18855-1.png,1,2017-09-25_16-03-38,2017-09-25_16-03-38#523,18855,train,"[[68.0, 53.0, 113.0, 90.0]]",honeybee with a varroa mite,2017-09-25_16-03-38
train/videos/2017-09-25_16-03-38-2/2017-09-25_16-03-38.mp4-bee_id_526-18945-1.png,0,2017-09-25_16-03-38,2017-09-25_16-03-38#526,18945,train,[],healthy honeybee,2017-09-25_16-03-38
train/videos/2017-09-25_16-03-38-2/2017-09-25_16-03-38.mp4-bee_id_527-18975-1.png,0,2017-09-25_16-03-38,2017-09-25_16-03-38#527,18975,train,[],healthy honeybee,2017-09-25_16-03-38
train/videos/2017-09-25_16-03-38-2/2017-09-25_16-03-38.mp4-bee_id_528-18990-1.png,0,2017-09-25_16-03-38,2017-09-25_16-03-38#528,18990,train,[],healthy honeybee,2017-09-25_16-03-38
train/videos/2017-09-25_16-03-38-2/2017-09-25_16-03-38.mp4-bee_id_529-19035-1.png,1,2017-09-25_16-03-38,2017-09-25_16-03-38#529,19035,train,"[[54.0, 66.0, 100.0, 104.0], [92.0, 141.0, 122.0, 172.0]]",honeybee with a varroa mite,2017-09-25_16-03-38
train/videos/2017-09-25_16-03-38-2/2017-09-25_16-03-38.mp4-bee_id_532-19320-1.png,0,2017-09-25_16-03-38,2017-09-25_16-03-38#532,19320,train,[],healthy honeybee,2017-09-25_16-03-38
train/videos/2017-09-25_16-03-38-2/2017-09-25_16-03-38.mp4-bee_id_533-19350-1.png,0,2017-09-25_16-03-38,2017-09-25_16-03-38#533,19350,train,[],healthy honeybee,2017-09-25_16-03-38
train/videos/2017-09-25_16-03-38-2/2017-09-25_16-03-38.mp4-bee_id_534-19395-1.png,1,2017-09-25_16-03-38,2017-09-25_16-03-38#534,19395,train,"[[75.0, 62.0, 110.0, 97.0], [44.0, 132.0, 77.0, 157.0]]",honeybee with a varroa mite,2017-09-25_16-03-38
train/videos/2017-09-25_16-03-38-2/2017-09-25_16-03-38.mp4-bee_id_535-19410-1.png,0,2017-09-25_16-03-38,2017-09-25_16-03-38#535,19410,train,[],healthy honeybee,2017-09-25_16-03-38
train/videos/2017-09-25_16-03-38-2/2017-09-25_16-03-38.mp4-bee_id_536-19485-1.png,0,2017-09-25_16-03-38,2017-09-25_16-03-38#536,19485,train,[],healthy honeybee,2017-09-25_16-03-38
train/videos/2017-09-25_16-03-38-2/2017-09-25_16-03-38.mp4-bee_id_538-19500-1.png,0,2017-09-25_16-03-38,2017-09-25_16-03-38#538,19500,train,[],healthy honeybee,2017-09-25_16-03-38
train/videos/2017-09-25_16-03-38-2/2017-09-25_16-03-38.mp4-bee_id_539-19515-1.png,0,2017-09-25_16-03-38,2017-09-25_16-03-38#539,19515,train,[],healthy honeybee,2017-09-25_16-03-38
train/videos/2017-09-25_16-03-38-2/2017-09-25_16-03-38.mp4-bee_id_540-19515-1.png,0,2017-09-25_16-03-38,2017-09-25_16-03-38#540,19515,train,[],healthy honeybee,2017-09-25_16-03-38
train/videos/2017-09-25_16-03-38-2/2017-09-25_16-03-38.mp4-bee_id_542-19590-1.png,1,2017-09-25_16-03-38,2017-09-25_16-03-38#542,19590,train,"[[59.0, 182.0, 89.0, 207.0]]",honeybee with a varroa mite,2017-09-25_16-03-38
train/videos/2017-09-25_16-03-38-2/2017-09-25_16-03-38.mp4-bee_id_546-19770-1.png,1,2017-09-25_16-03-38,2017-09-25_16-03-38#546,19770,train,"[[72.0, 82.0, 108.0, 122.0]]",honeybee with a varroa mite,2017-09-25_16-03-38
train/videos/2017-09-25_16-03-38-2/2017-09-25_16-03-38.mp4-bee_id_547-19800-1.png,0,2017-09-25_16-03-38,2017-09-25_16-03-38#547,19800,train,[],healthy honeybee,2017-09-25_16-03-38
train/videos/2017-09-25_16-03-38-2/2017-09-25_16-03-38.mp4-bee_id_550-19935-1.png,0,2017-09-25_16-03-38,2017-09-25_16-03-38#550,19935,train,[],healthy honeybee,2017-09-25_16-03-38
train/videos/2017-09-25_16-03-38-2/2017-09-25_16-03-38.mp4-bee_id_552-19995-1.png,0,2017-09-25_16-03-38,2017-09-25_16-03-38#552,19995,train,[],healthy honeybee,2017-09-25_16-03-38
train/videos/2017-09-25_16-03-38-2/2017-09-25_16-03-38.mp4-bee_id_553-20100-1.png,0,2017-09-25_16-03-38,2017-09-25_16-03-38#553,20100,train,[],healthy honeybee,2017-09-25_16-03-38
train/videos/2017-09-25_16-03-38-2/2017-09-25_16-03-38.mp4-bee_id_554-20115-1.png,0,2017-09-25_16-03-38,2017-09-25_16-03-38#554,20115,train,[],healthy honeybee,2017-09-25_16-03-38
train/videos/2017-09-25_16-03-38-2/2017-09-25_16-03-38.mp4-bee_id_555-20130-1.png,0,2017-09-25_16-03-38,2017-09-25_16-03-38#555,20130,train,[],healthy honeybee,2017-09-25_16-03-38
train/videos/2017-09-25_16-03-38-2/2017-09-25_16-03-38.mp4-bee_id_558-20310-1.png,0,2017-09-25_16-03-38,2017-09-25_16-03-38#558,20310,train,[],healthy honeybee,2017-09-25_16-03-38
train/videos/2017-09-25_16-03-38-2/2017-09-25_16-03-38.mp4-bee_id_559-20340-1.png,0,2017-09-25_16-03-38,2017-09-25_16-03-38#559,20340,train,[],healthy honeybee,2017-09-25_16-03-38
train/videos/2017-09-25_16-03-38-2/2017-09-25_16-03-38.mp4-bee_id_560-20340-1.png,1,2017-09-25_16-03-38,2017-09-25_16-03-38#560,20340,train,"[[29.0, 94.0, 79.0, 139.0]]",honeybee with a varroa mite,2017-09-25_16-03-38
train/videos/2017-09-25_16-03-38-2/2017-09-25_16-03-38.mp4-bee_id_561-20535-1.png,0,2017-09-25_16-03-38,2017-09-25_16-03-38#561,20535,train,[],healthy honeybee,2017-09-25_16-03-38
train/videos/2017-09-25_16-03-38-2/2017-09-25_16-03-38.mp4-bee_id_562-20565-1.png,1,2017-09-25_16-03-38,2017-09-25_16-03-38#562,20565,train,"[[86.0, 124.0, 124.0, 180.0]]",honeybee with a varroa mite,2017-09-25_16-03-38
train/videos/2017-09-25_16-03-38-2/2017-09-25_16-03-38.mp4-bee_id_563-20595-1.png,0,2017-09-25_16-03-38,2017-09-25_16-03-38#563,20595,train,[],healthy honeybee,2017-09-25_16-03-38
train/videos/2017-09-25_16-03-38-2/2017-09-25_16-03-38.mp4-bee_id_564-20625-1.png,0,2017-09-25_16-03-38,2017-09-25_16-03-38#564,20625,train,[],healthy honeybee,2017-09-25_16-03-38
train/videos/2017-09-25_16-03-38-2/2017-09-25_16-03-38.mp4-bee_id_565-20715-1.png,0,2017-09-25_16-03-38,2017-09-25_16-03-38#565,20715,train,[],healthy honeybee,2017-09-25_16-03-38
train/videos/2017-09-25_16-03-38-2/2017-09-25_16-03-38.mp4-bee_id_568-21030-1.png,0,2017-09-25_16-03-38,2017-09-25_16-03-38#568,21030,train,[],healthy honeybee,2017-09-25_16-03-38
train/videos/2017-09-25_16-03-38-2/2017-09-25_16-03-38.mp4-bee_id_569-21060-1.png,0,2017-09-25_16-03-38,2017-09-25_16-03-38#569,21060,train,[],healthy honeybee,2017-09-25_16-03-38
train/videos/2017-09-25_16-03-38-2/2017-09-25_16-03-38.mp4-bee_id_570-21090-1.png,0,2017-09-25_16-03-38,2017-09-25_16-03-38#570,21090,train,[],healthy honeybee,2017-09-25_16-03-38
train/videos/2017-09-25_16-03-38-2/2017-09-25_16-03-38.mp4-bee_id_571-21120-1.png,1,2017-09-25_16-03-38,2017-09-25_16-03-38#571,21120,train,"[[39.0, 75.0, 65.0, 114.0]]",honeybee with a varroa mite,2017-09-25_16-03-38
train/videos/2017-09-25_16-03-38-2/2017-09-25_16-03-38.mp4-bee_id_572-21135-1.png,0,2017-09-25_16-03-38,2017-09-25_16-03-38#572,21135,train,[],healthy honeybee,2017-09-25_16-03-38
train/videos/2017-09-25_16-03-38-2/2017-09-25_16-03-38.mp4-bee_id_575-21180-1.png,0,2017-09-25_16-03-38,2017-09-25_16-03-38#575,21180,train,[],healthy honeybee,2017-09-25_16-03-38
train/videos/2017-09-25_16-03-38-2/2017-09-25_16-03-38.mp4-bee_id_576-21210-1.png,0,2017-09-25_16-03-38,2017-09-25_16-03-38#576,21210,train,[],healthy honeybee,2017-09-25_16-03-38
train/videos/2017-09-25_16-03-38-2/2017-09-25_16-03-38.mp4-bee_id_579-21270-1.png,1,2017-09-25_16-03-38,2017-09-25_16-03-38#579,21270,train,"[[72.0, 67.0, 109.0, 106.0]]",honeybee with a varroa mite,2017-09-25_16-03-38
train/videos/2017-09-25_16-03-38-2/2017-09-25_16-03-38.mp4-bee_id_580-21285-1.png,1,2017-09-25_16-03-38,2017-09-25_16-03-38#580,21285,train,"[[74.0, 76.0, 108.0, 117.0]]",honeybee with a varroa mite,2017-09-25_16-03-38
train/videos/2017-09-25_16-03-38-2/2017-09-25_16-03-38.mp4-bee_id_581-21315-1.png,0,2017-09-25_16-03-38,2017-09-25_16-03-38#581,21315,train,[],healthy honeybee,2017-09-25_16-03-38
train/videos/2017-09-25_16-03-38-2/2017-09-25_16-03-38.mp4-bee_id_582-21345-1.png,0,2017-09-25_16-03-38,2017-09-25_16-03-38#582,21345,train,[],healthy honeybee,2017-09-25_16-03-38
train/videos/2017-09-25_16-03-38-2/2017-09-25_16-03-38.mp4-bee_id_583-21375-1.png,0,2017-09-25_16-03-38,2017-09-25_16-03-38#583,21375,train,[],healthy honeybee,2017-09-25_16-03-38
train/videos/2017-09-25_16-03-38-2/2017-09-25_16-03-38.mp4-bee_id_585-21435-1.png,0,2017-09-25_16-03-38,2017-09-25_16-03-38#585,21435,train,[],healthy honeybee,2017-09-25_16-03-38
train/videos/2017-09-25_16-03-38-2/2017-09-25_16-03-38.mp4-bee_id_588-21450-1.png,0,2017-09-25_16-03-38,2017-09-25_16-03-38#588,21450,train,[],healthy honeybee,2017-09-25_16-03-38
train/videos/2017-09-25_16-03-38-2/2017-09-25_16-03-38.mp4-bee_id_589-21525-1.png,0,2017-09-25_16-03-38,2017-09-25_16-03-38#589,21525,train,[],healthy honeybee,2017-09-25_16-03-38
train/videos/2017-09-25_16-03-38-2/2017-09-25_16-03-38.mp4-bee_id_591-21660-1.png,1,2017-09-25_16-03-38,2017-09-25_16-03-38#591,21660,train,"[[66.0, 104.0, 105.0, 136.0]]",honeybee with a varroa mite,2017-09-25_16-03-38
train/videos/2017-09-25_16-03-38-2/2017-09-25_16-03-38.mp4-bee_id_592-21675-1.png,1,2017-09-25_16-03-38,2017-09-25_16-03-38#592,21675,train,"[[50.0, 76.0, 88.0, 98.0]]",honeybee with a varroa mite,2017-09-25_16-03-38
train/videos/2017-09-25_16-03-38-2/2017-09-25_16-03-38.mp4-bee_id_593-21690-1.png,0,2017-09-25_16-03-38,2017-09-25_16-03-38#593,21690,train,[],healthy honeybee,2017-09-25_16-03-38
train/videos/2017-09-25_16-03-38-2/2017-09-25_16-03-38.mp4-bee_id_594-21690-1.png,1,2017-09-25_16-03-38,2017-09-25_16-03-38#594,21690,train,"[[57.0, 172.0, 99.0, 217.0], [89.0, 103.0, 120.0, 145.0], [42.0, 106.0, 69.0, 138.0]]",honeybee with a varroa mite,2017-09-25_16-03-38
train/videos/2017-09-25_16-03-38-2/2017-09-25_16-03-38.mp4-bee_id_595-21750-1.png,0,2017-09-25_16-03-38,2017-09-25_16-03-38#595,21750,train,[],healthy honeybee,2017-09-25_16-03-38
train/videos/2017-09-25_16-03-38-2/2017-09-25_16-03-38.mp4-bee_id_597-21825-1.png,0,2017-09-25_16-03-38,2017-09-25_16-03-38#597,21825,train,[],healthy honeybee,2017-09-25_16-03-38
train/videos/2017-09-25_16-03-38-2/2017-09-25_16-03-38.mp4-bee_id_598-22005-1.png,0,2017-09-25_16-03-38,2017-09-25_16-03-38#598,22005,train,[],healthy honeybee,2017-09-25_16-03-38
train/videos/2017-09-25_16-03-38-2/2017-09-25_16-03-38.mp4-bee_id_599-22005-1.png,0,2017-09-25_16-03-38,2017-09-25_16-03-38#599,22005,train,[],healthy honeybee,2017-09-25_16-03-38
train/videos/2017-09-25_16-03-38-2/2017-09-25_16-03-38.mp4-bee_id_600-22095-1.png,0,2017-09-25_16-03-38,2017-09-25_16-03-38#600,22095,train,[],healthy honeybee,2017-09-25_16-03-38
train/videos/2017-09-25_16-03-38-2/2017-09-25_16-03-38.mp4-bee_id_601-22110-1.png,0,2017-09-25_16-03-38,2017-09-25_16-03-38#601,22110,train,[],healthy honeybee,2017-09-25_16-03-38
train/videos/2017-09-25_16-03-38-2/2017-09-25_16-03-38.mp4-bee_id_604-22185-1.png,0,2017-09-25_16-03-38,2017-09-25_16-03-38#604,22185,train,[],healthy honeybee,2017-09-25_16-03-38
train/videos/2017-09-25_16-03-38-2/2017-09-25_16-03-38.mp4-bee_id_605-22185-1.png,0,2017-09-25_16-03-38,2017-09-25_16-03-38#605,22185,train,[],healthy honeybee,2017-09-25_16-03-38
train/videos/2017-09-25_16-03-38-2/2017-09-25_16-03-38.mp4-bee_id_606-22275-1.png,0,2017-09-25_16-03-38,2017-09-25_16-03-38#606,22275,train,[],healthy honeybee,2017-09-25_16-03-38
train/videos/2017-09-25_16-03-38-2/2017-09-25_16-03-38.mp4-bee_id_607-22440-1.png,0,2017-09-25_16-03-38,2017-09-25_16-03-38#607,22440,train,[],healthy honeybee,2017-09-25_16-03-38
train/videos/2017-09-25_16-03-38-2/2017-09-25_16-03-38.mp4-bee_id_608-22455-1.png,1,2017-09-25_16-03-38,2017-09-25_16-03-38#608,22455,train,"[[78.0, 126.0, 112.0, 164.0]]",honeybee with a varroa mite,2017-09-25_16-03-38
train/videos/2017-09-25_16-03-38-2/2017-09-25_16-03-38.mp4-bee_id_609-22470-1.png,0,2017-09-25_16-03-38,2017-09-25_16-03-38#609,22470,train,[],healthy honeybee,2017-09-25_16-03-38
train/videos/2017-09-25_16-03-38-2/2017-09-25_16-03-38.mp4-bee_id_610-22560-1.png,0,2017-09-25_16-03-38,2017-09-25_16-03-38#610,22560,train,[],healthy honeybee,2017-09-25_16-03-38
train/videos/2017-09-25_16-03-38-2/2017-09-25_16-03-38.mp4-bee_id_611-22560-1.png,0,2017-09-25_16-03-38,2017-09-25_16-03-38#611,22560,train,[],healthy honeybee,2017-09-25_16-03-38
train/videos/2017-09-25_16-03-38-2/2017-09-25_16-03-38.mp4-bee_id_612-22590-1.png,0,2017-09-25_16-03-38,2017-09-25_16-03-38#612,22590,train,[],healthy honeybee,2017-09-25_16-03-38
train/videos/2017-09-25_16-03-38-2/2017-09-25_16-03-38.mp4-bee_id_613-22725-1.png,0,2017-09-25_16-03-38,2017-09-25_16-03-38#613,22725,train,[],healthy honeybee,2017-09-25_16-03-38
train/videos/2017-09-25_16-03-38-2/2017-09-25_16-03-38.mp4-bee_id_614-22770-1.png,0,2017-09-25_16-03-38,2017-09-25_16-03-38#614,22770,train,[],healthy honeybee,2017-09-25_16-03-38
train/videos/2017-09-25_16-03-38-2/2017-09-25_16-03-38.mp4-bee_id_616-22800-1.png,0,2017-09-25_16-03-38,2017-09-25_16-03-38#616,22800,train,[],healthy honeybee,2017-09-25_16-03-38
train/videos/2017-09-25_16-03-38-2/2017-09-25_16-03-38.mp4-bee_id_617-22830-1.png,0,2017-09-25_16-03-38,2017-09-25_16-03-38#617,22830,train,[],healthy honeybee,2017-09-25_16-03-38
train/videos/2017-09-25_16-03-38-2/2017-09-25_16-03-38.mp4-bee_id_618-22845-1.png,0,2017-09-25_16-03-38,2017-09-25_16-03-38#618,22845,train,[],healthy honeybee,2017-09-25_16-03-38
train/videos/2017-09-25_16-03-38-2/2017-09-25_16-03-38.mp4-bee_id_619-22890-1.png,0,2017-09-25_16-03-38,2017-09-25_16-03-38#619,22890,train,[],healthy honeybee,2017-09-25_16-03-38
train/videos/2017-09-25_16-03-38-2/2017-09-25_16-03-38.mp4-bee_id_621-22965-1.png,0,2017-09-25_16-03-38,2017-09-25_16-03-38#621,22965,train,[],healthy honeybee,2017-09-25_16-03-38
train/videos/2017-09-25_16-03-38-2/2017-09-25_16-03-38.mp4-bee_id_622-22965-1.png,0,2017-09-25_16-03-38,2017-09-25_16-03-38#622,22965,train,[],healthy honeybee,2017-09-25_16-03-38
train/videos/2017-09-25_16-03-38-2/2017-09-25_16-03-38.mp4-bee_id_624-23100-1.png,0,2017-09-25_16-03-38,2017-09-25_16-03-38#624,23100,train,[],healthy honeybee,2017-09-25_16-03-38
train/videos/2017-09-25_16-03-38-2/2017-09-25_16-03-38.mp4-bee_id_625-23160-1.png,0,2017-09-25_16-03-38,2017-09-25_16-03-38#625,23160,train,[],healthy honeybee,2017-09-25_16-03-38
train/videos/2017-09-25_16-03-38-2/2017-09-25_16-03-38.mp4-bee_id_626-23160-1.png,0,2017-09-25_16-03-38,2017-09-25_16-03-38#626,23160,train,[],healthy honeybee,2017-09-25_16-03-38
train/videos/2017-09-25_16-03-38-2/2017-09-25_16-03-38.mp4-bee_id_627-23175-1.png,0,2017-09-25_16-03-38,2017-09-25_16-03-38#627,23175,train,[],healthy honeybee,2017-09-25_16-03-38
train/videos/2017-09-25_16-03-38-2/2017-09-25_16-03-38.mp4-bee_id_628-23295-1.png,0,2017-09-25_16-03-38,2017-09-25_16-03-38#628,23295,train,[],healthy honeybee,2017-09-25_16-03-38
train/videos/2017-09-25_16-03-38-2/2017-09-25_16-03-38.mp4-bee_id_629-23370-1.png,0,2017-09-25_16-03-38,2017-09-25_16-03-38#629,23370,train,[],healthy honeybee,2017-09-25_16-03-38
train/videos/2017-09-25_16-03-38-2/2017-09-25_16-03-38.mp4-bee_id_630-23385-1.png,0,2017-09-25_16-03-38,2017-09-25_16-03-38#630,23385,train,[],healthy honeybee,2017-09-25_16-03-38
train/videos/2017-09-25_16-03-38-2/2017-09-25_16-03-38.mp4-bee_id_631-23400-1.png,0,2017-09-25_16-03-38,2017-09-25_16-03-38#631,23400,train,[],healthy honeybee,2017-09-25_16-03-38
train/videos/2017-09-25_16-03-38-2/2017-09-25_16-03-38.mp4-bee_id_634-23445-1.png,1,2017-09-25_16-03-38,2017-09-25_16-03-38#634,23445,train,"[[92.0, 136.0, 122.0, 167.0]]",honeybee with a varroa mite,2017-09-25_16-03-38
train/videos/2017-09-25_16-03-38-2/2017-09-25_16-03-38.mp4-bee_id_635-23460-1.png,0,2017-09-25_16-03-38,2017-09-25_16-03-38#635,23460,train,[],healthy honeybee,2017-09-25_16-03-38
train/videos/2017-09-25_16-03-38-2/2017-09-25_16-03-38.mp4-bee_id_636-23490-1.png,1,2017-09-25_16-03-38,2017-09-25_16-03-38#636,23490,train,"[[34.0, 83.0, 61.0, 114.0]]",honeybee with a varroa mite,2017-09-25_16-03-38
train/videos/2017-09-25_16-03-38-2/2017-09-25_16-03-38.mp4-bee_id_639-23685-1.png,0,2017-09-25_16-03-38,2017-09-25_16-03-38#639,23685,train,[],healthy honeybee,2017-09-25_16-03-38
train/videos/2017-09-25_16-03-38-2/2017-09-25_16-03-38.mp4-bee_id_642-23745-1.png,0,2017-09-25_16-03-38,2017-09-25_16-03-38#642,23745,train,[],healthy honeybee,2017-09-25_16-03-38
train/videos/2017-09-25_16-03-38-2/2017-09-25_16-03-38.mp4-bee_id_643-23775-1.png,0,2017-09-25_16-03-38,2017-09-25_16-03-38#643,23775,train,[],healthy honeybee,2017-09-25_16-03-38
train/videos/2017-09-25_16-03-38-2/2017-09-25_16-03-38.mp4-bee_id_645-23805-1.png,0,2017-09-25_16-03-38,2017-09-25_16-03-38#645,23805,train,[],healthy honeybee,2017-09-25_16-03-38
train/videos/2017-09-25_16-03-38-2/2017-09-25_16-03-38.mp4-bee_id_646-23925-1.png,0,2017-09-25_16-03-38,2017-09-25_16-03-38#646,23925,train,[],healthy honeybee,2017-09-25_16-03-38
train/videos/2017-09-25_16-03-38-2/2017-09-25_16-03-38.mp4-bee_id_648-24000-1.png,0,2017-09-25_16-03-38,2017-09-25_16-03-38#648,24000,train,[],healthy honeybee,2017-09-25_16-03-38
train/videos/2017-09-25_16-03-38-2/2017-09-25_16-03-38.mp4-bee_id_649-24030-1.png,0,2017-09-25_16-03-38,2017-09-25_16-03-38#649,24030,train,[],healthy honeybee,2017-09-25_16-03-38
train/videos/2017-09-25_16-03-38-2/2017-09-25_16-03-38.mp4-bee_id_650-24075-1.png,0,2017-09-25_16-03-38,2017-09-25_16-03-38#650,24075,train,[],healthy honeybee,2017-09-25_16-03-38
train/videos/2017-09-25_16-03-38-2/2017-09-25_16-03-38.mp4-bee_id_651-24075-1.png,0,2017-09-25_16-03-38,2017-09-25_16-03-38#651,24075,train,[],healthy honeybee,2017-09-25_16-03-38
train/videos/2017-09-25_16-03-38-2/2017-09-25_16-03-38.mp4-bee_id_652-24105-1.png,0,2017-09-25_16-03-38,2017-09-25_16-03-38#652,24105,train,[],healthy honeybee,2017-09-25_16-03-38
train/videos/2017-09-25_16-03-38-2/2017-09-25_16-03-38.mp4-bee_id_653-24300-1.png,0,2017-09-25_16-03-38,2017-09-25_16-03-38#653,24300,train,[],healthy honeybee,2017-09-25_16-03-38
train/videos/2017-09-25_16-03-38-2/2017-09-25_16-03-38.mp4-bee_id_654-24405-1.png,0,2017-09-25_16-03-38,2017-09-25_16-03-38#654,24405,train,[],healthy honeybee,2017-09-25_16-03-38
train/videos/2017-09-25_16-03-38-2/2017-09-25_16-03-38.mp4-bee_id_655-24435-1.png,0,2017-09-25_16-03-38,2017-09-25_16-03-38#655,24435,train,[],healthy honeybee,2017-09-25_16-03-38
train/videos/2017-09-25_16-03-38-2/2017-09-25_16-03-38.mp4-bee_id_656-24495-1.png,0,2017-09-25_16-03-38,2017-09-25_16-03-38#656,24495,train,[],healthy honeybee,2017-09-25_16-03-38
train/videos/2017-09-25_16-03-38-2/2017-09-25_16-03-38.mp4-bee_id_657-24510-1.png,0,2017-09-25_16-03-38,2017-09-25_16-03-38#657,24510,train,[],healthy honeybee,2017-09-25_16-03-38
train/videos/2017-09-25_16-03-38-2/2017-09-25_16-03-38.mp4-bee_id_658-24525-1.png,0,2017-09-25_16-03-38,2017-09-25_16-03-38#658,24525,train,[],healthy honeybee,2017-09-25_16-03-38
train/videos/2017-09-25_16-03-38-2/2017-09-25_16-03-38.mp4-bee_id_659-24585-1.png,0,2017-09-25_16-03-38,2017-09-25_16-03-38#659,24585,train,[],healthy honeybee,2017-09-25_16-03-38
train/videos/2017-09-25_16-03-38-2/2017-09-25_16-03-38.mp4-bee_id_661-24630-1.png,0,2017-09-25_16-03-38,2017-09-25_16-03-38#661,24630,train,[],healthy honeybee,2017-09-25_16-03-38
train/videos/2017-09-25_16-03-38-2/2017-09-25_16-03-38.mp4-bee_id_662-24645-1.png,0,2017-09-25_16-03-38,2017-09-25_16-03-38#662,24645,train,[],healthy honeybee,2017-09-25_16-03-38
train/videos/2017-09-25_16-03-38-2/2017-09-25_16-03-38.mp4-bee_id_664-24660-1.png,0,2017-09-25_16-03-38,2017-09-25_16-03-38#664,24660,train,[],healthy honeybee,2017-09-25_16-03-38
train/videos/2017-09-25_16-03-38-2/2017-09-25_16-03-38.mp4-bee_id_669-24855-1.png,0,2017-09-25_16-03-38,2017-09-25_16-03-38#669,24855,train,[],healthy honeybee,2017-09-25_16-03-38
train/videos/2017-09-25_16-03-38-2/2017-09-25_16-03-38.mp4-bee_id_670-24870-1.png,0,2017-09-25_16-03-38,2017-09-25_16-03-38#670,24870,train,[],healthy honeybee,2017-09-25_16-03-38
train/videos/2017-09-25_16-03-38-2/2017-09-25_16-03-38.mp4-bee_id_671-24870-1.png,0,2017-09-25_16-03-38,2017-09-25_16-03-38#671,24870,train,[],healthy honeybee,2017-09-25_16-03-38
train/videos/2017-09-25_16-03-38-2/2017-09-25_16-03-38.mp4-bee_id_672-24885-1.png,0,2017-09-25_16-03-38,2017-09-25_16-03-38#672,24885,train,[],healthy honeybee,2017-09-25_16-03-38
train/videos/2017-09-25_16-03-38-2/2017-09-25_16-03-38.mp4-bee_id_673-24930-1.png,0,2017-09-25_16-03-38,2017-09-25_16-03-38#673,24930,train,[],healthy honeybee,2017-09-25_16-03-38
train/videos/2017-09-25_16-03-38-2/2017-09-25_16-03-38.mp4-bee_id_676-25005-1.png,0,2017-09-25_16-03-38,2017-09-25_16-03-38#676,25005,train,[],healthy honeybee,2017-09-25_16-03-38
train/videos/2017-09-25_16-03-38-2/2017-09-25_16-03-38.mp4-bee_id_678-25050-1.png,0,2017-09-25_16-03-38,2017-09-25_16-03-38#678,25050,train,[],healthy honeybee,2017-09-25_16-03-38
train/videos/2017-09-25_16-03-38-2/2017-09-25_16-03-38.mp4-bee_id_680-25140-1.png,0,2017-09-25_16-03-38,2017-09-25_16-03-38#680,25140,train,[],healthy honeybee,2017-09-25_16-03-38
train/videos/2017-09-25_16-03-38-2/2017-09-25_16-03-38.mp4-bee_id_681-25170-1.png,0,2017-09-25_16-03-38,2017-09-25_16-03-38#681,25170,train,[],healthy honeybee,2017-09-25_16-03-38
train/videos/2017-09-25_16-03-38-2/2017-09-25_16-03-38.mp4-bee_id_682-25170-1.png,0,2017-09-25_16-03-38,2017-09-25_16-03-38#682,25170,train,[],healthy honeybee,2017-09-25_16-03-38
train/videos/2017-09-25_16-03-38-2/2017-09-25_16-03-38.mp4-bee_id_683-25185-1.png,0,2017-09-25_16-03-38,2017-09-25_16-03-38#683,25185,train,[],healthy honeybee,2017-09-25_16-03-38
train/videos/2017-09-25_16-03-38-2/2017-09-25_16-03-38.mp4-bee_id_684-25200-1.png,0,2017-09-25_16-03-38,2017-09-25_16-03-38#684,25200,train,[],healthy honeybee,2017-09-25_16-03-38
train/videos/2017-09-25_16-03-38-2/2017-09-25_16-03-38.mp4-bee_id_685-25260-1.png,1,2017-09-25_16-03-38,2017-09-25_16-03-38#685,25260,train,"[[23.0, 112.0, 57.0, 139.0]]",honeybee with a varroa mite,2017-09-25_16-03-38
train/videos/2017-09-25_16-03-38-2/2017-09-25_16-03-38.mp4-bee_id_686-25305-1.png,0,2017-09-25_16-03-38,2017-09-25_16-03-38#686,25305,train,[],healthy honeybee,2017-09-25_16-03-38
train/videos/2017-09-25_16-03-38-2/2017-09-25_16-03-38.mp4-bee_id_687-25335-1.png,0,2017-09-25_16-03-38,2017-09-25_16-03-38#687,25335,train,[],healthy honeybee,2017-09-25_16-03-38
train/videos/2017-09-25_16-03-38-2/2017-09-25_16-03-38.mp4-bee_id_689-25365-1.png,0,2017-09-25_16-03-38,2017-09-25_16-03-38#689,25365,train,[],healthy honeybee,2017-09-25_16-03-38
train/videos/2017-09-25_16-03-38-2/2017-09-25_16-03-38.mp4-bee_id_690-25410-1.png,0,2017-09-25_16-03-38,2017-09-25_16-03-38#690,25410,train,[],healthy honeybee,2017-09-25_16-03-38
train/videos/2017-09-25_16-03-38-2/2017-09-25_16-03-38.mp4-bee_id_691-25425-1.png,0,2017-09-25_16-03-38,2017-09-25_16-03-38#691,25425,train,[],healthy honeybee,2017-09-25_16-03-38
train/videos/2017-09-25_16-03-38-2/2017-09-25_16-03-38.mp4-bee_id_692-25440-1.png,0,2017-09-25_16-03-38,2017-09-25_16-03-38#692,25440,train,[],healthy honeybee,2017-09-25_16-03-38
train/videos/2017-09-25_16-03-38-2/2017-09-25_16-03-38.mp4-bee_id_693-25440-1.png,0,2017-09-25_16-03-38,2017-09-25_16-03-38#693,25440,train,[],healthy honeybee,2017-09-25_16-03-38
train/videos/2017-09-25_16-03-38-2/2017-09-25_16-03-38.mp4-bee_id_694-25470-1.png,1,2017-09-25_16-03-38,2017-09-25_16-03-38#694,25470,train,"[[62.0, 96.0, 94.0, 132.0]]",honeybee with a varroa mite,2017-09-25_16-03-38
train/videos/2017-09-25_16-03-38-2/2017-09-25_16-03-38.mp4-bee_id_695-25485-1.png,0,2017-09-25_16-03-38,2017-09-25_16-03-38#695,25485,train,[],healthy honeybee,2017-09-25_16-03-38
train/videos/2017-09-25_16-03-38-2/2017-09-25_16-03-38.mp4-bee_id_696-25560-1.png,0,2017-09-25_16-03-38,2017-09-25_16-03-38#696,25560,train,[],healthy honeybee,2017-09-25_16-03-38
train/videos/2017-09-25_16-03-38-2/2017-09-25_16-03-38.mp4-bee_id_697-25575-1.png,0,2017-09-25_16-03-38,2017-09-25_16-03-38#697,25575,train,[],healthy honeybee,2017-09-25_16-03-38
train/videos/2017-09-25_16-03-38-2/2017-09-25_16-03-38.mp4-bee_id_701-25680-1.png,0,2017-09-25_16-03-38,2017-09-25_16-03-38#701,25680,train,[],healthy honeybee,2017-09-25_16-03-38
train/videos/2017-09-25_16-03-38-2/2017-09-25_16-03-38.mp4-bee_id_703-25830-1.png,0,2017-09-25_16-03-38,2017-09-25_16-03-38#703,25830,train,[],healthy honeybee,2017-09-25_16-03-38
train/videos/2017-09-25_16-03-38-2/2017-09-25_16-03-38.mp4-bee_id_704-25875-1.png,0,2017-09-25_16-03-38,2017-09-25_16-03-38#704,25875,train,[],healthy honeybee,2017-09-25_16-03-38
train/videos/2017-09-25_16-03-38-2/2017-09-25_16-03-38.mp4-bee_id_705-25890-1.png,1,2017-09-25_16-03-38,2017-09-25_16-03-38#705,25890,train,"[[43.0, 63.0, 78.0, 97.0]]",honeybee with a varroa mite,2017-09-25_16-03-38
train/videos/2017-09-25_16-03-38-2/2017-09-25_16-03-38.mp4-bee_id_707-25905-1.png,0,2017-09-25_16-03-38,2017-09-25_16-03-38#707,25905,train,[],healthy honeybee,2017-09-25_16-03-38
train/videos/2017-09-25_16-03-38-2/2017-09-25_16-03-38.mp4-bee_id_708-25950-1.png,0,2017-09-25_16-03-38,2017-09-25_16-03-38#708,25950,train,[],healthy honeybee,2017-09-25_16-03-38
train/videos/2017-09-25_16-03-38-2/2017-09-25_16-03-38.mp4-bee_id_710-25965-1.png,0,2017-09-25_16-03-38,2017-09-25_16-03-38#710,25965,train,[],healthy honeybee,2017-09-25_16-03-38
train/videos/2017-09-25_16-03-38-2/2017-09-25_16-03-38.mp4-bee_id_711-25995-1.png,0,2017-09-25_16-03-38,2017-09-25_16-03-38#711,25995,train,[],healthy honeybee,2017-09-25_16-03-38
train/videos/2017-09-25_16-03-38-2/2017-09-25_16-03-38.mp4-bee_id_712-26010-1.png,0,2017-09-25_16-03-38,2017-09-25_16-03-38#712,26010,train,[],healthy honeybee,2017-09-25_16-03-38
train/videos/2017-09-25_16-03-38-2/2017-09-25_16-03-38.mp4-bee_id_713-26025-1.png,0,2017-09-25_16-03-38,2017-09-25_16-03-38#713,26025,train,[],healthy honeybee,2017-09-25_16-03-38
train/videos/2017-09-25_16-03-38-2/2017-09-25_16-03-38.mp4-bee_id_714-26025-1.png,0,2017-09-25_16-03-38,2017-09-25_16-03-38#714,26025,train,[],healthy honeybee,2017-09-25_16-03-38
train/videos/2017-09-25_16-03-38-2/2017-09-25_16-03-38.mp4-bee_id_715-26025-1.png,0,2017-09-25_16-03-38,2017-09-25_16-03-38#715,26025,train,[],healthy honeybee,2017-09-25_16-03-38
train/videos/2017-09-25_16-03-38-2/2017-09-25_16-03-38.mp4-bee_id_716-26100-1.png,0,2017-09-25_16-03-38,2017-09-25_16-03-38#716,26100,train,[],healthy honeybee,2017-09-25_16-03-38
train/videos/2017-09-25_16-03-38-2/2017-09-25_16-03-38.mp4-bee_id_717-26145-1.png,0,2017-09-25_16-03-38,2017-09-25_16-03-38#717,26145,train,[],healthy honeybee,2017-09-25_16-03-38
train/videos/2017-09-25_16-03-38-2/2017-09-25_16-03-38.mp4-bee_id_718-26145-1.png,0,2017-09-25_16-03-38,2017-09-25_16-03-38#718,26145,train,[],healthy honeybee,2017-09-25_16-03-38
train/videos/2017-09-25_16-03-38-2/2017-09-25_16-03-38.mp4-bee_id_720-26250-1.png,0,2017-09-25_16-03-38,2017-09-25_16-03-38#720,26250,train,[],healthy honeybee,2017-09-25_16-03-38
train/videos/2017-09-25_16-03-38-2/2017-09-25_16-03-38.mp4-bee_id_722-26265-1.png,1,2017-09-25_16-03-38,2017-09-25_16-03-38#722,26265,train,"[[16.0, 99.0, 62.0, 142.0]]",honeybee with a varroa mite,2017-09-25_16-03-38
train/videos/2017-09-25_16-03-38-2/2017-09-25_16-03-38.mp4-bee_id_724-26310-1.png,0,2017-09-25_16-03-38,2017-09-25_16-03-38#724,26310,train,[],healthy honeybee,2017-09-25_16-03-38
train/videos/2017-09-25_16-03-38-2/2017-09-25_16-03-38.mp4-bee_id_725-26310-1.png,0,2017-09-25_16-03-38,2017-09-25_16-03-38#725,26310,train,[],healthy honeybee,2017-09-25_16-03-38
train/videos/2017-09-25_16-03-38-2/2017-09-25_16-03-38.mp4-bee_id_726-26325-1.png,0,2017-09-25_16-03-38,2017-09-25_16-03-38#726,26325,train,[],healthy honeybee,2017-09-25_16-03-38
train/videos/2017-09-25_16-03-38-2/2017-09-25_16-03-38.mp4-bee_id_727-26355-1.png,0,2017-09-25_16-03-38,2017-09-25_16-03-38#727,26355,train,[],healthy honeybee,2017-09-25_16-03-38
train/videos/2017-09-25_16-03-38-2/2017-09-25_16-03-38.mp4-bee_id_728-26430-1.png,0,2017-09-25_16-03-38,2017-09-25_16-03-38#728,26430,train,[],healthy honeybee,2017-09-25_16-03-38
train/videos/2017-09-25_16-03-38-2/2017-09-25_16-03-38.mp4-bee_id_729-26445-1.png,0,2017-09-25_16-03-38,2017-09-25_16-03-38#729,26445,train,[],healthy honeybee,2017-09-25_16-03-38
train/videos/2017-09-25_16-03-38-2/2017-09-25_16-03-38.mp4-bee_id_730-26505-1.png,0,2017-09-25_16-03-38,2017-09-25_16-03-38#730,26505,train,[],healthy honeybee,2017-09-25_16-03-38
train/videos/2017-09-25_16-03-38-2/2017-09-25_16-03-38.mp4-bee_id_731-26520-1.png,0,2017-09-25_16-03-38,2017-09-25_16-03-38#731,26520,train,[],healthy honeybee,2017-09-25_16-03-38
train/videos/2017-09-25_16-03-38-2/2017-09-25_16-03-38.mp4-bee_id_732-26535-1.png,0,2017-09-25_16-03-38,2017-09-25_16-03-38#732,26535,train,[],healthy honeybee,2017-09-25_16-03-38
train/videos/2017-09-25_16-03-38-2/2017-09-25_16-03-38.mp4-bee_id_733-26535-1.png,0,2017-09-25_16-03-38,2017-09-25_16-03-38#733,26535,train,[],healthy honeybee,2017-09-25_16-03-38
train/videos/2017-09-25_16-03-38-2/2017-09-25_16-03-38.mp4-bee_id_735-26550-1.png,1,2017-09-25_16-03-38,2017-09-25_16-03-38#735,26550,train,"[[53.0, 81.0, 92.0, 112.0], [42.0, 154.0, 73.0, 186.0]]",honeybee with a varroa mite,2017-09-25_16-03-38
train/videos/2017-09-25_16-03-38-2/2017-09-25_16-03-38.mp4-bee_id_736-26595-1.png,0,2017-09-25_16-03-38,2017-09-25_16-03-38#736,26595,train,[],healthy honeybee,2017-09-25_16-03-38
train/videos/2017-09-25_16-03-38-2/2017-09-25_16-03-38.mp4-bee_id_737-26610-1.png,0,2017-09-25_16-03-38,2017-09-25_16-03-38#737,26610,train,[],healthy honeybee,2017-09-25_16-03-38
train/videos/2017-09-25_16-03-38-2/2017-09-25_16-03-38.mp4-bee_id_741-26760-1.png,0,2017-09-25_16-03-38,2017-09-25_16-03-38#741,26760,train,[],healthy honeybee,2017-09-25_16-03-38
train/videos/2017-09-25_16-03-38-2/2017-09-25_16-03-38.mp4-bee_id_742-26835-1.png,0,2017-09-25_16-03-38,2017-09-25_16-03-38#742,26835,train,[],healthy honeybee,2017-09-25_16-03-38
train/videos/2017-09-25_16-03-38-2/2017-09-25_16-03-38.mp4-bee_id_743-26850-1.png,1,2017-09-25_16-03-38,2017-09-25_16-03-38#743,26850,train,"[[23.0, 101.0, 59.0, 130.0]]",honeybee with a varroa mite,2017-09-25_16-03-38
train/videos/2017-09-25_16-03-38-2/2017-09-25_16-03-38.mp4-bee_id_745-26880-1.png,0,2017-09-25_16-03-38,2017-09-25_16-03-38#745,26880,train,[],healthy honeybee,2017-09-25_16-03-38
train/videos/2017-09-25_16-03-38-2/2017-09-25_16-03-38.mp4-bee_id_746-26895-1.png,0,2017-09-25_16-03-38,2017-09-25_16-03-38#746,26895,train,[],healthy honeybee,2017-09-25_16-03-38
train/videos/2017-09-25_16-03-38-2/2017-09-25_16-03-38.mp4-bee_id_747-26910-1.png,0,2017-09-25_16-03-38,2017-09-25_16-03-38#747,26910,train,[],healthy honeybee,2017-09-25_16-03-38
train/videos/2017-09-25_16-03-38-2/2017-09-25_16-03-38.mp4-bee_id_748-26970-1.png,0,2017-09-25_16-03-38,2017-09-25_16-03-38#748,26970,train,[],healthy honeybee,2017-09-25_16-03-38
train/videos/2017-09-25_16-03-38-2/2017-09-25_16-03-38.mp4-bee_id_749-26985-1.png,0,2017-09-25_16-03-38,2017-09-25_16-03-38#749,26985,train,[],healthy honeybee,2017-09-25_16-03-38
train/videos/2017-09-25_16-03-38-2/2017-09-25_16-03-38.mp4-bee_id_750-27015-1.png,0,2017-09-25_16-03-38,2017-09-25_16-03-38#750,27015,train,[],healthy honeybee,2017-09-25_16-03-38
train/videos/2017-09-25_16-03-38-2/2017-09-25_16-03-38.mp4-bee_id_751-27030-1.png,0,2017-09-25_16-03-38,2017-09-25_16-03-38#751,27030,train,[],healthy honeybee,2017-09-25_16-03-38
train/videos/2017-09-25_16-03-38-2/2017-09-25_16-03-38.mp4-bee_id_752-27045-1.png,0,2017-09-25_16-03-38,2017-09-25_16-03-38#752,27045,train,[],healthy honeybee,2017-09-25_16-03-38
train/videos/2017-09-25_16-03-38-2/2017-09-25_16-03-38.mp4-bee_id_753-27060-1.png,1,2017-09-25_16-03-38,2017-09-25_16-03-38#753,27060,train,"[[69.0, 149.0, 121.0, 183.0]]",honeybee with a varroa mite,2017-09-25_16-03-38
train/videos/2017-09-25_16-03-38-2/2017-09-25_16-03-38.mp4-bee_id_754-27060-1.png,0,2017-09-25_16-03-38,2017-09-25_16-03-38#754,27060,train,[],healthy honeybee,2017-09-25_16-03-38
train/videos/2017-09-25_16-03-38-2/2017-09-25_16-03-38.mp4-bee_id_755-27090-1.png,0,2017-09-25_16-03-38,2017-09-25_16-03-38#755,27090,train,[],healthy honeybee,2017-09-25_16-03-38
train/videos/2017-09-25_16-03-38-2/2017-09-25_16-03-38.mp4-bee_id_756-27090-1.png,0,2017-09-25_16-03-38,2017-09-25_16-03-38#756,27090,train,[],healthy honeybee,2017-09-25_16-03-38
train/videos/2017-09-25_16-03-38-2/2017-09-25_16-03-38.mp4-bee_id_757-27120-1.png,0,2017-09-25_16-03-38,2017-09-25_16-03-38#757,27120,train,[],healthy honeybee,2017-09-25_16-03-38
train/videos/2017-09-25_16-03-38-2/2017-09-25_16-03-38.mp4-bee_id_759-27270-1.png,0,2017-09-25_16-03-38,2017-09-25_16-03-38#759,27270,train,[],healthy honeybee,2017-09-25_16-03-38
train/videos/2017-09-25_16-03-38-2/2017-09-25_16-03-38.mp4-bee_id_761-27285-1.png,0,2017-09-25_16-03-38,2017-09-25_16-03-38#761,27285,train,[],healthy honeybee,2017-09-25_16-03-38
train/videos/2017-09-25_16-03-38-2/2017-09-25_16-03-38.mp4-bee_id_762-27315-1.png,0,2017-09-25_16-03-38,2017-09-25_16-03-38#762,27315,train,[],healthy honeybee,2017-09-25_16-03-38
train/videos/2017-09-25_16-03-38-2/2017-09-25_16-03-38.mp4-bee_id_763-27330-1.png,0,2017-09-25_16-03-38,2017-09-25_16-03-38#763,27330,train,[],healthy honeybee,2017-09-25_16-03-38
train/videos/2017-09-25_16-03-38-2/2017-09-25_16-03-38.mp4-bee_id_764-27345-1.png,0,2017-09-25_16-03-38,2017-09-25_16-03-38#764,27345,train,[],healthy honeybee,2017-09-25_16-03-38
train/videos/2017-09-25_16-03-38-2/2017-09-25_16-03-38.mp4-bee_id_765-27360-1.png,0,2017-09-25_16-03-38,2017-09-25_16-03-38#765,27360,train,[],healthy honeybee,2017-09-25_16-03-38
train/videos/2017-09-25_16-03-38-2/2017-09-25_16-03-38.mp4-bee_id_766-27390-1.png,0,2017-09-25_16-03-38,2017-09-25_16-03-38#766,27390,train,[],healthy honeybee,2017-09-25_16-03-38
train/videos/2017-09-25_16-03-38-2/2017-09-25_16-03-38.mp4-bee_id_767-27405-1.png,0,2017-09-25_16-03-38,2017-09-25_16-03-38#767,27405,train,[],healthy honeybee,2017-09-25_16-03-38
train/videos/2017-09-25_16-03-38-2/2017-09-25_16-03-38.mp4-bee_id_768-27405-1.png,0,2017-09-25_16-03-38,2017-09-25_16-03-38#768,27405,train,[],healthy honeybee,2017-09-25_16-03-38
train/videos/2017-09-25_16-03-38-2/2017-09-25_16-03-38.mp4-bee_id_769-27420-1.png,0,2017-09-25_16-03-38,2017-09-25_16-03-38#769,27420,train,[],healthy honeybee,2017-09-25_16-03-38
train/videos/2017-09-25_16-03-38-2/2017-09-25_16-03-38.mp4-bee_id_770-27435-1.png,0,2017-09-25_16-03-38,2017-09-25_16-03-38#770,27435,train,[],healthy honeybee,2017-09-25_16-03-38
train/videos/2017-09-25_16-03-38-2/2017-09-25_16-03-38.mp4-bee_id_771-27465-1.png,0,2017-09-25_16-03-38,2017-09-25_16-03-38#771,27465,train,[],healthy honeybee,2017-09-25_16-03-38
train/videos/2017-09-25_16-03-38-2/2017-09-25_16-03-38.mp4-bee_id_772-27480-1.png,0,2017-09-25_16-03-38,2017-09-25_16-03-38#772,27480,train,[],healthy honeybee,2017-09-25_16-03-38
train/videos/2017-09-25_16-03-38-2/2017-09-25_16-03-38.mp4-bee_id_776-27630-1.png,0,2017-09-25_16-03-38,2017-09-25_16-03-38#776,27630,train,[],healthy honeybee,2017-09-25_16-03-38
train/videos/2017-09-25_16-03-38-2/2017-09-25_16-03-38.mp4-bee_id_777-27720-1.png,0,2017-09-25_16-03-38,2017-09-25_16-03-38#777,27720,train,[],healthy honeybee,2017-09-25_16-03-38
train/videos/2017-09-25_16-03-38-2/2017-09-25_16-03-38.mp4-bee_id_779-27855-1.png,0,2017-09-25_16-03-38,2017-09-25_16-03-38#779,27855,train,[],healthy honeybee,2017-09-25_16-03-38
train/videos/2017-09-25_16-03-38-2/2017-09-25_16-03-38.mp4-bee_id_780-27870-1.png,0,2017-09-25_16-03-38,2017-09-25_16-03-38#780,27870,train,[],healthy honeybee,2017-09-25_16-03-38
train/videos/2017-09-25_16-03-38-2/2017-09-25_16-03-38.mp4-bee_id_781-27885-1.png,0,2017-09-25_16-03-38,2017-09-25_16-03-38#781,27885,train,[],healthy honeybee,2017-09-25_16-03-38
train/videos/2017-09-25_16-03-38-2/2017-09-25_16-03-38.mp4-bee_id_782-27885-1.png,0,2017-09-25_16-03-38,2017-09-25_16-03-38#782,27885,train,[],healthy honeybee,2017-09-25_16-03-38
train/videos/2017-09-25_16-03-38-2/2017-09-25_16-03-38.mp4-bee_id_783-28020-1.png,0,2017-09-25_16-03-38,2017-09-25_16-03-38#783,28020,train,[],healthy honeybee,2017-09-25_16-03-38
train/videos/2017-09-25_16-03-38-2/2017-09-25_16-03-38.mp4-bee_id_784-28035-1.png,0,2017-09-25_16-03-38,2017-09-25_16-03-38#784,28035,train,[],healthy honeybee,2017-09-25_16-03-38
train/videos/2017-09-25_16-03-38-2/2017-09-25_16-03-38.mp4-bee_id_787-28050-1.png,0,2017-09-25_16-03-38,2017-09-25_16-03-38#787,28050,train,[],healthy honeybee,2017-09-25_16-03-38
train/videos/2017-09-25_16-03-38-2/2017-09-25_16-03-38.mp4-bee_id_788-28065-1.png,0,2017-09-25_16-03-38,2017-09-25_16-03-38#788,28065,train,[],healthy honeybee,2017-09-25_16-03-38
train/videos/2017-09-25_16-03-38-2/2017-09-25_16-03-38.mp4-bee_id_789-28080-1.png,0,2017-09-25_16-03-38,2017-09-25_16-03-38#789,28080,train,[],healthy honeybee,2017-09-25_16-03-38
train/videos/2017-09-25_16-03-38-2/2017-09-25_16-03-38.mp4-bee_id_791-28140-1.png,0,2017-09-25_16-03-38,2017-09-25_16-03-38#791,28140,train,[],healthy honeybee,2017-09-25_16-03-38
train/videos/2017-09-25_16-03-38-2/2017-09-25_16-03-38.mp4-bee_id_792-28155-1.png,0,2017-09-25_16-03-38,2017-09-25_16-03-38#792,28155,train,[],healthy honeybee,2017-09-25_16-03-38
train/videos/2017-09-25_16-03-38-2/2017-09-25_16-03-38.mp4-bee_id_793-28215-1.png,0,2017-09-25_16-03-38,2017-09-25_16-03-38#793,28215,train,[],healthy honeybee,2017-09-25_16-03-38
train/videos/2017-09-25_16-03-38-2/2017-09-25_16-03-38.mp4-bee_id_794-28245-1.png,0,2017-09-25_16-03-38,2017-09-25_16-03-38#794,28245,train,[],healthy honeybee,2017-09-25_16-03-38
train/videos/2017-09-25_16-03-38-2/2017-09-25_16-03-38.mp4-bee_id_796-28275-1.png,0,2017-09-25_16-03-38,2017-09-25_16-03-38#796,28275,train,[],healthy honeybee,2017-09-25_16-03-38
train/videos/2017-09-25_16-03-38-2/2017-09-25_16-03-38.mp4-bee_id_797-28275-1.png,0,2017-09-25_16-03-38,2017-09-25_16-03-38#797,28275,train,[],healthy honeybee,2017-09-25_16-03-38
train/videos/2017-09-25_16-03-38-2/2017-09-25_16-03-38.mp4-bee_id_798-28305-1.png,0,2017-09-25_16-03-38,2017-09-25_16-03-38#798,28305,train,[],healthy honeybee,2017-09-25_16-03-38
train/videos/2017-09-25_16-03-38-2/2017-09-25_16-03-38.mp4-bee_id_799-28335-1.png,0,2017-09-25_16-03-38,2017-09-25_16-03-38#799,28335,train,[],healthy honeybee,2017-09-25_16-03-38
train/videos/2017-09-25_16-03-38-2/2017-09-25_16-03-38.mp4-bee_id_800-28380-1.png,0,2017-09-25_16-03-38,2017-09-25_16-03-38#800,28380,train,[],healthy honeybee,2017-09-25_16-03-38
train/videos/2017-09-25_16-03-38-2/2017-09-25_16-03-38.mp4-bee_id_801-28395-1.png,0,2017-09-25_16-03-38,2017-09-25_16-03-38#801,28395,train,[],healthy honeybee,2017-09-25_16-03-38
train/videos/2017-09-25_16-03-38-2/2017-09-25_16-03-38.mp4-bee_id_804-28515-1.png,0,2017-09-25_16-03-38,2017-09-25_16-03-38#804,28515,train,[],healthy honeybee,2017-09-25_16-03-38
train/videos/2017-09-25_16-03-38-2/2017-09-25_16-03-38.mp4-bee_id_807-28590-1.png,0,2017-09-25_16-03-38,2017-09-25_16-03-38#807,28590,train,[],healthy honeybee,2017-09-25_16-03-38
train/videos/2017-09-25_16-03-38-2/2017-09-25_16-03-38.mp4-bee_id_810-28650-1.png,0,2017-09-25_16-03-38,2017-09-25_16-03-38#810,28650,train,[],healthy honeybee,2017-09-25_16-03-38
train/videos/2017-09-25_16-03-38-2/2017-09-25_16-03-38.mp4-bee_id_812-28710-1.png,1,2017-09-25_16-03-38,2017-09-25_16-03-38#812,28710,train,"[[20.0, 124.0, 57.0, 145.0]]",honeybee with a varroa mite,2017-09-25_16-03-38
train/videos/2017-09-25_16-03-38-2/2017-09-25_16-03-38.mp4-bee_id_813-28755-1.png,0,2017-09-25_16-03-38,2017-09-25_16-03-38#813,28755,train,[],healthy honeybee,2017-09-25_16-03-38
train/videos/2017-09-25_16-03-38-2/2017-09-25_16-03-38.mp4-bee_id_814-28755-1.png,0,2017-09-25_16-03-38,2017-09-25_16-03-38#814,28755,train,[],healthy honeybee,2017-09-25_16-03-38
train/videos/2017-09-25_16-03-38-2/2017-09-25_16-03-38.mp4-bee_id_815-28785-1.png,0,2017-09-25_16-03-38,2017-09-25_16-03-38#815,28785,train,[],healthy honeybee,2017-09-25_16-03-38
train/videos/2017-09-25_16-03-38-2/2017-09-25_16-03-38.mp4-bee_id_816-28785-1.png,0,2017-09-25_16-03-38,2017-09-25_16-03-38#816,28785,train,[],healthy honeybee,2017-09-25_16-03-38
train/videos/2017-09-25_16-03-38-2/2017-09-25_16-03-38.mp4-bee_id_817-28800-1.png,0,2017-09-25_16-03-38,2017-09-25_16-03-38#817,28800,train,[],healthy honeybee,2017-09-25_16-03-38
train/videos/2017-09-25_16-03-38-2/2017-09-25_16-03-38.mp4-bee_id_818-28815-1.png,0,2017-09-25_16-03-38,2017-09-25_16-03-38#818,28815,train,[],healthy honeybee,2017-09-25_16-03-38
train/videos/2017-09-25_16-03-38-2/2017-09-25_16-03-38.mp4-bee_id_819-28815-1.png,0,2017-09-25_16-03-38,2017-09-25_16-03-38#819,28815,train,[],healthy honeybee,2017-09-25_16-03-38
train/videos/2017-09-25_16-03-38-2/2017-09-25_16-03-38.mp4-bee_id_820-28845-1.png,0,2017-09-25_16-03-38,2017-09-25_16-03-38#820,28845,train,[],healthy honeybee,2017-09-25_16-03-38
train/videos/2017-09-25_16-03-38-2/2017-09-25_16-03-38.mp4-bee_id_821-28935-1.png,0,2017-09-25_16-03-38,2017-09-25_16-03-38#821,28935,train,[],healthy honeybee,2017-09-25_16-03-38
train/videos/2017-09-25_16-03-38-2/2017-09-25_16-03-38.mp4-bee_id_822-28965-1.png,0,2017-09-25_16-03-38,2017-09-25_16-03-38#822,28965,train,[],healthy honeybee,2017-09-25_16-03-38
train/videos/2017-09-25_16-03-38-2/2017-09-25_16-03-38.mp4-bee_id_825-28995-1.png,0,2017-09-25_16-03-38,2017-09-25_16-03-38#825,28995,train,[],healthy honeybee,2017-09-25_16-03-38
train/videos/2017-09-25_16-03-38-2/2017-09-25_16-03-38.mp4-bee_id_826-29025-1.png,0,2017-09-25_16-03-38,2017-09-25_16-03-38#826,29025,train,[],healthy honeybee,2017-09-25_16-03-38
train/videos/2017-09-25_16-03-38-2/2017-09-25_16-03-38.mp4-bee_id_827-29040-1.png,0,2017-09-25_16-03-38,2017-09-25_16-03-38#827,29040,train,[],healthy honeybee,2017-09-25_16-03-38
train/videos/2017-09-25_16-03-38-2/2017-09-25_16-03-38.mp4-bee_id_828-29070-1.png,1,2017-09-25_16-03-38,2017-09-25_16-03-38#828,29070,train,"[[70.0, 105.0, 104.0, 140.0]]",honeybee with a varroa mite,2017-09-25_16-03-38
train/videos/2017-09-25_16-03-38-2/2017-09-25_16-03-38.mp4-bee_id_829-29070-1.png,0,2017-09-25_16-03-38,2017-09-25_16-03-38#829,29070,train,[],healthy honeybee,2017-09-25_16-03-38
train/videos/2017-09-25_16-03-38-2/2017-09-25_16-03-38.mp4-bee_id_833-29130-1.png,0,2017-09-25_16-03-38,2017-09-25_16-03-38#833,29130,train,[],healthy honeybee,2017-09-25_16-03-38
train/videos/2017-09-25_16-03-38-2/2017-09-25_16-03-38.mp4-bee_id_834-29160-1.png,0,2017-09-25_16-03-38,2017-09-25_16-03-38#834,29160,train,[],healthy honeybee,2017-09-25_16-03-38
train/videos/2017-09-25_16-03-38-2/2017-09-25_16-03-38.mp4-bee_id_836-29235-1.png,0,2017-09-25_16-03-38,2017-09-25_16-03-38#836,29235,train,[],healthy honeybee,2017-09-25_16-03-38
train/videos/2017-09-25_16-03-38-2/2017-09-25_16-03-38.mp4-bee_id_837-29235-1.png,0,2017-09-25_16-03-38,2017-09-25_16-03-38#837,29235,train,[],healthy honeybee,2017-09-25_16-03-38
train/videos/2017-09-25_16-03-38-2/2017-09-25_16-03-38.mp4-bee_id_839-29295-1.png,0,2017-09-25_16-03-38,2017-09-25_16-03-38#839,29295,train,[],healthy honeybee,2017-09-25_16-03-38
train/videos/2017-09-25_16-03-38-2/2017-09-25_16-03-38.mp4-bee_id_840-29460-1.png,0,2017-09-25_16-03-38,2017-09-25_16-03-38#840,29460,train,[],healthy honeybee,2017-09-25_16-03-38
train/videos/2017-09-25_16-03-38-2/2017-09-25_16-03-38.mp4-bee_id_842-29490-1.png,0,2017-09-25_16-03-38,2017-09-25_16-03-38#842,29490,train,[],healthy honeybee,2017-09-25_16-03-38
train/videos/2017-09-25_16-03-38-2/2017-09-25_16-03-38.mp4-bee_id_843-29505-1.png,0,2017-09-25_16-03-38,2017-09-25_16-03-38#843,29505,train,[],healthy honeybee,2017-09-25_16-03-38
train/videos/2017-09-25_16-03-38-2/2017-09-25_16-03-38.mp4-bee_id_844-29520-1.png,0,2017-09-25_16-03-38,2017-09-25_16-03-38#844,29520,train,[],healthy honeybee,2017-09-25_16-03-38
train/videos/2017-09-25_16-03-38-2/2017-09-25_16-03-38.mp4-bee_id_845-29520-1.png,0,2017-09-25_16-03-38,2017-09-25_16-03-38#845,29520,train,[],healthy honeybee,2017-09-25_16-03-38
train/videos/2017-09-25_16-03-38-2/2017-09-25_16-03-38.mp4-bee_id_846-29535-1.png,0,2017-09-25_16-03-38,2017-09-25_16-03-38#846,29535,train,[],healthy honeybee,2017-09-25_16-03-38
train/videos/2017-09-25_16-03-38-2/2017-09-25_16-03-38.mp4-bee_id_847-29595-1.png,0,2017-09-25_16-03-38,2017-09-25_16-03-38#847,29595,train,[],healthy honeybee,2017-09-25_16-03-38
train/videos/2017-09-25_16-03-38-2/2017-09-25_16-03-38.mp4-bee_id_848-29790-1.png,0,2017-09-25_16-03-38,2017-09-25_16-03-38#848,29790,train,[],healthy honeybee,2017-09-25_16-03-38
train/videos/2017-09-25_16-03-38-2/2017-09-25_16-03-38.mp4-bee_id_850-29805-1.png,0,2017-09-25_16-03-38,2017-09-25_16-03-38#850,29805,train,[],healthy honeybee,2017-09-25_16-03-38
train/videos/2017-09-25_16-03-38-2/2017-09-25_16-03-38.mp4-bee_id_852-29820-1.png,0,2017-09-25_16-03-38,2017-09-25_16-03-38#852,29820,train,[],healthy honeybee,2017-09-25_16-03-38
train/videos/2017-09-25_16-03-38-2/2017-09-25_16-03-38.mp4-bee_id_853-29835-1.png,0,2017-09-25_16-03-38,2017-09-25_16-03-38#853,29835,train,[],healthy honeybee,2017-09-25_16-03-38
train/videos/2017-09-25_16-03-38-2/2017-09-25_16-03-38.mp4-bee_id_854-29895-1.png,0,2017-09-25_16-03-38,2017-09-25_16-03-38#854,29895,train,[],healthy honeybee,2017-09-25_16-03-38
train/videos/2017-09-25_16-03-38-2/2017-09-25_16-03-38.mp4-bee_id_855-29910-1.png,0,2017-09-25_16-03-38,2017-09-25_16-03-38#855,29910,train,[],healthy honeybee,2017-09-25_16-03-38
train/videos/2017-09-25_16-03-38-2/2017-09-25_16-03-38.mp4-bee_id_856-30045-1.png,0,2017-09-25_16-03-38,2017-09-25_16-03-38#856,30045,train,[],healthy honeybee,2017-09-25_16-03-38
train/videos/2017-09-25_16-03-38-2/2017-09-25_16-03-38.mp4-bee_id_857-30105-1.png,1,2017-09-25_16-03-38,2017-09-25_16-03-38#857,30105,train,"[[94.0, 141.0, 132.0, 180.0]]",honeybee with a varroa mite,2017-09-25_16-03-38
train/videos/2017-09-25_16-03-38-2/2017-09-25_16-03-38.mp4-bee_id_858-30105-1.png,0,2017-09-25_16-03-38,2017-09-25_16-03-38#858,30105,train,[],healthy honeybee,2017-09-25_16-03-38
train/videos/2017-09-25_16-03-38-2/2017-09-25_16-03-38.mp4-bee_id_859-30135-1.png,0,2017-09-25_16-03-38,2017-09-25_16-03-38#859,30135,train,[],healthy honeybee,2017-09-25_16-03-38
train/videos/2017-09-25_16-03-38-2/2017-09-25_16-03-38.mp4-bee_id_860-30135-1.png,0,2017-09-25_16-03-38,2017-09-25_16-03-38#860,30135,train,[],healthy honeybee,2017-09-25_16-03-38
train/videos/2017-09-25_16-03-38-2/2017-09-25_16-03-38.mp4-bee_id_862-30180-1.png,0,2017-09-25_16-03-38,2017-09-25_16-03-38#862,30180,train,[],healthy honeybee,2017-09-25_16-03-38
train/videos/2017-09-25_16-03-38-2/2017-09-25_16-03-38.mp4-bee_id_863-30195-1.png,0,2017-09-25_16-03-38,2017-09-25_16-03-38#863,30195,train,[],healthy honeybee,2017-09-25_16-03-38
train/videos/2017-09-25_16-03-38-2/2017-09-25_16-03-38.mp4-bee_id_867-30255-1.png,0,2017-09-25_16-03-38,2017-09-25_16-03-38#867,30255,train,[],healthy honeybee,2017-09-25_16-03-38
train/videos/2017-09-25_16-03-38-2/2017-09-25_16-03-38.mp4-bee_id_869-30270-1.png,0,2017-09-25_16-03-38,2017-09-25_16-03-38#869,30270,train,[],healthy honeybee,2017-09-25_16-03-38
train/videos/2017-09-25_16-03-38-2/2017-09-25_16-03-38.mp4-bee_id_870-30270-1.png,0,2017-09-25_16-03-38,2017-09-25_16-03-38#870,30270,train,[],healthy honeybee,2017-09-25_16-03-38
train/videos/2017-09-25_16-03-38-2/2017-09-25_16-03-38.mp4-bee_id_871-30300-1.png,0,2017-09-25_16-03-38,2017-09-25_16-03-38#871,30300,train,[],healthy honeybee,2017-09-25_16-03-38
train/videos/2017-09-25_16-03-38-2/2017-09-25_16-03-38.mp4-bee_id_872-30315-1.png,0,2017-09-25_16-03-38,2017-09-25_16-03-38#872,30315,train,[],healthy honeybee,2017-09-25_16-03-38
train/videos/2017-09-25_16-03-38-2/2017-09-25_16-03-38.mp4-bee_id_873-30420-1.png,0,2017-09-25_16-03-38,2017-09-25_16-03-38#873,30420,train,[],healthy honeybee,2017-09-25_16-03-38
train/videos/2017-09-25_16-03-38-2/2017-09-25_16-03-38.mp4-bee_id_875-30495-1.png,0,2017-09-25_16-03-38,2017-09-25_16-03-38#875,30495,train,[],healthy honeybee,2017-09-25_16-03-38
train/videos/2017-09-25_16-03-38-2/2017-09-25_16-03-38.mp4-bee_id_876-30525-1.png,0,2017-09-25_16-03-38,2017-09-25_16-03-38#876,30525,train,[],healthy honeybee,2017-09-25_16-03-38
train/videos/2017-09-25_16-03-38-2/2017-09-25_16-03-38.mp4-bee_id_877-30525-1.png,0,2017-09-25_16-03-38,2017-09-25_16-03-38#877,30525,train,[],healthy honeybee,2017-09-25_16-03-38
train/videos/2017-09-25_16-03-38-2/2017-09-25_16-03-38.mp4-bee_id_878-30540-1.png,0,2017-09-25_16-03-38,2017-09-25_16-03-38#878,30540,train,[],healthy honeybee,2017-09-25_16-03-38
train/videos/2017-09-25_16-03-38-2/2017-09-25_16-03-38.mp4-bee_id_879-30570-1.png,0,2017-09-25_16-03-38,2017-09-25_16-03-38#879,30570,train,[],healthy honeybee,2017-09-25_16-03-38
train/videos/2017-09-25_16-03-38-2/2017-09-25_16-03-38.mp4-bee_id_880-30660-1.png,0,2017-09-25_16-03-38,2017-09-25_16-03-38#880,30660,train,[],healthy honeybee,2017-09-25_16-03-38
train/videos/2017-09-25_16-03-38-2/2017-09-25_16-03-38.mp4-bee_id_881-30705-1.png,0,2017-09-25_16-03-38,2017-09-25_16-03-38#881,30705,train,[],healthy honeybee,2017-09-25_16-03-38
train/videos/2017-09-25_16-03-38-2/2017-09-25_16-03-38.mp4-bee_id_882-30720-1.png,0,2017-09-25_16-03-38,2017-09-25_16-03-38#882,30720,train,[],healthy honeybee,2017-09-25_16-03-38
train/videos/2017-09-25_16-03-38-2/2017-09-25_16-03-38.mp4-bee_id_883-30735-1.png,0,2017-09-25_16-03-38,2017-09-25_16-03-38#883,30735,train,[],healthy honeybee,2017-09-25_16-03-38
train/videos/2017-09-25_16-03-38-2/2017-09-25_16-03-38.mp4-bee_id_884-30750-1.png,1,2017-09-25_16-03-38,2017-09-25_16-03-38#884,30750,train,"[[59.0, 63.0, 104.0, 97.0]]",honeybee with a varroa mite,2017-09-25_16-03-38
train/videos/2017-09-25_16-03-38-2/2017-09-25_16-03-38.mp4-bee_id_885-30765-1.png,0,2017-09-25_16-03-38,2017-09-25_16-03-38#885,30765,train,[],healthy honeybee,2017-09-25_16-03-38
train/videos/2017-09-25_16-03-38-2/2017-09-25_16-03-38.mp4-bee_id_886-30765-1.png,0,2017-09-25_16-03-38,2017-09-25_16-03-38#886,30765,train,[],healthy honeybee,2017-09-25_16-03-38
train/videos/2017-09-25_16-03-38-2/2017-09-25_16-03-38.mp4-bee_id_887-30810-1.png,1,2017-09-25_16-03-38,2017-09-25_16-03-38#887,30810,train,"[[62.0, 66.0, 113.0, 97.0]]",honeybee with a varroa mite,2017-09-25_16-03-38
train/videos/2017-09-25_16-03-38-2/2017-09-25_16-03-38.mp4-bee_id_888-30825-1.png,0,2017-09-25_16-03-38,2017-09-25_16-03-38#888,30825,train,[],healthy honeybee,2017-09-25_16-03-38
train/videos/2017-09-25_16-03-38-2/2017-09-25_16-03-38.mp4-bee_id_890-30900-1.png,1,2017-09-25_16-03-38,2017-09-25_16-03-38#890,30900,train,"[[47.0, 157.0, 101.0, 199.0], [43.0, 94.0, 78.0, 133.0], [82.0, 91.0, 124.0, 129.0]]",honeybee with a varroa mite,2017-09-25_16-03-38
train/videos/2017-09-25_16-03-38-2/2017-09-25_16-03-38.mp4-bee_id_891-30930-1.png,1,2017-09-25_16-03-38,2017-09-25_16-03-38#891,30930,train,"[[43.0, 44.0, 85.0, 71.0]]",honeybee with a varroa mite,2017-09-25_16-03-38
train/videos/2017-09-25_16-03-38-2/2017-09-25_16-03-38.mp4-bee_id_892-30945-1.png,0,2017-09-25_16-03-38,2017-09-25_16-03-38#892,30945,train,[],healthy honeybee,2017-09-25_16-03-38
train/videos/2017-09-25_16-03-38-2/2017-09-25_16-03-38.mp4-bee_id_893-30960-1.png,0,2017-09-25_16-03-38,2017-09-25_16-03-38#893,30960,train,[],healthy honeybee,2017-09-25_16-03-38
train/videos/2017-09-25_16-03-38-2/2017-09-25_16-03-38.mp4-bee_id_894-30990-1.png,1,2017-09-25_16-03-38,2017-09-25_16-03-38#894,30990,train,"[[61.0, 72.0, 89.0, 111.0], [69.0, 145.0, 110.0, 190.0]]",honeybee with a varroa mite,2017-09-25_16-03-38
train/videos/2017-09-25_16-03-38-2/2017-09-25_16-03-38.mp4-bee_id_898-31185-1.png,0,2017-09-25_16-03-38,2017-09-25_16-03-38#898,31185,train,[],healthy honeybee,2017-09-25_16-03-38
train/videos/2017-09-25_16-03-38-2/2017-09-25_16-03-38.mp4-bee_id_899-31185-1.png,0,2017-09-25_16-03-38,2017-09-25_16-03-38#899,31185,train,[],healthy honeybee,2017-09-25_16-03-38
train/videos/2017-09-25_16-03-38-2/2017-09-25_16-03-38.mp4-bee_id_900-31200-1.png,1,2017-09-25_16-03-38,2017-09-25_16-03-38#900,31200,train,"[[7.0, 157.0, 35.0, 177.0]]",honeybee with a varroa mite,2017-09-25_16-03-38
train/videos/2017-09-25_16-03-38-2/2017-09-25_16-03-38.mp4-bee_id_901-31200-1.png,0,2017-09-25_16-03-38,2017-09-25_16-03-38#901,31200,train,[],healthy honeybee,2017-09-25_16-03-38
train/videos/2017-09-25_16-03-38-2/2017-09-25_16-03-38.mp4-bee_id_902-31215-1.png,0,2017-09-25_16-03-38,2017-09-25_16-03-38#902,31215,train,[],healthy honeybee,2017-09-25_16-03-38
train/videos/2017-09-25_16-03-38-2/2017-09-25_16-03-38.mp4-bee_id_904-31290-1.png,0,2017-09-25_16-03-38,2017-09-25_16-03-38#904,31290,train,[],healthy honeybee,2017-09-25_16-03-38
train/videos/2017-09-25_16-03-38-2/2017-09-25_16-03-38.mp4-bee_id_906-31395-1.png,0,2017-09-25_16-03-38,2017-09-25_16-03-38#906,31395,train,[],healthy honeybee,2017-09-25_16-03-38
train/videos/2017-09-25_16-03-38-2/2017-09-25_16-03-38.mp4-bee_id_907-31485-1.png,0,2017-09-25_16-03-38,2017-09-25_16-03-38#907,31485,train,[],healthy honeybee,2017-09-25_16-03-38
train/videos/2017-09-25_16-03-38-2/2017-09-25_16-03-38.mp4-bee_id_908-31485-1.png,0,2017-09-25_16-03-38,2017-09-25_16-03-38#908,31485,train,[],healthy honeybee,2017-09-25_16-03-38
train/videos/2017-09-25_16-03-38-2/2017-09-25_16-03-38.mp4-bee_id_910-31545-1.png,0,2017-09-25_16-03-38,2017-09-25_16-03-38#910,31545,train,[],healthy honeybee,2017-09-25_16-03-38
train/videos/2017-09-25_16-03-38-2/2017-09-25_16-03-38.mp4-bee_id_911-31575-1.png,0,2017-09-25_16-03-38,2017-09-25_16-03-38#911,31575,train,[],healthy honeybee,2017-09-25_16-03-38
train/videos/2017-09-25_16-03-38-2/2017-09-25_16-03-38.mp4-bee_id_912-31590-1.png,0,2017-09-25_16-03-38,2017-09-25_16-03-38#912,31590,train,[],healthy honeybee,2017-09-25_16-03-38
train/videos/2017-09-25_16-03-38-2/2017-09-25_16-03-38.mp4-bee_id_913-31605-1.png,0,2017-09-25_16-03-38,2017-09-25_16-03-38#913,31605,train,[],healthy honeybee,2017-09-25_16-03-38
train/videos/2017-09-25_16-03-38-2/2017-09-25_16-03-38.mp4-bee_id_914-31650-1.png,0,2017-09-25_16-03-38,2017-09-25_16-03-38#914,31650,train,[],healthy honeybee,2017-09-25_16-03-38
train/videos/2017-09-25_16-03-38-2/2017-09-25_16-03-38.mp4-bee_id_915-31680-1.png,0,2017-09-25_16-03-38,2017-09-25_16-03-38#915,31680,train,[],healthy honeybee,2017-09-25_16-03-38
train/videos/2017-09-25_16-03-38-2/2017-09-25_16-03-38.mp4-bee_id_916-31695-1.png,0,2017-09-25_16-03-38,2017-09-25_16-03-38#916,31695,train,[],healthy honeybee,2017-09-25_16-03-38
train/videos/2017-09-25_16-03-38-2/2017-09-25_16-03-38.mp4-bee_id_917-31755-1.png,0,2017-09-25_16-03-38,2017-09-25_16-03-38#917,31755,train,[],healthy honeybee,2017-09-25_16-03-38
train/videos/2017-09-25_16-03-38-2/2017-09-25_16-03-38.mp4-bee_id_918-31785-1.png,0,2017-09-25_16-03-38,2017-09-25_16-03-38#918,31785,train,[],healthy honeybee,2017-09-25_16-03-38
train/videos/2017-09-25_16-03-38-2/2017-09-25_16-03-38.mp4-bee_id_919-31800-1.png,1,2017-09-25_16-03-38,2017-09-25_16-03-38#919,31800,train,"[[29.0, 95.0, 72.0, 137.0]]",honeybee with a varroa mite,2017-09-25_16-03-38
train/videos/2017-09-25_16-03-38-2/2017-09-25_16-03-38.mp4-bee_id_920-31800-1.png,0,2017-09-25_16-03-38,2017-09-25_16-03-38#920,31800,train,[],healthy honeybee,2017-09-25_16-03-38
train/videos/2017-09-25_16-03-38-2/2017-09-25_16-03-38.mp4-bee_id_922-31815-1.png,1,2017-09-25_16-03-38,2017-09-25_16-03-38#922,31815,train,"[[46.0, 163.0, 92.0, 197.0], [62.0, 92.0, 113.0, 142.0]]",honeybee with a varroa mite,2017-09-25_16-03-38
train/videos/2017-09-25_16-03-38-2/2017-09-25_16-03-38.mp4-bee_id_923-31830-1.png,0,2017-09-25_16-03-38,2017-09-25_16-03-38#923,31830,train,[],healthy honeybee,2017-09-25_16-03-38
train/videos/2017-09-25_16-03-38-2/2017-09-25_16-03-38.mp4-bee_id_924-31830-1.png,0,2017-09-25_16-03-38,2017-09-25_16-03-38#924,31830,train,[],healthy honeybee,2017-09-25_16-03-38
train/videos/2017-09-25_16-03-38-2/2017-09-25_16-03-38.mp4-bee_id_925-31920-1.png,0,2017-09-25_16-03-38,2017-09-25_16-03-38#925,31920,train,[],healthy honeybee,2017-09-25_16-03-38
train/videos/2017-09-25_16-03-38-2/2017-09-25_16-03-38.mp4-bee_id_927-31965-1.png,1,2017-09-25_16-03-38,2017-09-25_16-03-38#927,31965,train,"[[49.0, 177.0, 90.0, 220.0]]",honeybee with a varroa mite,2017-09-25_16-03-38
train/videos/2017-09-25_16-03-38-2/2017-09-25_16-03-38.mp4-bee_id_930-32130-1.png,0,2017-09-25_16-03-38,2017-09-25_16-03-38#930,32130,train,[],healthy honeybee,2017-09-25_16-03-38
train/videos/2017-09-25_16-03-38-2/2017-09-25_16-03-38.mp4-bee_id_931-32145-1.png,0,2017-09-25_16-03-38,2017-09-25_16-03-38#931,32145,train,[],healthy honeybee,2017-09-25_16-03-38
train/videos/2017-09-25_16-03-38-2/2017-09-25_16-03-38.mp4-bee_id_934-32385-1.png,0,2017-09-25_16-03-38,2017-09-25_16-03-38#934,32385,train,[],healthy honeybee,2017-09-25_16-03-38
train/videos/2017-09-25_16-03-38-2/2017-09-25_16-03-38.mp4-bee_id_935-32400-1.png,0,2017-09-25_16-03-38,2017-09-25_16-03-38#935,32400,train,[],healthy honeybee,2017-09-25_16-03-38
train/videos/2017-09-25_16-03-38-2/2017-09-25_16-03-38.mp4-bee_id_936-32415-1.png,0,2017-09-25_16-03-38,2017-09-25_16-03-38#936,32415,train,[],healthy honeybee,2017-09-25_16-03-38
train/videos/2017-09-25_16-03-38-2/2017-09-25_16-03-38.mp4-bee_id_937-32415-1.png,1,2017-09-25_16-03-38,2017-09-25_16-03-38#937,32415,train,"[[86.0, 141.0, 116.0, 169.0]]",honeybee with a varroa mite,2017-09-25_16-03-38
train/videos/2017-09-25_16-03-38-2/2017-09-25_16-03-38.mp4-bee_id_938-32430-1.png,0,2017-09-25_16-03-38,2017-09-25_16-03-38#938,32430,train,[],healthy honeybee,2017-09-25_16-03-38
train/videos/2017-09-25_16-03-38-2/2017-09-25_16-03-38.mp4-bee_id_939-32520-1.png,0,2017-09-25_16-03-38,2017-09-25_16-03-38#939,32520,train,[],healthy honeybee,2017-09-25_16-03-38
train/videos/2017-09-25_16-03-38-2/2017-09-25_16-03-38.mp4-bee_id_940-32610-1.png,0,2017-09-25_16-03-38,2017-09-25_16-03-38#940,32610,train,[],healthy honeybee,2017-09-25_16-03-38
train/videos/2017-09-25_16-03-38-2/2017-09-25_16-03-38.mp4-bee_id_941-32640-1.png,0,2017-09-25_16-03-38,2017-09-25_16-03-38#941,32640,train,[],healthy honeybee,2017-09-25_16-03-38
train/videos/2017-09-25_16-03-38-2/2017-09-25_16-03-38.mp4-bee_id_942-32640-1.png,0,2017-09-25_16-03-38,2017-09-25_16-03-38#942,32640,train,[],healthy honeybee,2017-09-25_16-03-38
train/videos/2017-09-25_16-03-38-2/2017-09-25_16-03-38.mp4-bee_id_946-32745-1.png,0,2017-09-25_16-03-38,2017-09-25_16-03-38#946,32745,train,[],healthy honeybee,2017-09-25_16-03-38
train/videos/2017-09-25_16-03-38-2/2017-09-25_16-03-38.mp4-bee_id_947-32745-1.png,0,2017-09-25_16-03-38,2017-09-25_16-03-38#947,32745,train,[],healthy honeybee,2017-09-25_16-03-38
train/videos/2017-09-25_16-03-38-2/2017-09-25_16-03-38.mp4-bee_id_948-32775-1.png,0,2017-09-25_16-03-38,2017-09-25_16-03-38#948,32775,train,[],healthy honeybee,2017-09-25_16-03-38
train/videos/2017-09-25_16-03-38-2/2017-09-25_16-03-38.mp4-bee_id_950-32790-1.png,0,2017-09-25_16-03-38,2017-09-25_16-03-38#950,32790,train,[],healthy honeybee,2017-09-25_16-03-38
train/videos/2017-09-25_16-03-38-2/2017-09-25_16-03-38.mp4-bee_id_951-32880-1.png,0,2017-09-25_16-03-38,2017-09-25_16-03-38#951,32880,train,[],healthy honeybee,2017-09-25_16-03-38
train/videos/2017-09-25_16-03-38-2/2017-09-25_16-03-38.mp4-bee_id_952-32895-1.png,0,2017-09-25_16-03-38,2017-09-25_16-03-38#952,32895,train,[],healthy honeybee,2017-09-25_16-03-38
train/videos/2017-09-25_16-03-38-2/2017-09-25_16-03-38.mp4-bee_id_953-32925-1.png,1,2017-09-25_16-03-38,2017-09-25_16-03-38#953,32925,train,"[[37.0, 103.0, 77.0, 147.0]]",honeybee with a varroa mite,2017-09-25_16-03-38
train/videos/2017-09-25_16-03-38-2/2017-09-25_16-03-38.mp4-bee_id_956-32985-1.png,0,2017-09-25_16-03-38,2017-09-25_16-03-38#956,32985,train,[],healthy honeybee,2017-09-25_16-03-38
train/videos/2017-09-25_16-03-38-2/2017-09-25_16-03-38.mp4-bee_id_957-33000-1.png,0,2017-09-25_16-03-38,2017-09-25_16-03-38#957,33000,train,[],healthy honeybee,2017-09-25_16-03-38
train/videos/2017-09-25_16-03-38-2/2017-09-25_16-03-38.mp4-bee_id_958-33015-1.png,0,2017-09-25_16-03-38,2017-09-25_16-03-38#958,33015,train,[],healthy honeybee,2017-09-25_16-03-38
train/videos/2017-09-25_16-03-38-2/2017-09-25_16-03-38.mp4-bee_id_960-33045-1.png,0,2017-09-25_16-03-38,2017-09-25_16-03-38#960,33045,train,[],healthy honeybee,2017-09-25_16-03-38
train/videos/2017-09-25_16-03-38-2/2017-09-25_16-03-38.mp4-bee_id_961-33180-1.png,1,2017-09-25_16-03-38,2017-09-25_16-03-38#961,33180,train,"[[87.0, 133.0, 132.0, 164.0]]",honeybee with a varroa mite,2017-09-25_16-03-38
train/videos/2017-09-25_16-03-38-2/2017-09-25_16-03-38.mp4-bee_id_962-33195-1.png,0,2017-09-25_16-03-38,2017-09-25_16-03-38#962,33195,train,[],healthy honeybee,2017-09-25_16-03-38
train/videos/2017-09-25_16-03-38-2/2017-09-25_16-03-38.mp4-bee_id_963-33210-1.png,1,2017-09-25_16-03-38,2017-09-25_16-03-38#963,33210,train,"[[24.0, 92.0, 50.0, 133.0]]",honeybee with a varroa mite,2017-09-25_16-03-38
train/videos/2017-09-25_16-03-38-2/2017-09-25_16-03-38.mp4-bee_id_964-33225-1.png,0,2017-09-25_16-03-38,2017-09-25_16-03-38#964,33225,train,[],healthy honeybee,2017-09-25_16-03-38
train/videos/2017-09-25_16-03-38-2/2017-09-25_16-03-38.mp4-bee_id_965-33255-1.png,0,2017-09-25_16-03-38,2017-09-25_16-03-38#965,33255,train,[],healthy honeybee,2017-09-25_16-03-38
train/videos/2017-09-25_16-03-38-2/2017-09-25_16-03-38.mp4-bee_id_968-33315-1.png,1,2017-09-25_16-03-38,2017-09-25_16-03-38#968,33315,train,"[[90.0, 146.0, 117.0, 174.0]]",honeybee with a varroa mite,2017-09-25_16-03-38
train/videos/2017-09-25_16-03-38-2/2017-09-25_16-03-38.mp4-bee_id_969-33330-1.png,0,2017-09-25_16-03-38,2017-09-25_16-03-38#969,33330,train,[],healthy honeybee,2017-09-25_16-03-38
train/videos/2017-09-25_16-03-38-2/2017-09-25_16-03-38.mp4-bee_id_973-33420-1.png,0,2017-09-25_16-03-38,2017-09-25_16-03-38#973,33420,train,[],healthy honeybee,2017-09-25_16-03-38
train/videos/2017-09-25_16-03-38-2/2017-09-25_16-03-38.mp4-bee_id_975-33555-1.png,0,2017-09-25_16-03-38,2017-09-25_16-03-38#975,33555,train,[],healthy honeybee,2017-09-25_16-03-38
train/videos/2017-09-25_16-03-38-2/2017-09-25_16-03-38.mp4-bee_id_976-33615-1.png,0,2017-09-25_16-03-38,2017-09-25_16-03-38#976,33615,train,[],healthy honeybee,2017-09-25_16-03-38
train/videos/2017-09-25_16-03-38-2/2017-09-25_16-03-38.mp4-bee_id_977-33630-1.png,0,2017-09-25_16-03-38,2017-09-25_16-03-38#977,33630,train,[],healthy honeybee,2017-09-25_16-03-38
train/videos/2017-09-25_16-03-38-2/2017-09-25_16-03-38.mp4-bee_id_978-33690-1.png,0,2017-09-25_16-03-38,2017-09-25_16-03-38#978,33690,train,[],healthy honeybee,2017-09-25_16-03-38
train/videos/2017-09-25_16-03-38-2/2017-09-25_16-03-38.mp4-bee_id_979-33705-1.png,0,2017-09-25_16-03-38,2017-09-25_16-03-38#979,33705,train,[],healthy honeybee,2017-09-25_16-03-38
train/videos/2017-09-25_16-03-38-2/2017-09-25_16-03-38.mp4-bee_id_980-33735-1.png,0,2017-09-25_16-03-38,2017-09-25_16-03-38#980,33735,train,[],healthy honeybee,2017-09-25_16-03-38
train/videos/2017-09-25_16-03-38-2/2017-09-25_16-03-38.mp4-bee_id_983-33870-1.png,1,2017-09-25_16-03-38,2017-09-25_16-03-38#983,33870,train,"[[79.0, 76.0, 117.0, 107.0]]",honeybee with a varroa mite,2017-09-25_16-03-38
train/videos/2017-09-25_16-03-38-2/2017-09-25_16-03-38.mp4-bee_id_985-33945-1.png,0,2017-09-25_16-03-38,2017-09-25_16-03-38#985,33945,train,[],healthy honeybee,2017-09-25_16-03-38
train/videos/2017-09-25_16-03-38-2/2017-09-25_16-03-38.mp4-bee_id_988-33990-1.png,0,2017-09-25_16-03-38,2017-09-25_16-03-38#988,33990,train,[],healthy honeybee,2017-09-25_16-03-38
train/videos/2017-09-25_16-03-38-2/2017-09-25_16-03-38.mp4-bee_id_991-34125-1.png,1,2017-09-25_16-03-38,2017-09-25_16-03-38#991,34125,train,"[[74.0, 132.0, 106.0, 154.0]]",honeybee with a varroa mite,2017-09-25_16-03-38
train/videos/2017-09-25_16-03-38-2/2017-09-25_16-03-38.mp4-bee_id_992-34200-1.png,0,2017-09-25_16-03-38,2017-09-25_16-03-38#992,34200,train,[],healthy honeybee,2017-09-25_16-03-38
train/videos/2017-09-25_16-03-38-2/2017-09-25_16-03-38.mp4-bee_id_996-34245-1.png,0,2017-09-25_16-03-38,2017-09-25_16-03-38#996,34245,train,[],healthy honeybee,2017-09-25_16-03-38
train/videos/2017-09-25_16-03-38-2/2017-09-25_16-03-38.mp4-bee_id_997-34260-1.png,0,2017-09-25_16-03-38,2017-09-25_16-03-38#997,34260,train,[],healthy honeybee,2017-09-25_16-03-38
train/videos/2017-09-25_16-03-38-2/2017-09-25_16-03-38.mp4-bee_id_999-34350-1.png,0,2017-09-25_16-03-38,2017-09-25_16-03-38#999,34350,train,[],healthy honeybee,2017-09-25_16-03-38
val/videos/2017-08-28_16-32-55_30_sec/2017-08-28_16-32-55_30_sec.mp4-bee_id_6642-60-1.png,1,2017-08-28_16-32-55_30_sec,2017-08-28_16-32-55_30_sec#6642,60,val,"[[55.0, 74.0, 97.0, 104.0], [81.0, 69.0, 125.0, 105.0], [81.0, 86.0, 120.0, 127.0]]",honeybee with a varroa mite,2017-08-28_16-32-55_30_sec
val/videos/2017-08-28_16-32-55_30_sec/2017-08-28_16-32-55_30_sec.mp4-bee_id_6643-75-1.png,1,2017-08-28_16-32-55_30_sec,2017-08-28_16-32-55_30_sec#6643,75,val,"[[67.0, 78.0, 98.0, 111.0], [90.0, 87.0, 124.0, 119.0], [84.0, 111.0, 119.0, 140.0]]",honeybee with a varroa mite,2017-08-28_16-32-55_30_sec
val/videos/2017-08-28_16-32-55_30_sec/2017-08-28_16-32-55_30_sec.mp4-bee_id_6644-90-1.png,1,2017-08-28_16-32-55_30_sec,2017-08-28_16-32-55_30_sec#6644,90,val,"[[39.0, 130.0, 75.0, 157.0], [34.0, 150.0, 68.0, 177.0], [62.0, 149.0, 98.0, 182.0]]",honeybee with a varroa mite,2017-08-28_16-32-55_30_sec
val/videos/2017-08-28_16-32-55_30_sec/2017-08-28_16-32-55_30_sec.mp4-bee_id_6645-105-1.png,0,2017-08-28_16-32-55_30_sec,2017-08-28_16-32-55_30_sec#6645,105,val,[],healthy honeybee,2017-08-28_16-32-55_30_sec
val/videos/2017-08-28_16-32-55_30_sec/2017-08-28_16-32-55_30_sec.mp4-bee_id_6646-120-1.png,0,2017-08-28_16-32-55_30_sec,2017-08-28_16-32-55_30_sec#6646,120,val,[],healthy honeybee,2017-08-28_16-32-55_30_sec
val/videos/2017-08-28_16-32-55_30_sec/2017-08-28_16-32-55_30_sec.mp4-bee_id_6648-135-1.png,0,2017-08-28_16-32-55_30_sec,2017-08-28_16-32-55_30_sec#6648,135,val,[],healthy honeybee,2017-08-28_16-32-55_30_sec
val/videos/2017-08-28_16-32-55_30_sec/2017-08-28_16-32-55_30_sec.mp4-bee_id_6652-150-1.png,0,2017-08-28_16-32-55_30_sec,2017-08-28_16-32-55_30_sec#6652,150,val,[],healthy honeybee,2017-08-28_16-32-55_30_sec
val/videos/2017-08-28_16-32-55_30_sec/2017-08-28_16-32-55_30_sec.mp4-bee_id_6654-165-1.png,1,2017-08-28_16-32-55_30_sec,2017-08-28_16-32-55_30_sec#6654,165,val,"[[107.0, 64.0, 126.0, 90.0], [73.0, 112.0, 99.0, 138.0]]",honeybee with a varroa mite,2017-08-28_16-32-55_30_sec
val/videos/2017-08-28_16-32-55_30_sec/2017-08-28_16-32-55_30_sec.mp4-bee_id_6656-270-1.png,1,2017-08-28_16-32-55_30_sec,2017-08-28_16-32-55_30_sec#6656,270,val,"[[59.0, 108.0, 89.0, 130.0]]",honeybee with a varroa mite,2017-08-28_16-32-55_30_sec
val/videos/2017-08-28_16-32-55_30_sec/2017-08-28_16-32-55_30_sec.mp4-bee_id_6657-285-1.png,0,2017-08-28_16-32-55_30_sec,2017-08-28_16-32-55_30_sec#6657,285,val,[],healthy honeybee,2017-08-28_16-32-55_30_sec
val/videos/2017-08-28_16-32-55_30_sec/2017-08-28_16-32-55_30_sec.mp4-bee_id_6658-315-1.png,1,2017-08-28_16-32-55_30_sec,2017-08-28_16-32-55_30_sec#6658,315,val,"[[84.0, 151.0, 120.0, 190.0]]",honeybee with a varroa mite,2017-08-28_16-32-55_30_sec
val/videos/2017-08-28_16-32-55_30_sec/2017-08-28_16-32-55_30_sec.mp4-bee_id_6659-360-1.png,0,2017-08-28_16-32-55_30_sec,2017-08-28_16-32-55_30_sec#6659,360,val,[],healthy honeybee,2017-08-28_16-32-55_30_sec
val/videos/2017-08-28_16-32-55_30_sec/2017-08-28_16-32-55_30_sec.mp4-bee_id_6660-405-1.png,1,2017-08-28_16-32-55_30_sec,2017-08-28_16-32-55_30_sec#6660,405,val,"[[63.0, 106.0, 97.0, 128.0]]",honeybee with a varroa mite,2017-08-28_16-32-55_30_sec
val/videos/2017-08-28_16-32-55_30_sec/2017-08-28_16-32-55_30_sec.mp4-bee_id_6662-450-1.png,1,2017-08-28_16-32-55_30_sec,2017-08-28_16-32-55_30_sec#6662,450,val,"[[70.0, 88.0, 107.0, 120.0]]",honeybee with a varroa mite,2017-08-28_16-32-55_30_sec
val/videos/2017-08-28_16-32-55_30_sec/2017-08-28_16-32-55_30_sec.mp4-bee_id_6663-465-1.png,1,2017-08-28_16-32-55_30_sec,2017-08-28_16-32-55_30_sec#6663,465,val,"[[35.0, 124.0, 67.0, 155.0], [57.0, 140.0, 97.0, 171.0]]",honeybee with a varroa mite,2017-08-28_16-32-55_30_sec
val/videos/2017-08-28_16-32-55_30_sec/2017-08-28_16-32-55_30_sec.mp4-bee_id_6664-480-1.png,0,2017-08-28_16-32-55_30_sec,2017-08-28_16-32-55_30_sec#6664,480,val,[],healthy honeybee,2017-08-28_16-32-55_30_sec
val/videos/2017-08-28_16-32-55_30_sec/2017-08-28_16-32-55_30_sec.mp4-bee_id_6665-510-1.png,0,2017-08-28_16-32-55_30_sec,2017-08-28_16-32-55_30_sec#6665,510,val,[],healthy honeybee,2017-08-28_16-32-55_30_sec
val/videos/2017-08-28_16-32-55_30_sec/2017-08-28_16-32-55_30_sec.mp4-bee_id_6666-510-1.png,1,2017-08-28_16-32-55_30_sec,2017-08-28_16-32-55_30_sec#6666,510,val,"[[72.0, 154.0, 94.0, 178.0], [38.0, 201.0, 70.0, 230.0]]",honeybee with a varroa mite,2017-08-28_16-32-55_30_sec
val/videos/2017-08-28_16-32-55_30_sec/2017-08-28_16-32-55_30_sec.mp4-bee_id_6667-540-1.png,1,2017-08-28_16-32-55_30_sec,2017-08-28_16-32-55_30_sec#6667,540,val,"[[43.0, 61.0, 94.0, 99.0], [59.0, 112.0, 90.0, 133.0], [44.0, 148.0, 69.0, 177.0]]",honeybee with a varroa mite,2017-08-28_16-32-55_30_sec
val/videos/2017-08-28_16-32-55_30_sec/2017-08-28_16-32-55_30_sec.mp4-bee_id_6668-585-1.png,0,2017-08-28_16-32-55_30_sec,2017-08-28_16-32-55_30_sec#6668,585,val,[],healthy honeybee,2017-08-28_16-32-55_30_sec
val/videos/2017-08-28_16-32-55_30_sec/2017-08-28_16-32-55_30_sec.mp4-bee_id_6670-600-1.png,1,2017-08-28_16-32-55_30_sec,2017-08-28_16-32-55_30_sec#6670,600,val,"[[61.0, 194.0, 97.0, 220.0], [63.0, 123.0, 96.0, 142.0], [33.0, 124.0, 46.0, 153.0]]",honeybee with a varroa mite,2017-08-28_16-32-55_30_sec
val/videos/2017-08-28_16-32-55_30_sec/2017-08-28_16-32-55_30_sec.mp4-bee_id_6671-615-1.png,1,2017-08-28_16-32-55_30_sec,2017-08-28_16-32-55_30_sec#6671,615,val,"[[54.0, 96.0, 96.0, 122.0], [97.0, 159.0, 129.0, 183.0], [60.0, 168.0, 94.0, 191.0]]",honeybee with a varroa mite,2017-08-28_16-32-55_30_sec
val/videos/2017-08-28_16-32-55_30_sec/2017-08-28_16-32-55_30_sec.mp4-bee_id_6672-630-1.png,1,2017-08-28_16-32-55_30_sec,2017-08-28_16-32-55_30_sec#6672,630,val,"[[26.0, 127.0, 80.0, 165.0], [33.0, 144.0, 84.0, 187.0], [72.0, 148.0, 103.0, 176.0]]",honeybee with a varroa mite,2017-08-28_16-32-55_30_sec
val/videos/2017-08-28_16-32-55_30_sec/2017-08-28_16-32-55_30_sec.mp4-bee_id_6673-645-1.png,1,2017-08-28_16-32-55_30_sec,2017-08-28_16-32-55_30_sec#6673,645,val,"[[42.0, 110.0, 74.0, 143.0], [62.0, 134.0, 98.0, 163.0]]",honeybee with a varroa mite,2017-08-28_16-32-55_30_sec
val/videos/2017-08-28_16-32-55_30_sec/2017-08-28_16-32-55_30_sec.mp4-bee_id_6675-645-1.png,1,2017-08-28_16-32-55_30_sec,2017-08-28_16-32-55_30_sec#6675,645,val,"[[65.0, 109.0, 90.0, 136.0], [57.0, 158.0, 89.0, 185.0], [36.0, 159.0, 64.0, 185.0]]",honeybee with a varroa mite,2017-08-28_16-32-55_30_sec
val/videos/2017-08-28_16-32-55_30_sec/2017-08-28_16-32-55_30_sec.mp4-bee_id_6676-660-1.png,0,2017-08-28_16-32-55_30_sec,2017-08-28_16-32-55_30_sec#6676,660,val,[],healthy honeybee,2017-08-28_16-32-55_30_sec
val/videos/2017-08-28_16-32-55_30_sec/2017-08-28_16-32-55_30_sec.mp4-bee_id_6677-660-1.png,1,2017-08-28_16-32-55_30_sec,2017-08-28_16-32-55_30_sec#6677,660,val,"[[34.0, 62.0, 84.0, 101.0], [51.0, 102.0, 100.0, 137.0], [45.0, 144.0, 82.0, 180.0]]",honeybee with a varroa mite,2017-08-28_16-32-55_30_sec
val/videos/2017-08-28_16-32-55_30_sec/2017-08-28_16-32-55_30_sec.mp4-bee_id_6678-705-1.png,0,2017-08-28_16-32-55_30_sec,2017-08-28_16-32-55_30_sec#6678,705,val,[],healthy honeybee,2017-08-28_16-32-55_30_sec
val/videos/2017-08-28_16-32-55_30_sec/2017-08-28_16-32-55_30_sec.mp4-bee_id_6679-705-1.png,1,2017-08-28_16-32-55_30_sec,2017-08-28_16-32-55_30_sec#6679,705,val,"[[37.0, 204.0, 70.0, 230.0]]",honeybee with a varroa mite,2017-08-28_16-32-55_30_sec
val/videos/2017-08-28_16-32-55_30_sec/2017-08-28_16-32-55_30_sec.mp4-bee_id_6680-795-1.png,0,2017-08-28_16-32-55_30_sec,2017-08-28_16-32-55_30_sec#6680,795,val,[],healthy honeybee,2017-08-28_16-32-55_30_sec
val/videos/2017-08-28_16-32-55_30_sec/2017-08-28_16-32-55_30_sec.mp4-bee_id_6681-795-1.png,1,2017-08-28_16-32-55_30_sec,2017-08-28_16-32-55_30_sec#6681,795,val,"[[57.0, 108.0, 95.0, 133.0], [52.0, 130.0, 85.0, 181.0], [80.0, 148.0, 114.0, 171.0]]",honeybee with a varroa mite,2017-08-28_16-32-55_30_sec
val/videos/2017-08-28_16-32-55_30_sec/2017-08-28_16-32-55_30_sec.mp4-bee_id_6682-825-1.png,1,2017-08-28_16-32-55_30_sec,2017-08-28_16-32-55_30_sec#6682,825,val,"[[70.0, 82.0, 104.0, 114.0], [99.0, 86.0, 132.0, 117.0], [94.0, 106.0, 132.0, 140.0]]",honeybee with a varroa mite,2017-08-28_16-32-55_30_sec
val/videos/2017-08-28_16-32-55_30_sec/2017-08-28_16-32-55_30_sec.mp4-bee_id_6683-870-1.png,1,2017-08-28_16-32-55_30_sec,2017-08-28_16-32-55_30_sec#6683,870,val,"[[43.0, 135.0, 77.0, 170.0], [37.0, 154.0, 75.0, 197.0], [60.0, 160.0, 104.0, 192.0]]",honeybee with a varroa mite,2017-08-28_16-32-55_30_sec
val/videos/2017-08-28_16-32-55_30_sec/2017-08-28_16-32-55_30_sec.mp4-bee_id_6684-870-1.png,0,2017-08-28_16-32-55_30_sec,2017-08-28_16-32-55_30_sec#6684,870,val,[],healthy honeybee,2017-08-28_16-32-55_30_sec
val/videos/2017-08-28_16-32-55_30_sec/2017-08-28_16-32-55_30_sec.mp4-bee_id_6685-885-1.png,0,2017-08-28_16-32-55_30_sec,2017-08-28_16-32-55_30_sec#6685,885,val,[],healthy honeybee,2017-08-28_16-32-55_30_sec
val/videos/2017-08-28_16-32-55_30_sec/2017-08-28_16-32-55_30_sec.mp4-bee_id_6686-900-1.png,1,2017-08-28_16-32-55_30_sec,2017-08-28_16-32-55_30_sec#6686,900,val,"[[39.0, 122.0, 69.0, 159.0], [69.0, 147.0, 101.0, 190.0], [39.0, 152.0, 76.0, 187.0]]",honeybee with a varroa mite,2017-08-28_16-32-55_30_sec
val/videos/2017-08-28_16-32-55_30_sec/2017-08-28_16-32-55_30_sec.mp4-bee_id_6687-915-1.png,1,2017-08-28_16-32-55_30_sec,2017-08-28_16-32-55_30_sec#6687,915,val,"[[70.0, 94.0, 99.0, 122.0], [82.0, 94.0, 127.0, 133.0], [90.0, 118.0, 119.0, 157.0]]",honeybee with a varroa mite,2017-08-28_16-32-55_30_sec
val/videos/2017-08-28_16-32-55_30_sec/2017-08-28_16-32-55_30_sec.mp4-bee_id_6688-915-1.png,0,2017-08-28_16-32-55_30_sec,2017-08-28_16-32-55_30_sec#6688,915,val,[],healthy honeybee,2017-08-28_16-32-55_30_sec
val/videos/2017-08-28_16-32-55_30_sec/2017-08-28_16-32-55_30_sec.mp4-bee_id_6690-930-1.png,1,2017-08-28_16-32-55_30_sec,2017-08-28_16-32-55_30_sec#6690,930,val,"[[54.0, 109.0, 95.0, 135.0], [77.0, 120.0, 117.0, 157.0]]",honeybee with a varroa mite,2017-08-28_16-32-55_30_sec
val/videos/2017-08-28_16-32-55_30_sec/2017-08-28_16-32-55_30_sec.mp4-bee_id_6691-930-1.png,0,2017-08-28_16-32-55_30_sec,2017-08-28_16-32-55_30_sec#6691,930,val,[],healthy honeybee,2017-08-28_16-32-55_30_sec
val/videos/2017-08-28_16-32-55_30_sec/2017-08-28_16-32-55_30_sec.mp4-bee_id_6692-945-1.png,0,2017-08-28_16-32-55_30_sec,2017-08-28_16-32-55_30_sec#6692,945,val,[],healthy honeybee,2017-08-28_16-32-55_30_sec
val/videos/2017-08-28_16-32-55_30_sec/2017-08-28_16-32-55_30_sec.mp4-bee_id_6693-960-1.png,0,2017-08-28_16-32-55_30_sec,2017-08-28_16-32-55_30_sec#6693,960,val,[],healthy honeybee,2017-08-28_16-32-55_30_sec
val/videos/2017-08-28_16-32-55_30_sec/2017-08-28_16-32-55_30_sec.mp4-bee_id_6694-975-1.png,1,2017-08-28_16-32-55_30_sec,2017-08-28_16-32-55_30_sec#6694,975,val,"[[83.0, 167.0, 108.0, 198.0]]",honeybee with a varroa mite,2017-08-28_16-32-55_30_sec
val/videos/2017-09-01_20-00-17/2017-09-01_20-00-17.mp4-bee_id_1-15-1.png,0,2017-09-01_20-00-17,2017-09-01_20-00-17#1,15,val,[],healthy honeybee,2017-09-01_20-00-17
val/videos/2017-09-01_20-00-17/2017-09-01_20-00-17.mp4-bee_id_100-43050-1.png,0,2017-09-01_20-00-17,2017-09-01_20-00-17#100,43050,val,[],healthy honeybee,2017-09-01_20-00-17
val/videos/2017-09-01_20-00-17/2017-09-01_20-00-17.mp4-bee_id_101-43050-1.png,1,2017-09-01_20-00-17,2017-09-01_20-00-17#101,43050,val,"[[29.0, 135.0, 59.0, 170.0]]",honeybee with a varroa mite,2017-09-01_20-00-17
val/videos/2017-09-01_20-00-17/2017-09-01_20-00-17.mp4-bee_id_102-43095-1.png,1,2017-09-01_20-00-17,2017-09-01_20-00-17#102,43095,val,"[[90.0, 129.0, 116.0, 157.0]]",honeybee with a varroa mite,2017-09-01_20-00-17
val/videos/2017-09-01_20-00-17/2017-09-01_20-00-17.mp4-bee_id_103-43185-1.png,0,2017-09-01_20-00-17,2017-09-01_20-00-17#103,43185,val,[],healthy honeybee,2017-09-01_20-00-17
val/videos/2017-09-01_20-00-17/2017-09-01_20-00-17.mp4-bee_id_105-43245-1.png,0,2017-09-01_20-00-17,2017-09-01_20-00-17#105,43245,val,[],healthy honeybee,2017-09-01_20-00-17
val/videos/2017-09-01_20-00-17/2017-09-01_20-00-17.mp4-bee_id_106-43335-1.png,0,2017-09-01_20-00-17,2017-09-01_20-00-17#106,43335,val,[],healthy honeybee,2017-09-01_20-00-17
val/videos/2017-09-01_20-00-17/2017-09-01_20-00-17.mp4-bee_id_107-43455-1.png,1,2017-09-01_20-00-17,2017-09-01_20-00-17#107,43455,val,"[[39.0, 19.0, 80.0, 58.0]]",honeybee with a varroa mite,2017-09-01_20-00-17
val/videos/2017-09-01_20-00-17/2017-09-01_20-00-17.mp4-bee_id_108-43485-1.png,1,2017-09-01_20-00-17,2017-09-01_20-00-17#108,43485,val,"[[46.0, 139.0, 69.0, 174.0]]",honeybee with a varroa mite,2017-09-01_20-00-17
val/videos/2017-09-01_20-00-17/2017-09-01_20-00-17.mp4-bee_id_109-43590-1.png,0,2017-09-01_20-00-17,2017-09-01_20-00-17#109,43590,val,[],healthy honeybee,2017-09-01_20-00-17
val/videos/2017-09-01_20-00-17/2017-09-01_20-00-17.mp4-bee_id_11-2100-1.png,0,2017-09-01_20-00-17,2017-09-01_20-00-17#11,2100,val,[],healthy honeybee,2017-09-01_20-00-17
val/videos/2017-09-01_20-00-17/2017-09-01_20-00-17.mp4-bee_id_110-43950-1.png,1,2017-09-01_20-00-17,2017-09-01_20-00-17#110,43950,val,"[[34.0, 172.0, 69.0, 209.0]]",honeybee with a varroa mite,2017-09-01_20-00-17
val/videos/2017-09-01_20-00-17/2017-09-01_20-00-17.mp4-bee_id_111-44505-1.png,0,2017-09-01_20-00-17,2017-09-01_20-00-17#111,44505,val,[],healthy honeybee,2017-09-01_20-00-17
val/videos/2017-09-01_20-00-17/2017-09-01_20-00-17.mp4-bee_id_114-48075-1.png,0,2017-09-01_20-00-17,2017-09-01_20-00-17#114,48075,val,[],healthy honeybee,2017-09-01_20-00-17
val/videos/2017-09-01_20-00-17/2017-09-01_20-00-17.mp4-bee_id_115-55050-1.png,0,2017-09-01_20-00-17,2017-09-01_20-00-17#115,55050,val,[],healthy honeybee,2017-09-01_20-00-17
val/videos/2017-09-01_20-00-17/2017-09-01_20-00-17.mp4-bee_id_116-55290-1.png,0,2017-09-01_20-00-17,2017-09-01_20-00-17#116,55290,val,[],healthy honeybee,2017-09-01_20-00-17
val/videos/2017-09-01_20-00-17/2017-09-01_20-00-17.mp4-bee_id_117-55725-1.png,0,2017-09-01_20-00-17,2017-09-01_20-00-17#117,55725,val,[],healthy honeybee,2017-09-01_20-00-17
val/videos/2017-09-01_20-00-17/2017-09-01_20-00-17.mp4-bee_id_119-55980-1.png,0,2017-09-01_20-00-17,2017-09-01_20-00-17#119,55980,val,[],healthy honeybee,2017-09-01_20-00-17
val/videos/2017-09-01_20-00-17/2017-09-01_20-00-17.mp4-bee_id_12-2415-1.png,0,2017-09-01_20-00-17,2017-09-01_20-00-17#12,2415,val,[],healthy honeybee,2017-09-01_20-00-17
val/videos/2017-09-01_20-00-17/2017-09-01_20-00-17.mp4-bee_id_120-56190-1.png,1,2017-09-01_20-00-17,2017-09-01_20-00-17#120,56190,val,"[[103.0, 91.0, 143.0, 124.0]]",honeybee with a varroa mite,2017-09-01_20-00-17
val/videos/2017-09-01_20-00-17/2017-09-01_20-00-17.mp4-bee_id_125-59835-1.png,1,2017-09-01_20-00-17,2017-09-01_20-00-17#125,59835,val,"[[85.0, 179.0, 111.0, 206.0]]",honeybee with a varroa mite,2017-09-01_20-00-17
val/videos/2017-09-01_20-00-17/2017-09-01_20-00-17.mp4-bee_id_13-2505-1.png,0,2017-09-01_20-00-17,2017-09-01_20-00-17#13,2505,val,[],healthy honeybee,2017-09-01_20-00-17
val/videos/2017-09-01_20-00-17/2017-09-01_20-00-17.mp4-bee_id_131-63240-1.png,0,2017-09-01_20-00-17,2017-09-01_20-00-17#131,63240,val,[],healthy honeybee,2017-09-01_20-00-17
val/videos/2017-09-01_20-00-17/2017-09-01_20-00-17.mp4-bee_id_132-63960-1.png,0,2017-09-01_20-00-17,2017-09-01_20-00-17#132,63960,val,[],healthy honeybee,2017-09-01_20-00-17
val/videos/2017-09-01_20-00-17/2017-09-01_20-00-17.mp4-bee_id_134-64215-1.png,1,2017-09-01_20-00-17,2017-09-01_20-00-17#134,64215,val,"[[96.0, 104.0, 123.0, 136.0]]",honeybee with a varroa mite,2017-09-01_20-00-17
val/videos/2017-09-01_20-00-17/2017-09-01_20-00-17.mp4-bee_id_135-64245-1.png,1,2017-09-01_20-00-17,2017-09-01_20-00-17#135,64245,val,"[[35.0, 146.0, 67.0, 178.0]]",honeybee with a varroa mite,2017-09-01_20-00-17
val/videos/2017-09-01_20-00-17/2017-09-01_20-00-17.mp4-bee_id_138-64905-1.png,1,2017-09-01_20-00-17,2017-09-01_20-00-17#138,64905,val,"[[54.0, 94.0, 86.0, 118.0]]",honeybee with a varroa mite,2017-09-01_20-00-17
val/videos/2017-09-01_20-00-17/2017-09-01_20-00-17.mp4-bee_id_139-65010-1.png,0,2017-09-01_20-00-17,2017-09-01_20-00-17#139,65010,val,[],healthy honeybee,2017-09-01_20-00-17
val/videos/2017-09-01_20-00-17/2017-09-01_20-00-17.mp4-bee_id_14-2565-1.png,0,2017-09-01_20-00-17,2017-09-01_20-00-17#14,2565,val,[],healthy honeybee,2017-09-01_20-00-17
val/videos/2017-09-01_20-00-17/2017-09-01_20-00-17.mp4-bee_id_140-65145-1.png,1,2017-09-01_20-00-17,2017-09-01_20-00-17#140,65145,val,"[[94.0, 89.0, 122.0, 115.0]]",honeybee with a varroa mite,2017-09-01_20-00-17
val/videos/2017-09-01_20-00-17/2017-09-01_20-00-17.mp4-bee_id_141-65220-1.png,0,2017-09-01_20-00-17,2017-09-01_20-00-17#141,65220,val,[],healthy honeybee,2017-09-01_20-00-17
val/videos/2017-09-01_20-00-17/2017-09-01_20-00-17.mp4-bee_id_142-65565-1.png,1,2017-09-01_20-00-17,2017-09-01_20-00-17#142,65565,val,"[[89.0, 99.0, 115.0, 132.0]]",honeybee with a varroa mite,2017-09-01_20-00-17
val/videos/2017-09-01_20-00-17/2017-09-01_20-00-17.mp4-bee_id_143-65565-1.png,1,2017-09-01_20-00-17,2017-09-01_20-00-17#143,65565,val,"[[70.0, 70.0, 105.0, 99.0]]",honeybee with a varroa mite,2017-09-01_20-00-17
val/videos/2017-09-01_20-00-17/2017-09-01_20-00-17.mp4-bee_id_144-66345-1.png,0,2017-09-01_20-00-17,2017-09-01_20-00-17#144,66345,val,[],healthy honeybee,2017-09-01_20-00-17
val/videos/2017-09-01_20-00-17/2017-09-01_20-00-17.mp4-bee_id_145-66615-1.png,0,2017-09-01_20-00-17,2017-09-01_20-00-17#145,66615,val,[],healthy honeybee,2017-09-01_20-00-17
val/videos/2017-09-01_20-00-17/2017-09-01_20-00-17.mp4-bee_id_146-66930-1.png,0,2017-09-01_20-00-17,2017-09-01_20-00-17#146,66930,val,[],healthy honeybee,2017-09-01_20-00-17
val/videos/2017-09-01_20-00-17/2017-09-01_20-00-17.mp4-bee_id_147-66945-1.png,0,2017-09-01_20-00-17,2017-09-01_20-00-17#147,66945,val,[],healthy honeybee,2017-09-01_20-00-17
val/videos/2017-09-01_20-00-17/2017-09-01_20-00-17.mp4-bee_id_149-66975-1.png,0,2017-09-01_20-00-17,2017-09-01_20-00-17#149,66975,val,[],healthy honeybee,2017-09-01_20-00-17
val/videos/2017-09-01_20-00-17/2017-09-01_20-00-17.mp4-bee_id_15-2565-1.png,0,2017-09-01_20-00-17,2017-09-01_20-00-17#15,2565,val,[],healthy honeybee,2017-09-01_20-00-17
val/videos/2017-09-01_20-00-17/2017-09-01_20-00-17.mp4-bee_id_150-66990-1.png,0,2017-09-01_20-00-17,2017-09-01_20-00-17#150,66990,val,[],healthy honeybee,2017-09-01_20-00-17
val/videos/2017-09-01_20-00-17/2017-09-01_20-00-17.mp4-bee_id_151-67500-1.png,0,2017-09-01_20-00-17,2017-09-01_20-00-17#151,67500,val,[],healthy honeybee,2017-09-01_20-00-17
val/videos/2017-09-01_20-00-17/2017-09-01_20-00-17.mp4-bee_id_152-67575-1.png,0,2017-09-01_20-00-17,2017-09-01_20-00-17#152,67575,val,[],healthy honeybee,2017-09-01_20-00-17
val/videos/2017-09-01_20-00-17/2017-09-01_20-00-17.mp4-bee_id_155-68070-1.png,0,2017-09-01_20-00-17,2017-09-01_20-00-17#155,68070,val,[],healthy honeybee,2017-09-01_20-00-17
val/videos/2017-09-01_20-00-17/2017-09-01_20-00-17.mp4-bee_id_156-68130-1.png,0,2017-09-01_20-00-17,2017-09-01_20-00-17#156,68130,val,[],healthy honeybee,2017-09-01_20-00-17
val/videos/2017-09-01_20-00-17/2017-09-01_20-00-17.mp4-bee_id_157-68160-1.png,0,2017-09-01_20-00-17,2017-09-01_20-00-17#157,68160,val,[],healthy honeybee,2017-09-01_20-00-17
val/videos/2017-09-01_20-00-17/2017-09-01_20-00-17.mp4-bee_id_159-68745-1.png,0,2017-09-01_20-00-17,2017-09-01_20-00-17#159,68745,val,[],healthy honeybee,2017-09-01_20-00-17
val/videos/2017-09-01_20-00-17/2017-09-01_20-00-17.mp4-bee_id_160-68775-1.png,0,2017-09-01_20-00-17,2017-09-01_20-00-17#160,68775,val,[],healthy honeybee,2017-09-01_20-00-17
val/videos/2017-09-01_20-00-17/2017-09-01_20-00-17.mp4-bee_id_161-68805-1.png,0,2017-09-01_20-00-17,2017-09-01_20-00-17#161,68805,val,[],healthy honeybee,2017-09-01_20-00-17
val/videos/2017-09-01_20-00-17/2017-09-01_20-00-17.mp4-bee_id_163-68940-1.png,0,2017-09-01_20-00-17,2017-09-01_20-00-17#163,68940,val,[],healthy honeybee,2017-09-01_20-00-17
val/videos/2017-09-01_20-00-17/2017-09-01_20-00-17.mp4-bee_id_164-68955-1.png,0,2017-09-01_20-00-17,2017-09-01_20-00-17#164,68955,val,[],healthy honeybee,2017-09-01_20-00-17
val/videos/2017-09-01_20-00-17/2017-09-01_20-00-17.mp4-bee_id_165-69090-1.png,0,2017-09-01_20-00-17,2017-09-01_20-00-17#165,69090,val,[],healthy honeybee,2017-09-01_20-00-17
val/videos/2017-09-01_20-00-17/2017-09-01_20-00-17.mp4-bee_id_166-70230-1.png,0,2017-09-01_20-00-17,2017-09-01_20-00-17#166,70230,val,[],healthy honeybee,2017-09-01_20-00-17
val/videos/2017-09-01_20-00-17/2017-09-01_20-00-17.mp4-bee_id_167-70935-1.png,0,2017-09-01_20-00-17,2017-09-01_20-00-17#167,70935,val,[],healthy honeybee,2017-09-01_20-00-17
val/videos/2017-09-01_20-00-17/2017-09-01_20-00-17.mp4-bee_id_168-71685-1.png,0,2017-09-01_20-00-17,2017-09-01_20-00-17#168,71685,val,[],healthy honeybee,2017-09-01_20-00-17
val/videos/2017-09-01_20-00-17/2017-09-01_20-00-17.mp4-bee_id_169-72390-1.png,0,2017-09-01_20-00-17,2017-09-01_20-00-17#169,72390,val,[],healthy honeybee,2017-09-01_20-00-17
val/videos/2017-09-01_20-00-17/2017-09-01_20-00-17.mp4-bee_id_17-2985-1.png,1,2017-09-01_20-00-17,2017-09-01_20-00-17#17,2985,val,"[[27.0, 126.0, 55.0, 154.0]]",honeybee with a varroa mite,2017-09-01_20-00-17
val/videos/2017-09-01_20-00-17/2017-09-01_20-00-17.mp4-bee_id_170-72900-1.png,0,2017-09-01_20-00-17,2017-09-01_20-00-17#170,72900,val,[],healthy honeybee,2017-09-01_20-00-17
val/videos/2017-09-01_20-00-17/2017-09-01_20-00-17.mp4-bee_id_171-73380-1.png,0,2017-09-01_20-00-17,2017-09-01_20-00-17#171,73380,val,[],healthy honeybee,2017-09-01_20-00-17
val/videos/2017-09-01_20-00-17/2017-09-01_20-00-17.mp4-bee_id_172-73950-1.png,0,2017-09-01_20-00-17,2017-09-01_20-00-17#172,73950,val,[],healthy honeybee,2017-09-01_20-00-17
val/videos/2017-09-01_20-00-17/2017-09-01_20-00-17.mp4-bee_id_173-75570-1.png,0,2017-09-01_20-00-17,2017-09-01_20-00-17#173,75570,val,[],healthy honeybee,2017-09-01_20-00-17
val/videos/2017-09-01_20-00-17/2017-09-01_20-00-17.mp4-bee_id_175-75570-1.png,0,2017-09-01_20-00-17,2017-09-01_20-00-17#175,75570,val,[],healthy honeybee,2017-09-01_20-00-17
val/videos/2017-09-01_20-00-17/2017-09-01_20-00-17.mp4-bee_id_176-75990-1.png,0,2017-09-01_20-00-17,2017-09-01_20-00-17#176,75990,val,[],healthy honeybee,2017-09-01_20-00-17
val/videos/2017-09-01_20-00-17/2017-09-01_20-00-17.mp4-bee_id_177-75990-1.png,0,2017-09-01_20-00-17,2017-09-01_20-00-17#177,75990,val,[],healthy honeybee,2017-09-01_20-00-17
val/videos/2017-09-01_20-00-17/2017-09-01_20-00-17.mp4-bee_id_178-77805-1.png,0,2017-09-01_20-00-17,2017-09-01_20-00-17#178,77805,val,[],healthy honeybee,2017-09-01_20-00-17
val/videos/2017-09-01_20-00-17/2017-09-01_20-00-17.mp4-bee_id_179-78165-1.png,0,2017-09-01_20-00-17,2017-09-01_20-00-17#179,78165,val,[],healthy honeybee,2017-09-01_20-00-17
val/videos/2017-09-01_20-00-17/2017-09-01_20-00-17.mp4-bee_id_18-3120-1.png,1,2017-09-01_20-00-17,2017-09-01_20-00-17#18,3120,val,"[[66.0, 88.0, 98.0, 127.0]]",honeybee with a varroa mite,2017-09-01_20-00-17
val/videos/2017-09-01_20-00-17/2017-09-01_20-00-17.mp4-bee_id_180-78165-1.png,0,2017-09-01_20-00-17,2017-09-01_20-00-17#180,78165,val,[],healthy honeybee,2017-09-01_20-00-17
val/videos/2017-09-01_20-00-17/2017-09-01_20-00-17.mp4-bee_id_182-79230-1.png,0,2017-09-01_20-00-17,2017-09-01_20-00-17#182,79230,val,[],healthy honeybee,2017-09-01_20-00-17
val/videos/2017-09-01_20-00-17/2017-09-01_20-00-17.mp4-bee_id_183-79230-1.png,0,2017-09-01_20-00-17,2017-09-01_20-00-17#183,79230,val,[],healthy honeybee,2017-09-01_20-00-17
val/videos/2017-09-01_20-00-17/2017-09-01_20-00-17.mp4-bee_id_184-79230-1.png,0,2017-09-01_20-00-17,2017-09-01_20-00-17#184,79230,val,[],healthy honeybee,2017-09-01_20-00-17
val/videos/2017-09-01_20-00-17/2017-09-01_20-00-17.mp4-bee_id_187-80175-1.png,0,2017-09-01_20-00-17,2017-09-01_20-00-17#187,80175,val,[],healthy honeybee,2017-09-01_20-00-17
val/videos/2017-09-01_20-00-17/2017-09-01_20-00-17.mp4-bee_id_188-81000-1.png,0,2017-09-01_20-00-17,2017-09-01_20-00-17#188,81000,val,[],healthy honeybee,2017-09-01_20-00-17
val/videos/2017-09-01_20-00-17/2017-09-01_20-00-17.mp4-bee_id_189-81255-1.png,0,2017-09-01_20-00-17,2017-09-01_20-00-17#189,81255,val,[],healthy honeybee,2017-09-01_20-00-17
val/videos/2017-09-01_20-00-17/2017-09-01_20-00-17.mp4-bee_id_190-81900-1.png,0,2017-09-01_20-00-17,2017-09-01_20-00-17#190,81900,val,[],healthy honeybee,2017-09-01_20-00-17
val/videos/2017-09-01_20-00-17/2017-09-01_20-00-17.mp4-bee_id_191-82305-1.png,0,2017-09-01_20-00-17,2017-09-01_20-00-17#191,82305,val,[],healthy honeybee,2017-09-01_20-00-17
val/videos/2017-09-01_20-00-17/2017-09-01_20-00-17.mp4-bee_id_192-82470-1.png,0,2017-09-01_20-00-17,2017-09-01_20-00-17#192,82470,val,[],healthy honeybee,2017-09-01_20-00-17
val/videos/2017-09-01_20-00-17/2017-09-01_20-00-17.mp4-bee_id_193-83190-1.png,0,2017-09-01_20-00-17,2017-09-01_20-00-17#193,83190,val,[],healthy honeybee,2017-09-01_20-00-17
val/videos/2017-09-01_20-00-17/2017-09-01_20-00-17.mp4-bee_id_194-83940-1.png,0,2017-09-01_20-00-17,2017-09-01_20-00-17#194,83940,val,[],healthy honeybee,2017-09-01_20-00-17
val/videos/2017-09-01_20-00-17/2017-09-01_20-00-17.mp4-bee_id_195-87975-1.png,0,2017-09-01_20-00-17,2017-09-01_20-00-17#195,87975,val,[],healthy honeybee,2017-09-01_20-00-17
val/videos/2017-09-01_20-00-17/2017-09-01_20-00-17.mp4-bee_id_196-88545-1.png,0,2017-09-01_20-00-17,2017-09-01_20-00-17#196,88545,val,[],healthy honeybee,2017-09-01_20-00-17
val/videos/2017-09-01_20-00-17/2017-09-01_20-00-17.mp4-bee_id_199-89505-1.png,0,2017-09-01_20-00-17,2017-09-01_20-00-17#199,89505,val,[],healthy honeybee,2017-09-01_20-00-17
val/videos/2017-09-01_20-00-17/2017-09-01_20-00-17.mp4-bee_id_2-45-1.png,0,2017-09-01_20-00-17,2017-09-01_20-00-17#2,45,val,[],healthy honeybee,2017-09-01_20-00-17
val/videos/2017-09-01_20-00-17/2017-09-01_20-00-17.mp4-bee_id_20-4560-1.png,0,2017-09-01_20-00-17,2017-09-01_20-00-17#20,4560,val,[],healthy honeybee,2017-09-01_20-00-17
val/videos/2017-09-01_20-00-17/2017-09-01_20-00-17.mp4-bee_id_200-89610-1.png,0,2017-09-01_20-00-17,2017-09-01_20-00-17#200,89610,val,[],healthy honeybee,2017-09-01_20-00-17
val/videos/2017-09-01_20-00-17/2017-09-01_20-00-17.mp4-bee_id_201-89940-1.png,0,2017-09-01_20-00-17,2017-09-01_20-00-17#201,89940,val,[],healthy honeybee,2017-09-01_20-00-17
val/videos/2017-09-01_20-00-17/2017-09-01_20-00-17.mp4-bee_id_202-90450-1.png,0,2017-09-01_20-00-17,2017-09-01_20-00-17#202,90450,val,[],healthy honeybee,2017-09-01_20-00-17
val/videos/2017-09-01_20-00-17/2017-09-01_20-00-17.mp4-bee_id_203-90525-1.png,0,2017-09-01_20-00-17,2017-09-01_20-00-17#203,90525,val,[],healthy honeybee,2017-09-01_20-00-17
val/videos/2017-09-01_20-00-17/2017-09-01_20-00-17.mp4-bee_id_204-91110-1.png,0,2017-09-01_20-00-17,2017-09-01_20-00-17#204,91110,val,[],healthy honeybee,2017-09-01_20-00-17
val/videos/2017-09-01_20-00-17/2017-09-01_20-00-17.mp4-bee_id_205-91380-1.png,0,2017-09-01_20-00-17,2017-09-01_20-00-17#205,91380,val,[],healthy honeybee,2017-09-01_20-00-17
val/videos/2017-09-01_20-00-17/2017-09-01_20-00-17.mp4-bee_id_206-91440-1.png,0,2017-09-01_20-00-17,2017-09-01_20-00-17#206,91440,val,[],healthy honeybee,2017-09-01_20-00-17
val/videos/2017-09-01_20-00-17/2017-09-01_20-00-17.mp4-bee_id_207-91590-1.png,0,2017-09-01_20-00-17,2017-09-01_20-00-17#207,91590,val,[],healthy honeybee,2017-09-01_20-00-17
val/videos/2017-09-01_20-00-17/2017-09-01_20-00-17.mp4-bee_id_208-91725-1.png,0,2017-09-01_20-00-17,2017-09-01_20-00-17#208,91725,val,[],healthy honeybee,2017-09-01_20-00-17
val/videos/2017-09-01_20-00-17/2017-09-01_20-00-17.mp4-bee_id_210-93225-1.png,0,2017-09-01_20-00-17,2017-09-01_20-00-17#210,93225,val,[],healthy honeybee,2017-09-01_20-00-17
val/videos/2017-09-01_20-00-17/2017-09-01_20-00-17.mp4-bee_id_211-94935-1.png,0,2017-09-01_20-00-17,2017-09-01_20-00-17#211,94935,val,[],healthy honeybee,2017-09-01_20-00-17
val/videos/2017-09-01_20-00-17/2017-09-01_20-00-17.mp4-bee_id_213-95805-1.png,0,2017-09-01_20-00-17,2017-09-01_20-00-17#213,95805,val,[],healthy honeybee,2017-09-01_20-00-17
val/videos/2017-09-01_20-00-17/2017-09-01_20-00-17.mp4-bee_id_214-100500-1.png,0,2017-09-01_20-00-17,2017-09-01_20-00-17#214,100500,val,[],healthy honeybee,2017-09-01_20-00-17
val/videos/2017-09-01_20-00-17/2017-09-01_20-00-17.mp4-bee_id_216-100980-1.png,0,2017-09-01_20-00-17,2017-09-01_20-00-17#216,100980,val,[],healthy honeybee,2017-09-01_20-00-17
val/videos/2017-09-01_20-00-17/2017-09-01_20-00-17.mp4-bee_id_218-101925-1.png,0,2017-09-01_20-00-17,2017-09-01_20-00-17#218,101925,val,[],healthy honeybee,2017-09-01_20-00-17
val/videos/2017-09-01_20-00-17/2017-09-01_20-00-17.mp4-bee_id_219-102510-1.png,0,2017-09-01_20-00-17,2017-09-01_20-00-17#219,102510,val,[],healthy honeybee,2017-09-01_20-00-17
val/videos/2017-09-01_20-00-17/2017-09-01_20-00-17.mp4-bee_id_22-5055-1.png,1,2017-09-01_20-00-17,2017-09-01_20-00-17#22,5055,val,"[[71.0, 170.0, 95.0, 205.0]]",honeybee with a varroa mite,2017-09-01_20-00-17
val/videos/2017-09-01_20-00-17/2017-09-01_20-00-17.mp4-bee_id_221-103260-1.png,0,2017-09-01_20-00-17,2017-09-01_20-00-17#221,103260,val,[],healthy honeybee,2017-09-01_20-00-17
val/videos/2017-09-01_20-00-17/2017-09-01_20-00-17.mp4-bee_id_222-104055-1.png,0,2017-09-01_20-00-17,2017-09-01_20-00-17#222,104055,val,[],healthy honeybee,2017-09-01_20-00-17
val/videos/2017-09-01_20-00-17/2017-09-01_20-00-17.mp4-bee_id_226-104790-1.png,0,2017-09-01_20-00-17,2017-09-01_20-00-17#226,104790,val,[],healthy honeybee,2017-09-01_20-00-17
val/videos/2017-09-01_20-00-17/2017-09-01_20-00-17.mp4-bee_id_23-5070-1.png,0,2017-09-01_20-00-17,2017-09-01_20-00-17#23,5070,val,[],healthy honeybee,2017-09-01_20-00-17
val/videos/2017-09-01_20-00-17/2017-09-01_20-00-17.mp4-bee_id_25-6060-1.png,0,2017-09-01_20-00-17,2017-09-01_20-00-17#25,6060,val,[],healthy honeybee,2017-09-01_20-00-17
val/videos/2017-09-01_20-00-17/2017-09-01_20-00-17.mp4-bee_id_26-6075-1.png,0,2017-09-01_20-00-17,2017-09-01_20-00-17#26,6075,val,[],healthy honeybee,2017-09-01_20-00-17
val/videos/2017-09-01_20-00-17/2017-09-01_20-00-17.mp4-bee_id_28-6615-1.png,0,2017-09-01_20-00-17,2017-09-01_20-00-17#28,6615,val,[],healthy honeybee,2017-09-01_20-00-17
val/videos/2017-09-01_20-00-17/2017-09-01_20-00-17.mp4-bee_id_29-14415-1.png,0,2017-09-01_20-00-17,2017-09-01_20-00-17#29,14415,val,[],healthy honeybee,2017-09-01_20-00-17
val/videos/2017-09-01_20-00-17/2017-09-01_20-00-17.mp4-bee_id_3-1185-1.png,0,2017-09-01_20-00-17,2017-09-01_20-00-17#3,1185,val,[],healthy honeybee,2017-09-01_20-00-17
val/videos/2017-09-01_20-00-17/2017-09-01_20-00-17.mp4-bee_id_30-14430-1.png,0,2017-09-01_20-00-17,2017-09-01_20-00-17#30,14430,val,[],healthy honeybee,2017-09-01_20-00-17
val/videos/2017-09-01_20-00-17/2017-09-01_20-00-17.mp4-bee_id_31-14430-1.png,1,2017-09-01_20-00-17,2017-09-01_20-00-17#31,14430,val,"[[93.0, 140.0, 127.0, 163.0]]",honeybee with a varroa mite,2017-09-01_20-00-17
val/videos/2017-09-01_20-00-17/2017-09-01_20-00-17.mp4-bee_id_32-14460-1.png,0,2017-09-01_20-00-17,2017-09-01_20-00-17#32,14460,val,[],healthy honeybee,2017-09-01_20-00-17
val/videos/2017-09-01_20-00-17/2017-09-01_20-00-17.mp4-bee_id_33-14535-1.png,0,2017-09-01_20-00-17,2017-09-01_20-00-17#33,14535,val,[],healthy honeybee,2017-09-01_20-00-17
val/videos/2017-09-01_20-00-17/2017-09-01_20-00-17.mp4-bee_id_36-14955-1.png,1,2017-09-01_20-00-17,2017-09-01_20-00-17#36,14955,val,"[[55.0, 141.0, 77.0, 170.0]]",honeybee with a varroa mite,2017-09-01_20-00-17
val/videos/2017-09-01_20-00-17/2017-09-01_20-00-17.mp4-bee_id_37-14955-1.png,0,2017-09-01_20-00-17,2017-09-01_20-00-17#37,14955,val,[],healthy honeybee,2017-09-01_20-00-17
val/videos/2017-09-01_20-00-17/2017-09-01_20-00-17.mp4-bee_id_39-15075-1.png,1,2017-09-01_20-00-17,2017-09-01_20-00-17#39,15075,val,"[[46.0, 154.0, 67.0, 179.0], [88.0, 95.0, 102.0, 118.0]]",honeybee with a varroa mite,2017-09-01_20-00-17
val/videos/2017-09-01_20-00-17/2017-09-01_20-00-17.mp4-bee_id_4-1275-1.png,0,2017-09-01_20-00-17,2017-09-01_20-00-17#4,1275,val,[],healthy honeybee,2017-09-01_20-00-17
val/videos/2017-09-01_20-00-17/2017-09-01_20-00-17.mp4-bee_id_40-15180-1.png,0,2017-09-01_20-00-17,2017-09-01_20-00-17#40,15180,val,[],healthy honeybee,2017-09-01_20-00-17
val/videos/2017-09-01_20-00-17/2017-09-01_20-00-17.mp4-bee_id_41-15180-1.png,0,2017-09-01_20-00-17,2017-09-01_20-00-17#41,15180,val,[],healthy honeybee,2017-09-01_20-00-17
val/videos/2017-09-01_20-00-17/2017-09-01_20-00-17.mp4-bee_id_42-15675-1.png,1,2017-09-01_20-00-17,2017-09-01_20-00-17#42,15675,val,"[[62.0, 89.0, 79.0, 109.0]]",honeybee with a varroa mite,2017-09-01_20-00-17
val/videos/2017-09-01_20-00-17/2017-09-01_20-00-17.mp4-bee_id_44-16110-1.png,0,2017-09-01_20-00-17,2017-09-01_20-00-17#44,16110,val,[],healthy honeybee,2017-09-01_20-00-17
val/videos/2017-09-01_20-00-17/2017-09-01_20-00-17.mp4-bee_id_45-16335-1.png,0,2017-09-01_20-00-17,2017-09-01_20-00-17#45,16335,val,[],healthy honeybee,2017-09-01_20-00-17
val/videos/2017-09-01_20-00-17/2017-09-01_20-00-17.mp4-bee_id_47-19110-1.png,0,2017-09-01_20-00-17,2017-09-01_20-00-17#47,19110,val,[],healthy honeybee,2017-09-01_20-00-17
val/videos/2017-09-01_20-00-17/2017-09-01_20-00-17.mp4-bee_id_48-19170-1.png,1,2017-09-01_20-00-17,2017-09-01_20-00-17#48,19170,val,"[[96.0, 87.0, 118.0, 114.0]]",honeybee with a varroa mite,2017-09-01_20-00-17
val/videos/2017-09-01_20-00-17/2017-09-01_20-00-17.mp4-bee_id_5-1425-1.png,0,2017-09-01_20-00-17,2017-09-01_20-00-17#5,1425,val,[],healthy honeybee,2017-09-01_20-00-17
val/videos/2017-09-01_20-00-17/2017-09-01_20-00-17.mp4-bee_id_50-19275-1.png,1,2017-09-01_20-00-17,2017-09-01_20-00-17#50,19275,val,"[[49.0, 93.0, 72.0, 125.0]]",honeybee with a varroa mite,2017-09-01_20-00-17
val/videos/2017-09-01_20-00-17/2017-09-01_20-00-17.mp4-bee_id_51-19305-1.png,1,2017-09-01_20-00-17,2017-09-01_20-00-17#51,19305,val,"[[43.0, 159.0, 64.0, 193.0]]",honeybee with a varroa mite,2017-09-01_20-00-17
val/videos/2017-09-01_20-00-17/2017-09-01_20-00-17.mp4-bee_id_52-19890-1.png,0,2017-09-01_20-00-17,2017-09-01_20-00-17#52,19890,val,[],healthy honeybee,2017-09-01_20-00-17
val/videos/2017-09-01_20-00-17/2017-09-01_20-00-17.mp4-bee_id_54-20055-1.png,1,2017-09-01_20-00-17,2017-09-01_20-00-17#54,20055,val,"[[59.0, 95.0, 92.0, 125.0]]",honeybee with a varroa mite,2017-09-01_20-00-17
val/videos/2017-09-01_20-00-17/2017-09-01_20-00-17.mp4-bee_id_55-20220-1.png,1,2017-09-01_20-00-17,2017-09-01_20-00-17#55,20220,val,"[[15.0, 90.0, 51.0, 109.0]]",honeybee with a varroa mite,2017-09-01_20-00-17
val/videos/2017-09-01_20-00-17/2017-09-01_20-00-17.mp4-bee_id_57-20640-1.png,0,2017-09-01_20-00-17,2017-09-01_20-00-17#57,20640,val,[],healthy honeybee,2017-09-01_20-00-17
val/videos/2017-09-01_20-00-17/2017-09-01_20-00-17.mp4-bee_id_58-20655-1.png,0,2017-09-01_20-00-17,2017-09-01_20-00-17#58,20655,val,[],healthy honeybee,2017-09-01_20-00-17
val/videos/2017-09-01_20-00-17/2017-09-01_20-00-17.mp4-bee_id_59-20670-1.png,0,2017-09-01_20-00-17,2017-09-01_20-00-17#59,20670,val,[],healthy honeybee,2017-09-01_20-00-17
val/videos/2017-09-01_20-00-17/2017-09-01_20-00-17.mp4-bee_id_6-1575-1.png,0,2017-09-01_20-00-17,2017-09-01_20-00-17#6,1575,val,[],healthy honeybee,2017-09-01_20-00-17
val/videos/2017-09-01_20-00-17/2017-09-01_20-00-17.mp4-bee_id_60-21255-1.png,0,2017-09-01_20-00-17,2017-09-01_20-00-17#60,21255,val,[],healthy honeybee,2017-09-01_20-00-17
val/videos/2017-09-01_20-00-17/2017-09-01_20-00-17.mp4-bee_id_61-21375-1.png,1,2017-09-01_20-00-17,2017-09-01_20-00-17#61,21375,val,"[[50.0, 154.0, 83.0, 193.0]]",honeybee with a varroa mite,2017-09-01_20-00-17
val/videos/2017-09-01_20-00-17/2017-09-01_20-00-17.mp4-bee_id_62-21555-1.png,0,2017-09-01_20-00-17,2017-09-01_20-00-17#62,21555,val,[],healthy honeybee,2017-09-01_20-00-17
val/videos/2017-09-01_20-00-17/2017-09-01_20-00-17.mp4-bee_id_64-22095-1.png,0,2017-09-01_20-00-17,2017-09-01_20-00-17#64,22095,val,[],healthy honeybee,2017-09-01_20-00-17
val/videos/2017-09-01_20-00-17/2017-09-01_20-00-17.mp4-bee_id_65-22125-1.png,0,2017-09-01_20-00-17,2017-09-01_20-00-17#65,22125,val,[],healthy honeybee,2017-09-01_20-00-17
val/videos/2017-09-01_20-00-17/2017-09-01_20-00-17.mp4-bee_id_67-22695-1.png,1,2017-09-01_20-00-17,2017-09-01_20-00-17#67,22695,val,"[[65.0, 118.0, 95.0, 134.0]]",honeybee with a varroa mite,2017-09-01_20-00-17
val/videos/2017-09-01_20-00-17/2017-09-01_20-00-17.mp4-bee_id_68-22740-1.png,0,2017-09-01_20-00-17,2017-09-01_20-00-17#68,22740,val,[],healthy honeybee,2017-09-01_20-00-17
val/videos/2017-09-01_20-00-17/2017-09-01_20-00-17.mp4-bee_id_69-23235-1.png,0,2017-09-01_20-00-17,2017-09-01_20-00-17#69,23235,val,[],healthy honeybee,2017-09-01_20-00-17
val/videos/2017-09-01_20-00-17/2017-09-01_20-00-17.mp4-bee_id_7-1620-1.png,0,2017-09-01_20-00-17,2017-09-01_20-00-17#7,1620,val,[],healthy honeybee,2017-09-01_20-00-17
val/videos/2017-09-01_20-00-17/2017-09-01_20-00-17.mp4-bee_id_70-23250-1.png,0,2017-09-01_20-00-17,2017-09-01_20-00-17#70,23250,val,[],healthy honeybee,2017-09-01_20-00-17
val/videos/2017-09-01_20-00-17/2017-09-01_20-00-17.mp4-bee_id_72-23595-1.png,0,2017-09-01_20-00-17,2017-09-01_20-00-17#72,23595,val,[],healthy honeybee,2017-09-01_20-00-17
val/videos/2017-09-01_20-00-17/2017-09-01_20-00-17.mp4-bee_id_73-23685-1.png,0,2017-09-01_20-00-17,2017-09-01_20-00-17#73,23685,val,[],healthy honeybee,2017-09-01_20-00-17
val/videos/2017-09-01_20-00-17/2017-09-01_20-00-17.mp4-bee_id_74-23910-1.png,0,2017-09-01_20-00-17,2017-09-01_20-00-17#74,23910,val,[],healthy honeybee,2017-09-01_20-00-17
val/videos/2017-09-01_20-00-17/2017-09-01_20-00-17.mp4-bee_id_75-25890-1.png,0,2017-09-01_20-00-17,2017-09-01_20-00-17#75,25890,val,[],healthy honeybee,2017-09-01_20-00-17
val/videos/2017-09-01_20-00-17/2017-09-01_20-00-17.mp4-bee_id_78-28155-1.png,0,2017-09-01_20-00-17,2017-09-01_20-00-17#78,28155,val,[],healthy honeybee,2017-09-01_20-00-17
val/videos/2017-09-01_20-00-17/2017-09-01_20-00-17.mp4-bee_id_79-29160-1.png,0,2017-09-01_20-00-17,2017-09-01_20-00-17#79,29160,val,[],healthy honeybee,2017-09-01_20-00-17
val/videos/2017-09-01_20-00-17/2017-09-01_20-00-17.mp4-bee_id_81-29325-1.png,0,2017-09-01_20-00-17,2017-09-01_20-00-17#81,29325,val,[],healthy honeybee,2017-09-01_20-00-17
val/videos/2017-09-01_20-00-17/2017-09-01_20-00-17.mp4-bee_id_82-29370-1.png,0,2017-09-01_20-00-17,2017-09-01_20-00-17#82,29370,val,[],healthy honeybee,2017-09-01_20-00-17
val/videos/2017-09-01_20-00-17/2017-09-01_20-00-17.mp4-bee_id_83-29655-1.png,0,2017-09-01_20-00-17,2017-09-01_20-00-17#83,29655,val,[],healthy honeybee,2017-09-01_20-00-17
val/videos/2017-09-01_20-00-17/2017-09-01_20-00-17.mp4-bee_id_84-29715-1.png,0,2017-09-01_20-00-17,2017-09-01_20-00-17#84,29715,val,[],healthy honeybee,2017-09-01_20-00-17
val/videos/2017-09-01_20-00-17/2017-09-01_20-00-17.mp4-bee_id_85-30225-1.png,0,2017-09-01_20-00-17,2017-09-01_20-00-17#85,30225,val,[],healthy honeybee,2017-09-01_20-00-17
val/videos/2017-09-01_20-00-17/2017-09-01_20-00-17.mp4-bee_id_87-34335-1.png,1,2017-09-01_20-00-17,2017-09-01_20-00-17#87,34335,val,"[[77.0, 100.0, 104.0, 135.0]]",honeybee with a varroa mite,2017-09-01_20-00-17
val/videos/2017-09-01_20-00-17/2017-09-01_20-00-17.mp4-bee_id_88-34830-1.png,0,2017-09-01_20-00-17,2017-09-01_20-00-17#88,34830,val,[],healthy honeybee,2017-09-01_20-00-17
val/videos/2017-09-01_20-00-17/2017-09-01_20-00-17.mp4-bee_id_89-35580-1.png,0,2017-09-01_20-00-17,2017-09-01_20-00-17#89,35580,val,[],healthy honeybee,2017-09-01_20-00-17
val/videos/2017-09-01_20-00-17/2017-09-01_20-00-17.mp4-bee_id_9-1950-1.png,1,2017-09-01_20-00-17,2017-09-01_20-00-17#9,1950,val,"[[58.0, 137.0, 84.0, 167.0], [72.0, 108.0, 94.0, 138.0]]",honeybee with a varroa mite,2017-09-01_20-00-17
val/videos/2017-09-01_20-00-17/2017-09-01_20-00-17.mp4-bee_id_90-35805-1.png,0,2017-09-01_20-00-17,2017-09-01_20-00-17#90,35805,val,[],healthy honeybee,2017-09-01_20-00-17
val/videos/2017-09-01_20-00-17/2017-09-01_20-00-17.mp4-bee_id_92-36570-1.png,0,2017-09-01_20-00-17,2017-09-01_20-00-17#92,36570,val,[],healthy honeybee,2017-09-01_20-00-17
val/videos/2017-09-01_20-00-17/2017-09-01_20-00-17.mp4-bee_id_93-39405-1.png,0,2017-09-01_20-00-17,2017-09-01_20-00-17#93,39405,val,[],healthy honeybee,2017-09-01_20-00-17
val/videos/2017-09-01_20-00-17/2017-09-01_20-00-17.mp4-bee_id_94-40320-1.png,0,2017-09-01_20-00-17,2017-09-01_20-00-17#94,40320,val,[],healthy honeybee,2017-09-01_20-00-17
val/videos/2017-09-01_20-00-17/2017-09-01_20-00-17.mp4-bee_id_95-41280-1.png,0,2017-09-01_20-00-17,2017-09-01_20-00-17#95,41280,val,[],healthy honeybee,2017-09-01_20-00-17
val/videos/2017-09-01_20-00-17/2017-09-01_20-00-17.mp4-bee_id_96-41655-1.png,0,2017-09-01_20-00-17,2017-09-01_20-00-17#96,41655,val,[],healthy honeybee,2017-09-01_20-00-17
val/videos/2017-09-01_20-00-17/2017-09-01_20-00-17.mp4-bee_id_97-42120-1.png,0,2017-09-01_20-00-17,2017-09-01_20-00-17#97,42120,val,[],healthy honeybee,2017-09-01_20-00-17
val/videos/2017-09-01_20-00-17/2017-09-01_20-00-17.mp4-bee_id_98-42390-1.png,0,2017-09-01_20-00-17,2017-09-01_20-00-17#98,42390,val,[],healthy honeybee,2017-09-01_20-00-17
val/videos/2017-09-01_3-01-01/2017-09-01_3-01-01.mp4-bee_id_2239-15-1.png,1,2017-09-01_3-01-01,2017-09-01_3-01-01#2239,15,val,"[[48.0, 102.0, 85.0, 128.0]]",honeybee with a varroa mite,2017-09-01_3-01-01
val/videos/2017-09-01_3-01-01/2017-09-01_3-01-01.mp4-bee_id_2241-8325-1.png,1,2017-09-01_3-01-01,2017-09-01_3-01-01#2241,8325,val,"[[73.0, 80.0, 101.0, 114.0]]",honeybee with a varroa mite,2017-09-01_3-01-01
val/videos/2017-09-01_3-01-01/2017-09-01_3-01-01.mp4-bee_id_2242-9195-1.png,1,2017-09-01_3-01-01,2017-09-01_3-01-01#2242,9195,val,"[[79.0, 162.0, 111.0, 184.0]]",honeybee with a varroa mite,2017-09-01_3-01-01
val/videos/2017-09-01_3-01-01/2017-09-01_3-01-01.mp4-bee_id_2244-18225-1.png,0,2017-09-01_3-01-01,2017-09-01_3-01-01#2244,18225,val,[],healthy honeybee,2017-09-01_3-01-01
val/videos/2017-09-01_3-01-01/2017-09-01_3-01-01.mp4-bee_id_2245-18300-1.png,1,2017-09-01_3-01-01,2017-09-01_3-01-01#2245,18300,val,"[[83.0, 125.0, 111.0, 165.0], [36.0, 130.0, 67.0, 167.0]]",honeybee with a varroa mite,2017-09-01_3-01-01
val/videos/2017-09-01_3-01-01/2017-09-01_3-01-01.mp4-bee_id_2248-19560-1.png,1,2017-09-01_3-01-01,2017-09-01_3-01-01#2248,19560,val,"[[46.0, 80.0, 76.0, 109.0], [82.0, 86.0, 112.0, 111.0]]",honeybee with a varroa mite,2017-09-01_3-01-01
val/videos/2017-09-01_3-01-01/2017-09-01_3-01-01.mp4-bee_id_2250-20280-1.png,1,2017-09-01_3-01-01,2017-09-01_3-01-01#2250,20280,val,"[[42.0, 99.0, 71.0, 126.0], [80.0, 93.0, 108.0, 120.0]]",honeybee with a varroa mite,2017-09-01_3-01-01
val/videos/2017-09-01_3-01-01/2017-09-01_3-01-01.mp4-bee_id_2253-22230-1.png,1,2017-09-01_3-01-01,2017-09-01_3-01-01#2253,22230,val,"[[14.0, 119.0, 48.0, 150.0]]",honeybee with a varroa mite,2017-09-01_3-01-01
val/videos/2017-09-01_3-01-01/2017-09-01_3-01-01.mp4-bee_id_2254-29940-1.png,0,2017-09-01_3-01-01,2017-09-01_3-01-01#2254,29940,val,[],healthy honeybee,2017-09-01_3-01-01
val/videos/2017-09-01_3-01-01/2017-09-01_3-01-01.mp4-bee_id_2255-29940-1.png,0,2017-09-01_3-01-01,2017-09-01_3-01-01#2255,29940,val,[],healthy honeybee,2017-09-01_3-01-01
val/videos/2017-09-01_3-01-01/2017-09-01_3-01-01.mp4-bee_id_2256-30015-1.png,1,2017-09-01_3-01-01,2017-09-01_3-01-01#2256,30015,val,"[[70.0, 151.0, 105.0, 185.0]]",honeybee with a varroa mite,2017-09-01_3-01-01
val/videos/2017-09-01_3-01-01/2017-09-01_3-01-01.mp4-bee_id_2257-42300-1.png,1,2017-09-01_3-01-01,2017-09-01_3-01-01#2257,42300,val,"[[80.0, 169.0, 112.0, 191.0], [72.0, 143.0, 111.0, 173.0]]",honeybee with a varroa mite,2017-09-01_3-01-01
val/videos/2017-09-01_3-01-01/2017-09-01_3-01-01.mp4-bee_id_2259-43095-1.png,1,2017-09-01_3-01-01,2017-09-01_3-01-01#2259,43095,val,"[[106.0, 158.0, 130.0, 186.0], [91.0, 138.0, 124.0, 169.0]]",honeybee with a varroa mite,2017-09-01_3-01-01
val/videos/2017-09-01_3-01-01/2017-09-01_3-01-01.mp4-bee_id_2262-43545-1.png,1,2017-09-01_3-01-01,2017-09-01_3-01-01#2262,43545,val,"[[59.0, 90.0, 91.0, 119.0]]",honeybee with a varroa mite,2017-09-01_3-01-01
val/videos/2017-09-01_3-01-01/2017-09-01_3-01-01.mp4-bee_id_2263-44115-1.png,0,2017-09-01_3-01-01,2017-09-01_3-01-01#2263,44115,val,[],healthy honeybee,2017-09-01_3-01-01
val/videos/2017-09-01_3-01-01/2017-09-01_3-01-01.mp4-bee_id_2264-44115-1.png,0,2017-09-01_3-01-01,2017-09-01_3-01-01#2264,44115,val,[],healthy honeybee,2017-09-01_3-01-01
val/videos/2017-09-01_3-01-01/2017-09-01_3-01-01.mp4-bee_id_2266-44235-1.png,1,2017-09-01_3-01-01,2017-09-01_3-01-01#2266,44235,val,"[[30.0, 134.0, 58.0, 166.0]]",honeybee with a varroa mite,2017-09-01_3-01-01
val/videos/2017-09-01_3-01-01/2017-09-01_3-01-01.mp4-bee_id_2267-44580-1.png,1,2017-09-01_3-01-01,2017-09-01_3-01-01#2267,44580,val,"[[71.0, 138.0, 111.0, 168.0], [77.0, 166.0, 114.0, 194.0]]",honeybee with a varroa mite,2017-09-01_3-01-01
val/videos/2017-09-01_3-01-01/2017-09-01_3-01-01.mp4-bee_id_2268-44820-1.png,1,2017-09-01_3-01-01,2017-09-01_3-01-01#2268,44820,val,"[[56.0, 140.0, 97.0, 166.0], [47.0, 173.0, 70.0, 197.0], [100.0, 136.0, 127.0, 163.0]]",honeybee with a varroa mite,2017-09-01_3-01-01
val/videos/2017-09-01_3-01-01/2017-09-01_3-01-01.mp4-bee_id_2269-45045-1.png,1,2017-09-01_3-01-01,2017-09-01_3-01-01#2269,45045,val,"[[72.0, 102.0, 103.0, 135.0], [65.0, 90.0, 92.0, 120.0]]",honeybee with a varroa mite,2017-09-01_3-01-01
val/videos/2017-09-01_3-01-01/2017-09-01_3-01-01.mp4-bee_id_2270-45465-1.png,1,2017-09-01_3-01-01,2017-09-01_3-01-01#2270,45465,val,"[[60.0, 140.0, 99.0, 167.0], [78.0, 158.0, 114.0, 187.0]]",honeybee with a varroa mite,2017-09-01_3-01-01
val/videos/2017-09-01_3-01-01/2017-09-01_3-01-01.mp4-bee_id_2271-46020-1.png,1,2017-09-01_3-01-01,2017-09-01_3-01-01#2271,46020,val,"[[85.0, 147.0, 116.0, 173.0], [89.0, 160.0, 129.0, 189.0]]",honeybee with a varroa mite,2017-09-01_3-01-01
val/videos/2017-09-01_3-01-01/2017-09-01_3-01-01.mp4-bee_id_2272-46020-1.png,1,2017-09-01_3-01-01,2017-09-01_3-01-01#2272,46020,val,"[[50.0, 103.0, 96.0, 130.0]]",honeybee with a varroa mite,2017-09-01_3-01-01
val/videos/2017-09-01_3-01-01/2017-09-01_3-01-01.mp4-bee_id_2273-46230-1.png,1,2017-09-01_3-01-01,2017-09-01_3-01-01#2273,46230,val,"[[47.0, 95.0, 74.0, 126.0], [30.0, 79.0, 74.0, 109.0]]",honeybee with a varroa mite,2017-09-01_3-01-01
val/videos/2017-09-01_3-01-01/2017-09-01_3-01-01.mp4-bee_id_2274-46350-1.png,1,2017-09-01_3-01-01,2017-09-01_3-01-01#2274,46350,val,"[[35.0, 98.0, 66.0, 131.0], [24.0, 79.0, 58.0, 112.0]]",honeybee with a varroa mite,2017-09-01_3-01-01
val/videos/2017-09-01_3-01-01/2017-09-01_3-01-01.mp4-bee_id_2276-46500-1.png,1,2017-09-01_3-01-01,2017-09-01_3-01-01#2276,46500,val,"[[51.0, 101.0, 98.0, 137.0], [44.0, 78.0, 81.0, 116.0]]",honeybee with a varroa mite,2017-09-01_3-01-01
val/videos/2017-09-01_3-01-01/2017-09-01_3-01-01.mp4-bee_id_2277-46725-1.png,1,2017-09-01_3-01-01,2017-09-01_3-01-01#2277,46725,val,"[[79.0, 139.0, 103.0, 162.0], [92.0, 164.0, 122.0, 188.0]]",honeybee with a varroa mite,2017-09-01_3-01-01
val/videos/2017-09-01_3-01-01/2017-09-01_3-01-01.mp4-bee_id_2278-46890-1.png,1,2017-09-01_3-01-01,2017-09-01_3-01-01#2278,46890,val,"[[78.0, 130.0, 112.0, 164.0]]",honeybee with a varroa mite,2017-09-01_3-01-01
val/videos/2017-09-01_3-01-01/2017-09-01_3-01-01.mp4-bee_id_2280-47175-1.png,1,2017-09-01_3-01-01,2017-09-01_3-01-01#2280,47175,val,"[[68.0, 103.0, 103.0, 129.0]]",honeybee with a varroa mite,2017-09-01_3-01-01
val/videos/2017-09-01_3-01-01/2017-09-01_3-01-01.mp4-bee_id_2281-47220-1.png,0,2017-09-01_3-01-01,2017-09-01_3-01-01#2281,47220,val,[],healthy honeybee,2017-09-01_3-01-01
val/videos/2017-09-01_3-01-01/2017-09-01_3-01-01.mp4-bee_id_2282-47235-1.png,1,2017-09-01_3-01-01,2017-09-01_3-01-01#2282,47235,val,"[[146.0, 77.0, 148.0, 81.0], [49.0, 116.0, 85.0, 147.0], [47.0, 79.0, 76.0, 116.0]]",honeybee with a varroa mite,2017-09-01_3-01-01
val/videos/2017-09-01_3-01-01/2017-09-01_3-01-01.mp4-bee_id_2283-47325-1.png,1,2017-09-01_3-01-01,2017-09-01_3-01-01#2283,47325,val,"[[63.0, 117.0, 100.0, 141.0], [54.0, 94.0, 90.0, 122.0]]",honeybee with a varroa mite,2017-09-01_3-01-01
val/videos/2017-09-01_3-01-01/2017-09-01_3-01-01.mp4-bee_id_2284-47385-1.png,1,2017-09-01_3-01-01,2017-09-01_3-01-01#2284,47385,val,"[[66.0, 149.0, 98.0, 174.0]]",honeybee with a varroa mite,2017-09-01_3-01-01
val/videos/2017-09-01_3-01-01/2017-09-01_3-01-01.mp4-bee_id_2285-47580-1.png,1,2017-09-01_3-01-01,2017-09-01_3-01-01#2285,47580,val,"[[75.0, 143.0, 129.0, 173.0], [95.0, 170.0, 127.0, 194.0]]",honeybee with a varroa mite,2017-09-01_3-01-01
val/videos/2017-09-01_3-01-01/2017-09-01_3-01-01.mp4-bee_id_2286-47775-1.png,1,2017-09-01_3-01-01,2017-09-01_3-01-01#2286,47775,val,"[[61.0, 97.0, 105.0, 133.0], [51.0, 77.0, 94.0, 110.0]]",honeybee with a varroa mite,2017-09-01_3-01-01
val/videos/2017-09-01_3-01-01/2017-09-01_3-01-01.mp4-bee_id_2287-47805-1.png,1,2017-09-01_3-01-01,2017-09-01_3-01-01#2287,47805,val,"[[62.0, 97.0, 95.0, 132.0], [43.0, 77.0, 85.0, 103.0]]",honeybee with a varroa mite,2017-09-01_3-01-01
val/videos/2017-09-01_3-01-01/2017-09-01_3-01-01.mp4-bee_id_2289-47955-1.png,1,2017-09-01_3-01-01,2017-09-01_3-01-01#2289,47955,val,"[[82.0, 144.0, 115.0, 171.0], [101.0, 163.0, 126.0, 188.0]]",honeybee with a varroa mite,2017-09-01_3-01-01
val/videos/2017-09-01_3-01-01/2017-09-01_3-01-01.mp4-bee_id_2290-48060-1.png,1,2017-09-01_3-01-01,2017-09-01_3-01-01#2290,48060,val,"[[52.0, 137.0, 89.0, 163.0], [61.0, 159.0, 98.0, 185.0]]",honeybee with a varroa mite,2017-09-01_3-01-01
val/videos/2017-09-01_3-01-01/2017-09-01_3-01-01.mp4-bee_id_2291-48075-1.png,1,2017-09-01_3-01-01,2017-09-01_3-01-01#2291,48075,val,"[[61.0, 154.0, 94.0, 178.0], [67.0, 177.0, 99.0, 205.0]]",honeybee with a varroa mite,2017-09-01_3-01-01
val/videos/2017-09-01_3-01-01/2017-09-01_3-01-01.mp4-bee_id_2292-48090-1.png,1,2017-09-01_3-01-01,2017-09-01_3-01-01#2292,48090,val,"[[74.0, 150.0, 112.0, 170.0], [90.0, 169.0, 118.0, 192.0]]",honeybee with a varroa mite,2017-09-01_3-01-01
val/videos/2017-09-01_3-01-01/2017-09-01_3-01-01.mp4-bee_id_2293-48105-1.png,1,2017-09-01_3-01-01,2017-09-01_3-01-01#2293,48105,val,"[[66.0, 141.0, 98.0, 159.0], [82.0, 158.0, 112.0, 180.0]]",honeybee with a varroa mite,2017-09-01_3-01-01
val/videos/2017-09-01_3-01-01/2017-09-01_3-01-01.mp4-bee_id_2294-48135-1.png,1,2017-09-01_3-01-01,2017-09-01_3-01-01#2294,48135,val,"[[61.0, 123.0, 93.0, 143.0], [76.0, 132.0, 106.0, 161.0]]",honeybee with a varroa mite,2017-09-01_3-01-01
val/videos/2017-09-01_3-01-01/2017-09-01_3-01-01.mp4-bee_id_2295-48750-1.png,1,2017-09-01_3-01-01,2017-09-01_3-01-01#2295,48750,val,"[[63.0, 106.0, 92.0, 128.0], [58.0, 85.0, 86.0, 109.0]]",honeybee with a varroa mite,2017-09-01_3-01-01
val/videos/2017-09-01_3-01-01/2017-09-01_3-01-01.mp4-bee_id_2298-48870-1.png,1,2017-09-01_3-01-01,2017-09-01_3-01-01#2298,48870,val,"[[41.0, 111.0, 73.0, 143.0], [40.0, 84.0, 78.0, 116.0]]",honeybee with a varroa mite,2017-09-01_3-01-01
val/videos/2017-09-01_3-01-01/2017-09-01_3-01-01.mp4-bee_id_2300-48975-1.png,1,2017-09-01_3-01-01,2017-09-01_3-01-01#2300,48975,val,"[[80.0, 142.0, 115.0, 164.0], [90.0, 163.0, 119.0, 190.0]]",honeybee with a varroa mite,2017-09-01_3-01-01
val/videos/2017-09-01_3-01-01/2017-09-01_3-01-01.mp4-bee_id_2301-48990-1.png,1,2017-09-01_3-01-01,2017-09-01_3-01-01#2301,48990,val,"[[81.0, 135.0, 109.0, 165.0], [104.0, 158.0, 126.0, 184.0]]",honeybee with a varroa mite,2017-09-01_3-01-01
val/videos/2017-09-01_3-01-01/2017-09-01_3-01-01.mp4-bee_id_2302-49020-1.png,1,2017-09-01_3-01-01,2017-09-01_3-01-01#2302,49020,val,"[[44.0, 110.0, 79.0, 141.0], [33.0, 89.0, 72.0, 117.0]]",honeybee with a varroa mite,2017-09-01_3-01-01
val/videos/2017-09-01_3-01-01/2017-09-01_3-01-01.mp4-bee_id_2303-49035-1.png,1,2017-09-01_3-01-01,2017-09-01_3-01-01#2303,49035,val,"[[50.0, 110.0, 79.0, 135.0], [40.0, 93.0, 72.0, 117.0]]",honeybee with a varroa mite,2017-09-01_3-01-01
val/videos/2017-09-01_3-01-01/2017-09-01_3-01-01.mp4-bee_id_2304-49050-1.png,1,2017-09-01_3-01-01,2017-09-01_3-01-01#2304,49050,val,"[[38.0, 103.0, 75.0, 136.0], [32.0, 91.0, 62.0, 118.0]]",honeybee with a varroa mite,2017-09-01_3-01-01
val/videos/2017-09-01_3-01-01/2017-09-01_3-01-01.mp4-bee_id_2305-49080-1.png,1,2017-09-01_3-01-01,2017-09-01_3-01-01#2305,49080,val,"[[45.0, 114.0, 80.0, 139.0], [32.0, 93.0, 72.0, 120.0]]",honeybee with a varroa mite,2017-09-01_3-01-01
val/videos/2017-09-01_3-01-01/2017-09-01_3-01-01.mp4-bee_id_2306-49185-1.png,1,2017-09-01_3-01-01,2017-09-01_3-01-01#2306,49185,val,"[[57.0, 142.0, 94.0, 165.0], [59.0, 163.0, 100.0, 183.0]]",honeybee with a varroa mite,2017-09-01_3-01-01
val/videos/2017-09-01_3-01-01/2017-09-01_3-01-01.mp4-bee_id_2307-49215-1.png,1,2017-09-01_3-01-01,2017-09-01_3-01-01#2307,49215,val,"[[75.0, 116.0, 113.0, 141.0], [67.0, 94.0, 103.0, 117.0]]",honeybee with a varroa mite,2017-09-01_3-01-01
val/videos/2017-09-01_3-01-01/2017-09-01_3-01-01.mp4-bee_id_2309-49395-1.png,1,2017-09-01_3-01-01,2017-09-01_3-01-01#2309,49395,val,"[[61.0, 104.0, 97.0, 128.0], [42.0, 84.0, 83.0, 117.0]]",honeybee with a varroa mite,2017-09-01_3-01-01
val/videos/2017-09-01_3-01-01/2017-09-01_3-01-01.mp4-bee_id_2311-49470-1.png,1,2017-09-01_3-01-01,2017-09-01_3-01-01#2311,49470,val,"[[62.0, 108.0, 106.0, 136.0], [57.0, 89.0, 91.0, 117.0]]",honeybee with a varroa mite,2017-09-01_3-01-01
val/videos/2017-09-01_3-01-01/2017-09-01_3-01-01.mp4-bee_id_2312-49500-1.png,1,2017-09-01_3-01-01,2017-09-01_3-01-01#2312,49500,val,"[[71.0, 136.0, 111.0, 163.0], [75.0, 159.0, 108.0, 184.0]]",honeybee with a varroa mite,2017-09-01_3-01-01
val/videos/2017-09-01_3-01-01/2017-09-01_3-01-01.mp4-bee_id_2313-49515-1.png,1,2017-09-01_3-01-01,2017-09-01_3-01-01#2313,49515,val,"[[74.0, 168.0, 106.0, 188.0], [67.0, 146.0, 96.0, 176.0]]",honeybee with a varroa mite,2017-09-01_3-01-01
val/videos/2017-09-01_3-01-01/2017-09-01_3-01-01.mp4-bee_id_2314-49530-1.png,1,2017-09-01_3-01-01,2017-09-01_3-01-01#2314,49530,val,"[[64.0, 162.0, 106.0, 186.0], [67.0, 141.0, 93.0, 164.0]]",honeybee with a varroa mite,2017-09-01_3-01-01
val/videos/2017-09-01_3-01-01/2017-09-01_3-01-01.mp4-bee_id_2315-49635-1.png,1,2017-09-01_3-01-01,2017-09-01_3-01-01#2315,49635,val,"[[53.0, 88.0, 82.0, 122.0], [45.0, 70.0, 71.0, 98.0]]",honeybee with a varroa mite,2017-09-01_3-01-01
val/videos/2017-09-01_3-01-01/2017-09-01_3-01-01.mp4-bee_id_2316-49710-1.png,1,2017-09-01_3-01-01,2017-09-01_3-01-01#2316,49710,val,"[[55.0, 117.0, 94.0, 148.0]]",honeybee with a varroa mite,2017-09-01_3-01-01
val/videos/2017-09-01_3-01-01/2017-09-01_3-01-01.mp4-bee_id_2317-49725-1.png,1,2017-09-01_3-01-01,2017-09-01_3-01-01#2317,49725,val,"[[44.0, 110.0, 74.0, 142.0], [36.0, 90.0, 67.0, 116.0]]",honeybee with a varroa mite,2017-09-01_3-01-01
val/videos/2017-09-01_3-01-01/2017-09-01_3-01-01.mp4-bee_id_2318-49740-1.png,1,2017-09-01_3-01-01,2017-09-01_3-01-01#2318,49740,val,"[[57.0, 132.0, 98.0, 163.0], [54.0, 117.0, 88.0, 141.0]]",honeybee with a varroa mite,2017-09-01_3-01-01
val/videos/2017-09-01_3-01-01/2017-09-01_3-01-01.mp4-bee_id_2320-49890-1.png,1,2017-09-01_3-01-01,2017-09-01_3-01-01#2320,49890,val,"[[79.0, 143.0, 110.0, 164.0]]",honeybee with a varroa mite,2017-09-01_3-01-01
val/videos/2017-09-01_3-01-01/2017-09-01_3-01-01.mp4-bee_id_2321-49905-1.png,1,2017-09-01_3-01-01,2017-09-01_3-01-01#2321,49905,val,"[[87.0, 155.0, 124.0, 178.0], [81.0, 131.0, 115.0, 153.0]]",honeybee with a varroa mite,2017-09-01_3-01-01
val/videos/2017-09-01_3-01-01/2017-09-01_3-01-01.mp4-bee_id_2322-50085-1.png,1,2017-09-01_3-01-01,2017-09-01_3-01-01#2322,50085,val,"[[48.0, 75.0, 93.0, 112.0], [62.0, 94.0, 98.0, 128.0]]",honeybee with a varroa mite,2017-09-01_3-01-01
val/videos/2017-09-01_3-01-01/2017-09-01_3-01-01.mp4-bee_id_2323-50100-1.png,1,2017-09-01_3-01-01,2017-09-01_3-01-01#2323,50100,val,"[[54.0, 137.0, 90.0, 159.0], [45.0, 114.0, 74.0, 134.0]]",honeybee with a varroa mite,2017-09-01_3-01-01
val/videos/2017-09-01_3-01-01/2017-09-01_3-01-01.mp4-bee_id_2324-50115-1.png,1,2017-09-01_3-01-01,2017-09-01_3-01-01#2324,50115,val,"[[51.0, 115.0, 93.0, 146.0], [39.0, 102.0, 73.0, 128.0]]",honeybee with a varroa mite,2017-09-01_3-01-01
val/videos/2017-09-01_3-01-01/2017-09-01_3-01-01.mp4-bee_id_2326-50160-1.png,1,2017-09-01_3-01-01,2017-09-01_3-01-01#2326,50160,val,"[[73.0, 171.0, 117.0, 192.0], [69.0, 141.0, 100.0, 173.0]]",honeybee with a varroa mite,2017-09-01_3-01-01
val/videos/2017-09-01_3-01-01/2017-09-01_3-01-01.mp4-bee_id_2327-50220-1.png,1,2017-09-01_3-01-01,2017-09-01_3-01-01#2327,50220,val,"[[96.0, 150.0, 131.0, 178.0], [92.0, 128.0, 123.0, 155.0]]",honeybee with a varroa mite,2017-09-01_3-01-01
val/videos/2017-09-01_3-01-01/2017-09-01_3-01-01.mp4-bee_id_2329-50400-1.png,1,2017-09-01_3-01-01,2017-09-01_3-01-01#2329,50400,val,"[[94.0, 108.0, 111.0, 134.0], [114.0, 114.0, 130.0, 143.0]]",honeybee with a varroa mite,2017-09-01_3-01-01
val/videos/2017-09-01_3-01-01/2017-09-01_3-01-01.mp4-bee_id_2330-50445-1.png,1,2017-09-01_3-01-01,2017-09-01_3-01-01#2330,50445,val,"[[44.0, 106.0, 70.0, 133.0]]",honeybee with a varroa mite,2017-09-01_3-01-01
val/videos/2017-09-01_3-01-01/2017-09-01_3-01-01.mp4-bee_id_2332-50490-1.png,1,2017-09-01_3-01-01,2017-09-01_3-01-01#2332,50490,val,"[[52.0, 112.0, 85.0, 144.0], [48.0, 93.0, 73.0, 116.0]]",honeybee with a varroa mite,2017-09-01_3-01-01
val/videos/2017-09-01_3-01-01/2017-09-01_3-01-01.mp4-bee_id_2333-50505-1.png,1,2017-09-01_3-01-01,2017-09-01_3-01-01#2333,50505,val,"[[85.0, 131.0, 115.0, 157.0], [92.0, 155.0, 120.0, 181.0]]",honeybee with a varroa mite,2017-09-01_3-01-01
val/videos/2017-09-01_3-01-01/2017-09-01_3-01-01.mp4-bee_id_2334-50595-1.png,1,2017-09-01_3-01-01,2017-09-01_3-01-01#2334,50595,val,"[[74.0, 96.0, 119.0, 129.0]]",honeybee with a varroa mite,2017-09-01_3-01-01
val/videos/2017-09-01_3-01-01/2017-09-01_3-01-01.mp4-bee_id_2335-50715-1.png,1,2017-09-01_3-01-01,2017-09-01_3-01-01#2335,50715,val,"[[53.0, 106.0, 89.0, 143.0], [45.0, 87.0, 81.0, 117.0]]",honeybee with a varroa mite,2017-09-01_3-01-01
val/videos/2017-09-01_3-01-01/2017-09-01_3-01-01.mp4-bee_id_2337-50790-1.png,0,2017-09-01_3-01-01,2017-09-01_3-01-01#2337,50790,val,[],healthy honeybee,2017-09-01_3-01-01
val/videos/2017-09-01_3-01-01/2017-09-01_3-01-01.mp4-bee_id_2338-50880-1.png,1,2017-09-01_3-01-01,2017-09-01_3-01-01#2338,50880,val,"[[86.0, 99.0, 119.0, 129.0]]",honeybee with a varroa mite,2017-09-01_3-01-01
val/videos/2017-09-01_3-01-01/2017-09-01_3-01-01.mp4-bee_id_2339-50925-1.png,1,2017-09-01_3-01-01,2017-09-01_3-01-01#2339,50925,val,"[[65.0, 137.0, 101.0, 161.0], [78.0, 158.0, 113.0, 182.0]]",honeybee with a varroa mite,2017-09-01_3-01-01
val/videos/2017-09-01_3-01-01/2017-09-01_3-01-01.mp4-bee_id_2341-50955-1.png,1,2017-09-01_3-01-01,2017-09-01_3-01-01#2341,50955,val,"[[62.0, 153.0, 93.0, 182.0], [70.0, 174.0, 104.0, 205.0]]",honeybee with a varroa mite,2017-09-01_3-01-01
val/videos/2017-09-01_3-01-01/2017-09-01_3-01-01.mp4-bee_id_2342-50970-1.png,1,2017-09-01_3-01-01,2017-09-01_3-01-01#2342,50970,val,"[[77.0, 118.0, 106.0, 150.0], [87.0, 146.0, 114.0, 172.0]]",honeybee with a varroa mite,2017-09-01_3-01-01
val/videos/2017-09-01_3-01-01/2017-09-01_3-01-01.mp4-bee_id_2344-51195-1.png,1,2017-09-01_3-01-01,2017-09-01_3-01-01#2344,51195,val,"[[73.0, 128.0, 105.0, 153.0]]",honeybee with a varroa mite,2017-09-01_3-01-01
val/videos/2017-09-01_3-01-01/2017-09-01_3-01-01.mp4-bee_id_2346-51810-1.png,1,2017-09-01_3-01-01,2017-09-01_3-01-01#2346,51810,val,"[[60.0, 108.0, 91.0, 137.0], [43.0, 84.0, 78.0, 121.0]]",honeybee with a varroa mite,2017-09-01_3-01-01
val/videos/2017-09-01_3-01-01/2017-09-01_3-01-01.mp4-bee_id_2347-51840-1.png,1,2017-09-01_3-01-01,2017-09-01_3-01-01#2347,51840,val,"[[72.0, 144.0, 100.0, 174.0]]",honeybee with a varroa mite,2017-09-01_3-01-01
val/videos/2017-09-01_3-01-01/2017-09-01_3-01-01.mp4-bee_id_2348-51885-1.png,1,2017-09-01_3-01-01,2017-09-01_3-01-01#2348,51885,val,"[[65.0, 141.0, 100.0, 165.0], [65.0, 164.0, 107.0, 188.0]]",honeybee with a varroa mite,2017-09-01_3-01-01
val/videos/2017-09-01_3-01-01/2017-09-01_3-01-01.mp4-bee_id_2349-51900-1.png,1,2017-09-01_3-01-01,2017-09-01_3-01-01#2349,51900,val,"[[68.0, 136.0, 101.0, 165.0], [84.0, 152.0, 107.0, 181.0]]",honeybee with a varroa mite,2017-09-01_3-01-01
val/videos/2017-09-01_3-01-01/2017-09-01_3-01-01.mp4-bee_id_2350-52065-1.png,1,2017-09-01_3-01-01,2017-09-01_3-01-01#2350,52065,val,"[[65.0, 103.0, 94.0, 132.0]]",honeybee with a varroa mite,2017-09-01_3-01-01
val/videos/2017-09-01_3-01-01/2017-09-01_3-01-01.mp4-bee_id_2351-52290-1.png,1,2017-09-01_3-01-01,2017-09-01_3-01-01#2351,52290,val,"[[68.0, 136.0, 93.0, 162.0]]",honeybee with a varroa mite,2017-09-01_3-01-01
val/videos/2017-09-01_3-01-01/2017-09-01_3-01-01.mp4-bee_id_2352-52410-1.png,1,2017-09-01_3-01-01,2017-09-01_3-01-01#2352,52410,val,"[[46.0, 122.0, 79.0, 148.0], [44.0, 103.0, 66.0, 125.0]]",honeybee with a varroa mite,2017-09-01_3-01-01
val/videos/2017-09-01_3-01-01/2017-09-01_3-01-01.mp4-bee_id_2353-52410-1.png,1,2017-09-01_3-01-01,2017-09-01_3-01-01#2353,52410,val,"[[90.0, 91.0, 112.0, 128.0], [38.0, 125.0, 76.0, 154.0]]",honeybee with a varroa mite,2017-09-01_3-01-01
val/videos/2017-09-01_3-01-01/2017-09-01_3-01-01.mp4-bee_id_2354-52530-1.png,0,2017-09-01_3-01-01,2017-09-01_3-01-01#2354,52530,val,[],healthy honeybee,2017-09-01_3-01-01
val/videos/2017-09-01_3-01-01/2017-09-01_3-01-01.mp4-bee_id_2355-52710-1.png,1,2017-09-01_3-01-01,2017-09-01_3-01-01#2355,52710,val,"[[50.0, 145.0, 87.0, 165.0]]",honeybee with a varroa mite,2017-09-01_3-01-01
val/videos/2017-09-01_3-01-01/2017-09-01_3-01-01.mp4-bee_id_2356-52755-1.png,1,2017-09-01_3-01-01,2017-09-01_3-01-01#2356,52755,val,"[[47.0, 145.0, 77.0, 177.0]]",honeybee with a varroa mite,2017-09-01_3-01-01
val/videos/2017-09-01_3-01-01/2017-09-01_3-01-01.mp4-bee_id_2358-52905-1.png,1,2017-09-01_3-01-01,2017-09-01_3-01-01#2358,52905,val,"[[37.0, 114.0, 82.0, 153.0], [33.0, 90.0, 75.0, 127.0]]",honeybee with a varroa mite,2017-09-01_3-01-01
val/videos/2017-09-01_3-01-01/2017-09-01_3-01-01.mp4-bee_id_2359-53040-1.png,1,2017-09-01_3-01-01,2017-09-01_3-01-01#2359,53040,val,"[[78.0, 137.0, 115.0, 166.0], [87.0, 165.0, 114.0, 182.0]]",honeybee with a varroa mite,2017-09-01_3-01-01
val/videos/2017-09-01_3-01-01/2017-09-01_3-01-01.mp4-bee_id_2360-53445-1.png,1,2017-09-01_3-01-01,2017-09-01_3-01-01#2360,53445,val,"[[53.0, 115.0, 86.0, 140.0], [49.0, 98.0, 73.0, 125.0]]",honeybee with a varroa mite,2017-09-01_3-01-01
val/videos/2017-09-01_3-01-01/2017-09-01_3-01-01.mp4-bee_id_2361-53460-1.png,1,2017-09-01_3-01-01,2017-09-01_3-01-01#2361,53460,val,"[[65.0, 112.0, 93.0, 140.0], [54.0, 92.0, 84.0, 119.0]]",honeybee with a varroa mite,2017-09-01_3-01-01
val/videos/2017-09-01_3-01-01/2017-09-01_3-01-01.mp4-bee_id_2362-53670-1.png,1,2017-09-01_3-01-01,2017-09-01_3-01-01#2362,53670,val,"[[37.0, 101.0, 74.0, 146.0]]",honeybee with a varroa mite,2017-09-01_3-01-01
val/videos/2017-09-01_3-01-01/2017-09-01_3-01-01.mp4-bee_id_2363-53685-1.png,0,2017-09-01_3-01-01,2017-09-01_3-01-01#2363,53685,val,[],healthy honeybee,2017-09-01_3-01-01
val/videos/2017-09-01_3-01-01/2017-09-01_3-01-01.mp4-bee_id_2364-53940-1.png,0,2017-09-01_3-01-01,2017-09-01_3-01-01#2364,53940,val,[],healthy honeybee,2017-09-01_3-01-01
val/videos/2017-09-01_3-01-01/2017-09-01_3-01-01.mp4-bee_id_2365-54015-1.png,1,2017-09-01_3-01-01,2017-09-01_3-01-01#2365,54015,val,"[[80.0, 145.0, 111.0, 171.0], [97.0, 174.0, 119.0, 194.0]]",honeybee with a varroa mite,2017-09-01_3-01-01
val/videos/2017-09-01_3-01-01/2017-09-01_3-01-01.mp4-bee_id_2366-54285-1.png,1,2017-09-01_3-01-01,2017-09-01_3-01-01#2366,54285,val,"[[53.0, 134.0, 86.0, 167.0]]",honeybee with a varroa mite,2017-09-01_3-01-01
val/videos/2017-09-01_3-01-01/2017-09-01_3-01-01.mp4-bee_id_2367-54300-1.png,1,2017-09-01_3-01-01,2017-09-01_3-01-01#2367,54300,val,"[[49.0, 156.0, 74.0, 189.0]]",honeybee with a varroa mite,2017-09-01_3-01-01
val/videos/2017-09-01_3-01-01/2017-09-01_3-01-01.mp4-bee_id_2369-54360-1.png,1,2017-09-01_3-01-01,2017-09-01_3-01-01#2369,54360,val,"[[70.0, 133.0, 98.0, 161.0], [85.0, 154.0, 118.0, 175.0]]",honeybee with a varroa mite,2017-09-01_3-01-01
val/videos/2017-09-01_3-01-01/2017-09-01_3-01-01.mp4-bee_id_2370-54375-1.png,1,2017-09-01_3-01-01,2017-09-01_3-01-01#2370,54375,val,"[[88.0, 153.0, 126.0, 186.0], [81.0, 128.0, 115.0, 161.0]]",honeybee with a varroa mite,2017-09-01_3-01-01
val/videos/2017-09-01_3-01-01/2017-09-01_3-01-01.mp4-bee_id_2371-54390-1.png,1,2017-09-01_3-01-01,2017-09-01_3-01-01#2371,54390,val,"[[90.0, 128.0, 117.0, 158.0], [105.0, 151.0, 128.0, 173.0]]",honeybee with a varroa mite,2017-09-01_3-01-01
val/videos/2017-09-01_3-01-01/2017-09-01_3-01-01.mp4-bee_id_2372-54450-1.png,1,2017-09-01_3-01-01,2017-09-01_3-01-01#2372,54450,val,"[[106.0, 130.0, 124.0, 154.0]]",honeybee with a varroa mite,2017-09-01_3-01-01
val/videos/2017-09-01_3-01-01/2017-09-01_3-01-01.mp4-bee_id_2373-54585-1.png,0,2017-09-01_3-01-01,2017-09-01_3-01-01#2373,54585,val,[],healthy honeybee,2017-09-01_3-01-01
val/videos/2017-09-01_3-01-01/2017-09-01_3-01-01.mp4-bee_id_2374-54615-1.png,0,2017-09-01_3-01-01,2017-09-01_3-01-01#2374,54615,val,[],healthy honeybee,2017-09-01_3-01-01
val/videos/2017-09-01_3-01-01/2017-09-01_3-01-01.mp4-bee_id_2376-54705-1.png,0,2017-09-01_3-01-01,2017-09-01_3-01-01#2376,54705,val,[],healthy honeybee,2017-09-01_3-01-01
val/videos/2017-09-01_3-01-01/2017-09-01_3-01-01.mp4-bee_id_2377-54720-1.png,0,2017-09-01_3-01-01,2017-09-01_3-01-01#2377,54720,val,[],healthy honeybee,2017-09-01_3-01-01
val/videos/2017-09-01_3-01-01/2017-09-01_3-01-01.mp4-bee_id_2380-55050-1.png,0,2017-09-01_3-01-01,2017-09-01_3-01-01#2380,55050,val,[],healthy honeybee,2017-09-01_3-01-01
val/videos/2017-09-01_3-01-01/2017-09-01_3-01-01.mp4-bee_id_2382-55080-1.png,0,2017-09-01_3-01-01,2017-09-01_3-01-01#2382,55080,val,[],healthy honeybee,2017-09-01_3-01-01
val/videos/2017-09-01_3-01-01/2017-09-01_3-01-01.mp4-bee_id_2384-55170-1.png,1,2017-09-01_3-01-01,2017-09-01_3-01-01#2384,55170,val,"[[45.0, 164.0, 83.0, 185.0]]",honeybee with a varroa mite,2017-09-01_3-01-01
val/videos/2017-09-01_3-01-01/2017-09-01_3-01-01.mp4-bee_id_2385-55170-1.png,0,2017-09-01_3-01-01,2017-09-01_3-01-01#2385,55170,val,[],healthy honeybee,2017-09-01_3-01-01
val/videos/2017-09-01_3-01-01/2017-09-01_3-01-01.mp4-bee_id_2386-55245-1.png,0,2017-09-01_3-01-01,2017-09-01_3-01-01#2386,55245,val,[],healthy honeybee,2017-09-01_3-01-01
val/videos/2017-09-01_3-01-01/2017-09-01_3-01-01.mp4-bee_id_2387-55305-1.png,0,2017-09-01_3-01-01,2017-09-01_3-01-01#2387,55305,val,[],healthy honeybee,2017-09-01_3-01-01
val/videos/2017-09-01_3-01-01/2017-09-01_3-01-01.mp4-bee_id_2388-55410-1.png,0,2017-09-01_3-01-01,2017-09-01_3-01-01#2388,55410,val,[],healthy honeybee,2017-09-01_3-01-01
val/videos/2017-09-01_3-01-01/2017-09-01_3-01-01.mp4-bee_id_2389-55440-1.png,1,2017-09-01_3-01-01,2017-09-01_3-01-01#2389,55440,val,"[[59.0, 106.0, 87.0, 126.0], [48.0, 90.0, 76.0, 112.0]]",honeybee with a varroa mite,2017-09-01_3-01-01
val/videos/2017-09-01_3-01-01/2017-09-01_3-01-01.mp4-bee_id_2392-55485-1.png,0,2017-09-01_3-01-01,2017-09-01_3-01-01#2392,55485,val,[],healthy honeybee,2017-09-01_3-01-01
val/videos/2017-09-01_3-01-01/2017-09-01_3-01-01.mp4-bee_id_2393-55485-1.png,1,2017-09-01_3-01-01,2017-09-01_3-01-01#2393,55485,val,"[[71.0, 106.0, 107.0, 147.0], [29.0, 130.0, 55.0, 165.0]]",honeybee with a varroa mite,2017-09-01_3-01-01
val/videos/2017-09-01_3-01-01/2017-09-01_3-01-01.mp4-bee_id_2396-56460-1.png,0,2017-09-01_3-01-01,2017-09-01_3-01-01#2396,56460,val,[],healthy honeybee,2017-09-01_3-01-01
val/videos/2017-09-01_3-01-01/2017-09-01_3-01-01.mp4-bee_id_2397-56550-1.png,0,2017-09-01_3-01-01,2017-09-01_3-01-01#2397,56550,val,[],healthy honeybee,2017-09-01_3-01-01
val/videos/2017-09-01_3-01-01/2017-09-01_3-01-01.mp4-bee_id_2399-56715-1.png,0,2017-09-01_3-01-01,2017-09-01_3-01-01#2399,56715,val,[],healthy honeybee,2017-09-01_3-01-01
val/videos/2017-09-01_3-01-01/2017-09-01_3-01-01.mp4-bee_id_2400-56775-1.png,1,2017-09-01_3-01-01,2017-09-01_3-01-01#2400,56775,val,"[[31.0, 131.0, 60.0, 156.0], [81.0, 115.0, 111.0, 142.0]]",honeybee with a varroa mite,2017-09-01_3-01-01
val/videos/2017-09-01_3-01-01/2017-09-01_3-01-01.mp4-bee_id_2401-56775-1.png,1,2017-09-01_3-01-01,2017-09-01_3-01-01#2401,56775,val,"[[89.0, 140.0, 122.0, 168.0], [47.0, 157.0, 84.0, 186.0], [53.0, 192.0, 79.0, 209.0]]",honeybee with a varroa mite,2017-09-01_3-01-01
val/videos/2017-09-01_3-01-01/2017-09-01_3-01-01.mp4-bee_id_2402-56805-1.png,0,2017-09-01_3-01-01,2017-09-01_3-01-01#2402,56805,val,[],healthy honeybee,2017-09-01_3-01-01
val/videos/2017-09-01_3-01-01/2017-09-01_3-01-01.mp4-bee_id_2403-57000-1.png,0,2017-09-01_3-01-01,2017-09-01_3-01-01#2403,57000,val,[],healthy honeybee,2017-09-01_3-01-01
val/videos/2017-09-01_3-01-01/2017-09-01_3-01-01.mp4-bee_id_2404-57120-1.png,0,2017-09-01_3-01-01,2017-09-01_3-01-01#2404,57120,val,[],healthy honeybee,2017-09-01_3-01-01
val/videos/2017-09-01_3-01-01/2017-09-01_3-01-01.mp4-bee_id_2405-57345-1.png,0,2017-09-01_3-01-01,2017-09-01_3-01-01#2405,57345,val,[],healthy honeybee,2017-09-01_3-01-01
val/videos/2017-09-01_3-01-01/2017-09-01_3-01-01.mp4-bee_id_2406-57375-1.png,0,2017-09-01_3-01-01,2017-09-01_3-01-01#2406,57375,val,[],healthy honeybee,2017-09-01_3-01-01
val/videos/2017-09-01_3-01-01/2017-09-01_3-01-01.mp4-bee_id_2408-57600-1.png,0,2017-09-01_3-01-01,2017-09-01_3-01-01#2408,57600,val,[],healthy honeybee,2017-09-01_3-01-01
val/videos/2017-09-01_3-01-01/2017-09-01_3-01-01.mp4-bee_id_2410-57600-1.png,1,2017-09-01_3-01-01,2017-09-01_3-01-01#2410,57600,val,"[[54.0, 156.0, 84.0, 182.0], [93.0, 154.0, 119.0, 180.0]]",honeybee with a varroa mite,2017-09-01_3-01-01
val/videos/2017-09-01_3-01-01/2017-09-01_3-01-01.mp4-bee_id_2411-57630-1.png,0,2017-09-01_3-01-01,2017-09-01_3-01-01#2411,57630,val,[],healthy honeybee,2017-09-01_3-01-01
val/videos/2017-09-01_3-01-01/2017-09-01_3-01-01.mp4-bee_id_2412-57660-1.png,0,2017-09-01_3-01-01,2017-09-01_3-01-01#2412,57660,val,[],healthy honeybee,2017-09-01_3-01-01
val/videos/2017-09-01_3-01-01/2017-09-01_3-01-01.mp4-bee_id_2413-57780-1.png,0,2017-09-01_3-01-01,2017-09-01_3-01-01#2413,57780,val,[],healthy honeybee,2017-09-01_3-01-01
val/videos/2017-09-01_3-01-01/2017-09-01_3-01-01.mp4-bee_id_2414-58020-1.png,1,2017-09-01_3-01-01,2017-09-01_3-01-01#2414,58020,val,"[[94.0, 146.0, 112.0, 172.0]]",honeybee with a varroa mite,2017-09-01_3-01-01
val/videos/2017-09-01_3-01-01/2017-09-01_3-01-01.mp4-bee_id_2415-58080-1.png,0,2017-09-01_3-01-01,2017-09-01_3-01-01#2415,58080,val,[],healthy honeybee,2017-09-01_3-01-01
val/videos/2017-09-01_3-01-01/2017-09-01_3-01-01.mp4-bee_id_2417-58140-1.png,0,2017-09-01_3-01-01,2017-09-01_3-01-01#2417,58140,val,[],healthy honeybee,2017-09-01_3-01-01
val/videos/2017-09-01_3-01-01/2017-09-01_3-01-01.mp4-bee_id_2418-58155-1.png,0,2017-09-01_3-01-01,2017-09-01_3-01-01#2418,58155,val,[],healthy honeybee,2017-09-01_3-01-01
val/videos/2017-09-01_3-01-01/2017-09-01_3-01-01.mp4-bee_id_2420-58245-1.png,0,2017-09-01_3-01-01,2017-09-01_3-01-01#2420,58245,val,[],healthy honeybee,2017-09-01_3-01-01
val/videos/2017-09-01_3-01-01/2017-09-01_3-01-01.mp4-bee_id_2421-58440-1.png,0,2017-09-01_3-01-01,2017-09-01_3-01-01#2421,58440,val,[],healthy honeybee,2017-09-01_3-01-01
val/videos/2017-09-01_3-01-01/2017-09-01_3-01-01.mp4-bee_id_2422-58440-1.png,1,2017-09-01_3-01-01,2017-09-01_3-01-01#2422,58440,val,"[[70.0, 145.0, 104.0, 174.0], [87.0, 165.0, 116.0, 192.0]]",honeybee with a varroa mite,2017-09-01_3-01-01
val/videos/2017-09-01_3-01-01/2017-09-01_3-01-01.mp4-bee_id_2423-58485-1.png,0,2017-09-01_3-01-01,2017-09-01_3-01-01#2423,58485,val,[],healthy honeybee,2017-09-01_3-01-01
val/videos/2017-09-01_3-01-01/2017-09-01_3-01-01.mp4-bee_id_2424-58500-1.png,0,2017-09-01_3-01-01,2017-09-01_3-01-01#2424,58500,val,[],healthy honeybee,2017-09-01_3-01-01
val/videos/2017-09-01_3-01-01/2017-09-01_3-01-01.mp4-bee_id_2425-58515-1.png,0,2017-09-01_3-01-01,2017-09-01_3-01-01#2425,58515,val,[],healthy honeybee,2017-09-01_3-01-01
val/videos/2017-09-01_3-01-01/2017-09-01_3-01-01.mp4-bee_id_2426-58545-1.png,0,2017-09-01_3-01-01,2017-09-01_3-01-01#2426,58545,val,[],healthy honeybee,2017-09-01_3-01-01
val/videos/2017-09-01_3-01-01/2017-09-01_3-01-01.mp4-bee_id_2428-58710-1.png,0,2017-09-01_3-01-01,2017-09-01_3-01-01#2428,58710,val,[],healthy honeybee,2017-09-01_3-01-01
val/videos/2017-09-01_3-01-01/2017-09-01_3-01-01.mp4-bee_id_2429-58725-1.png,0,2017-09-01_3-01-01,2017-09-01_3-01-01#2429,58725,val,[],healthy honeybee,2017-09-01_3-01-01
val/videos/2017-09-01_3-01-01/2017-09-01_3-01-01.mp4-bee_id_2430-58935-1.png,0,2017-09-01_3-01-01,2017-09-01_3-01-01#2430,58935,val,[],healthy honeybee,2017-09-01_3-01-01
val/videos/2017-09-01_3-01-01/2017-09-01_3-01-01.mp4-bee_id_2432-59085-1.png,0,2017-09-01_3-01-01,2017-09-01_3-01-01#2432,59085,val,[],healthy honeybee,2017-09-01_3-01-01
val/videos/2017-09-01_3-01-01/2017-09-01_3-01-01.mp4-bee_id_2434-59115-1.png,0,2017-09-01_3-01-01,2017-09-01_3-01-01#2434,59115,val,[],healthy honeybee,2017-09-01_3-01-01
val/videos/2017-09-01_3-01-01/2017-09-01_3-01-01.mp4-bee_id_2435-59130-1.png,0,2017-09-01_3-01-01,2017-09-01_3-01-01#2435,59130,val,[],healthy honeybee,2017-09-01_3-01-01
val/videos/2017-09-01_3-01-01/2017-09-01_3-01-01.mp4-bee_id_2437-59160-1.png,0,2017-09-01_3-01-01,2017-09-01_3-01-01#2437,59160,val,[],healthy honeybee,2017-09-01_3-01-01
val/videos/2017-09-01_3-01-01/2017-09-01_3-01-01.mp4-bee_id_2438-59175-1.png,0,2017-09-01_3-01-01,2017-09-01_3-01-01#2438,59175,val,[],healthy honeybee,2017-09-01_3-01-01
val/videos/2017-09-01_3-01-01/2017-09-01_3-01-01.mp4-bee_id_2439-59235-1.png,0,2017-09-01_3-01-01,2017-09-01_3-01-01#2439,59235,val,[],healthy honeybee,2017-09-01_3-01-01
val/videos/2017-09-01_3-01-01/2017-09-01_3-01-01.mp4-bee_id_2440-59295-1.png,0,2017-09-01_3-01-01,2017-09-01_3-01-01#2440,59295,val,[],healthy honeybee,2017-09-01_3-01-01
val/videos/2017-09-01_3-01-01/2017-09-01_3-01-01.mp4-bee_id_2443-59415-1.png,0,2017-09-01_3-01-01,2017-09-01_3-01-01#2443,59415,val,[],healthy honeybee,2017-09-01_3-01-01
val/videos/2017-09-01_3-01-01/2017-09-01_3-01-01.mp4-bee_id_2444-59625-1.png,0,2017-09-01_3-01-01,2017-09-01_3-01-01#2444,59625,val,[],healthy honeybee,2017-09-01_3-01-01
val/videos/2017-09-01_3-01-01/2017-09-01_3-01-01.mp4-bee_id_2445-59685-1.png,0,2017-09-01_3-01-01,2017-09-01_3-01-01#2445,59685,val,[],healthy honeybee,2017-09-01_3-01-01
val/videos/2017-09-01_3-01-01/2017-09-01_3-01-01.mp4-bee_id_2446-59820-1.png,0,2017-09-01_3-01-01,2017-09-01_3-01-01#2446,59820,val,[],healthy honeybee,2017-09-01_3-01-01
val/videos/2017-09-01_3-01-01/2017-09-01_3-01-01.mp4-bee_id_2448-60480-1.png,0,2017-09-01_3-01-01,2017-09-01_3-01-01#2448,60480,val,[],healthy honeybee,2017-09-01_3-01-01
val/videos/2017-09-01_3-01-01/2017-09-01_3-01-01.mp4-bee_id_2449-60555-1.png,0,2017-09-01_3-01-01,2017-09-01_3-01-01#2449,60555,val,[],healthy honeybee,2017-09-01_3-01-01
val/videos/2017-09-01_3-01-01/2017-09-01_3-01-01.mp4-bee_id_2450-60645-1.png,0,2017-09-01_3-01-01,2017-09-01_3-01-01#2450,60645,val,[],healthy honeybee,2017-09-01_3-01-01
val/videos/2017-09-01_3-01-01/2017-09-01_3-01-01.mp4-bee_id_2451-60750-1.png,0,2017-09-01_3-01-01,2017-09-01_3-01-01#2451,60750,val,[],healthy honeybee,2017-09-01_3-01-01
val/videos/2017-09-01_3-01-01/2017-09-01_3-01-01.mp4-bee_id_2452-60795-1.png,0,2017-09-01_3-01-01,2017-09-01_3-01-01#2452,60795,val,[],healthy honeybee,2017-09-01_3-01-01
val/videos/2017-09-01_3-01-01/2017-09-01_3-01-01.mp4-bee_id_2453-60810-1.png,0,2017-09-01_3-01-01,2017-09-01_3-01-01#2453,60810,val,[],healthy honeybee,2017-09-01_3-01-01
val/videos/2017-09-01_3-01-01/2017-09-01_3-01-01.mp4-bee_id_2455-60915-1.png,0,2017-09-01_3-01-01,2017-09-01_3-01-01#2455,60915,val,[],healthy honeybee,2017-09-01_3-01-01
val/videos/2017-09-01_3-01-01/2017-09-01_3-01-01.mp4-bee_id_2456-60930-1.png,0,2017-09-01_3-01-01,2017-09-01_3-01-01#2456,60930,val,[],healthy honeybee,2017-09-01_3-01-01
val/videos/2017-09-01_3-01-01/2017-09-01_3-01-01.mp4-bee_id_2457-61035-1.png,0,2017-09-01_3-01-01,2017-09-01_3-01-01#2457,61035,val,[],healthy honeybee,2017-09-01_3-01-01
val/videos/2017-09-01_3-01-01/2017-09-01_3-01-01.mp4-bee_id_2458-61050-1.png,0,2017-09-01_3-01-01,2017-09-01_3-01-01#2458,61050,val,[],healthy honeybee,2017-09-01_3-01-01
val/videos/2017-09-01_3-01-01/2017-09-01_3-01-01.mp4-bee_id_2459-61140-1.png,0,2017-09-01_3-01-01,2017-09-01_3-01-01#2459,61140,val,[],healthy honeybee,2017-09-01_3-01-01
val/videos/2017-09-01_3-01-01/2017-09-01_3-01-01.mp4-bee_id_2460-61140-1.png,1,2017-09-01_3-01-01,2017-09-01_3-01-01#2460,61140,val,"[[67.0, 112.0, 100.0, 137.0]]",honeybee with a varroa mite,2017-09-01_3-01-01
val/videos/2017-09-01_3-01-01/2017-09-01_3-01-01.mp4-bee_id_2461-61245-1.png,0,2017-09-01_3-01-01,2017-09-01_3-01-01#2461,61245,val,[],healthy honeybee,2017-09-01_3-01-01
val/videos/2017-09-01_3-01-01/2017-09-01_3-01-01.mp4-bee_id_2462-61260-1.png,0,2017-09-01_3-01-01,2017-09-01_3-01-01#2462,61260,val,[],healthy honeybee,2017-09-01_3-01-01
val/videos/2017-09-01_3-01-01/2017-09-01_3-01-01.mp4-bee_id_2463-61365-1.png,1,2017-09-01_3-01-01,2017-09-01_3-01-01#2463,61365,val,"[[79.0, 110.0, 107.0, 135.0]]",honeybee with a varroa mite,2017-09-01_3-01-01
val/videos/2017-09-01_3-01-01/2017-09-01_3-01-01.mp4-bee_id_2464-61410-1.png,1,2017-09-01_3-01-01,2017-09-01_3-01-01#2464,61410,val,"[[61.0, 152.0, 94.0, 189.0], [105.0, 145.0, 133.0, 174.0]]",honeybee with a varroa mite,2017-09-01_3-01-01
val/videos/2017-09-01_3-01-01/2017-09-01_3-01-01.mp4-bee_id_2465-61410-1.png,0,2017-09-01_3-01-01,2017-09-01_3-01-01#2465,61410,val,[],healthy honeybee,2017-09-01_3-01-01
val/videos/2017-09-01_3-01-01/2017-09-01_3-01-01.mp4-bee_id_2468-62145-1.png,0,2017-09-01_3-01-01,2017-09-01_3-01-01#2468,62145,val,[],healthy honeybee,2017-09-01_3-01-01
val/videos/2017-09-01_3-01-01/2017-09-01_3-01-01.mp4-bee_id_2469-62160-1.png,0,2017-09-01_3-01-01,2017-09-01_3-01-01#2469,62160,val,[],healthy honeybee,2017-09-01_3-01-01
val/videos/2017-09-01_3-01-01/2017-09-01_3-01-01.mp4-bee_id_2471-62205-1.png,0,2017-09-01_3-01-01,2017-09-01_3-01-01#2471,62205,val,[],healthy honeybee,2017-09-01_3-01-01
val/videos/2017-09-01_3-01-01/2017-09-01_3-01-01.mp4-bee_id_2472-62220-1.png,0,2017-09-01_3-01-01,2017-09-01_3-01-01#2472,62220,val,[],healthy honeybee,2017-09-01_3-01-01
val/videos/2017-09-01_3-01-01/2017-09-01_3-01-01.mp4-bee_id_2473-62265-1.png,1,2017-09-01_3-01-01,2017-09-01_3-01-01#2473,62265,val,"[[54.0, 158.0, 95.0, 184.0], [106.0, 155.0, 132.0, 178.0]]",honeybee with a varroa mite,2017-09-01_3-01-01
val/videos/2017-09-01_3-01-01/2017-09-01_3-01-01.mp4-bee_id_2474-62505-1.png,0,2017-09-01_3-01-01,2017-09-01_3-01-01#2474,62505,val,[],healthy honeybee,2017-09-01_3-01-01
val/videos/2017-09-01_3-01-01/2017-09-01_3-01-01.mp4-bee_id_2475-62550-1.png,0,2017-09-01_3-01-01,2017-09-01_3-01-01#2475,62550,val,[],healthy honeybee,2017-09-01_3-01-01
val/videos/2017-09-01_3-01-01/2017-09-01_3-01-01.mp4-bee_id_2476-62565-1.png,0,2017-09-01_3-01-01,2017-09-01_3-01-01#2476,62565,val,[],healthy honeybee,2017-09-01_3-01-01
val/videos/2017-09-01_3-01-01/2017-09-01_3-01-01.mp4-bee_id_2477-62580-1.png,0,2017-09-01_3-01-01,2017-09-01_3-01-01#2477,62580,val,[],healthy honeybee,2017-09-01_3-01-01
val/videos/2017-09-01_3-01-01/2017-09-01_3-01-01.mp4-bee_id_2478-62595-1.png,0,2017-09-01_3-01-01,2017-09-01_3-01-01#2478,62595,val,[],healthy honeybee,2017-09-01_3-01-01
val/videos/2017-09-01_3-01-01/2017-09-01_3-01-01.mp4-bee_id_2479-62610-1.png,1,2017-09-01_3-01-01,2017-09-01_3-01-01#2479,62610,val,"[[58.0, 146.0, 80.0, 172.0]]",honeybee with a varroa mite,2017-09-01_3-01-01
val/videos/2017-09-01_3-01-01/2017-09-01_3-01-01.mp4-bee_id_2481-62715-1.png,0,2017-09-01_3-01-01,2017-09-01_3-01-01#2481,62715,val,[],healthy honeybee,2017-09-01_3-01-01
val/videos/2017-09-01_3-01-01/2017-09-01_3-01-01.mp4-bee_id_2482-62805-1.png,0,2017-09-01_3-01-01,2017-09-01_3-01-01#2482,62805,val,[],healthy honeybee,2017-09-01_3-01-01
val/videos/2017-09-01_3-01-01/2017-09-01_3-01-01.mp4-bee_id_2483-62820-1.png,0,2017-09-01_3-01-01,2017-09-01_3-01-01#2483,62820,val,[],healthy honeybee,2017-09-01_3-01-01
val/videos/2017-09-01_3-01-01/2017-09-01_3-01-01.mp4-bee_id_2484-62835-1.png,0,2017-09-01_3-01-01,2017-09-01_3-01-01#2484,62835,val,[],healthy honeybee,2017-09-01_3-01-01
val/videos/2017-09-01_3-01-01/2017-09-01_3-01-01.mp4-bee_id_2485-62865-1.png,0,2017-09-01_3-01-01,2017-09-01_3-01-01#2485,62865,val,[],healthy honeybee,2017-09-01_3-01-01
val/videos/2017-09-01_3-01-01/2017-09-01_3-01-01.mp4-bee_id_2487-62880-1.png,0,2017-09-01_3-01-01,2017-09-01_3-01-01#2487,62880,val,[],healthy honeybee,2017-09-01_3-01-01
val/videos/2017-09-01_3-01-01/2017-09-01_3-01-01.mp4-bee_id_2488-62895-1.png,0,2017-09-01_3-01-01,2017-09-01_3-01-01#2488,62895,val,[],healthy honeybee,2017-09-01_3-01-01
val/videos/2017-09-01_3-01-01/2017-09-01_3-01-01.mp4-bee_id_2489-63000-1.png,0,2017-09-01_3-01-01,2017-09-01_3-01-01#2489,63000,val,[],healthy honeybee,2017-09-01_3-01-01
val/videos/2017-09-01_3-01-01/2017-09-01_3-01-01.mp4-bee_id_2490-63030-1.png,0,2017-09-01_3-01-01,2017-09-01_3-01-01#2490,63030,val,[],healthy honeybee,2017-09-01_3-01-01
val/videos/2017-09-01_3-01-01/2017-09-01_3-01-01.mp4-bee_id_2491-63045-1.png,0,2017-09-01_3-01-01,2017-09-01_3-01-01#2491,63045,val,[],healthy honeybee,2017-09-01_3-01-01
val/videos/2017-09-01_3-01-01/2017-09-01_3-01-01.mp4-bee_id_2492-63075-1.png,0,2017-09-01_3-01-01,2017-09-01_3-01-01#2492,63075,val,[],healthy honeybee,2017-09-01_3-01-01
val/videos/2017-09-01_3-01-01/2017-09-01_3-01-01.mp4-bee_id_2493-63135-1.png,1,2017-09-01_3-01-01,2017-09-01_3-01-01#2493,63135,val,"[[38.0, 114.0, 74.0, 136.0], [90.0, 111.0, 114.0, 136.0]]",honeybee with a varroa mite,2017-09-01_3-01-01
val/videos/2017-09-01_3-01-01/2017-09-01_3-01-01.mp4-bee_id_2494-63165-1.png,0,2017-09-01_3-01-01,2017-09-01_3-01-01#2494,63165,val,[],healthy honeybee,2017-09-01_3-01-01
val/videos/2017-09-01_3-01-01/2017-09-01_3-01-01.mp4-bee_id_2495-63255-1.png,0,2017-09-01_3-01-01,2017-09-01_3-01-01#2495,63255,val,[],healthy honeybee,2017-09-01_3-01-01
val/videos/2017-09-01_3-01-01/2017-09-01_3-01-01.mp4-bee_id_2496-63270-1.png,0,2017-09-01_3-01-01,2017-09-01_3-01-01#2496,63270,val,[],healthy honeybee,2017-09-01_3-01-01
val/videos/2017-09-01_3-01-01/2017-09-01_3-01-01.mp4-bee_id_2498-63330-1.png,0,2017-09-01_3-01-01,2017-09-01_3-01-01#2498,63330,val,[],healthy honeybee,2017-09-01_3-01-01
val/videos/2017-09-01_3-01-01/2017-09-01_3-01-01.mp4-bee_id_2499-63360-1.png,1,2017-09-01_3-01-01,2017-09-01_3-01-01#2499,63360,val,"[[68.0, 104.0, 103.0, 128.0]]",honeybee with a varroa mite,2017-09-01_3-01-01
val/videos/2017-09-01_3-01-01/2017-09-01_3-01-01.mp4-bee_id_2500-63360-1.png,0,2017-09-01_3-01-01,2017-09-01_3-01-01#2500,63360,val,[],healthy honeybee,2017-09-01_3-01-01
val/videos/2017-09-01_3-01-01/2017-09-01_3-01-01.mp4-bee_id_2502-63390-1.png,1,2017-09-01_3-01-01,2017-09-01_3-01-01#2502,63390,val,"[[41.0, 148.0, 69.0, 182.0]]",honeybee with a varroa mite,2017-09-01_3-01-01
val/videos/2017-09-01_3-01-01/2017-09-01_3-01-01.mp4-bee_id_2506-63555-1.png,0,2017-09-01_3-01-01,2017-09-01_3-01-01#2506,63555,val,[],healthy honeybee,2017-09-01_3-01-01
val/videos/2017-09-01_3-01-01/2017-09-01_3-01-01.mp4-bee_id_2507-63600-1.png,1,2017-09-01_3-01-01,2017-09-01_3-01-01#2507,63600,val,"[[90.0, 99.0, 116.0, 131.0]]",honeybee with a varroa mite,2017-09-01_3-01-01
val/videos/2017-09-01_3-01-01/2017-09-01_3-01-01.mp4-bee_id_2508-63630-1.png,1,2017-09-01_3-01-01,2017-09-01_3-01-01#2508,63630,val,"[[55.0, 145.0, 92.0, 174.0]]",honeybee with a varroa mite,2017-09-01_3-01-01
val/videos/2017-09-01_3-01-01/2017-09-01_3-01-01.mp4-bee_id_2510-63765-1.png,0,2017-09-01_3-01-01,2017-09-01_3-01-01#2510,63765,val,[],healthy honeybee,2017-09-01_3-01-01
val/videos/2017-09-01_3-01-01/2017-09-01_3-01-01.mp4-bee_id_2512-63825-1.png,1,2017-09-01_3-01-01,2017-09-01_3-01-01#2512,63825,val,"[[91.0, 104.0, 119.0, 146.0]]",honeybee with a varroa mite,2017-09-01_3-01-01
val/videos/2017-09-01_3-01-01/2017-09-01_3-01-01.mp4-bee_id_2513-63885-1.png,1,2017-09-01_3-01-01,2017-09-01_3-01-01#2513,63885,val,"[[32.0, 164.0, 67.0, 185.0]]",honeybee with a varroa mite,2017-09-01_3-01-01
val/videos/2017-09-01_3-01-01/2017-09-01_3-01-01.mp4-bee_id_2515-63975-1.png,1,2017-09-01_3-01-01,2017-09-01_3-01-01#2515,63975,val,"[[70.0, 85.0, 107.0, 118.0]]",honeybee with a varroa mite,2017-09-01_3-01-01
val/videos/2017-09-01_3-01-01/2017-09-01_3-01-01.mp4-bee_id_2516-64095-1.png,1,2017-09-01_3-01-01,2017-09-01_3-01-01#2516,64095,val,"[[76.0, 108.0, 109.0, 132.0], [62.0, 88.0, 96.0, 113.0]]",honeybee with a varroa mite,2017-09-01_3-01-01
val/videos/2017-09-01_3-01-01/2017-09-01_3-01-01.mp4-bee_id_2517-64200-1.png,0,2017-09-01_3-01-01,2017-09-01_3-01-01#2517,64200,val,[],healthy honeybee,2017-09-01_3-01-01
val/videos/2017-09-01_3-01-01/2017-09-01_3-01-01.mp4-bee_id_2518-64230-1.png,0,2017-09-01_3-01-01,2017-09-01_3-01-01#2518,64230,val,[],healthy honeybee,2017-09-01_3-01-01
val/videos/2017-09-01_3-01-01/2017-09-01_3-01-01.mp4-bee_id_2519-64260-1.png,0,2017-09-01_3-01-01,2017-09-01_3-01-01#2519,64260,val,[],healthy honeybee,2017-09-01_3-01-01
val/videos/2017-09-01_3-01-01/2017-09-01_3-01-01.mp4-bee_id_2520-64305-1.png,0,2017-09-01_3-01-01,2017-09-01_3-01-01#2520,64305,val,[],healthy honeybee,2017-09-01_3-01-01
val/videos/2017-09-01_3-01-01/2017-09-01_3-01-01.mp4-bee_id_2521-64320-1.png,1,2017-09-01_3-01-01,2017-09-01_3-01-01#2521,64320,val,"[[79.0, 77.0, 111.0, 115.0]]",honeybee with a varroa mite,2017-09-01_3-01-01
val/videos/2017-09-01_3-01-01/2017-09-01_3-01-01.mp4-bee_id_2522-64350-1.png,1,2017-09-01_3-01-01,2017-09-01_3-01-01#2522,64350,val,"[[74.0, 88.0, 107.0, 120.0]]",honeybee with a varroa mite,2017-09-01_3-01-01
val/videos/2017-09-01_3-01-01/2017-09-01_3-01-01.mp4-bee_id_2523-64410-1.png,0,2017-09-01_3-01-01,2017-09-01_3-01-01#2523,64410,val,[],healthy honeybee,2017-09-01_3-01-01
val/videos/2017-09-01_3-01-01/2017-09-01_3-01-01.mp4-bee_id_2524-64425-1.png,1,2017-09-01_3-01-01,2017-09-01_3-01-01#2524,64425,val,"[[46.0, 91.0, 79.0, 122.0], [90.0, 87.0, 113.0, 123.0], [102.0, 66.0, 124.0, 95.0]]",honeybee with a varroa mite,2017-09-01_3-01-01
val/videos/2017-09-01_3-01-01/2017-09-01_3-01-01.mp4-bee_id_2526-64470-1.png,1,2017-09-01_3-01-01,2017-09-01_3-01-01#2526,64470,val,"[[76.0, 86.0, 115.0, 119.0]]",honeybee with a varroa mite,2017-09-01_3-01-01
val/videos/2017-09-01_3-01-01/2017-09-01_3-01-01.mp4-bee_id_2528-64530-1.png,0,2017-09-01_3-01-01,2017-09-01_3-01-01#2528,64530,val,[],healthy honeybee,2017-09-01_3-01-01
val/videos/2017-09-01_3-01-01/2017-09-01_3-01-01.mp4-bee_id_2529-64560-1.png,0,2017-09-01_3-01-01,2017-09-01_3-01-01#2529,64560,val,[],healthy honeybee,2017-09-01_3-01-01
val/videos/2017-09-01_3-01-01/2017-09-01_3-01-01.mp4-bee_id_2530-64680-1.png,0,2017-09-01_3-01-01,2017-09-01_3-01-01#2530,64680,val,[],healthy honeybee,2017-09-01_3-01-01
val/videos/2017-09-01_3-01-01/2017-09-01_3-01-01.mp4-bee_id_2531-64710-1.png,0,2017-09-01_3-01-01,2017-09-01_3-01-01#2531,64710,val,[],healthy honeybee,2017-09-01_3-01-01
val/videos/2017-09-01_3-01-01/2017-09-01_3-01-01.mp4-bee_id_2532-64800-1.png,0,2017-09-01_3-01-01,2017-09-01_3-01-01#2532,64800,val,[],healthy honeybee,2017-09-01_3-01-01
val/videos/2017-09-01_3-01-01/2017-09-01_3-01-01.mp4-bee_id_2533-64815-1.png,0,2017-09-01_3-01-01,2017-09-01_3-01-01#2533,64815,val,[],healthy honeybee,2017-09-01_3-01-01
val/videos/2017-09-01_3-01-01/2017-09-01_3-01-01.mp4-bee_id_2534-64860-1.png,0,2017-09-01_3-01-01,2017-09-01_3-01-01#2534,64860,val,[],healthy honeybee,2017-09-01_3-01-01
val/videos/2017-09-01_3-01-01/2017-09-01_3-01-01.mp4-bee_id_2535-64920-1.png,0,2017-09-01_3-01-01,2017-09-01_3-01-01#2535,64920,val,[],healthy honeybee,2017-09-01_3-01-01
val/videos/2017-09-01_3-01-01/2017-09-01_3-01-01.mp4-bee_id_2536-64995-1.png,0,2017-09-01_3-01-01,2017-09-01_3-01-01#2536,64995,val,[],healthy honeybee,2017-09-01_3-01-01
val/videos/2017-09-01_3-01-01/2017-09-01_3-01-01.mp4-bee_id_2537-65040-1.png,0,2017-09-01_3-01-01,2017-09-01_3-01-01#2537,65040,val,[],healthy honeybee,2017-09-01_3-01-01
val/videos/2017-09-01_3-01-01/2017-09-01_3-01-01.mp4-bee_id_2538-65055-1.png,0,2017-09-01_3-01-01,2017-09-01_3-01-01#2538,65055,val,[],healthy honeybee,2017-09-01_3-01-01
val/videos/2017-09-01_3-01-01/2017-09-01_3-01-01.mp4-bee_id_2540-65565-1.png,0,2017-09-01_3-01-01,2017-09-01_3-01-01#2540,65565,val,[],healthy honeybee,2017-09-01_3-01-01
val/videos/2017-09-01_3-01-01/2017-09-01_3-01-01.mp4-bee_id_2541-65580-1.png,0,2017-09-01_3-01-01,2017-09-01_3-01-01#2541,65580,val,[],healthy honeybee,2017-09-01_3-01-01
val/videos/2017-09-01_3-01-01/2017-09-01_3-01-01.mp4-bee_id_2542-65685-1.png,0,2017-09-01_3-01-01,2017-09-01_3-01-01#2542,65685,val,[],healthy honeybee,2017-09-01_3-01-01
val/videos/2017-09-01_3-01-01/2017-09-01_3-01-01.mp4-bee_id_2545-65820-1.png,0,2017-09-01_3-01-01,2017-09-01_3-01-01#2545,65820,val,[],healthy honeybee,2017-09-01_3-01-01
val/videos/2017-09-01_3-01-01/2017-09-01_3-01-01.mp4-bee_id_2546-65835-1.png,0,2017-09-01_3-01-01,2017-09-01_3-01-01#2546,65835,val,[],healthy honeybee,2017-09-01_3-01-01
val/videos/2017-09-01_3-01-01/2017-09-01_3-01-01.mp4-bee_id_2547-65865-1.png,0,2017-09-01_3-01-01,2017-09-01_3-01-01#2547,65865,val,[],healthy honeybee,2017-09-01_3-01-01
val/videos/2017-09-01_3-01-01/2017-09-01_3-01-01.mp4-bee_id_2548-65910-1.png,0,2017-09-01_3-01-01,2017-09-01_3-01-01#2548,65910,val,[],healthy honeybee,2017-09-01_3-01-01
val/videos/2017-09-01_3-01-01/2017-09-01_3-01-01.mp4-bee_id_2549-65940-1.png,0,2017-09-01_3-01-01,2017-09-01_3-01-01#2549,65940,val,[],healthy honeybee,2017-09-01_3-01-01
val/videos/2017-09-01_3-01-01/2017-09-01_3-01-01.mp4-bee_id_2550-66045-1.png,0,2017-09-01_3-01-01,2017-09-01_3-01-01#2550,66045,val,[],healthy honeybee,2017-09-01_3-01-01
val/videos/2017-09-01_3-01-01/2017-09-01_3-01-01.mp4-bee_id_2551-66510-1.png,0,2017-09-01_3-01-01,2017-09-01_3-01-01#2551,66510,val,[],healthy honeybee,2017-09-01_3-01-01
val/videos/2017-09-01_3-01-01/2017-09-01_3-01-01.mp4-bee_id_2552-66510-1.png,1,2017-09-01_3-01-01,2017-09-01_3-01-01#2552,66510,val,"[[76.0, 92.0, 110.0, 111.0]]",honeybee with a varroa mite,2017-09-01_3-01-01
val/videos/2017-09-01_3-01-01/2017-09-01_3-01-01.mp4-bee_id_2553-66810-1.png,0,2017-09-01_3-01-01,2017-09-01_3-01-01#2553,66810,val,[],healthy honeybee,2017-09-01_3-01-01
val/videos/2017-09-01_3-01-01/2017-09-01_3-01-01.mp4-bee_id_2555-67170-1.png,0,2017-09-01_3-01-01,2017-09-01_3-01-01#2555,67170,val,[],healthy honeybee,2017-09-01_3-01-01
val/videos/2017-09-01_3-01-01/2017-09-01_3-01-01.mp4-bee_id_2557-68550-1.png,0,2017-09-01_3-01-01,2017-09-01_3-01-01#2557,68550,val,[],healthy honeybee,2017-09-01_3-01-01
val/videos/2017-09-01_3-01-01/2017-09-01_3-01-01.mp4-bee_id_2558-68565-1.png,0,2017-09-01_3-01-01,2017-09-01_3-01-01#2558,68565,val,[],healthy honeybee,2017-09-01_3-01-01
val/videos/2017-09-01_3-01-01/2017-09-01_3-01-01.mp4-bee_id_2559-68565-1.png,1,2017-09-01_3-01-01,2017-09-01_3-01-01#2559,68565,val,"[[28.0, 111.0, 56.0, 144.0], [65.0, 100.0, 98.0, 133.0]]",honeybee with a varroa mite,2017-09-01_3-01-01
val/videos/2017-09-01_3-01-01/2017-09-01_3-01-01.mp4-bee_id_2560-69270-1.png,1,2017-09-01_3-01-01,2017-09-01_3-01-01#2560,69270,val,"[[64.0, 98.0, 93.0, 131.0], [32.0, 109.0, 58.0, 142.0]]",honeybee with a varroa mite,2017-09-01_3-01-01
val/videos/2017-09-01_3-01-01/2017-09-01_3-01-01.mp4-bee_id_2561-69375-1.png,0,2017-09-01_3-01-01,2017-09-01_3-01-01#2561,69375,val,[],healthy honeybee,2017-09-01_3-01-01
val/videos/2017-09-01_3-01-01/2017-09-01_3-01-01.mp4-bee_id_2562-69390-1.png,0,2017-09-01_3-01-01,2017-09-01_3-01-01#2562,69390,val,[],healthy honeybee,2017-09-01_3-01-01
val/videos/2017-09-01_3-01-01/2017-09-01_3-01-01.mp4-bee_id_2563-70035-1.png,0,2017-09-01_3-01-01,2017-09-01_3-01-01#2563,70035,val,[],healthy honeybee,2017-09-01_3-01-01
val/videos/2017-09-01_3-01-01/2017-09-01_3-01-01.mp4-bee_id_2564-70170-1.png,1,2017-09-01_3-01-01,2017-09-01_3-01-01#2564,70170,val,"[[28.0, 106.0, 59.0, 135.0], [67.0, 99.0, 99.0, 123.0]]",honeybee with a varroa mite,2017-09-01_3-01-01
val/videos/2017-09-01_3-01-01/2017-09-01_3-01-01.mp4-bee_id_2565-70485-1.png,1,2017-09-01_3-01-01,2017-09-01_3-01-01#2565,70485,val,"[[29.0, 109.0, 66.0, 140.0], [65.0, 100.0, 112.0, 125.0]]",honeybee with a varroa mite,2017-09-01_3-01-01
val/videos/2017-09-01_3-01-01/2017-09-01_3-01-01.mp4-bee_id_2566-70830-1.png,1,2017-09-01_3-01-01,2017-09-01_3-01-01#2566,70830,val,"[[69.0, 89.0, 99.0, 125.0], [36.0, 101.0, 62.0, 135.0]]",honeybee with a varroa mite,2017-09-01_3-01-01
val/videos/2017-09-01_3-01-01/2017-09-01_3-01-01.mp4-bee_id_2567-72615-1.png,0,2017-09-01_3-01-01,2017-09-01_3-01-01#2567,72615,val,[],healthy honeybee,2017-09-01_3-01-01
val/videos/2017-09-01_3-01-01/2017-09-01_3-01-01.mp4-bee_id_2569-72900-1.png,0,2017-09-01_3-01-01,2017-09-01_3-01-01#2569,72900,val,[],healthy honeybee,2017-09-01_3-01-01
val/videos/2017-09-01_3-01-01/2017-09-01_3-01-01.mp4-bee_id_2570-72960-1.png,0,2017-09-01_3-01-01,2017-09-01_3-01-01#2570,72960,val,[],healthy honeybee,2017-09-01_3-01-01
val/videos/2017-09-01_3-01-01/2017-09-01_3-01-01.mp4-bee_id_2571-73050-1.png,0,2017-09-01_3-01-01,2017-09-01_3-01-01#2571,73050,val,[],healthy honeybee,2017-09-01_3-01-01
val/videos/2017-09-01_3-01-01/2017-09-01_3-01-01.mp4-bee_id_2572-73155-1.png,0,2017-09-01_3-01-01,2017-09-01_3-01-01#2572,73155,val,[],healthy honeybee,2017-09-01_3-01-01
val/videos/2017-09-01_3-01-01/2017-09-01_3-01-01.mp4-bee_id_2573-74295-1.png,0,2017-09-01_3-01-01,2017-09-01_3-01-01#2573,74295,val,[],healthy honeybee,2017-09-01_3-01-01
val/videos/2017-09-01_3-01-01/2017-09-01_3-01-01.mp4-bee_id_2574-74340-1.png,0,2017-09-01_3-01-01,2017-09-01_3-01-01#2574,74340,val,[],healthy honeybee,2017-09-01_3-01-01
val/videos/2017-09-01_3-01-01/2017-09-01_3-01-01.mp4-bee_id_2575-74355-1.png,0,2017-09-01_3-01-01,2017-09-01_3-01-01#2575,74355,val,[],healthy honeybee,2017-09-01_3-01-01
val/videos/2017-09-01_3-01-01/2017-09-01_3-01-01.mp4-bee_id_2578-74865-1.png,1,2017-09-01_3-01-01,2017-09-01_3-01-01#2578,74865,val,"[[52.0, 98.0, 91.0, 125.0], [22.0, 113.0, 46.0, 152.0]]",honeybee with a varroa mite,2017-09-01_3-01-01
val/videos/2017-09-01_3-01-01/2017-09-01_3-01-01.mp4-bee_id_2579-79020-1.png,0,2017-09-01_3-01-01,2017-09-01_3-01-01#2579,79020,val,[],healthy honeybee,2017-09-01_3-01-01
val/videos/2017-09-01_3-01-01/2017-09-01_3-01-01.mp4-bee_id_2581-79380-1.png,0,2017-09-01_3-01-01,2017-09-01_3-01-01#2581,79380,val,[],healthy honeybee,2017-09-01_3-01-01
val/videos/2017-09-01_3-01-01/2017-09-01_3-01-01.mp4-bee_id_2582-80925-1.png,0,2017-09-01_3-01-01,2017-09-01_3-01-01#2582,80925,val,[],healthy honeybee,2017-09-01_3-01-01
val/videos/2017-09-01_3-01-01/2017-09-01_3-01-01.mp4-bee_id_2584-81135-1.png,0,2017-09-01_3-01-01,2017-09-01_3-01-01#2584,81135,val,[],healthy honeybee,2017-09-01_3-01-01
val/videos/2017-09-01_3-01-01/2017-09-01_3-01-01.mp4-bee_id_2585-81225-1.png,0,2017-09-01_3-01-01,2017-09-01_3-01-01#2585,81225,val,[],healthy honeybee,2017-09-01_3-01-01
val/videos/2017-09-01_3-01-01/2017-09-01_3-01-01.mp4-bee_id_2586-81285-1.png,0,2017-09-01_3-01-01,2017-09-01_3-01-01#2586,81285,val,[],healthy honeybee,2017-09-01_3-01-01
val/videos/2017-09-01_3-01-01/2017-09-01_3-01-01.mp4-bee_id_2587-81315-1.png,0,2017-09-01_3-01-01,2017-09-01_3-01-01#2587,81315,val,[],healthy honeybee,2017-09-01_3-01-01
val/videos/2017-09-01_3-01-01/2017-09-01_3-01-01.mp4-bee_id_2588-81675-1.png,1,2017-09-01_3-01-01,2017-09-01_3-01-01#2588,81675,val,"[[72.0, 105.0, 103.0, 140.0], [33.0, 109.0, 70.0, 155.0]]",honeybee with a varroa mite,2017-09-01_3-01-01
val/videos/2017-09-01_3-01-01/2017-09-01_3-01-01.mp4-bee_id_2589-81840-1.png,0,2017-09-01_3-01-01,2017-09-01_3-01-01#2589,81840,val,[],healthy honeybee,2017-09-01_3-01-01
val/videos/2017-09-01_3-01-01/2017-09-01_3-01-01.mp4-bee_id_2590-81855-1.png,0,2017-09-01_3-01-01,2017-09-01_3-01-01#2590,81855,val,[],healthy honeybee,2017-09-01_3-01-01
val/videos/2017-09-01_3-01-01/2017-09-01_3-01-01.mp4-bee_id_2592-81990-1.png,0,2017-09-01_3-01-01,2017-09-01_3-01-01#2592,81990,val,[],healthy honeybee,2017-09-01_3-01-01
val/videos/2017-09-01_3-01-01/2017-09-01_3-01-01.mp4-bee_id_2593-82200-1.png,1,2017-09-01_3-01-01,2017-09-01_3-01-01#2593,82200,val,"[[64.0, 89.0, 91.0, 119.0]]",honeybee with a varroa mite,2017-09-01_3-01-01
val/videos/2017-09-01_3-01-01/2017-09-01_3-01-01.mp4-bee_id_2594-82305-1.png,1,2017-09-01_3-01-01,2017-09-01_3-01-01#2594,82305,val,"[[86.0, 105.0, 127.0, 137.0]]",honeybee with a varroa mite,2017-09-01_3-01-01
val/videos/2017-09-01_3-01-01/2017-09-01_3-01-01.mp4-bee_id_2595-82950-1.png,0,2017-09-01_3-01-01,2017-09-01_3-01-01#2595,82950,val,[],healthy honeybee,2017-09-01_3-01-01
val/videos/2017-09-01_3-01-01/2017-09-01_3-01-01.mp4-bee_id_2596-82965-1.png,0,2017-09-01_3-01-01,2017-09-01_3-01-01#2596,82965,val,[],healthy honeybee,2017-09-01_3-01-01
val/videos/2017-09-01_3-01-01/2017-09-01_3-01-01.mp4-bee_id_2597-82980-1.png,0,2017-09-01_3-01-01,2017-09-01_3-01-01#2597,82980,val,[],healthy honeybee,2017-09-01_3-01-01
val/videos/2017-09-01_3-01-01/2017-09-01_3-01-01.mp4-bee_id_2598-83010-1.png,0,2017-09-01_3-01-01,2017-09-01_3-01-01#2598,83010,val,[],healthy honeybee,2017-09-01_3-01-01
val/videos/2017-09-01_3-01-01/2017-09-01_3-01-01.mp4-bee_id_2599-83070-1.png,0,2017-09-01_3-01-01,2017-09-01_3-01-01#2599,83070,val,[],healthy honeybee,2017-09-01_3-01-01
val/videos/2017-09-01_3-01-01/2017-09-01_3-01-01.mp4-bee_id_2600-83550-1.png,0,2017-09-01_3-01-01,2017-09-01_3-01-01#2600,83550,val,[],healthy honeybee,2017-09-01_3-01-01
val/videos/2017-09-01_3-01-01/2017-09-01_3-01-01.mp4-bee_id_2601-83700-1.png,0,2017-09-01_3-01-01,2017-09-01_3-01-01#2601,83700,val,[],healthy honeybee,2017-09-01_3-01-01
val/videos/2017-09-01_3-01-01/2017-09-01_3-01-01.mp4-bee_id_2602-83715-1.png,0,2017-09-01_3-01-01,2017-09-01_3-01-01#2602,83715,val,[],healthy honeybee,2017-09-01_3-01-01
val/videos/2017-09-01_3-01-01/2017-09-01_3-01-01.mp4-bee_id_2603-83805-1.png,0,2017-09-01_3-01-01,2017-09-01_3-01-01#2603,83805,val,[],healthy honeybee,2017-09-01_3-01-01
val/videos/2017-09-01_3-01-01/2017-09-01_3-01-01.mp4-bee_id_2604-84210-1.png,1,2017-09-01_3-01-01,2017-09-01_3-01-01#2604,84210,val,"[[67.0, 115.0, 104.0, 143.0]]",honeybee with a varroa mite,2017-09-01_3-01-01
val/videos/2017-09-01_3-01-01/2017-09-01_3-01-01.mp4-bee_id_2605-84345-1.png,0,2017-09-01_3-01-01,2017-09-01_3-01-01#2605,84345,val,[],healthy honeybee,2017-09-01_3-01-01
val/videos/2017-09-01_3-01-01/2017-09-01_3-01-01.mp4-bee_id_2606-84390-1.png,0,2017-09-01_3-01-01,2017-09-01_3-01-01#2606,84390,val,[],healthy honeybee,2017-09-01_3-01-01
val/videos/2017-09-01_3-01-01/2017-09-01_3-01-01.mp4-bee_id_2607-84480-1.png,0,2017-09-01_3-01-01,2017-09-01_3-01-01#2607,84480,val,[],healthy honeybee,2017-09-01_3-01-01
val/videos/2017-09-01_3-01-01/2017-09-01_3-01-01.mp4-bee_id_2608-84525-1.png,0,2017-09-01_3-01-01,2017-09-01_3-01-01#2608,84525,val,[],healthy honeybee,2017-09-01_3-01-01
val/videos/2017-09-01_3-01-01/2017-09-01_3-01-01.mp4-bee_id_2609-84600-1.png,0,2017-09-01_3-01-01,2017-09-01_3-01-01#2609,84600,val,[],healthy honeybee,2017-09-01_3-01-01
val/videos/2017-09-01_3-01-01/2017-09-01_3-01-01.mp4-bee_id_2610-84675-1.png,0,2017-09-01_3-01-01,2017-09-01_3-01-01#2610,84675,val,[],healthy honeybee,2017-09-01_3-01-01
val/videos/2017-09-01_3-01-01/2017-09-01_3-01-01.mp4-bee_id_2611-84690-1.png,0,2017-09-01_3-01-01,2017-09-01_3-01-01#2611,84690,val,[],healthy honeybee,2017-09-01_3-01-01
val/videos/2017-09-01_3-01-01/2017-09-01_3-01-01.mp4-bee_id_2612-84840-1.png,0,2017-09-01_3-01-01,2017-09-01_3-01-01#2612,84840,val,[],healthy honeybee,2017-09-01_3-01-01
val/videos/2017-09-01_3-01-01/2017-09-01_3-01-01.mp4-bee_id_2613-84855-1.png,0,2017-09-01_3-01-01,2017-09-01_3-01-01#2613,84855,val,[],healthy honeybee,2017-09-01_3-01-01
val/videos/2017-09-01_3-01-01/2017-09-01_3-01-01.mp4-bee_id_2614-84930-1.png,0,2017-09-01_3-01-01,2017-09-01_3-01-01#2614,84930,val,[],healthy honeybee,2017-09-01_3-01-01
val/videos/2017-09-01_3-01-01/2017-09-01_3-01-01.mp4-bee_id_2615-84945-1.png,0,2017-09-01_3-01-01,2017-09-01_3-01-01#2615,84945,val,[],healthy honeybee,2017-09-01_3-01-01
val/videos/2017-09-01_3-01-01/2017-09-01_3-01-01.mp4-bee_id_2617-85020-1.png,0,2017-09-01_3-01-01,2017-09-01_3-01-01#2617,85020,val,[],healthy honeybee,2017-09-01_3-01-01
val/videos/2017-09-01_3-01-01/2017-09-01_3-01-01.mp4-bee_id_2619-85080-1.png,0,2017-09-01_3-01-01,2017-09-01_3-01-01#2619,85080,val,[],healthy honeybee,2017-09-01_3-01-01
val/videos/2017-09-01_3-01-01/2017-09-01_3-01-01.mp4-bee_id_2620-85125-1.png,0,2017-09-01_3-01-01,2017-09-01_3-01-01#2620,85125,val,[],healthy honeybee,2017-09-01_3-01-01
val/videos/2017-09-01_3-01-01/2017-09-01_3-01-01.mp4-bee_id_2621-85290-1.png,0,2017-09-01_3-01-01,2017-09-01_3-01-01#2621,85290,val,[],healthy honeybee,2017-09-01_3-01-01
val/videos/2017-09-01_3-01-01/2017-09-01_3-01-01.mp4-bee_id_2622-85305-1.png,0,2017-09-01_3-01-01,2017-09-01_3-01-01#2622,85305,val,[],healthy honeybee,2017-09-01_3-01-01
val/videos/2017-09-01_3-01-01/2017-09-01_3-01-01.mp4-bee_id_2623-85335-1.png,0,2017-09-01_3-01-01,2017-09-01_3-01-01#2623,85335,val,[],healthy honeybee,2017-09-01_3-01-01
val/videos/2017-09-01_3-01-01/2017-09-01_3-01-01.mp4-bee_id_2624-85350-1.png,0,2017-09-01_3-01-01,2017-09-01_3-01-01#2624,85350,val,[],healthy honeybee,2017-09-01_3-01-01
val/videos/2017-09-01_3-01-01/2017-09-01_3-01-01.mp4-bee_id_2625-85380-1.png,0,2017-09-01_3-01-01,2017-09-01_3-01-01#2625,85380,val,[],healthy honeybee,2017-09-01_3-01-01
val/videos/2017-09-01_3-01-01/2017-09-01_3-01-01.mp4-bee_id_2627-85500-1.png,0,2017-09-01_3-01-01,2017-09-01_3-01-01#2627,85500,val,[],healthy honeybee,2017-09-01_3-01-01
val/videos/2017-09-01_3-01-01/2017-09-01_3-01-01.mp4-bee_id_2628-85590-1.png,0,2017-09-01_3-01-01,2017-09-01_3-01-01#2628,85590,val,[],healthy honeybee,2017-09-01_3-01-01
val/videos/2017-09-01_3-01-01/2017-09-01_3-01-01.mp4-bee_id_2629-85650-1.png,0,2017-09-01_3-01-01,2017-09-01_3-01-01#2629,85650,val,[],healthy honeybee,2017-09-01_3-01-01
val/videos/2017-09-01_3-01-01/2017-09-01_3-01-01.mp4-bee_id_2630-85755-1.png,1,2017-09-01_3-01-01,2017-09-01_3-01-01#2630,85755,val,"[[49.0, 90.0, 78.0, 121.0]]",honeybee with a varroa mite,2017-09-01_3-01-01
val/videos/2017-09-01_3-01-01/2017-09-01_3-01-01.mp4-bee_id_2631-85755-1.png,1,2017-09-01_3-01-01,2017-09-01_3-01-01#2631,85755,val,"[[67.0, 93.0, 101.0, 124.0], [19.0, 102.0, 57.0, 135.0]]",honeybee with a varroa mite,2017-09-01_3-01-01
val/videos/2017-09-01_3-01-01/2017-09-01_3-01-01.mp4-bee_id_2632-85770-1.png,0,2017-09-01_3-01-01,2017-09-01_3-01-01#2632,85770,val,[],healthy honeybee,2017-09-01_3-01-01
val/videos/2017-09-01_3-01-01/2017-09-01_3-01-01.mp4-bee_id_2635-85845-1.png,0,2017-09-01_3-01-01,2017-09-01_3-01-01#2635,85845,val,[],healthy honeybee,2017-09-01_3-01-01
val/videos/2017-09-01_3-01-01/2017-09-01_3-01-01.mp4-bee_id_2636-85860-1.png,0,2017-09-01_3-01-01,2017-09-01_3-01-01#2636,85860,val,[],healthy honeybee,2017-09-01_3-01-01
val/videos/2017-09-01_3-01-01/2017-09-01_3-01-01.mp4-bee_id_2637-85875-1.png,0,2017-09-01_3-01-01,2017-09-01_3-01-01#2637,85875,val,[],healthy honeybee,2017-09-01_3-01-01
val/videos/2017-09-01_3-01-01/2017-09-01_3-01-01.mp4-bee_id_2638-85890-1.png,0,2017-09-01_3-01-01,2017-09-01_3-01-01#2638,85890,val,[],healthy honeybee,2017-09-01_3-01-01
val/videos/2017-09-01_3-01-01/2017-09-01_3-01-01.mp4-bee_id_2639-85920-1.png,0,2017-09-01_3-01-01,2017-09-01_3-01-01#2639,85920,val,[],healthy honeybee,2017-09-01_3-01-01
val/videos/2017-09-01_3-01-01/2017-09-01_3-01-01.mp4-bee_id_2640-85935-1.png,0,2017-09-01_3-01-01,2017-09-01_3-01-01#2640,85935,val,[],healthy honeybee,2017-09-01_3-01-01
val/videos/2017-09-01_3-01-01/2017-09-01_3-01-01.mp4-bee_id_2641-85965-1.png,0,2017-09-01_3-01-01,2017-09-01_3-01-01#2641,85965,val,[],healthy honeybee,2017-09-01_3-01-01
val/videos/2017-09-01_3-01-01/2017-09-01_3-01-01.mp4-bee_id_2642-85980-1.png,0,2017-09-01_3-01-01,2017-09-01_3-01-01#2642,85980,val,[],healthy honeybee,2017-09-01_3-01-01
val/videos/2017-09-01_3-01-01/2017-09-01_3-01-01.mp4-bee_id_2643-86040-1.png,0,2017-09-01_3-01-01,2017-09-01_3-01-01#2643,86040,val,[],healthy honeybee,2017-09-01_3-01-01
val/videos/2017-09-01_3-01-01/2017-09-01_3-01-01.mp4-bee_id_2644-86100-1.png,0,2017-09-01_3-01-01,2017-09-01_3-01-01#2644,86100,val,[],healthy honeybee,2017-09-01_3-01-01
val/videos/2017-09-01_3-01-01/2017-09-01_3-01-01.mp4-bee_id_2645-86130-1.png,0,2017-09-01_3-01-01,2017-09-01_3-01-01#2645,86130,val,[],healthy honeybee,2017-09-01_3-01-01
val/videos/2017-09-01_3-01-01/2017-09-01_3-01-01.mp4-bee_id_2646-86160-1.png,1,2017-09-01_3-01-01,2017-09-01_3-01-01#2646,86160,val,"[[63.0, 101.0, 102.0, 131.0]]",honeybee with a varroa mite,2017-09-01_3-01-01
val/videos/2017-09-01_3-01-01/2017-09-01_3-01-01.mp4-bee_id_2649-86280-1.png,0,2017-09-01_3-01-01,2017-09-01_3-01-01#2649,86280,val,[],healthy honeybee,2017-09-01_3-01-01
val/videos/2017-09-01_3-01-01/2017-09-01_3-01-01.mp4-bee_id_2650-86295-1.png,0,2017-09-01_3-01-01,2017-09-01_3-01-01#2650,86295,val,[],healthy honeybee,2017-09-01_3-01-01
val/videos/2017-09-01_3-01-01/2017-09-01_3-01-01.mp4-bee_id_2651-86370-1.png,0,2017-09-01_3-01-01,2017-09-01_3-01-01#2651,86370,val,[],healthy honeybee,2017-09-01_3-01-01
val/videos/2017-09-01_3-01-01/2017-09-01_3-01-01.mp4-bee_id_2652-86415-1.png,0,2017-09-01_3-01-01,2017-09-01_3-01-01#2652,86415,val,[],healthy honeybee,2017-09-01_3-01-01
val/videos/2017-09-01_3-01-01/2017-09-01_3-01-01.mp4-bee_id_2653-86445-1.png,0,2017-09-01_3-01-01,2017-09-01_3-01-01#2653,86445,val,[],healthy honeybee,2017-09-01_3-01-01
val/videos/2017-09-01_3-01-01/2017-09-01_3-01-01.mp4-bee_id_2654-86565-1.png,0,2017-09-01_3-01-01,2017-09-01_3-01-01#2654,86565,val,[],healthy honeybee,2017-09-01_3-01-01
val/videos/2017-09-01_3-01-01/2017-09-01_3-01-01.mp4-bee_id_2656-86610-1.png,0,2017-09-01_3-01-01,2017-09-01_3-01-01#2656,86610,val,[],healthy honeybee,2017-09-01_3-01-01
val/videos/2017-09-01_3-01-01/2017-09-01_3-01-01.mp4-bee_id_2659-86670-1.png,0,2017-09-01_3-01-01,2017-09-01_3-01-01#2659,86670,val,[],healthy honeybee,2017-09-01_3-01-01
val/videos/2017-09-01_3-01-01/2017-09-01_3-01-01.mp4-bee_id_2661-86700-1.png,0,2017-09-01_3-01-01,2017-09-01_3-01-01#2661,86700,val,[],healthy honeybee,2017-09-01_3-01-01
val/videos/2017-09-01_3-01-01/2017-09-01_3-01-01.mp4-bee_id_2664-86745-1.png,0,2017-09-01_3-01-01,2017-09-01_3-01-01#2664,86745,val,[],healthy honeybee,2017-09-01_3-01-01
val/videos/2017-09-01_3-01-01/2017-09-01_3-01-01.mp4-bee_id_2665-86910-1.png,0,2017-09-01_3-01-01,2017-09-01_3-01-01#2665,86910,val,[],healthy honeybee,2017-09-01_3-01-01
val/videos/2017-09-01_3-01-01/2017-09-01_3-01-01.mp4-bee_id_2666-87105-1.png,0,2017-09-01_3-01-01,2017-09-01_3-01-01#2666,87105,val,[],healthy honeybee,2017-09-01_3-01-01
val/videos/2017-09-01_3-01-01/2017-09-01_3-01-01.mp4-bee_id_2667-87120-1.png,0,2017-09-01_3-01-01,2017-09-01_3-01-01#2667,87120,val,[],healthy honeybee,2017-09-01_3-01-01
val/videos/2017-09-01_3-01-01/2017-09-01_3-01-01.mp4-bee_id_2668-87135-1.png,1,2017-09-01_3-01-01,2017-09-01_3-01-01#2668,87135,val,"[[81.0, 112.0, 109.0, 137.0]]",honeybee with a varroa mite,2017-09-01_3-01-01
val/videos/2017-09-01_3-01-01/2017-09-01_3-01-01.mp4-bee_id_2669-87195-1.png,0,2017-09-01_3-01-01,2017-09-01_3-01-01#2669,87195,val,[],healthy honeybee,2017-09-01_3-01-01
val/videos/2017-09-01_3-01-01/2017-09-01_3-01-01.mp4-bee_id_2673-87360-1.png,0,2017-09-01_3-01-01,2017-09-01_3-01-01#2673,87360,val,[],healthy honeybee,2017-09-01_3-01-01
val/videos/2017-09-01_3-01-01/2017-09-01_3-01-01.mp4-bee_id_2675-87465-1.png,0,2017-09-01_3-01-01,2017-09-01_3-01-01#2675,87465,val,[],healthy honeybee,2017-09-01_3-01-01
val/videos/2017-09-01_3-01-01/2017-09-01_3-01-01.mp4-bee_id_2676-87690-1.png,0,2017-09-01_3-01-01,2017-09-01_3-01-01#2676,87690,val,[],healthy honeybee,2017-09-01_3-01-01
val/videos/2017-09-01_3-01-01/2017-09-01_3-01-01.mp4-bee_id_2677-87750-1.png,1,2017-09-01_3-01-01,2017-09-01_3-01-01#2677,87750,val,"[[100.0, 112.0, 132.0, 140.0], [59.0, 117.0, 92.0, 144.0]]",honeybee with a varroa mite,2017-09-01_3-01-01
val/videos/2017-09-01_3-01-01/2017-09-01_3-01-01.mp4-bee_id_2678-88005-1.png,0,2017-09-01_3-01-01,2017-09-01_3-01-01#2678,88005,val,[],healthy honeybee,2017-09-01_3-01-01
val/videos/2017-09-01_3-01-01/2017-09-01_3-01-01.mp4-bee_id_2679-88080-1.png,0,2017-09-01_3-01-01,2017-09-01_3-01-01#2679,88080,val,[],healthy honeybee,2017-09-01_3-01-01
val/videos/2017-09-01_3-01-01/2017-09-01_3-01-01.mp4-bee_id_2680-88095-1.png,0,2017-09-01_3-01-01,2017-09-01_3-01-01#2680,88095,val,[],healthy honeybee,2017-09-01_3-01-01
val/videos/2017-09-01_3-01-01/2017-09-01_3-01-01.mp4-bee_id_2681-88335-1.png,1,2017-09-01_3-01-01,2017-09-01_3-01-01#2681,88335,val,"[[66.0, 113.0, 102.0, 137.0]]",honeybee with a varroa mite,2017-09-01_3-01-01
val/videos/2017-09-01_3-01-01/2017-09-01_3-01-01.mp4-bee_id_2683-88905-1.png,0,2017-09-01_3-01-01,2017-09-01_3-01-01#2683,88905,val,[],healthy honeybee,2017-09-01_3-01-01
val/videos/2017-09-01_3-01-01/2017-09-01_3-01-01.mp4-bee_id_2684-88935-1.png,0,2017-09-01_3-01-01,2017-09-01_3-01-01#2684,88935,val,[],healthy honeybee,2017-09-01_3-01-01
val/videos/2017-09-01_3-01-01/2017-09-01_3-01-01.mp4-bee_id_2685-89280-1.png,0,2017-09-01_3-01-01,2017-09-01_3-01-01#2685,89280,val,[],healthy honeybee,2017-09-01_3-01-01
val/videos/2017-09-01_3-01-01/2017-09-01_3-01-01.mp4-bee_id_2686-89355-1.png,1,2017-09-01_3-01-01,2017-09-01_3-01-01#2686,89355,val,"[[30.0, 96.0, 66.0, 122.0]]",honeybee with a varroa mite,2017-09-01_3-01-01
val/videos/2017-09-01_3-01-01/2017-09-01_3-01-01.mp4-bee_id_2688-89475-1.png,0,2017-09-01_3-01-01,2017-09-01_3-01-01#2688,89475,val,[],healthy honeybee,2017-09-01_3-01-01
val/videos/2017-09-01_3-01-01/2017-09-01_3-01-01.mp4-bee_id_2689-89490-1.png,0,2017-09-01_3-01-01,2017-09-01_3-01-01#2689,89490,val,[],healthy honeybee,2017-09-01_3-01-01
val/videos/2017-09-01_3-01-01/2017-09-01_3-01-01.mp4-bee_id_2690-89535-1.png,0,2017-09-01_3-01-01,2017-09-01_3-01-01#2690,89535,val,[],healthy honeybee,2017-09-01_3-01-01
val/videos/2017-09-01_3-01-01/2017-09-01_3-01-01.mp4-bee_id_2691-89565-1.png,0,2017-09-01_3-01-01,2017-09-01_3-01-01#2691,89565,val,[],healthy honeybee,2017-09-01_3-01-01
val/videos/2017-09-01_3-01-01/2017-09-01_3-01-01.mp4-bee_id_2692-89655-1.png,0,2017-09-01_3-01-01,2017-09-01_3-01-01#2692,89655,val,[],healthy honeybee,2017-09-01_3-01-01
val/videos/2017-09-01_3-01-01/2017-09-01_3-01-01.mp4-bee_id_2693-89775-1.png,0,2017-09-01_3-01-01,2017-09-01_3-01-01#2693,89775,val,[],healthy honeybee,2017-09-01_3-01-01
val/videos/2017-09-01_3-01-01/2017-09-01_3-01-01.mp4-bee_id_2694-89790-1.png,0,2017-09-01_3-01-01,2017-09-01_3-01-01#2694,89790,val,[],healthy honeybee,2017-09-01_3-01-01
val/videos/2017-09-01_3-01-01/2017-09-01_3-01-01.mp4-bee_id_2695-90225-1.png,0,2017-09-01_3-01-01,2017-09-01_3-01-01#2695,90225,val,[],healthy honeybee,2017-09-01_3-01-01
val/videos/2017-09-01_3-01-01/2017-09-01_3-01-01.mp4-bee_id_2696-90360-1.png,1,2017-09-01_3-01-01,2017-09-01_3-01-01#2696,90360,val,"[[86.0, 167.0, 112.0, 194.0]]",honeybee with a varroa mite,2017-09-01_3-01-01
val/videos/2017-09-01_3-01-01/2017-09-01_3-01-01.mp4-bee_id_2697-90450-1.png,1,2017-09-01_3-01-01,2017-09-01_3-01-01#2697,90450,val,"[[82.0, 154.0, 113.0, 182.0]]",honeybee with a varroa mite,2017-09-01_3-01-01
val/videos/2017-09-01_3-01-01/2017-09-01_3-01-01.mp4-bee_id_2698-90585-1.png,0,2017-09-01_3-01-01,2017-09-01_3-01-01#2698,90585,val,[],healthy honeybee,2017-09-01_3-01-01
val/videos/2017-09-01_3-01-01/2017-09-01_3-01-01.mp4-bee_id_2699-90600-1.png,1,2017-09-01_3-01-01,2017-09-01_3-01-01#2699,90600,val,"[[71.0, 100.0, 113.0, 132.0]]",honeybee with a varroa mite,2017-09-01_3-01-01
val/videos/2017-09-01_3-01-01/2017-09-01_3-01-01.mp4-bee_id_2700-90600-1.png,0,2017-09-01_3-01-01,2017-09-01_3-01-01#2700,90600,val,[],healthy honeybee,2017-09-01_3-01-01
val/videos/2017-09-01_3-01-01/2017-09-01_3-01-01.mp4-bee_id_2701-90870-1.png,1,2017-09-01_3-01-01,2017-09-01_3-01-01#2701,90870,val,"[[44.0, 78.0, 78.0, 118.0]]",honeybee with a varroa mite,2017-09-01_3-01-01
val/videos/2017-09-01_3-01-01/2017-09-01_3-01-01.mp4-bee_id_2702-90990-1.png,1,2017-09-01_3-01-01,2017-09-01_3-01-01#2702,90990,val,"[[84.0, 143.0, 124.0, 173.0], [48.0, 148.0, 86.0, 187.0]]",honeybee with a varroa mite,2017-09-01_3-01-01
val/videos/2017-09-01_3-01-01/2017-09-01_3-01-01.mp4-bee_id_2703-91140-1.png,0,2017-09-01_3-01-01,2017-09-01_3-01-01#2703,91140,val,[],healthy honeybee,2017-09-01_3-01-01
val/videos/2017-09-01_3-01-01/2017-09-01_3-01-01.mp4-bee_id_2705-91200-1.png,0,2017-09-01_3-01-01,2017-09-01_3-01-01#2705,91200,val,[],healthy honeybee,2017-09-01_3-01-01
val/videos/2017-09-01_3-01-01/2017-09-01_3-01-01.mp4-bee_id_2707-91230-1.png,0,2017-09-01_3-01-01,2017-09-01_3-01-01#2707,91230,val,[],healthy honeybee,2017-09-01_3-01-01
val/videos/2017-09-01_3-01-01/2017-09-01_3-01-01.mp4-bee_id_2709-91305-1.png,0,2017-09-01_3-01-01,2017-09-01_3-01-01#2709,91305,val,[],healthy honeybee,2017-09-01_3-01-01
val/videos/2017-09-01_3-01-01/2017-09-01_3-01-01.mp4-bee_id_2711-91335-1.png,0,2017-09-01_3-01-01,2017-09-01_3-01-01#2711,91335,val,[],healthy honeybee,2017-09-01_3-01-01
val/videos/2017-09-01_3-01-01/2017-09-01_3-01-01.mp4-bee_id_2712-91365-1.png,0,2017-09-01_3-01-01,2017-09-01_3-01-01#2712,91365,val,[],healthy honeybee,2017-09-01_3-01-01
val/videos/2017-09-01_3-01-01/2017-09-01_3-01-01.mp4-bee_id_2713-91380-1.png,0,2017-09-01_3-01-01,2017-09-01_3-01-01#2713,91380,val,[],healthy honeybee,2017-09-01_3-01-01
val/videos/2017-09-01_3-01-01/2017-09-01_3-01-01.mp4-bee_id_2716-91800-1.png,0,2017-09-01_3-01-01,2017-09-01_3-01-01#2716,91800,val,[],healthy honeybee,2017-09-01_3-01-01
val/videos/2017-09-01_3-01-01/2017-09-01_3-01-01.mp4-bee_id_2718-91845-1.png,0,2017-09-01_3-01-01,2017-09-01_3-01-01#2718,91845,val,[],healthy honeybee,2017-09-01_3-01-01
val/videos/2017-09-01_3-01-01/2017-09-01_3-01-01.mp4-bee_id_2719-91875-1.png,0,2017-09-01_3-01-01,2017-09-01_3-01-01#2719,91875,val,[],healthy honeybee,2017-09-01_3-01-01
val/videos/2017-09-01_3-01-01/2017-09-01_3-01-01.mp4-bee_id_2720-91890-1.png,0,2017-09-01_3-01-01,2017-09-01_3-01-01#2720,91890,val,[],healthy honeybee,2017-09-01_3-01-01
val/videos/2017-09-01_3-01-01/2017-09-01_3-01-01.mp4-bee_id_2721-91935-1.png,0,2017-09-01_3-01-01,2017-09-01_3-01-01#2721,91935,val,[],healthy honeybee,2017-09-01_3-01-01
val/videos/2017-09-01_3-01-01/2017-09-01_3-01-01.mp4-bee_id_2722-91950-1.png,0,2017-09-01_3-01-01,2017-09-01_3-01-01#2722,91950,val,[],healthy honeybee,2017-09-01_3-01-01
val/videos/2017-09-01_3-01-01/2017-09-01_3-01-01.mp4-bee_id_2723-91980-1.png,0,2017-09-01_3-01-01,2017-09-01_3-01-01#2723,91980,val,[],healthy honeybee,2017-09-01_3-01-01
val/videos/2017-09-01_3-01-01/2017-09-01_3-01-01.mp4-bee_id_2724-92010-1.png,1,2017-09-01_3-01-01,2017-09-01_3-01-01#2724,92010,val,"[[66.0, 117.0, 93.0, 146.0], [23.0, 120.0, 49.0, 152.0]]",honeybee with a varroa mite,2017-09-01_3-01-01
val/videos/2017-09-01_3-01-01/2017-09-01_3-01-01.mp4-bee_id_2725-92070-1.png,0,2017-09-01_3-01-01,2017-09-01_3-01-01#2725,92070,val,[],healthy honeybee,2017-09-01_3-01-01
val/videos/2017-09-01_3-01-01/2017-09-01_3-01-01.mp4-bee_id_2728-92415-1.png,0,2017-09-01_3-01-01,2017-09-01_3-01-01#2728,92415,val,[],healthy honeybee,2017-09-01_3-01-01
val/videos/2017-09-01_3-01-01/2017-09-01_3-01-01.mp4-bee_id_2729-92610-1.png,0,2017-09-01_3-01-01,2017-09-01_3-01-01#2729,92610,val,[],healthy honeybee,2017-09-01_3-01-01
val/videos/2017-09-01_3-01-01/2017-09-01_3-01-01.mp4-bee_id_2730-92805-1.png,1,2017-09-01_3-01-01,2017-09-01_3-01-01#2730,92805,val,"[[38.0, 109.0, 70.0, 139.0], [86.0, 100.0, 111.0, 127.0]]",honeybee with a varroa mite,2017-09-01_3-01-01
val/videos/2017-09-01_3-01-01/2017-09-01_3-01-01.mp4-bee_id_2731-92940-1.png,0,2017-09-01_3-01-01,2017-09-01_3-01-01#2731,92940,val,[],healthy honeybee,2017-09-01_3-01-01
val/videos/2017-09-01_3-01-01/2017-09-01_3-01-01.mp4-bee_id_2732-93045-1.png,1,2017-09-01_3-01-01,2017-09-01_3-01-01#2732,93045,val,"[[77.0, 107.0, 106.0, 132.0]]",honeybee with a varroa mite,2017-09-01_3-01-01
val/videos/2017-09-01_3-01-01/2017-09-01_3-01-01.mp4-bee_id_2733-93090-1.png,1,2017-09-01_3-01-01,2017-09-01_3-01-01#2733,93090,val,"[[76.0, 125.0, 115.0, 162.0], [43.0, 116.0, 71.0, 161.0]]",honeybee with a varroa mite,2017-09-01_3-01-01
val/videos/2017-09-01_3-01-01/2017-09-01_3-01-01.mp4-bee_id_2734-93360-1.png,1,2017-09-01_3-01-01,2017-09-01_3-01-01#2734,93360,val,"[[83.0, 160.0, 121.0, 189.0]]",honeybee with a varroa mite,2017-09-01_3-01-01
val/videos/2017-09-01_3-01-01/2017-09-01_3-01-01.mp4-bee_id_2737-94425-1.png,1,2017-09-01_3-01-01,2017-09-01_3-01-01#2737,94425,val,"[[74.0, 78.0, 107.0, 112.0]]",honeybee with a varroa mite,2017-09-01_3-01-01
val/videos/2017-09-01_3-01-01/2017-09-01_3-01-01.mp4-bee_id_2738-96915-1.png,1,2017-09-01_3-01-01,2017-09-01_3-01-01#2738,96915,val,"[[91.0, 131.0, 122.0, 161.0], [47.0, 144.0, 76.0, 170.0]]",honeybee with a varroa mite,2017-09-01_3-01-01
val/videos/2017-09-01_3-01-01/2017-09-01_3-01-01.mp4-bee_id_2740-97260-1.png,1,2017-09-01_3-01-01,2017-09-01_3-01-01#2740,97260,val,"[[71.0, 148.0, 115.0, 180.0]]",honeybee with a varroa mite,2017-09-01_3-01-01
val/videos/2017-09-01_3-01-01/2017-09-01_3-01-01.mp4-bee_id_2741-97770-1.png,1,2017-09-01_3-01-01,2017-09-01_3-01-01#2741,97770,val,"[[43.0, 86.0, 90.0, 118.0]]",honeybee with a varroa mite,2017-09-01_3-01-01
val/videos/2017-09-01_3-01-01/2017-09-01_3-01-01.mp4-bee_id_2742-97770-1.png,1,2017-09-01_3-01-01,2017-09-01_3-01-01#2742,97770,val,"[[61.0, 157.0, 95.0, 184.0]]",honeybee with a varroa mite,2017-09-01_3-01-01
val/videos/2017-09-01_3-01-01/2017-09-01_3-01-01.mp4-bee_id_2743-98010-1.png,1,2017-09-01_3-01-01,2017-09-01_3-01-01#2743,98010,val,"[[103.0, 105.0, 134.0, 138.0], [56.0, 105.0, 90.0, 140.0]]",honeybee with a varroa mite,2017-09-01_3-01-01
val/videos/2017-09-01_3-01-01/2017-09-01_3-01-01.mp4-bee_id_2744-98925-1.png,1,2017-09-01_3-01-01,2017-09-01_3-01-01#2744,98925,val,"[[76.0, 166.0, 111.0, 199.0]]",honeybee with a varroa mite,2017-09-01_3-01-01
val/videos/2017-09-01_3-01-01/2017-09-01_3-01-01.mp4-bee_id_2745-99390-1.png,1,2017-09-01_3-01-01,2017-09-01_3-01-01#2745,99390,val,"[[35.0, 95.0, 73.0, 125.0]]",honeybee with a varroa mite,2017-09-01_3-01-01
val/videos/2017-09-01_3-01-01/2017-09-01_3-01-01.mp4-bee_id_2746-99735-1.png,1,2017-09-01_3-01-01,2017-09-01_3-01-01#2746,99735,val,"[[87.0, 154.0, 125.0, 188.0]]",honeybee with a varroa mite,2017-09-01_3-01-01
val/videos/2017-09-01_3-01-01/2017-09-01_3-01-01.mp4-bee_id_2747-100710-1.png,1,2017-09-01_3-01-01,2017-09-01_3-01-01#2747,100710,val,"[[79.0, 149.0, 113.0, 182.0]]",honeybee with a varroa mite,2017-09-01_3-01-01
val/videos/2017-09-01_3-01-01/2017-09-01_3-01-01.mp4-bee_id_2748-100920-1.png,0,2017-09-01_3-01-01,2017-09-01_3-01-01#2748,100920,val,[],healthy honeybee,2017-09-01_3-01-01
val/videos/2017-09-01_3-01-01/2017-09-01_3-01-01.mp4-bee_id_2750-102435-1.png,0,2017-09-01_3-01-01,2017-09-01_3-01-01#2750,102435,val,[],healthy honeybee,2017-09-01_3-01-01
val/videos/2017-09-01_3-01-01/2017-09-01_3-01-01.mp4-bee_id_2751-102795-1.png,1,2017-09-01_3-01-01,2017-09-01_3-01-01#2751,102795,val,"[[45.0, 91.0, 78.0, 118.0]]",honeybee with a varroa mite,2017-09-01_3-01-01
val/videos/2017-09-01_3-01-01/2017-09-01_3-01-01.mp4-bee_id_2752-102900-1.png,1,2017-09-01_3-01-01,2017-09-01_3-01-01#2752,102900,val,"[[89.0, 146.0, 123.0, 183.0], [45.0, 153.0, 76.0, 185.0]]",honeybee with a varroa mite,2017-09-01_3-01-01
val/videos/2017-09-01_3-01-01/2017-09-01_3-01-01.mp4-bee_id_2755-103830-1.png,1,2017-09-01_3-01-01,2017-09-01_3-01-01#2755,103830,val,"[[55.0, 92.0, 90.0, 121.0]]",honeybee with a varroa mite,2017-09-01_3-01-01
val/videos/2017-09-01_3-01-01/2017-09-01_3-01-01.mp4-bee_id_2756-103950-1.png,1,2017-09-01_3-01-01,2017-09-01_3-01-01#2756,103950,val,"[[93.0, 130.0, 120.0, 171.0], [43.0, 130.0, 78.0, 151.0]]",honeybee with a varroa mite,2017-09-01_3-01-01
val/videos/2017-09-01_3-01-01/2017-09-01_3-01-01.mp4-bee_id_2757-104010-1.png,1,2017-09-01_3-01-01,2017-09-01_3-01-01#2757,104010,val,"[[28.0, 110.0, 52.0, 136.0], [77.0, 74.0, 110.0, 96.0], [56.0, 106.0, 89.0, 129.0]]",honeybee with a varroa mite,2017-09-01_3-01-01
val/videos/2017-09-01_3-01-01/2017-09-01_3-01-01.mp4-bee_id_2758-104055-1.png,0,2017-09-01_3-01-01,2017-09-01_3-01-01#2758,104055,val,[],healthy honeybee,2017-09-01_3-01-01
val/videos/2017-09-01_3-01-01/2017-09-01_3-01-01.mp4-bee_id_2761-104625-1.png,1,2017-09-01_3-01-01,2017-09-01_3-01-01#2761,104625,val,"[[64.0, 153.0, 97.0, 190.0]]",honeybee with a varroa mite,2017-09-01_3-01-01
val/videos/2017-09-01_3-01-01/2017-09-01_3-01-01.mp4-bee_id_2762-105585-1.png,1,2017-09-01_3-01-01,2017-09-01_3-01-01#2762,105585,val,"[[43.0, 136.0, 78.0, 161.0], [54.0, 164.0, 87.0, 190.0]]",honeybee with a varroa mite,2017-09-01_3-01-01
val/videos/2017-09-01_3-01-01/2017-09-01_3-01-01.mp4-bee_id_2763-105645-1.png,1,2017-09-01_3-01-01,2017-09-01_3-01-01#2763,105645,val,"[[78.0, 138.0, 117.0, 169.0], [37.0, 142.0, 69.0, 175.0]]",honeybee with a varroa mite,2017-09-01_3-01-01
val/videos/2017-09-01_3-01-01/2017-09-01_3-01-01.mp4-bee_id_2765-105975-1.png,0,2017-09-01_3-01-01,2017-09-01_3-01-01#2765,105975,val,[],healthy honeybee,2017-09-01_3-01-01
val/videos/2017-09-01_3-01-01/2017-09-01_3-01-01.mp4-bee_id_2766-106095-1.png,1,2017-09-01_3-01-01,2017-09-01_3-01-01#2766,106095,val,"[[95.0, 87.0, 130.0, 127.0]]",honeybee with a varroa mite,2017-09-01_3-01-01
val/videos/2017-09-01_3-01-01/2017-09-01_3-01-01.mp4-bee_id_2767-106155-1.png,1,2017-09-01_3-01-01,2017-09-01_3-01-01#2767,106155,val,"[[35.0, 156.0, 66.0, 178.0], [32.0, 130.0, 67.0, 149.0]]",honeybee with a varroa mite,2017-09-01_3-01-01
val/videos/2017-09-25_16-03-38/2017-09-25_16-03-38.mp4-bee_id_1216-40905-1.png,0,2017-09-25_16-03-38,2017-09-25_16-03-38#1216,40905,val,[],healthy honeybee,2017-09-25_16-03-38
val/videos/2017-09-25_16-03-38/2017-09-25_16-03-38.mp4-bee_id_1217-40950-1.png,0,2017-09-25_16-03-38,2017-09-25_16-03-38#1217,40950,val,[],healthy honeybee,2017-09-25_16-03-38
val/videos/2017-09-25_16-03-38/2017-09-25_16-03-38.mp4-bee_id_1218-40965-1.png,0,2017-09-25_16-03-38,2017-09-25_16-03-38#1218,40965,val,[],healthy honeybee,2017-09-25_16-03-38
val/videos/2017-09-25_16-03-38/2017-09-25_16-03-38.mp4-bee_id_1219-41010-1.png,0,2017-09-25_16-03-38,2017-09-25_16-03-38#1219,41010,val,[],healthy honeybee,2017-09-25_16-03-38
val/videos/2017-09-25_16-03-38/2017-09-25_16-03-38.mp4-bee_id_1220-41055-1.png,1,2017-09-25_16-03-38,2017-09-25_16-03-38#1220,41055,val,"[[30.0, 95.0, 54.0, 130.0]]",honeybee with a varroa mite,2017-09-25_16-03-38
val/videos/2017-09-25_16-03-38/2017-09-25_16-03-38.mp4-bee_id_1221-41070-1.png,0,2017-09-25_16-03-38,2017-09-25_16-03-38#1221,41070,val,[],healthy honeybee,2017-09-25_16-03-38
val/videos/2017-09-25_16-03-38/2017-09-25_16-03-38.mp4-bee_id_1223-41085-1.png,0,2017-09-25_16-03-38,2017-09-25_16-03-38#1223,41085,val,[],healthy honeybee,2017-09-25_16-03-38
val/videos/2017-09-25_16-03-38/2017-09-25_16-03-38.mp4-bee_id_1224-41085-1.png,0,2017-09-25_16-03-38,2017-09-25_16-03-38#1224,41085,val,[],healthy honeybee,2017-09-25_16-03-38
val/videos/2017-09-25_16-03-38/2017-09-25_16-03-38.mp4-bee_id_1225-41085-1.png,0,2017-09-25_16-03-38,2017-09-25_16-03-38#1225,41085,val,[],healthy honeybee,2017-09-25_16-03-38
val/videos/2017-09-25_16-03-38/2017-09-25_16-03-38.mp4-bee_id_1226-41100-1.png,0,2017-09-25_16-03-38,2017-09-25_16-03-38#1226,41100,val,[],healthy honeybee,2017-09-25_16-03-38
val/videos/2017-09-25_16-03-38/2017-09-25_16-03-38.mp4-bee_id_1227-41130-1.png,0,2017-09-25_16-03-38,2017-09-25_16-03-38#1227,41130,val,[],healthy honeybee,2017-09-25_16-03-38
val/videos/2017-09-25_16-03-38/2017-09-25_16-03-38.mp4-bee_id_1228-41160-1.png,0,2017-09-25_16-03-38,2017-09-25_16-03-38#1228,41160,val,[],healthy honeybee,2017-09-25_16-03-38
val/videos/2017-09-25_16-03-38/2017-09-25_16-03-38.mp4-bee_id_1229-41175-1.png,0,2017-09-25_16-03-38,2017-09-25_16-03-38#1229,41175,val,[],healthy honeybee,2017-09-25_16-03-38
val/videos/2017-09-25_16-03-38/2017-09-25_16-03-38.mp4-bee_id_1234-41400-1.png,1,2017-09-25_16-03-38,2017-09-25_16-03-38#1234,41400,val,"[[66.0, 49.0, 101.0, 84.0]]",honeybee with a varroa mite,2017-09-25_16-03-38
val/videos/2017-09-25_16-03-38/2017-09-25_16-03-38.mp4-bee_id_1235-41400-1.png,1,2017-09-25_16-03-38,2017-09-25_16-03-38#1235,41400,val,"[[98.0, 124.0, 136.0, 159.0]]",honeybee with a varroa mite,2017-09-25_16-03-38
val/videos/2017-09-25_16-03-38/2017-09-25_16-03-38.mp4-bee_id_1236-41415-1.png,0,2017-09-25_16-03-38,2017-09-25_16-03-38#1236,41415,val,[],healthy honeybee,2017-09-25_16-03-38
val/videos/2017-09-25_16-03-38/2017-09-25_16-03-38.mp4-bee_id_1237-41415-1.png,0,2017-09-25_16-03-38,2017-09-25_16-03-38#1237,41415,val,[],healthy honeybee,2017-09-25_16-03-38
val/videos/2017-09-25_16-03-38/2017-09-25_16-03-38.mp4-bee_id_1238-41445-1.png,0,2017-09-25_16-03-38,2017-09-25_16-03-38#1238,41445,val,[],healthy honeybee,2017-09-25_16-03-38
val/videos/2017-09-25_16-03-38/2017-09-25_16-03-38.mp4-bee_id_1239-41460-1.png,0,2017-09-25_16-03-38,2017-09-25_16-03-38#1239,41460,val,[],healthy honeybee,2017-09-25_16-03-38
val/videos/2017-09-25_16-03-38/2017-09-25_16-03-38.mp4-bee_id_1242-41595-1.png,0,2017-09-25_16-03-38,2017-09-25_16-03-38#1242,41595,val,[],healthy honeybee,2017-09-25_16-03-38
val/videos/2017-09-25_16-03-38/2017-09-25_16-03-38.mp4-bee_id_1244-41655-1.png,0,2017-09-25_16-03-38,2017-09-25_16-03-38#1244,41655,val,[],healthy honeybee,2017-09-25_16-03-38
val/videos/2017-09-25_16-03-38/2017-09-25_16-03-38.mp4-bee_id_1245-41670-1.png,0,2017-09-25_16-03-38,2017-09-25_16-03-38#1245,41670,val,[],healthy honeybee,2017-09-25_16-03-38
val/videos/2017-09-25_16-03-38/2017-09-25_16-03-38.mp4-bee_id_1246-41700-1.png,0,2017-09-25_16-03-38,2017-09-25_16-03-38#1246,41700,val,[],healthy honeybee,2017-09-25_16-03-38
val/videos/2017-09-25_16-03-38/2017-09-25_16-03-38.mp4-bee_id_1247-41730-1.png,0,2017-09-25_16-03-38,2017-09-25_16-03-38#1247,41730,val,[],healthy honeybee,2017-09-25_16-03-38
val/videos/2017-09-25_16-03-38/2017-09-25_16-03-38.mp4-bee_id_1248-41745-1.png,0,2017-09-25_16-03-38,2017-09-25_16-03-38#1248,41745,val,[],healthy honeybee,2017-09-25_16-03-38
val/videos/2017-09-25_16-03-38/2017-09-25_16-03-38.mp4-bee_id_1249-41790-1.png,0,2017-09-25_16-03-38,2017-09-25_16-03-38#1249,41790,val,[],healthy honeybee,2017-09-25_16-03-38
val/videos/2017-09-25_16-03-38/2017-09-25_16-03-38.mp4-bee_id_1250-41790-1.png,0,2017-09-25_16-03-38,2017-09-25_16-03-38#1250,41790,val,[],healthy honeybee,2017-09-25_16-03-38
val/videos/2017-09-25_16-03-38/2017-09-25_16-03-38.mp4-bee_id_1251-41820-1.png,0,2017-09-25_16-03-38,2017-09-25_16-03-38#1251,41820,val,[],healthy honeybee,2017-09-25_16-03-38
val/videos/2017-09-25_16-03-38/2017-09-25_16-03-38.mp4-bee_id_1252-41835-1.png,0,2017-09-25_16-03-38,2017-09-25_16-03-38#1252,41835,val,[],healthy honeybee,2017-09-25_16-03-38
val/videos/2017-09-25_16-03-38/2017-09-25_16-03-38.mp4-bee_id_1254-41940-1.png,0,2017-09-25_16-03-38,2017-09-25_16-03-38#1254,41940,val,[],healthy honeybee,2017-09-25_16-03-38
val/videos/2017-09-25_16-03-38/2017-09-25_16-03-38.mp4-bee_id_1255-41955-1.png,0,2017-09-25_16-03-38,2017-09-25_16-03-38#1255,41955,val,[],healthy honeybee,2017-09-25_16-03-38
val/videos/2017-09-25_16-03-38/2017-09-25_16-03-38.mp4-bee_id_1260-42045-1.png,0,2017-09-25_16-03-38,2017-09-25_16-03-38#1260,42045,val,[],healthy honeybee,2017-09-25_16-03-38
val/videos/2017-09-25_16-03-38/2017-09-25_16-03-38.mp4-bee_id_1261-42060-1.png,0,2017-09-25_16-03-38,2017-09-25_16-03-38#1261,42060,val,[],healthy honeybee,2017-09-25_16-03-38
val/videos/2017-09-25_16-03-38/2017-09-25_16-03-38.mp4-bee_id_1262-42165-1.png,0,2017-09-25_16-03-38,2017-09-25_16-03-38#1262,42165,val,[],healthy honeybee,2017-09-25_16-03-38
val/videos/2017-09-25_16-03-38/2017-09-25_16-03-38.mp4-bee_id_1265-42225-1.png,0,2017-09-25_16-03-38,2017-09-25_16-03-38#1265,42225,val,[],healthy honeybee,2017-09-25_16-03-38
val/videos/2017-09-25_16-03-38/2017-09-25_16-03-38.mp4-bee_id_1266-42240-1.png,0,2017-09-25_16-03-38,2017-09-25_16-03-38#1266,42240,val,[],healthy honeybee,2017-09-25_16-03-38
val/videos/2017-09-25_16-03-38/2017-09-25_16-03-38.mp4-bee_id_1267-42270-1.png,0,2017-09-25_16-03-38,2017-09-25_16-03-38#1267,42270,val,[],healthy honeybee,2017-09-25_16-03-38
val/videos/2017-09-25_16-03-38/2017-09-25_16-03-38.mp4-bee_id_1268-42270-1.png,0,2017-09-25_16-03-38,2017-09-25_16-03-38#1268,42270,val,[],healthy honeybee,2017-09-25_16-03-38
val/videos/2017-09-25_16-03-38/2017-09-25_16-03-38.mp4-bee_id_1269-42360-1.png,0,2017-09-25_16-03-38,2017-09-25_16-03-38#1269,42360,val,[],healthy honeybee,2017-09-25_16-03-38
val/videos/2017-09-25_16-03-38/2017-09-25_16-03-38.mp4-bee_id_1270-42390-1.png,0,2017-09-25_16-03-38,2017-09-25_16-03-38#1270,42390,val,[],healthy honeybee,2017-09-25_16-03-38
val/videos/2017-09-25_16-03-38/2017-09-25_16-03-38.mp4-bee_id_1271-42405-1.png,0,2017-09-25_16-03-38,2017-09-25_16-03-38#1271,42405,val,[],healthy honeybee,2017-09-25_16-03-38
val/videos/2017-09-25_16-03-38/2017-09-25_16-03-38.mp4-bee_id_1273-42525-1.png,0,2017-09-25_16-03-38,2017-09-25_16-03-38#1273,42525,val,[],healthy honeybee,2017-09-25_16-03-38
val/videos/2017-09-25_16-03-38/2017-09-25_16-03-38.mp4-bee_id_1274-42555-1.png,0,2017-09-25_16-03-38,2017-09-25_16-03-38#1274,42555,val,[],healthy honeybee,2017-09-25_16-03-38
val/videos/2017-09-25_16-03-38/2017-09-25_16-03-38.mp4-bee_id_1277-42750-1.png,0,2017-09-25_16-03-38,2017-09-25_16-03-38#1277,42750,val,[],healthy honeybee,2017-09-25_16-03-38
val/videos/2017-09-25_16-03-38/2017-09-25_16-03-38.mp4-bee_id_1278-42750-1.png,0,2017-09-25_16-03-38,2017-09-25_16-03-38#1278,42750,val,[],healthy honeybee,2017-09-25_16-03-38
val/videos/2017-09-25_16-03-38/2017-09-25_16-03-38.mp4-bee_id_1279-42765-1.png,0,2017-09-25_16-03-38,2017-09-25_16-03-38#1279,42765,val,[],healthy honeybee,2017-09-25_16-03-38
val/videos/2017-09-25_16-03-38/2017-09-25_16-03-38.mp4-bee_id_1280-42765-1.png,1,2017-09-25_16-03-38,2017-09-25_16-03-38#1280,42765,val,"[[63.0, 70.0, 100.0, 107.0]]",honeybee with a varroa mite,2017-09-25_16-03-38
val/videos/2017-09-25_16-03-38/2017-09-25_16-03-38.mp4-bee_id_1281-42795-1.png,0,2017-09-25_16-03-38,2017-09-25_16-03-38#1281,42795,val,[],healthy honeybee,2017-09-25_16-03-38
val/videos/2017-09-25_16-03-38/2017-09-25_16-03-38.mp4-bee_id_1282-42810-1.png,0,2017-09-25_16-03-38,2017-09-25_16-03-38#1282,42810,val,[],healthy honeybee,2017-09-25_16-03-38
val/videos/2017-09-25_16-03-38/2017-09-25_16-03-38.mp4-bee_id_1283-42810-1.png,0,2017-09-25_16-03-38,2017-09-25_16-03-38#1283,42810,val,[],healthy honeybee,2017-09-25_16-03-38
val/videos/2017-09-25_16-03-38/2017-09-25_16-03-38.mp4-bee_id_1286-43020-1.png,0,2017-09-25_16-03-38,2017-09-25_16-03-38#1286,43020,val,[],healthy honeybee,2017-09-25_16-03-38
val/videos/2017-09-25_16-03-38/2017-09-25_16-03-38.mp4-bee_id_1288-43110-1.png,0,2017-09-25_16-03-38,2017-09-25_16-03-38#1288,43110,val,[],healthy honeybee,2017-09-25_16-03-38
val/videos/2017-09-25_16-03-38/2017-09-25_16-03-38.mp4-bee_id_1289-43125-1.png,0,2017-09-25_16-03-38,2017-09-25_16-03-38#1289,43125,val,[],healthy honeybee,2017-09-25_16-03-38
val/videos/2017-09-25_16-03-38/2017-09-25_16-03-38.mp4-bee_id_1290-43140-1.png,0,2017-09-25_16-03-38,2017-09-25_16-03-38#1290,43140,val,[],healthy honeybee,2017-09-25_16-03-38
val/videos/2017-09-25_16-03-38/2017-09-25_16-03-38.mp4-bee_id_1291-43155-1.png,0,2017-09-25_16-03-38,2017-09-25_16-03-38#1291,43155,val,[],healthy honeybee,2017-09-25_16-03-38
val/videos/2017-09-25_16-03-38/2017-09-25_16-03-38.mp4-bee_id_1292-43155-1.png,0,2017-09-25_16-03-38,2017-09-25_16-03-38#1292,43155,val,[],healthy honeybee,2017-09-25_16-03-38
val/videos/2017-09-25_16-03-38/2017-09-25_16-03-38.mp4-bee_id_1296-43215-1.png,0,2017-09-25_16-03-38,2017-09-25_16-03-38#1296,43215,val,[],healthy honeybee,2017-09-25_16-03-38
val/videos/2017-09-25_16-03-38/2017-09-25_16-03-38.mp4-bee_id_1297-43245-1.png,0,2017-09-25_16-03-38,2017-09-25_16-03-38#1297,43245,val,[],healthy honeybee,2017-09-25_16-03-38
val/videos/2017-09-25_16-03-38/2017-09-25_16-03-38.mp4-bee_id_1298-43260-1.png,0,2017-09-25_16-03-38,2017-09-25_16-03-38#1298,43260,val,[],healthy honeybee,2017-09-25_16-03-38
val/videos/2017-09-25_16-03-38/2017-09-25_16-03-38.mp4-bee_id_1299-43275-1.png,0,2017-09-25_16-03-38,2017-09-25_16-03-38#1299,43275,val,[],healthy honeybee,2017-09-25_16-03-38
val/videos/2017-09-25_16-03-38/2017-09-25_16-03-38.mp4-bee_id_1301-43350-1.png,0,2017-09-25_16-03-38,2017-09-25_16-03-38#1301,43350,val,[],healthy honeybee,2017-09-25_16-03-38
val/videos/2017-09-25_16-03-38/2017-09-25_16-03-38.mp4-bee_id_1302-43410-1.png,0,2017-09-25_16-03-38,2017-09-25_16-03-38#1302,43410,val,[],healthy honeybee,2017-09-25_16-03-38
val/videos/2017-09-25_16-03-38/2017-09-25_16-03-38.mp4-bee_id_1305-43440-1.png,0,2017-09-25_16-03-38,2017-09-25_16-03-38#1305,43440,val,[],healthy honeybee,2017-09-25_16-03-38
val/videos/2017-09-25_16-03-38/2017-09-25_16-03-38.mp4-bee_id_1306-43500-1.png,1,2017-09-25_16-03-38,2017-09-25_16-03-38#1306,43500,val,"[[45.0, 126.0, 81.0, 158.0]]",honeybee with a varroa mite,2017-09-25_16-03-38
val/videos/2017-09-25_16-03-38/2017-09-25_16-03-38.mp4-bee_id_1307-43500-1.png,0,2017-09-25_16-03-38,2017-09-25_16-03-38#1307,43500,val,[],healthy honeybee,2017-09-25_16-03-38
val/videos/2017-09-25_16-03-38/2017-09-25_16-03-38.mp4-bee_id_1308-43560-1.png,0,2017-09-25_16-03-38,2017-09-25_16-03-38#1308,43560,val,[],healthy honeybee,2017-09-25_16-03-38
val/videos/2017-09-25_16-03-38/2017-09-25_16-03-38.mp4-bee_id_1309-43560-1.png,0,2017-09-25_16-03-38,2017-09-25_16-03-38#1309,43560,val,[],healthy honeybee,2017-09-25_16-03-38
val/videos/2017-09-25_16-03-38/2017-09-25_16-03-38.mp4-bee_id_1310-43575-1.png,0,2017-09-25_16-03-38,2017-09-25_16-03-38#1310,43575,val,[],healthy honeybee,2017-09-25_16-03-38
val/videos/2017-09-25_16-03-38/2017-09-25_16-03-38.mp4-bee_id_1311-43605-1.png,0,2017-09-25_16-03-38,2017-09-25_16-03-38#1311,43605,val,[],healthy honeybee,2017-09-25_16-03-38
val/videos/2017-09-25_16-03-38/2017-09-25_16-03-38.mp4-bee_id_1312-43665-1.png,1,2017-09-25_16-03-38,2017-09-25_16-03-38#1312,43665,val,"[[42.0, 143.0, 81.0, 167.0]]",honeybee with a varroa mite,2017-09-25_16-03-38
val/videos/2017-09-25_16-03-38/2017-09-25_16-03-38.mp4-bee_id_1313-43680-1.png,0,2017-09-25_16-03-38,2017-09-25_16-03-38#1313,43680,val,[],healthy honeybee,2017-09-25_16-03-38
val/videos/2017-09-25_16-03-38/2017-09-25_16-03-38.mp4-bee_id_1314-43785-1.png,1,2017-09-25_16-03-38,2017-09-25_16-03-38#1314,43785,val,"[[26.0, 133.0, 70.0, 168.0]]",honeybee with a varroa mite,2017-09-25_16-03-38
val/videos/2017-09-25_16-03-38/2017-09-25_16-03-38.mp4-bee_id_1315-43830-1.png,0,2017-09-25_16-03-38,2017-09-25_16-03-38#1315,43830,val,[],healthy honeybee,2017-09-25_16-03-38
val/videos/2017-09-25_16-03-38/2017-09-25_16-03-38.mp4-bee_id_1316-43875-1.png,0,2017-09-25_16-03-38,2017-09-25_16-03-38#1316,43875,val,[],healthy honeybee,2017-09-25_16-03-38
val/videos/2017-09-25_16-03-38/2017-09-25_16-03-38.mp4-bee_id_1317-43890-1.png,0,2017-09-25_16-03-38,2017-09-25_16-03-38#1317,43890,val,[],healthy honeybee,2017-09-25_16-03-38
val/videos/2017-09-25_16-03-38/2017-09-25_16-03-38.mp4-bee_id_1318-43890-1.png,1,2017-09-25_16-03-38,2017-09-25_16-03-38#1318,43890,val,"[[65.0, 76.0, 97.0, 107.0]]",honeybee with a varroa mite,2017-09-25_16-03-38
val/videos/2017-09-25_16-03-38/2017-09-25_16-03-38.mp4-bee_id_1319-43950-1.png,0,2017-09-25_16-03-38,2017-09-25_16-03-38#1319,43950,val,[],healthy honeybee,2017-09-25_16-03-38
val/videos/2017-09-25_16-03-38/2017-09-25_16-03-38.mp4-bee_id_1320-43965-1.png,0,2017-09-25_16-03-38,2017-09-25_16-03-38#1320,43965,val,[],healthy honeybee,2017-09-25_16-03-38
val/videos/2017-09-25_16-03-38/2017-09-25_16-03-38.mp4-bee_id_1321-43965-1.png,0,2017-09-25_16-03-38,2017-09-25_16-03-38#1321,43965,val,[],healthy honeybee,2017-09-25_16-03-38
val/videos/2017-09-25_16-03-38/2017-09-25_16-03-38.mp4-bee_id_1322-43995-1.png,0,2017-09-25_16-03-38,2017-09-25_16-03-38#1322,43995,val,[],healthy honeybee,2017-09-25_16-03-38
val/videos/2017-09-25_16-03-38/2017-09-25_16-03-38.mp4-bee_id_1323-43995-1.png,0,2017-09-25_16-03-38,2017-09-25_16-03-38#1323,43995,val,[],healthy honeybee,2017-09-25_16-03-38
val/videos/2017-09-25_16-03-38/2017-09-25_16-03-38.mp4-bee_id_1325-44025-1.png,0,2017-09-25_16-03-38,2017-09-25_16-03-38#1325,44025,val,[],healthy honeybee,2017-09-25_16-03-38
val/videos/2017-09-25_16-03-38/2017-09-25_16-03-38.mp4-bee_id_1326-44025-1.png,0,2017-09-25_16-03-38,2017-09-25_16-03-38#1326,44025,val,[],healthy honeybee,2017-09-25_16-03-38
val/videos/2017-09-25_16-03-38/2017-09-25_16-03-38.mp4-bee_id_1329-44145-1.png,0,2017-09-25_16-03-38,2017-09-25_16-03-38#1329,44145,val,[],healthy honeybee,2017-09-25_16-03-38
val/videos/2017-09-25_16-03-38/2017-09-25_16-03-38.mp4-bee_id_1330-44220-1.png,1,2017-09-25_16-03-38,2017-09-25_16-03-38#1330,44220,val,"[[46.0, 54.0, 90.0, 100.0], [59.0, 139.0, 78.0, 174.0], [90.0, 124.0, 132.0, 154.0]]",honeybee with a varroa mite,2017-09-25_16-03-38
val/videos/2017-09-25_16-03-38/2017-09-25_16-03-38.mp4-bee_id_1331-44235-1.png,0,2017-09-25_16-03-38,2017-09-25_16-03-38#1331,44235,val,[],healthy honeybee,2017-09-25_16-03-38
val/videos/2017-09-25_16-03-38/2017-09-25_16-03-38.mp4-bee_id_1333-44265-1.png,0,2017-09-25_16-03-38,2017-09-25_16-03-38#1333,44265,val,[],healthy honeybee,2017-09-25_16-03-38
val/videos/2017-09-25_16-03-38/2017-09-25_16-03-38.mp4-bee_id_1334-44280-1.png,0,2017-09-25_16-03-38,2017-09-25_16-03-38#1334,44280,val,[],healthy honeybee,2017-09-25_16-03-38
val/videos/2017-09-25_16-03-38/2017-09-25_16-03-38.mp4-bee_id_1335-44310-1.png,0,2017-09-25_16-03-38,2017-09-25_16-03-38#1335,44310,val,[],healthy honeybee,2017-09-25_16-03-38
val/videos/2017-09-25_16-03-38/2017-09-25_16-03-38.mp4-bee_id_1336-44325-1.png,0,2017-09-25_16-03-38,2017-09-25_16-03-38#1336,44325,val,[],healthy honeybee,2017-09-25_16-03-38
val/videos/2017-09-25_16-03-38/2017-09-25_16-03-38.mp4-bee_id_1337-44340-1.png,0,2017-09-25_16-03-38,2017-09-25_16-03-38#1337,44340,val,[],healthy honeybee,2017-09-25_16-03-38
val/videos/2017-09-25_16-03-38/2017-09-25_16-03-38.mp4-bee_id_1338-44355-1.png,0,2017-09-25_16-03-38,2017-09-25_16-03-38#1338,44355,val,[],healthy honeybee,2017-09-25_16-03-38
val/videos/2017-09-25_16-03-38/2017-09-25_16-03-38.mp4-bee_id_1339-44370-1.png,0,2017-09-25_16-03-38,2017-09-25_16-03-38#1339,44370,val,[],healthy honeybee,2017-09-25_16-03-38
val/videos/2017-09-25_16-03-38/2017-09-25_16-03-38.mp4-bee_id_1340-44370-1.png,0,2017-09-25_16-03-38,2017-09-25_16-03-38#1340,44370,val,[],healthy honeybee,2017-09-25_16-03-38
val/videos/2017-09-25_16-03-38/2017-09-25_16-03-38.mp4-bee_id_1341-44460-1.png,0,2017-09-25_16-03-38,2017-09-25_16-03-38#1341,44460,val,[],healthy honeybee,2017-09-25_16-03-38
val/videos/2017-09-25_16-03-38/2017-09-25_16-03-38.mp4-bee_id_1342-44475-1.png,0,2017-09-25_16-03-38,2017-09-25_16-03-38#1342,44475,val,[],healthy honeybee,2017-09-25_16-03-38
val/videos/2017-09-25_16-03-38/2017-09-25_16-03-38.mp4-bee_id_1344-44505-1.png,0,2017-09-25_16-03-38,2017-09-25_16-03-38#1344,44505,val,[],healthy honeybee,2017-09-25_16-03-38
val/videos/2017-09-25_16-03-38/2017-09-25_16-03-38.mp4-bee_id_1347-44550-1.png,1,2017-09-25_16-03-38,2017-09-25_16-03-38#1347,44550,val,"[[31.0, 102.0, 51.0, 133.0]]",honeybee with a varroa mite,2017-09-25_16-03-38
val/videos/2017-09-25_16-03-38/2017-09-25_16-03-38.mp4-bee_id_1348-44565-1.png,0,2017-09-25_16-03-38,2017-09-25_16-03-38#1348,44565,val,[],healthy honeybee,2017-09-25_16-03-38
val/videos/2017-09-25_16-03-38/2017-09-25_16-03-38.mp4-bee_id_1349-44580-1.png,0,2017-09-25_16-03-38,2017-09-25_16-03-38#1349,44580,val,[],healthy honeybee,2017-09-25_16-03-38
val/videos/2017-09-25_16-03-38/2017-09-25_16-03-38.mp4-bee_id_1350-44595-1.png,0,2017-09-25_16-03-38,2017-09-25_16-03-38#1350,44595,val,[],healthy honeybee,2017-09-25_16-03-38
val/videos/2017-09-25_16-03-38/2017-09-25_16-03-38.mp4-bee_id_1351-44625-1.png,0,2017-09-25_16-03-38,2017-09-25_16-03-38#1351,44625,val,[],healthy honeybee,2017-09-25_16-03-38
val/videos/2017-09-25_16-03-38/2017-09-25_16-03-38.mp4-bee_id_1352-44670-1.png,0,2017-09-25_16-03-38,2017-09-25_16-03-38#1352,44670,val,[],healthy honeybee,2017-09-25_16-03-38
val/videos/2017-09-25_16-03-38/2017-09-25_16-03-38.mp4-bee_id_1355-44760-1.png,1,2017-09-25_16-03-38,2017-09-25_16-03-38#1355,44760,val,"[[90.0, 109.0, 113.0, 128.0]]",honeybee with a varroa mite,2017-09-25_16-03-38
val/videos/2017-09-25_16-03-38/2017-09-25_16-03-38.mp4-bee_id_1358-44805-1.png,0,2017-09-25_16-03-38,2017-09-25_16-03-38#1358,44805,val,[],healthy honeybee,2017-09-25_16-03-38
val/videos/2017-09-25_16-03-38/2017-09-25_16-03-38.mp4-bee_id_1359-44805-1.png,0,2017-09-25_16-03-38,2017-09-25_16-03-38#1359,44805,val,[],healthy honeybee,2017-09-25_16-03-38
val/videos/2017-09-25_16-03-38/2017-09-25_16-03-38.mp4-bee_id_1360-44835-1.png,0,2017-09-25_16-03-38,2017-09-25_16-03-38#1360,44835,val,[],healthy honeybee,2017-09-25_16-03-38
val/videos/2017-09-25_16-03-38/2017-09-25_16-03-38.mp4-bee_id_1362-44865-1.png,0,2017-09-25_16-03-38,2017-09-25_16-03-38#1362,44865,val,[],healthy honeybee,2017-09-25_16-03-38
val/videos/2017-09-25_16-03-38/2017-09-25_16-03-38.mp4-bee_id_1365-44910-1.png,0,2017-09-25_16-03-38,2017-09-25_16-03-38#1365,44910,val,[],healthy honeybee,2017-09-25_16-03-38
val/videos/2017-09-25_16-03-38/2017-09-25_16-03-38.mp4-bee_id_1366-44940-1.png,0,2017-09-25_16-03-38,2017-09-25_16-03-38#1366,44940,val,[],healthy honeybee,2017-09-25_16-03-38
val/videos/2017-09-25_16-03-38/2017-09-25_16-03-38.mp4-bee_id_1368-44970-1.png,0,2017-09-25_16-03-38,2017-09-25_16-03-38#1368,44970,val,[],healthy honeybee,2017-09-25_16-03-38
val/videos/2017-09-25_16-03-38/2017-09-25_16-03-38.mp4-bee_id_1369-45015-1.png,0,2017-09-25_16-03-38,2017-09-25_16-03-38#1369,45015,val,[],healthy honeybee,2017-09-25_16-03-38
val/videos/2017-09-25_16-03-38/2017-09-25_16-03-38.mp4-bee_id_1370-45060-1.png,0,2017-09-25_16-03-38,2017-09-25_16-03-38#1370,45060,val,[],healthy honeybee,2017-09-25_16-03-38
val/videos/2017-09-25_16-03-38/2017-09-25_16-03-38.mp4-bee_id_1371-45150-1.png,0,2017-09-25_16-03-38,2017-09-25_16-03-38#1371,45150,val,[],healthy honeybee,2017-09-25_16-03-38
val/videos/2017-09-25_16-03-38/2017-09-25_16-03-38.mp4-bee_id_1373-45240-1.png,0,2017-09-25_16-03-38,2017-09-25_16-03-38#1373,45240,val,[],healthy honeybee,2017-09-25_16-03-38
val/videos/2017-09-25_16-03-38/2017-09-25_16-03-38.mp4-bee_id_1375-45270-1.png,0,2017-09-25_16-03-38,2017-09-25_16-03-38#1375,45270,val,[],healthy honeybee,2017-09-25_16-03-38
val/videos/2017-09-25_16-03-38/2017-09-25_16-03-38.mp4-bee_id_1377-45405-1.png,1,2017-09-25_16-03-38,2017-09-25_16-03-38#1377,45405,val,"[[78.0, 123.0, 112.0, 167.0]]",honeybee with a varroa mite,2017-09-25_16-03-38
val/videos/2017-09-25_16-03-38/2017-09-25_16-03-38.mp4-bee_id_1378-45405-1.png,0,2017-09-25_16-03-38,2017-09-25_16-03-38#1378,45405,val,[],healthy honeybee,2017-09-25_16-03-38
val/videos/2017-09-25_16-03-38/2017-09-25_16-03-38.mp4-bee_id_1379-45405-1.png,0,2017-09-25_16-03-38,2017-09-25_16-03-38#1379,45405,val,[],healthy honeybee,2017-09-25_16-03-38
val/videos/2017-09-25_16-03-38/2017-09-25_16-03-38.mp4-bee_id_1380-45420-1.png,0,2017-09-25_16-03-38,2017-09-25_16-03-38#1380,45420,val,[],healthy honeybee,2017-09-25_16-03-38
val/videos/2017-09-25_16-03-38/2017-09-25_16-03-38.mp4-bee_id_1382-45510-1.png,1,2017-09-25_16-03-38,2017-09-25_16-03-38#1382,45510,val,"[[65.0, 84.0, 106.0, 127.0]]",honeybee with a varroa mite,2017-09-25_16-03-38
val/videos/2017-09-25_16-03-38/2017-09-25_16-03-38.mp4-bee_id_1383-45510-1.png,0,2017-09-25_16-03-38,2017-09-25_16-03-38#1383,45510,val,[],healthy honeybee,2017-09-25_16-03-38
val/videos/2017-09-25_16-03-38/2017-09-25_16-03-38.mp4-bee_id_1384-45525-1.png,1,2017-09-25_16-03-38,2017-09-25_16-03-38#1384,45525,val,"[[70.0, 74.0, 109.0, 105.0]]",honeybee with a varroa mite,2017-09-25_16-03-38
val/videos/2017-09-25_16-03-38/2017-09-25_16-03-38.mp4-bee_id_1385-45525-1.png,0,2017-09-25_16-03-38,2017-09-25_16-03-38#1385,45525,val,[],healthy honeybee,2017-09-25_16-03-38
val/videos/2017-09-25_16-03-38/2017-09-25_16-03-38.mp4-bee_id_1386-45540-1.png,0,2017-09-25_16-03-38,2017-09-25_16-03-38#1386,45540,val,[],healthy honeybee,2017-09-25_16-03-38
val/videos/2017-09-25_16-03-38/2017-09-25_16-03-38.mp4-bee_id_1387-45555-1.png,1,2017-09-25_16-03-38,2017-09-25_16-03-38#1387,45555,val,"[[54.0, 66.0, 97.0, 90.0]]",honeybee with a varroa mite,2017-09-25_16-03-38
val/videos/2017-09-25_16-03-38/2017-09-25_16-03-38.mp4-bee_id_1389-45600-1.png,0,2017-09-25_16-03-38,2017-09-25_16-03-38#1389,45600,val,[],healthy honeybee,2017-09-25_16-03-38
val/videos/2017-09-25_16-03-38/2017-09-25_16-03-38.mp4-bee_id_1390-45615-1.png,1,2017-09-25_16-03-38,2017-09-25_16-03-38#1390,45615,val,"[[54.0, 180.0, 93.0, 210.0]]",honeybee with a varroa mite,2017-09-25_16-03-38
val/videos/2017-09-25_16-03-38/2017-09-25_16-03-38.mp4-bee_id_1391-45615-1.png,0,2017-09-25_16-03-38,2017-09-25_16-03-38#1391,45615,val,[],healthy honeybee,2017-09-25_16-03-38
val/videos/2017-09-25_16-03-38/2017-09-25_16-03-38.mp4-bee_id_1393-45630-1.png,0,2017-09-25_16-03-38,2017-09-25_16-03-38#1393,45630,val,[],healthy honeybee,2017-09-25_16-03-38
val/videos/2017-09-25_16-03-38/2017-09-25_16-03-38.mp4-bee_id_1394-45645-1.png,0,2017-09-25_16-03-38,2017-09-25_16-03-38#1394,45645,val,[],healthy honeybee,2017-09-25_16-03-38
val/videos/2017-09-25_16-03-38/2017-09-25_16-03-38.mp4-bee_id_1397-45960-1.png,1,2017-09-25_16-03-38,2017-09-25_16-03-38#1397,45960,val,"[[85.0, 90.0, 117.0, 121.0]]",honeybee with a varroa mite,2017-09-25_16-03-38
val/videos/2017-09-25_16-03-38/2017-09-25_16-03-38.mp4-bee_id_1400-46005-1.png,1,2017-09-25_16-03-38,2017-09-25_16-03-38#1400,46005,val,"[[55.0, 59.0, 98.0, 94.0]]",honeybee with a varroa mite,2017-09-25_16-03-38
val/videos/2017-09-25_16-03-38/2017-09-25_16-03-38.mp4-bee_id_1402-46050-1.png,0,2017-09-25_16-03-38,2017-09-25_16-03-38#1402,46050,val,[],healthy honeybee,2017-09-25_16-03-38
val/videos/2017-09-25_16-03-38/2017-09-25_16-03-38.mp4-bee_id_1403-46050-1.png,1,2017-09-25_16-03-38,2017-09-25_16-03-38#1403,46050,val,"[[51.0, 71.0, 93.0, 102.0]]",honeybee with a varroa mite,2017-09-25_16-03-38
val/videos/2017-09-25_16-03-38/2017-09-25_16-03-38.mp4-bee_id_1405-46065-1.png,1,2017-09-25_16-03-38,2017-09-25_16-03-38#1405,46065,val,"[[62.0, 67.0, 98.0, 91.0]]",honeybee with a varroa mite,2017-09-25_16-03-38
val/videos/2017-09-25_16-03-38/2017-09-25_16-03-38.mp4-bee_id_1406-46080-1.png,1,2017-09-25_16-03-38,2017-09-25_16-03-38#1406,46080,val,"[[23.0, 97.0, 62.0, 129.0]]",honeybee with a varroa mite,2017-09-25_16-03-38
val/videos/2017-09-25_16-03-38/2017-09-25_16-03-38.mp4-bee_id_1407-46125-1.png,0,2017-09-25_16-03-38,2017-09-25_16-03-38#1407,46125,val,[],healthy honeybee,2017-09-25_16-03-38
val/videos/2017-09-25_16-03-38/2017-09-25_16-03-38.mp4-bee_id_1408-46125-1.png,0,2017-09-25_16-03-38,2017-09-25_16-03-38#1408,46125,val,[],healthy honeybee,2017-09-25_16-03-38
val/videos/2017-09-25_16-03-38/2017-09-25_16-03-38.mp4-bee_id_1410-46155-1.png,1,2017-09-25_16-03-38,2017-09-25_16-03-38#1410,46155,val,"[[31.0, 100.0, 69.0, 139.0]]",honeybee with a varroa mite,2017-09-25_16-03-38
val/videos/2017-09-25_16-03-38/2017-09-25_16-03-38.mp4-bee_id_1411-46170-1.png,0,2017-09-25_16-03-38,2017-09-25_16-03-38#1411,46170,val,[],healthy honeybee,2017-09-25_16-03-38
val/videos/2017-09-25_16-03-38/2017-09-25_16-03-38.mp4-bee_id_1412-46170-1.png,0,2017-09-25_16-03-38,2017-09-25_16-03-38#1412,46170,val,[],healthy honeybee,2017-09-25_16-03-38
val/videos/2017-09-25_16-03-38/2017-09-25_16-03-38.mp4-bee_id_1413-46215-1.png,1,2017-09-25_16-03-38,2017-09-25_16-03-38#1413,46215,val,"[[63.0, 183.0, 109.0, 207.0], [31.0, 122.0, 74.0, 149.0]]",honeybee with a varroa mite,2017-09-25_16-03-38
val/videos/2017-09-25_16-03-38/2017-09-25_16-03-38.mp4-bee_id_1414-46245-1.png,0,2017-09-25_16-03-38,2017-09-25_16-03-38#1414,46245,val,[],healthy honeybee,2017-09-25_16-03-38
val/videos/2017-09-25_16-03-38/2017-09-25_16-03-38.mp4-bee_id_1416-46365-1.png,0,2017-09-25_16-03-38,2017-09-25_16-03-38#1416,46365,val,[],healthy honeybee,2017-09-25_16-03-38
val/videos/2017-09-25_16-03-38/2017-09-25_16-03-38.mp4-bee_id_1417-46380-1.png,0,2017-09-25_16-03-38,2017-09-25_16-03-38#1417,46380,val,[],healthy honeybee,2017-09-25_16-03-38
val/videos/2017-09-25_16-03-38/2017-09-25_16-03-38.mp4-bee_id_1419-46410-1.png,0,2017-09-25_16-03-38,2017-09-25_16-03-38#1419,46410,val,[],healthy honeybee,2017-09-25_16-03-38
val/videos/2017-09-25_16-03-38/2017-09-25_16-03-38.mp4-bee_id_1420-46410-1.png,0,2017-09-25_16-03-38,2017-09-25_16-03-38#1420,46410,val,[],healthy honeybee,2017-09-25_16-03-38
val/videos/2017-09-25_16-03-38/2017-09-25_16-03-38.mp4-bee_id_1422-46440-1.png,0,2017-09-25_16-03-38,2017-09-25_16-03-38#1422,46440,val,[],healthy honeybee,2017-09-25_16-03-38
val/videos/2017-09-25_16-03-38/2017-09-25_16-03-38.mp4-bee_id_1424-46590-1.png,0,2017-09-25_16-03-38,2017-09-25_16-03-38#1424,46590,val,[],healthy honeybee,2017-09-25_16-03-38
val/videos/2017-09-25_16-03-38/2017-09-25_16-03-38.mp4-bee_id_1425-46605-1.png,0,2017-09-25_16-03-38,2017-09-25_16-03-38#1425,46605,val,[],healthy honeybee,2017-09-25_16-03-38
val/videos/2017-09-25_16-03-38/2017-09-25_16-03-38.mp4-bee_id_1426-46635-1.png,1,2017-09-25_16-03-38,2017-09-25_16-03-38#1426,46635,val,"[[98.0, 155.0, 136.0, 190.0]]",honeybee with a varroa mite,2017-09-25_16-03-38
val/videos/2017-09-25_16-03-38/2017-09-25_16-03-38.mp4-bee_id_1427-46650-1.png,0,2017-09-25_16-03-38,2017-09-25_16-03-38#1427,46650,val,[],healthy honeybee,2017-09-25_16-03-38
val/videos/2017-09-25_16-03-38/2017-09-25_16-03-38.mp4-bee_id_1428-46710-1.png,0,2017-09-25_16-03-38,2017-09-25_16-03-38#1428,46710,val,[],healthy honeybee,2017-09-25_16-03-38
val/videos/2017-09-25_16-03-38/2017-09-25_16-03-38.mp4-bee_id_1429-46725-1.png,1,2017-09-25_16-03-38,2017-09-25_16-03-38#1429,46725,val,"[[23.0, 104.0, 53.0, 135.0]]",honeybee with a varroa mite,2017-09-25_16-03-38
val/videos/2017-09-25_16-03-38/2017-09-25_16-03-38.mp4-bee_id_1430-46755-1.png,0,2017-09-25_16-03-38,2017-09-25_16-03-38#1430,46755,val,[],healthy honeybee,2017-09-25_16-03-38
val/videos/2017-09-25_16-03-38/2017-09-25_16-03-38.mp4-bee_id_1431-46770-1.png,0,2017-09-25_16-03-38,2017-09-25_16-03-38#1431,46770,val,[],healthy honeybee,2017-09-25_16-03-38
val/videos/2017-09-25_16-03-38/2017-09-25_16-03-38.mp4-bee_id_1432-46770-1.png,0,2017-09-25_16-03-38,2017-09-25_16-03-38#1432,46770,val,[],healthy honeybee,2017-09-25_16-03-38
val/videos/2017-09-25_16-03-38/2017-09-25_16-03-38.mp4-bee_id_1436-46815-1.png,1,2017-09-25_16-03-38,2017-09-25_16-03-38#1436,46815,val,"[[42.0, 108.0, 59.0, 128.0]]",honeybee with a varroa mite,2017-09-25_16-03-38
val/videos/2017-09-25_16-03-38/2017-09-25_16-03-38.mp4-bee_id_1437-46815-1.png,0,2017-09-25_16-03-38,2017-09-25_16-03-38#1437,46815,val,[],healthy honeybee,2017-09-25_16-03-38
val/videos/2017-09-25_16-03-38/2017-09-25_16-03-38.mp4-bee_id_1438-46890-1.png,0,2017-09-25_16-03-38,2017-09-25_16-03-38#1438,46890,val,[],healthy honeybee,2017-09-25_16-03-38
val/videos/2017-09-25_16-03-38/2017-09-25_16-03-38.mp4-bee_id_1439-46890-1.png,0,2017-09-25_16-03-38,2017-09-25_16-03-38#1439,46890,val,[],healthy honeybee,2017-09-25_16-03-38
val/videos/2017-09-25_16-03-38/2017-09-25_16-03-38.mp4-bee_id_1440-46905-1.png,0,2017-09-25_16-03-38,2017-09-25_16-03-38#1440,46905,val,[],healthy honeybee,2017-09-25_16-03-38
val/videos/2017-09-25_16-03-38/2017-09-25_16-03-38.mp4-bee_id_1441-46905-1.png,0,2017-09-25_16-03-38,2017-09-25_16-03-38#1441,46905,val,[],healthy honeybee,2017-09-25_16-03-38
val/videos/2017-09-25_16-03-38/2017-09-25_16-03-38.mp4-bee_id_1443-46950-1.png,0,2017-09-25_16-03-38,2017-09-25_16-03-38#1443,46950,val,[],healthy honeybee,2017-09-25_16-03-38
val/videos/2017-09-25_16-03-38/2017-09-25_16-03-38.mp4-bee_id_1444-47010-1.png,0,2017-09-25_16-03-38,2017-09-25_16-03-38#1444,47010,val,[],healthy honeybee,2017-09-25_16-03-38
val/videos/2017-09-25_16-03-38/2017-09-25_16-03-38.mp4-bee_id_1448-47130-1.png,0,2017-09-25_16-03-38,2017-09-25_16-03-38#1448,47130,val,[],healthy honeybee,2017-09-25_16-03-38
val/videos/2017-09-25_16-03-38/2017-09-25_16-03-38.mp4-bee_id_1449-47145-1.png,0,2017-09-25_16-03-38,2017-09-25_16-03-38#1449,47145,val,[],healthy honeybee,2017-09-25_16-03-38
val/videos/2017-09-25_16-03-38/2017-09-25_16-03-38.mp4-bee_id_1450-47160-1.png,0,2017-09-25_16-03-38,2017-09-25_16-03-38#1450,47160,val,[],healthy honeybee,2017-09-25_16-03-38
val/videos/2017-09-25_16-03-38/2017-09-25_16-03-38.mp4-bee_id_1452-47190-1.png,0,2017-09-25_16-03-38,2017-09-25_16-03-38#1452,47190,val,[],healthy honeybee,2017-09-25_16-03-38
val/videos/2017-09-25_16-03-38/2017-09-25_16-03-38.mp4-bee_id_1453-47220-1.png,0,2017-09-25_16-03-38,2017-09-25_16-03-38#1453,47220,val,[],healthy honeybee,2017-09-25_16-03-38
val/videos/2017-09-25_16-03-38/2017-09-25_16-03-38.mp4-bee_id_1457-47340-1.png,0,2017-09-25_16-03-38,2017-09-25_16-03-38#1457,47340,val,[],healthy honeybee,2017-09-25_16-03-38
val/videos/2017-09-25_16-03-38/2017-09-25_16-03-38.mp4-bee_id_1459-47355-1.png,1,2017-09-25_16-03-38,2017-09-25_16-03-38#1459,47355,val,"[[100.0, 114.0, 136.0, 145.0]]",honeybee with a varroa mite,2017-09-25_16-03-38
val/videos/2017-09-25_16-03-38/2017-09-25_16-03-38.mp4-bee_id_1460-47370-1.png,0,2017-09-25_16-03-38,2017-09-25_16-03-38#1460,47370,val,[],healthy honeybee,2017-09-25_16-03-38
val/videos/2017-09-25_16-03-38/2017-09-25_16-03-38.mp4-bee_id_1461-47535-1.png,0,2017-09-25_16-03-38,2017-09-25_16-03-38#1461,47535,val,[],healthy honeybee,2017-09-25_16-03-38
val/videos/2017-09-25_16-03-38/2017-09-25_16-03-38.mp4-bee_id_1465-47670-1.png,1,2017-09-25_16-03-38,2017-09-25_16-03-38#1465,47670,val,"[[65.0, 74.0, 101.0, 97.0]]",honeybee with a varroa mite,2017-09-25_16-03-38
val/videos/2017-09-25_16-03-38/2017-09-25_16-03-38.mp4-bee_id_1468-47835-1.png,0,2017-09-25_16-03-38,2017-09-25_16-03-38#1468,47835,val,[],healthy honeybee,2017-09-25_16-03-38
val/videos/2017-09-25_16-03-38/2017-09-25_16-03-38.mp4-bee_id_1469-47880-1.png,1,2017-09-25_16-03-38,2017-09-25_16-03-38#1469,47880,val,"[[30.0, 111.0, 57.0, 130.0]]",honeybee with a varroa mite,2017-09-25_16-03-38
val/videos/2017-09-25_16-03-38/2017-09-25_16-03-38.mp4-bee_id_1470-47910-1.png,0,2017-09-25_16-03-38,2017-09-25_16-03-38#1470,47910,val,[],healthy honeybee,2017-09-25_16-03-38
val/videos/2017-09-25_16-03-38/2017-09-25_16-03-38.mp4-bee_id_1471-47925-1.png,0,2017-09-25_16-03-38,2017-09-25_16-03-38#1471,47925,val,[],healthy honeybee,2017-09-25_16-03-38
val/videos/2017-09-25_16-03-38/2017-09-25_16-03-38.mp4-bee_id_1472-47940-1.png,1,2017-09-25_16-03-38,2017-09-25_16-03-38#1472,47940,val,"[[23.0, 102.0, 65.0, 132.0]]",honeybee with a varroa mite,2017-09-25_16-03-38
val/videos/2017-09-25_16-03-38/2017-09-25_16-03-38.mp4-bee_id_1473-47970-1.png,0,2017-09-25_16-03-38,2017-09-25_16-03-38#1473,47970,val,[],healthy honeybee,2017-09-25_16-03-38
val/videos/2017-09-25_16-03-38/2017-09-25_16-03-38.mp4-bee_id_1474-48000-1.png,0,2017-09-25_16-03-38,2017-09-25_16-03-38#1474,48000,val,[],healthy honeybee,2017-09-25_16-03-38
val/videos/2017-09-25_16-03-38/2017-09-25_16-03-38.mp4-bee_id_1477-48030-1.png,0,2017-09-25_16-03-38,2017-09-25_16-03-38#1477,48030,val,[],healthy honeybee,2017-09-25_16-03-38
val/videos/2017-09-25_16-03-38/2017-09-25_16-03-38.mp4-bee_id_1480-48150-1.png,0,2017-09-25_16-03-38,2017-09-25_16-03-38#1480,48150,val,[],healthy honeybee,2017-09-25_16-03-38
val/videos/2017-09-25_16-03-38/2017-09-25_16-03-38.mp4-bee_id_1481-48165-1.png,0,2017-09-25_16-03-38,2017-09-25_16-03-38#1481,48165,val,[],healthy honeybee,2017-09-25_16-03-38
val/videos/2017-09-25_16-03-38/2017-09-25_16-03-38.mp4-bee_id_1485-48210-1.png,0,2017-09-25_16-03-38,2017-09-25_16-03-38#1485,48210,val,[],healthy honeybee,2017-09-25_16-03-38
val/videos/2017-09-25_16-03-38/2017-09-25_16-03-38.mp4-bee_id_1486-48270-1.png,0,2017-09-25_16-03-38,2017-09-25_16-03-38#1486,48270,val,[],healthy honeybee,2017-09-25_16-03-38
val/videos/2017-09-25_16-03-38/2017-09-25_16-03-38.mp4-bee_id_1487-48300-1.png,0,2017-09-25_16-03-38,2017-09-25_16-03-38#1487,48300,val,[],healthy honeybee,2017-09-25_16-03-38
val/videos/2017-09-25_16-03-38/2017-09-25_16-03-38.mp4-bee_id_1488-48375-1.png,0,2017-09-25_16-03-38,2017-09-25_16-03-38#1488,48375,val,[],healthy honeybee,2017-09-25_16-03-38
val/videos/2017-09-25_16-03-38/2017-09-25_16-03-38.mp4-bee_id_1489-48465-1.png,0,2017-09-25_16-03-38,2017-09-25_16-03-38#1489,48465,val,[],healthy honeybee,2017-09-25_16-03-38
val/videos/2017-09-25_16-03-38/2017-09-25_16-03-38.mp4-bee_id_1490-48465-1.png,1,2017-09-25_16-03-38,2017-09-25_16-03-38#1490,48465,val,"[[85.0, 154.0, 132.0, 190.0]]",honeybee with a varroa mite,2017-09-25_16-03-38
val/videos/2017-09-25_16-03-38/2017-09-25_16-03-38.mp4-bee_id_1491-48495-1.png,0,2017-09-25_16-03-38,2017-09-25_16-03-38#1491,48495,val,[],healthy honeybee,2017-09-25_16-03-38
val/videos/2017-09-25_16-03-38/2017-09-25_16-03-38.mp4-bee_id_1493-48525-1.png,0,2017-09-25_16-03-38,2017-09-25_16-03-38#1493,48525,val,[],healthy honeybee,2017-09-25_16-03-38
val/videos/2017-09-25_16-03-38/2017-09-25_16-03-38.mp4-bee_id_1494-48540-1.png,0,2017-09-25_16-03-38,2017-09-25_16-03-38#1494,48540,val,[],healthy honeybee,2017-09-25_16-03-38
val/videos/2017-09-25_16-03-38/2017-09-25_16-03-38.mp4-bee_id_1496-48540-1.png,0,2017-09-25_16-03-38,2017-09-25_16-03-38#1496,48540,val,[],healthy honeybee,2017-09-25_16-03-38
val/videos/2017-09-25_16-03-38/2017-09-25_16-03-38.mp4-bee_id_1497-48555-1.png,0,2017-09-25_16-03-38,2017-09-25_16-03-38#1497,48555,val,[],healthy honeybee,2017-09-25_16-03-38
val/videos/2017-09-25_16-03-38/2017-09-25_16-03-38.mp4-bee_id_1499-48630-1.png,0,2017-09-25_16-03-38,2017-09-25_16-03-38#1499,48630,val,[],healthy honeybee,2017-09-25_16-03-38
val/videos/2017-09-25_16-03-38/2017-09-25_16-03-38.mp4-bee_id_1500-48645-1.png,0,2017-09-25_16-03-38,2017-09-25_16-03-38#1500,48645,val,[],healthy honeybee,2017-09-25_16-03-38
val/videos/2017-09-25_16-03-38/2017-09-25_16-03-38.mp4-bee_id_1503-48705-1.png,0,2017-09-25_16-03-38,2017-09-25_16-03-38#1503,48705,val,[],healthy honeybee,2017-09-25_16-03-38
val/videos/2017-09-25_16-03-38/2017-09-25_16-03-38.mp4-bee_id_1504-48795-1.png,0,2017-09-25_16-03-38,2017-09-25_16-03-38#1504,48795,val,[],healthy honeybee,2017-09-25_16-03-38
val/videos/2017-09-25_16-03-38/2017-09-25_16-03-38.mp4-bee_id_1507-48855-1.png,0,2017-09-25_16-03-38,2017-09-25_16-03-38#1507,48855,val,[],healthy honeybee,2017-09-25_16-03-38
val/videos/2017-09-25_16-03-38/2017-09-25_16-03-38.mp4-bee_id_1509-48855-1.png,0,2017-09-25_16-03-38,2017-09-25_16-03-38#1509,48855,val,[],healthy honeybee,2017-09-25_16-03-38
val/videos/2017-09-25_16-03-38/2017-09-25_16-03-38.mp4-bee_id_1510-48855-1.png,0,2017-09-25_16-03-38,2017-09-25_16-03-38#1510,48855,val,[],healthy honeybee,2017-09-25_16-03-38
val/videos/2017-09-25_16-03-38/2017-09-25_16-03-38.mp4-bee_id_1511-48960-1.png,0,2017-09-25_16-03-38,2017-09-25_16-03-38#1511,48960,val,[],healthy honeybee,2017-09-25_16-03-38
val/videos/2017-09-25_16-03-38/2017-09-25_16-03-38.mp4-bee_id_1512-48975-1.png,0,2017-09-25_16-03-38,2017-09-25_16-03-38#1512,48975,val,[],healthy honeybee,2017-09-25_16-03-38
val/videos/2017-09-25_16-03-38/2017-09-25_16-03-38.mp4-bee_id_1514-49035-1.png,0,2017-09-25_16-03-38,2017-09-25_16-03-38#1514,49035,val,[],healthy honeybee,2017-09-25_16-03-38
val/videos/2017-09-25_16-03-38/2017-09-25_16-03-38.mp4-bee_id_1515-49170-1.png,1,2017-09-25_16-03-38,2017-09-25_16-03-38#1515,49170,val,"[[42.0, 104.0, 73.0, 135.0]]",honeybee with a varroa mite,2017-09-25_16-03-38
val/videos/2017-09-25_16-03-38/2017-09-25_16-03-38.mp4-bee_id_1516-49230-1.png,0,2017-09-25_16-03-38,2017-09-25_16-03-38#1516,49230,val,[],healthy honeybee,2017-09-25_16-03-38
val/videos/2017-09-25_16-03-38/2017-09-25_16-03-38.mp4-bee_id_1517-49350-1.png,0,2017-09-25_16-03-38,2017-09-25_16-03-38#1517,49350,val,[],healthy honeybee,2017-09-25_16-03-38
val/videos/2017-09-25_16-03-38/2017-09-25_16-03-38.mp4-bee_id_1519-49410-1.png,0,2017-09-25_16-03-38,2017-09-25_16-03-38#1519,49410,val,[],healthy honeybee,2017-09-25_16-03-38
val/videos/2017-09-25_16-03-38/2017-09-25_16-03-38.mp4-bee_id_1521-49425-1.png,0,2017-09-25_16-03-38,2017-09-25_16-03-38#1521,49425,val,[],healthy honeybee,2017-09-25_16-03-38
val/videos/2017-09-25_16-03-38/2017-09-25_16-03-38.mp4-bee_id_1522-49425-1.png,0,2017-09-25_16-03-38,2017-09-25_16-03-38#1522,49425,val,[],healthy honeybee,2017-09-25_16-03-38
val/videos/2017-09-25_16-03-38/2017-09-25_16-03-38.mp4-bee_id_1523-49440-1.png,1,2017-09-25_16-03-38,2017-09-25_16-03-38#1523,49440,val,"[[59.0, 109.0, 112.0, 140.0]]",honeybee with a varroa mite,2017-09-25_16-03-38
val/videos/2017-09-25_16-03-38/2017-09-25_16-03-38.mp4-bee_id_1525-49500-1.png,0,2017-09-25_16-03-38,2017-09-25_16-03-38#1525,49500,val,[],healthy honeybee,2017-09-25_16-03-38
val/videos/2017-09-25_16-03-38/2017-09-25_16-03-38.mp4-bee_id_1527-49605-1.png,0,2017-09-25_16-03-38,2017-09-25_16-03-38#1527,49605,val,[],healthy honeybee,2017-09-25_16-03-38
val/videos/2017-09-25_16-03-38/2017-09-25_16-03-38.mp4-bee_id_1529-49725-1.png,0,2017-09-25_16-03-38,2017-09-25_16-03-38#1529,49725,val,[],healthy honeybee,2017-09-25_16-03-38
val/videos/2017-09-25_16-03-38/2017-09-25_16-03-38.mp4-bee_id_1530-49740-1.png,0,2017-09-25_16-03-38,2017-09-25_16-03-38#1530,49740,val,[],healthy honeybee,2017-09-25_16-03-38
val/videos/2017-09-25_16-03-38/2017-09-25_16-03-38.mp4-bee_id_1531-49755-1.png,0,2017-09-25_16-03-38,2017-09-25_16-03-38#1531,49755,val,[],healthy honeybee,2017-09-25_16-03-38
val/videos/2017-09-25_16-03-38/2017-09-25_16-03-38.mp4-bee_id_1532-49800-1.png,0,2017-09-25_16-03-38,2017-09-25_16-03-38#1532,49800,val,[],healthy honeybee,2017-09-25_16-03-38
val/videos/2017-09-25_16-03-38/2017-09-25_16-03-38.mp4-bee_id_1533-49800-1.png,0,2017-09-25_16-03-38,2017-09-25_16-03-38#1533,49800,val,[],healthy honeybee,2017-09-25_16-03-38
val/videos/2017-09-25_16-03-38/2017-09-25_16-03-38.mp4-bee_id_1534-49830-1.png,0,2017-09-25_16-03-38,2017-09-25_16-03-38#1534,49830,val,[],healthy honeybee,2017-09-25_16-03-38
val/videos/2017-09-25_16-03-38/2017-09-25_16-03-38.mp4-bee_id_1536-49980-1.png,0,2017-09-25_16-03-38,2017-09-25_16-03-38#1536,49980,val,[],healthy honeybee,2017-09-25_16-03-38
val/videos/2017-09-25_16-03-38/2017-09-25_16-03-38.mp4-bee_id_1537-50055-1.png,0,2017-09-25_16-03-38,2017-09-25_16-03-38#1537,50055,val,[],healthy honeybee,2017-09-25_16-03-38
val/videos/2017-09-25_16-03-38/2017-09-25_16-03-38.mp4-bee_id_1538-50070-1.png,0,2017-09-25_16-03-38,2017-09-25_16-03-38#1538,50070,val,[],healthy honeybee,2017-09-25_16-03-38
val/videos/2017-09-25_16-03-38/2017-09-25_16-03-38.mp4-bee_id_1540-50175-1.png,0,2017-09-25_16-03-38,2017-09-25_16-03-38#1540,50175,val,[],healthy honeybee,2017-09-25_16-03-38
val/videos/2017-09-25_16-03-38/2017-09-25_16-03-38.mp4-bee_id_1541-50190-1.png,0,2017-09-25_16-03-38,2017-09-25_16-03-38#1541,50190,val,[],healthy honeybee,2017-09-25_16-03-38
val/videos/2017-09-25_16-03-38/2017-09-25_16-03-38.mp4-bee_id_1542-50205-1.png,0,2017-09-25_16-03-38,2017-09-25_16-03-38#1542,50205,val,[],healthy honeybee,2017-09-25_16-03-38
val/videos/2017-09-25_16-03-38/2017-09-25_16-03-38.mp4-bee_id_1543-50220-1.png,0,2017-09-25_16-03-38,2017-09-25_16-03-38#1543,50220,val,[],healthy honeybee,2017-09-25_16-03-38
val/videos/2017-09-25_16-03-38/2017-09-25_16-03-38.mp4-bee_id_1546-50265-1.png,1,2017-09-25_16-03-38,2017-09-25_16-03-38#1546,50265,val,"[[57.0, 107.0, 101.0, 139.0]]",honeybee with a varroa mite,2017-09-25_16-03-38
val/videos/2017-09-25_16-03-38/2017-09-25_16-03-38.mp4-bee_id_1547-50280-1.png,0,2017-09-25_16-03-38,2017-09-25_16-03-38#1547,50280,val,[],healthy honeybee,2017-09-25_16-03-38
val/videos/2017-09-25_16-03-38/2017-09-25_16-03-38.mp4-bee_id_1548-50325-1.png,0,2017-09-25_16-03-38,2017-09-25_16-03-38#1548,50325,val,[],healthy honeybee,2017-09-25_16-03-38
val/videos/2017-09-25_16-03-38/2017-09-25_16-03-38.mp4-bee_id_1549-50355-1.png,0,2017-09-25_16-03-38,2017-09-25_16-03-38#1549,50355,val,[],healthy honeybee,2017-09-25_16-03-38
val/videos/2017-09-25_16-03-38/2017-09-25_16-03-38.mp4-bee_id_1552-50370-1.png,0,2017-09-25_16-03-38,2017-09-25_16-03-38#1552,50370,val,[],healthy honeybee,2017-09-25_16-03-38
val/videos/2017-09-25_16-03-38/2017-09-25_16-03-38.mp4-bee_id_1554-50430-1.png,0,2017-09-25_16-03-38,2017-09-25_16-03-38#1554,50430,val,[],healthy honeybee,2017-09-25_16-03-38
val/videos/2017-09-25_16-03-38/2017-09-25_16-03-38.mp4-bee_id_1555-50445-1.png,0,2017-09-25_16-03-38,2017-09-25_16-03-38#1555,50445,val,[],healthy honeybee,2017-09-25_16-03-38
val/videos/2017-09-25_16-03-38/2017-09-25_16-03-38.mp4-bee_id_1557-50520-1.png,0,2017-09-25_16-03-38,2017-09-25_16-03-38#1557,50520,val,[],healthy honeybee,2017-09-25_16-03-38
val/videos/2017-09-25_16-03-38/2017-09-25_16-03-38.mp4-bee_id_1558-50535-1.png,0,2017-09-25_16-03-38,2017-09-25_16-03-38#1558,50535,val,[],healthy honeybee,2017-09-25_16-03-38
val/videos/2017-09-25_16-03-38/2017-09-25_16-03-38.mp4-bee_id_1559-50550-1.png,0,2017-09-25_16-03-38,2017-09-25_16-03-38#1559,50550,val,[],healthy honeybee,2017-09-25_16-03-38
val/videos/2017-09-25_16-03-38/2017-09-25_16-03-38.mp4-bee_id_1561-50595-1.png,0,2017-09-25_16-03-38,2017-09-25_16-03-38#1561,50595,val,[],healthy honeybee,2017-09-25_16-03-38
val/videos/2017-09-25_16-03-38/2017-09-25_16-03-38.mp4-bee_id_1562-50610-1.png,0,2017-09-25_16-03-38,2017-09-25_16-03-38#1562,50610,val,[],healthy honeybee,2017-09-25_16-03-38
val/videos/2017-09-25_16-03-38/2017-09-25_16-03-38.mp4-bee_id_1563-50625-1.png,0,2017-09-25_16-03-38,2017-09-25_16-03-38#1563,50625,val,[],healthy honeybee,2017-09-25_16-03-38
val/videos/2017-09-25_16-03-38/2017-09-25_16-03-38.mp4-bee_id_1564-50640-1.png,0,2017-09-25_16-03-38,2017-09-25_16-03-38#1564,50640,val,[],healthy honeybee,2017-09-25_16-03-38
val/videos/2017-09-25_16-03-38/2017-09-25_16-03-38.mp4-bee_id_1565-50655-1.png,0,2017-09-25_16-03-38,2017-09-25_16-03-38#1565,50655,val,[],healthy honeybee,2017-09-25_16-03-38
val/videos/2017-09-25_16-03-38/2017-09-25_16-03-38.mp4-bee_id_1566-50670-1.png,0,2017-09-25_16-03-38,2017-09-25_16-03-38#1566,50670,val,[],healthy honeybee,2017-09-25_16-03-38
val/videos/2017-09-25_16-03-38/2017-09-25_16-03-38.mp4-bee_id_1567-50685-1.png,0,2017-09-25_16-03-38,2017-09-25_16-03-38#1567,50685,val,[],healthy honeybee,2017-09-25_16-03-38
val/videos/2017-09-25_16-03-38/2017-09-25_16-03-38.mp4-bee_id_1568-50745-1.png,1,2017-09-25_16-03-38,2017-09-25_16-03-38#1568,50745,val,"[[45.0, 96.0, 69.0, 128.0], [89.0, 100.0, 120.0, 135.0], [65.0, 148.0, 108.0, 186.0]]",honeybee with a varroa mite,2017-09-25_16-03-38
val/videos/2017-09-25_16-03-38/2017-09-25_16-03-38.mp4-bee_id_1569-50745-1.png,0,2017-09-25_16-03-38,2017-09-25_16-03-38#1569,50745,val,[],healthy honeybee,2017-09-25_16-03-38
val/videos/2017-09-25_16-03-38/2017-09-25_16-03-38.mp4-bee_id_1573-50880-1.png,0,2017-09-25_16-03-38,2017-09-25_16-03-38#1573,50880,val,[],healthy honeybee,2017-09-25_16-03-38
val/videos/2017-09-25_16-03-38/2017-09-25_16-03-38.mp4-bee_id_1575-50910-1.png,0,2017-09-25_16-03-38,2017-09-25_16-03-38#1575,50910,val,[],healthy honeybee,2017-09-25_16-03-38
val/videos/2017-09-25_16-03-38/2017-09-25_16-03-38.mp4-bee_id_1576-50940-1.png,1,2017-09-25_16-03-38,2017-09-25_16-03-38#1576,50940,val,"[[85.0, 142.0, 120.0, 169.0]]",honeybee with a varroa mite,2017-09-25_16-03-38
val/videos/2017-09-25_16-03-38/2017-09-25_16-03-38.mp4-bee_id_1577-50955-1.png,0,2017-09-25_16-03-38,2017-09-25_16-03-38#1577,50955,val,[],healthy honeybee,2017-09-25_16-03-38
val/videos/2017-09-25_16-03-38/2017-09-25_16-03-38.mp4-bee_id_1580-51045-1.png,0,2017-09-25_16-03-38,2017-09-25_16-03-38#1580,51045,val,[],healthy honeybee,2017-09-25_16-03-38
val/videos/2017-09-25_16-03-38/2017-09-25_16-03-38.mp4-bee_id_1581-51060-1.png,0,2017-09-25_16-03-38,2017-09-25_16-03-38#1581,51060,val,[],healthy honeybee,2017-09-25_16-03-38
val/videos/2017-09-25_16-03-38/2017-09-25_16-03-38.mp4-bee_id_1582-51060-1.png,0,2017-09-25_16-03-38,2017-09-25_16-03-38#1582,51060,val,[],healthy honeybee,2017-09-25_16-03-38
val/videos/2017-09-25_16-03-38/2017-09-25_16-03-38.mp4-bee_id_1585-51135-1.png,1,2017-09-25_16-03-38,2017-09-25_16-03-38#1585,51135,val,"[[26.0, 91.0, 65.0, 130.0]]",honeybee with a varroa mite,2017-09-25_16-03-38
val/videos/2017-09-25_16-03-38/2017-09-25_16-03-38.mp4-bee_id_1586-51150-1.png,0,2017-09-25_16-03-38,2017-09-25_16-03-38#1586,51150,val,[],healthy honeybee,2017-09-25_16-03-38
val/videos/2017-09-25_16-03-38/2017-09-25_16-03-38.mp4-bee_id_1587-51165-1.png,0,2017-09-25_16-03-38,2017-09-25_16-03-38#1587,51165,val,[],healthy honeybee,2017-09-25_16-03-38
val/videos/2017-09-25_16-03-38/2017-09-25_16-03-38.mp4-bee_id_1589-51180-1.png,0,2017-09-25_16-03-38,2017-09-25_16-03-38#1589,51180,val,[],healthy honeybee,2017-09-25_16-03-38
val/videos/2017-09-25_16-03-38/2017-09-25_16-03-38.mp4-bee_id_1590-51225-1.png,0,2017-09-25_16-03-38,2017-09-25_16-03-38#1590,51225,val,[],healthy honeybee,2017-09-25_16-03-38
val/videos/2017-09-25_16-03-38/2017-09-25_16-03-38.mp4-bee_id_1591-51255-1.png,0,2017-09-25_16-03-38,2017-09-25_16-03-38#1591,51255,val,[],healthy honeybee,2017-09-25_16-03-38
val/videos/2017-09-25_16-03-38/2017-09-25_16-03-38.mp4-bee_id_1592-51315-1.png,0,2017-09-25_16-03-38,2017-09-25_16-03-38#1592,51315,val,[],healthy honeybee,2017-09-25_16-03-38
val/videos/2017-09-25_16-03-38/2017-09-25_16-03-38.mp4-bee_id_1593-51330-1.png,0,2017-09-25_16-03-38,2017-09-25_16-03-38#1593,51330,val,[],healthy honeybee,2017-09-25_16-03-38
val/videos/2017-09-25_16-03-38/2017-09-25_16-03-38.mp4-bee_id_1594-51330-1.png,0,2017-09-25_16-03-38,2017-09-25_16-03-38#1594,51330,val,[],healthy honeybee,2017-09-25_16-03-38
val/videos/2017-09-25_16-03-38/2017-09-25_16-03-38.mp4-bee_id_1595-51375-1.png,0,2017-09-25_16-03-38,2017-09-25_16-03-38#1595,51375,val,[],healthy honeybee,2017-09-25_16-03-38
val/videos/2017-09-25_16-03-38/2017-09-25_16-03-38.mp4-bee_id_1596-51405-1.png,1,2017-09-25_16-03-38,2017-09-25_16-03-38#1596,51405,val,"[[27.0, 78.0, 62.0, 129.0]]",honeybee with a varroa mite,2017-09-25_16-03-38
val/videos/2017-09-25_16-03-38/2017-09-25_16-03-38.mp4-bee_id_1597-51420-1.png,0,2017-09-25_16-03-38,2017-09-25_16-03-38#1597,51420,val,[],healthy honeybee,2017-09-25_16-03-38
val/videos/2017-09-25_16-03-38/2017-09-25_16-03-38.mp4-bee_id_1598-51435-1.png,0,2017-09-25_16-03-38,2017-09-25_16-03-38#1598,51435,val,[],healthy honeybee,2017-09-25_16-03-38
val/videos/2017-09-25_16-03-38/2017-09-25_16-03-38.mp4-bee_id_1599-51525-1.png,0,2017-09-25_16-03-38,2017-09-25_16-03-38#1599,51525,val,[],healthy honeybee,2017-09-25_16-03-38
val/videos/2017-09-25_16-03-38/2017-09-25_16-03-38.mp4-bee_id_1600-51540-1.png,0,2017-09-25_16-03-38,2017-09-25_16-03-38#1600,51540,val,[],healthy honeybee,2017-09-25_16-03-38
val/videos/2017-09-25_16-03-38/2017-09-25_16-03-38.mp4-bee_id_1601-51615-1.png,0,2017-09-25_16-03-38,2017-09-25_16-03-38#1601,51615,val,[],healthy honeybee,2017-09-25_16-03-38
val/videos/2017-09-25_16-03-38/2017-09-25_16-03-38.mp4-bee_id_1603-51630-1.png,0,2017-09-25_16-03-38,2017-09-25_16-03-38#1603,51630,val,[],healthy honeybee,2017-09-25_16-03-38
val/videos/2017-09-25_16-03-38/2017-09-25_16-03-38.mp4-bee_id_1604-51720-1.png,1,2017-09-25_16-03-38,2017-09-25_16-03-38#1604,51720,val,"[[101.0, 144.0, 140.0, 179.0]]",honeybee with a varroa mite,2017-09-25_16-03-38
val/videos/2017-09-25_16-03-38/2017-09-25_16-03-38.mp4-bee_id_1605-51720-1.png,0,2017-09-25_16-03-38,2017-09-25_16-03-38#1605,51720,val,[],healthy honeybee,2017-09-25_16-03-38
val/videos/2017-09-25_16-03-38/2017-09-25_16-03-38.mp4-bee_id_1606-51735-1.png,0,2017-09-25_16-03-38,2017-09-25_16-03-38#1606,51735,val,[],healthy honeybee,2017-09-25_16-03-38
val/videos/2017-09-25_16-03-38/2017-09-25_16-03-38.mp4-bee_id_1607-51750-1.png,0,2017-09-25_16-03-38,2017-09-25_16-03-38#1607,51750,val,[],healthy honeybee,2017-09-25_16-03-38
val/videos/2017-09-25_16-03-38/2017-09-25_16-03-38.mp4-bee_id_1608-51810-1.png,0,2017-09-25_16-03-38,2017-09-25_16-03-38#1608,51810,val,[],healthy honeybee,2017-09-25_16-03-38
val/videos/2017-09-25_16-03-38/2017-09-25_16-03-38.mp4-bee_id_1609-51825-1.png,0,2017-09-25_16-03-38,2017-09-25_16-03-38#1609,51825,val,[],healthy honeybee,2017-09-25_16-03-38
val/videos/2017-09-25_16-03-38/2017-09-25_16-03-38.mp4-bee_id_1610-51840-1.png,0,2017-09-25_16-03-38,2017-09-25_16-03-38#1610,51840,val,[],healthy honeybee,2017-09-25_16-03-38
val/videos/2017-09-25_16-03-38/2017-09-25_16-03-38.mp4-bee_id_1611-51855-1.png,0,2017-09-25_16-03-38,2017-09-25_16-03-38#1611,51855,val,[],healthy honeybee,2017-09-25_16-03-38
val/videos/2017-09-25_16-03-38/2017-09-25_16-03-38.mp4-bee_id_1613-51870-1.png,0,2017-09-25_16-03-38,2017-09-25_16-03-38#1613,51870,val,[],healthy honeybee,2017-09-25_16-03-38
val/videos/2017-09-25_16-03-38/2017-09-25_16-03-38.mp4-bee_id_1614-51870-1.png,0,2017-09-25_16-03-38,2017-09-25_16-03-38#1614,51870,val,[],healthy honeybee,2017-09-25_16-03-38
val/videos/2017-09-25_16-03-38/2017-09-25_16-03-38.mp4-bee_id_1615-51930-1.png,0,2017-09-25_16-03-38,2017-09-25_16-03-38#1615,51930,val,[],healthy honeybee,2017-09-25_16-03-38
val/videos/2017-09-25_16-03-38/2017-09-25_16-03-38.mp4-bee_id_1616-52005-1.png,0,2017-09-25_16-03-38,2017-09-25_16-03-38#1616,52005,val,[],healthy honeybee,2017-09-25_16-03-38
val/videos/2017-09-25_16-03-38/2017-09-25_16-03-38.mp4-bee_id_1617-52005-1.png,0,2017-09-25_16-03-38,2017-09-25_16-03-38#1617,52005,val,[],healthy honeybee,2017-09-25_16-03-38
val/videos/2017-09-25_16-03-38/2017-09-25_16-03-38.mp4-bee_id_1618-52035-1.png,0,2017-09-25_16-03-38,2017-09-25_16-03-38#1618,52035,val,[],healthy honeybee,2017-09-25_16-03-38
val/videos/2017-09-25_16-03-38/2017-09-25_16-03-38.mp4-bee_id_1619-52065-1.png,0,2017-09-25_16-03-38,2017-09-25_16-03-38#1619,52065,val,[],healthy honeybee,2017-09-25_16-03-38
val/videos/2017-09-25_16-03-38/2017-09-25_16-03-38.mp4-bee_id_1620-52080-1.png,0,2017-09-25_16-03-38,2017-09-25_16-03-38#1620,52080,val,[],healthy honeybee,2017-09-25_16-03-38
val/videos/2017-09-25_16-03-38/2017-09-25_16-03-38.mp4-bee_id_1621-52125-1.png,0,2017-09-25_16-03-38,2017-09-25_16-03-38#1621,52125,val,[],healthy honeybee,2017-09-25_16-03-38
val/videos/2017-09-25_16-03-38/2017-09-25_16-03-38.mp4-bee_id_1622-52140-1.png,0,2017-09-25_16-03-38,2017-09-25_16-03-38#1622,52140,val,[],healthy honeybee,2017-09-25_16-03-38
val/videos/2017-09-25_16-03-38/2017-09-25_16-03-38.mp4-bee_id_1623-52155-1.png,1,2017-09-25_16-03-38,2017-09-25_16-03-38#1623,52155,val,"[[78.0, 77.0, 116.0, 107.0]]",honeybee with a varroa mite,2017-09-25_16-03-38
val/videos/2017-09-25_16-03-38/2017-09-25_16-03-38.mp4-bee_id_1624-52155-1.png,0,2017-09-25_16-03-38,2017-09-25_16-03-38#1624,52155,val,[],healthy honeybee,2017-09-25_16-03-38
val/videos/2017-09-25_16-03-38/2017-09-25_16-03-38.mp4-bee_id_1626-52230-1.png,0,2017-09-25_16-03-38,2017-09-25_16-03-38#1626,52230,val,[],healthy honeybee,2017-09-25_16-03-38
val/videos/2017-09-25_16-03-38/2017-09-25_16-03-38.mp4-bee_id_1627-52245-1.png,0,2017-09-25_16-03-38,2017-09-25_16-03-38#1627,52245,val,[],healthy honeybee,2017-09-25_16-03-38
val/videos/2017-09-25_16-03-38/2017-09-25_16-03-38.mp4-bee_id_1629-52260-1.png,0,2017-09-25_16-03-38,2017-09-25_16-03-38#1629,52260,val,[],healthy honeybee,2017-09-25_16-03-38
val/videos/2017-09-25_16-03-38/2017-09-25_16-03-38.mp4-bee_id_1631-52275-1.png,0,2017-09-25_16-03-38,2017-09-25_16-03-38#1631,52275,val,[],healthy honeybee,2017-09-25_16-03-38
val/videos/2017-09-25_16-03-38/2017-09-25_16-03-38.mp4-bee_id_1632-52320-1.png,0,2017-09-25_16-03-38,2017-09-25_16-03-38#1632,52320,val,[],healthy honeybee,2017-09-25_16-03-38
val/videos/2017-09-25_16-03-38/2017-09-25_16-03-38.mp4-bee_id_1633-52380-1.png,0,2017-09-25_16-03-38,2017-09-25_16-03-38#1633,52380,val,[],healthy honeybee,2017-09-25_16-03-38
val/videos/2017-09-25_16-03-38/2017-09-25_16-03-38.mp4-bee_id_1634-52395-1.png,0,2017-09-25_16-03-38,2017-09-25_16-03-38#1634,52395,val,[],healthy honeybee,2017-09-25_16-03-38
val/videos/2017-09-25_16-03-38/2017-09-25_16-03-38.mp4-bee_id_1635-52410-1.png,0,2017-09-25_16-03-38,2017-09-25_16-03-38#1635,52410,val,[],healthy honeybee,2017-09-25_16-03-38
val/videos/2017-09-25_16-03-38/2017-09-25_16-03-38.mp4-bee_id_1636-52500-1.png,0,2017-09-25_16-03-38,2017-09-25_16-03-38#1636,52500,val,[],healthy honeybee,2017-09-25_16-03-38
val/videos/2017-09-25_16-03-38/2017-09-25_16-03-38.mp4-bee_id_1638-52530-1.png,0,2017-09-25_16-03-38,2017-09-25_16-03-38#1638,52530,val,[],healthy honeybee,2017-09-25_16-03-38
val/videos/2017-09-25_16-03-38/2017-09-25_16-03-38.mp4-bee_id_1639-52545-1.png,0,2017-09-25_16-03-38,2017-09-25_16-03-38#1639,52545,val,[],healthy honeybee,2017-09-25_16-03-38
val/videos/2017-09-25_16-03-38/2017-09-25_16-03-38.mp4-bee_id_1640-52545-1.png,0,2017-09-25_16-03-38,2017-09-25_16-03-38#1640,52545,val,[],healthy honeybee,2017-09-25_16-03-38
val/videos/2017-09-25_16-03-38/2017-09-25_16-03-38.mp4-bee_id_1641-52575-1.png,0,2017-09-25_16-03-38,2017-09-25_16-03-38#1641,52575,val,[],healthy honeybee,2017-09-25_16-03-38
val/videos/2017-09-25_16-03-38/2017-09-25_16-03-38.mp4-bee_id_1644-52650-1.png,0,2017-09-25_16-03-38,2017-09-25_16-03-38#1644,52650,val,[],healthy honeybee,2017-09-25_16-03-38
val/videos/2017-09-25_16-03-38/2017-09-25_16-03-38.mp4-bee_id_1645-52665-1.png,0,2017-09-25_16-03-38,2017-09-25_16-03-38#1645,52665,val,[],healthy honeybee,2017-09-25_16-03-38
val/videos/2017-09-25_16-03-38/2017-09-25_16-03-38.mp4-bee_id_1646-52680-1.png,0,2017-09-25_16-03-38,2017-09-25_16-03-38#1646,52680,val,[],healthy honeybee,2017-09-25_16-03-38
val/videos/2017-09-25_16-03-38/2017-09-25_16-03-38.mp4-bee_id_1647-52725-1.png,0,2017-09-25_16-03-38,2017-09-25_16-03-38#1647,52725,val,[],healthy honeybee,2017-09-25_16-03-38
val/videos/2017-09-25_16-03-38/2017-09-25_16-03-38.mp4-bee_id_1648-52725-1.png,0,2017-09-25_16-03-38,2017-09-25_16-03-38#1648,52725,val,[],healthy honeybee,2017-09-25_16-03-38
val/videos/2017-09-25_16-03-38/2017-09-25_16-03-38.mp4-bee_id_1649-52755-1.png,0,2017-09-25_16-03-38,2017-09-25_16-03-38#1649,52755,val,[],healthy honeybee,2017-09-25_16-03-38
val/videos/2017-09-25_16-03-38/2017-09-25_16-03-38.mp4-bee_id_1651-52830-1.png,0,2017-09-25_16-03-38,2017-09-25_16-03-38#1651,52830,val,[],healthy honeybee,2017-09-25_16-03-38
val/videos/2017-09-25_16-03-38/2017-09-25_16-03-38.mp4-bee_id_1652-52890-1.png,0,2017-09-25_16-03-38,2017-09-25_16-03-38#1652,52890,val,[],healthy honeybee,2017-09-25_16-03-38
val/videos/2017-09-25_16-03-38/2017-09-25_16-03-38.mp4-bee_id_1653-52965-1.png,0,2017-09-25_16-03-38,2017-09-25_16-03-38#1653,52965,val,[],healthy honeybee,2017-09-25_16-03-38
val/videos/2017-09-25_16-03-38/2017-09-25_16-03-38.mp4-bee_id_1655-53070-1.png,1,2017-09-25_16-03-38,2017-09-25_16-03-38#1655,53070,val,"[[71.0, 155.0, 105.0, 190.0], [79.0, 96.0, 109.0, 128.0], [35.0, 107.0, 59.0, 135.0]]",honeybee with a varroa mite,2017-09-25_16-03-38
val/videos/2017-09-25_16-03-38/2017-09-25_16-03-38.mp4-bee_id_1656-53070-1.png,0,2017-09-25_16-03-38,2017-09-25_16-03-38#1656,53070,val,[],healthy honeybee,2017-09-25_16-03-38
val/videos/2017-09-25_16-03-38/2017-09-25_16-03-38.mp4-bee_id_1658-53235-1.png,0,2017-09-25_16-03-38,2017-09-25_16-03-38#1658,53235,val,[],healthy honeybee,2017-09-25_16-03-38
val/videos/2017-09-25_16-03-38/2017-09-25_16-03-38.mp4-bee_id_1659-53265-1.png,0,2017-09-25_16-03-38,2017-09-25_16-03-38#1659,53265,val,[],healthy honeybee,2017-09-25_16-03-38
val/videos/2017-09-25_16-03-38/2017-09-25_16-03-38.mp4-bee_id_1660-53325-1.png,0,2017-09-25_16-03-38,2017-09-25_16-03-38#1660,53325,val,[],healthy honeybee,2017-09-25_16-03-38
val/videos/2017-09-25_16-03-38/2017-09-25_16-03-38.mp4-bee_id_1661-53325-1.png,1,2017-09-25_16-03-38,2017-09-25_16-03-38#1661,53325,val,"[[66.0, 164.0, 109.0, 191.0]]",honeybee with a varroa mite,2017-09-25_16-03-38
val/videos/2017-09-25_16-03-38/2017-09-25_16-03-38.mp4-bee_id_1662-53340-1.png,1,2017-09-25_16-03-38,2017-09-25_16-03-38#1662,53340,val,"[[54.0, 180.0, 89.0, 207.0]]",honeybee with a varroa mite,2017-09-25_16-03-38
val/videos/2017-09-25_16-03-38/2017-09-25_16-03-38.mp4-bee_id_1663-53355-1.png,1,2017-09-25_16-03-38,2017-09-25_16-03-38#1663,53355,val,"[[59.0, 187.0, 98.0, 213.0], [28.0, 123.0, 65.0, 164.0]]",honeybee with a varroa mite,2017-09-25_16-03-38
val/videos/2017-09-25_16-03-38/2017-09-25_16-03-38.mp4-bee_id_1665-53370-1.png,0,2017-09-25_16-03-38,2017-09-25_16-03-38#1665,53370,val,[],healthy honeybee,2017-09-25_16-03-38
val/videos/2017-09-25_16-03-38/2017-09-25_16-03-38.mp4-bee_id_1667-53400-1.png,0,2017-09-25_16-03-38,2017-09-25_16-03-38#1667,53400,val,[],healthy honeybee,2017-09-25_16-03-38
val/videos/2017-09-25_16-03-38/2017-09-25_16-03-38.mp4-bee_id_1669-53475-1.png,1,2017-09-25_16-03-38,2017-09-25_16-03-38#1669,53475,val,"[[59.0, 85.0, 101.0, 115.0]]",honeybee with a varroa mite,2017-09-25_16-03-38
val/videos/2017-09-25_16-03-38/2017-09-25_16-03-38.mp4-bee_id_1670-53490-1.png,0,2017-09-25_16-03-38,2017-09-25_16-03-38#1670,53490,val,[],healthy honeybee,2017-09-25_16-03-38
val/videos/2017-09-25_16-03-38/2017-09-25_16-03-38.mp4-bee_id_1671-53505-1.png,0,2017-09-25_16-03-38,2017-09-25_16-03-38#1671,53505,val,[],healthy honeybee,2017-09-25_16-03-38
val/videos/2017-09-25_16-03-38/2017-09-25_16-03-38.mp4-bee_id_1672-53505-1.png,0,2017-09-25_16-03-38,2017-09-25_16-03-38#1672,53505,val,[],healthy honeybee,2017-09-25_16-03-38
val/videos/2017-09-25_16-03-38/2017-09-25_16-03-38.mp4-bee_id_1674-53640-1.png,0,2017-09-25_16-03-38,2017-09-25_16-03-38#1674,53640,val,[],healthy honeybee,2017-09-25_16-03-38
val/videos/2017-09-25_16-03-38/2017-09-25_16-03-38.mp4-bee_id_1675-53805-1.png,0,2017-09-25_16-03-38,2017-09-25_16-03-38#1675,53805,val,[],healthy honeybee,2017-09-25_16-03-38
val/videos/2017-09-25_16-03-38/2017-09-25_16-03-38.mp4-bee_id_1676-53820-1.png,0,2017-09-25_16-03-38,2017-09-25_16-03-38#1676,53820,val,[],healthy honeybee,2017-09-25_16-03-38
val/videos/2017-09-25_16-03-38/2017-09-25_16-03-38.mp4-bee_id_1678-53895-1.png,0,2017-09-25_16-03-38,2017-09-25_16-03-38#1678,53895,val,[],healthy honeybee,2017-09-25_16-03-38
val/videos/2017-09-25_16-03-38/2017-09-25_16-03-38.mp4-bee_id_1679-53910-1.png,0,2017-09-25_16-03-38,2017-09-25_16-03-38#1679,53910,val,[],healthy honeybee,2017-09-25_16-03-38
val/videos/2017-09-25_16-03-38/2017-09-25_16-03-38.mp4-bee_id_1680-53940-1.png,0,2017-09-25_16-03-38,2017-09-25_16-03-38#1680,53940,val,[],healthy honeybee,2017-09-25_16-03-38
val/videos/2017-09-25_16-03-38/2017-09-25_16-03-38.mp4-bee_id_1682-53970-1.png,0,2017-09-25_16-03-38,2017-09-25_16-03-38#1682,53970,val,[],healthy honeybee,2017-09-25_16-03-38
val/videos/2017-09-25_16-03-38/2017-09-25_16-03-38.mp4-bee_id_1684-54075-1.png,0,2017-09-25_16-03-38,2017-09-25_16-03-38#1684,54075,val,[],healthy honeybee,2017-09-25_16-03-38
val/videos/2017-09-25_16-03-38/2017-09-25_16-03-38.mp4-bee_id_1686-54090-1.png,0,2017-09-25_16-03-38,2017-09-25_16-03-38#1686,54090,val,[],healthy honeybee,2017-09-25_16-03-38
val/videos/2017-09-25_16-03-38/2017-09-25_16-03-38.mp4-bee_id_1687-54105-1.png,0,2017-09-25_16-03-38,2017-09-25_16-03-38#1687,54105,val,[],healthy honeybee,2017-09-25_16-03-38
val/videos/2017-09-25_16-03-38/2017-09-25_16-03-38.mp4-bee_id_1688-54120-1.png,0,2017-09-25_16-03-38,2017-09-25_16-03-38#1688,54120,val,[],healthy honeybee,2017-09-25_16-03-38
val/videos/2017-09-25_16-03-38/2017-09-25_16-03-38.mp4-bee_id_1689-54120-1.png,0,2017-09-25_16-03-38,2017-09-25_16-03-38#1689,54120,val,[],healthy honeybee,2017-09-25_16-03-38
val/videos/2017-09-25_16-03-38/2017-09-25_16-03-38.mp4-bee_id_1690-54135-1.png,0,2017-09-25_16-03-38,2017-09-25_16-03-38#1690,54135,val,[],healthy honeybee,2017-09-25_16-03-38
val/videos/2017-09-25_16-03-38/2017-09-25_16-03-38.mp4-bee_id_1692-54270-1.png,0,2017-09-25_16-03-38,2017-09-25_16-03-38#1692,54270,val,[],healthy honeybee,2017-09-25_16-03-38
val/videos/2017-09-25_16-03-38/2017-09-25_16-03-38.mp4-bee_id_1694-54285-1.png,0,2017-09-25_16-03-38,2017-09-25_16-03-38#1694,54285,val,[],healthy honeybee,2017-09-25_16-03-38
val/videos/2017-09-25_16-03-38/2017-09-25_16-03-38.mp4-bee_id_1695-54300-1.png,0,2017-09-25_16-03-38,2017-09-25_16-03-38#1695,54300,val,[],healthy honeybee,2017-09-25_16-03-38
val/videos/2017-09-25_16-03-38/2017-09-25_16-03-38.mp4-bee_id_1696-54345-1.png,0,2017-09-25_16-03-38,2017-09-25_16-03-38#1696,54345,val,[],healthy honeybee,2017-09-25_16-03-38
val/videos/2017-09-25_16-03-38/2017-09-25_16-03-38.mp4-bee_id_1698-54390-1.png,0,2017-09-25_16-03-38,2017-09-25_16-03-38#1698,54390,val,[],healthy honeybee,2017-09-25_16-03-38
val/videos/2017-09-25_16-03-38/2017-09-25_16-03-38.mp4-bee_id_1699-54450-1.png,0,2017-09-25_16-03-38,2017-09-25_16-03-38#1699,54450,val,[],healthy honeybee,2017-09-25_16-03-38
val/videos/2017-09-25_16-03-38/2017-09-25_16-03-38.mp4-bee_id_1701-54525-1.png,0,2017-09-25_16-03-38,2017-09-25_16-03-38#1701,54525,val,[],healthy honeybee,2017-09-25_16-03-38
val/videos/2017-09-25_16-03-38/2017-09-25_16-03-38.mp4-bee_id_1703-54540-1.png,0,2017-09-25_16-03-38,2017-09-25_16-03-38#1703,54540,val,[],healthy honeybee,2017-09-25_16-03-38
val/videos/2017-09-25_16-03-38/2017-09-25_16-03-38.mp4-bee_id_1704-54585-1.png,0,2017-09-25_16-03-38,2017-09-25_16-03-38#1704,54585,val,[],healthy honeybee,2017-09-25_16-03-38
val/videos/2017-09-25_16-03-38/2017-09-25_16-03-38.mp4-bee_id_1705-54600-1.png,0,2017-09-25_16-03-38,2017-09-25_16-03-38#1705,54600,val,[],healthy honeybee,2017-09-25_16-03-38
val/videos/2017-09-25_16-03-38/2017-09-25_16-03-38.mp4-bee_id_1706-54615-1.png,0,2017-09-25_16-03-38,2017-09-25_16-03-38#1706,54615,val,[],healthy honeybee,2017-09-25_16-03-38
val/videos/2017-09-25_16-03-38/2017-09-25_16-03-38.mp4-bee_id_1707-54660-1.png,0,2017-09-25_16-03-38,2017-09-25_16-03-38#1707,54660,val,[],healthy honeybee,2017-09-25_16-03-38
val/videos/2017-09-25_16-03-38/2017-09-25_16-03-38.mp4-bee_id_1708-54675-1.png,0,2017-09-25_16-03-38,2017-09-25_16-03-38#1708,54675,val,[],healthy honeybee,2017-09-25_16-03-38
val/videos/2017-09-25_16-03-38/2017-09-25_16-03-38.mp4-bee_id_1709-54690-1.png,0,2017-09-25_16-03-38,2017-09-25_16-03-38#1709,54690,val,[],healthy honeybee,2017-09-25_16-03-38
val/videos/2017-09-25_16-03-38/2017-09-25_16-03-38.mp4-bee_id_1710-54720-1.png,0,2017-09-25_16-03-38,2017-09-25_16-03-38#1710,54720,val,[],healthy honeybee,2017-09-25_16-03-38
val/videos/2017-09-25_16-03-38/2017-09-25_16-03-38.mp4-bee_id_1711-54735-1.png,0,2017-09-25_16-03-38,2017-09-25_16-03-38#1711,54735,val,[],healthy honeybee,2017-09-25_16-03-38
val/videos/2017-09-25_16-03-38/2017-09-25_16-03-38.mp4-bee_id_1714-54810-1.png,0,2017-09-25_16-03-38,2017-09-25_16-03-38#1714,54810,val,[],healthy honeybee,2017-09-25_16-03-38
val/videos/2017-09-25_16-03-38/2017-09-25_16-03-38.mp4-bee_id_1715-54840-1.png,0,2017-09-25_16-03-38,2017-09-25_16-03-38#1715,54840,val,[],healthy honeybee,2017-09-25_16-03-38
val/videos/2017-09-25_16-03-38/2017-09-25_16-03-38.mp4-bee_id_1716-54885-1.png,0,2017-09-25_16-03-38,2017-09-25_16-03-38#1716,54885,val,[],healthy honeybee,2017-09-25_16-03-38
val/videos/2017-09-25_16-03-38/2017-09-25_16-03-38.mp4-bee_id_1717-54915-1.png,0,2017-09-25_16-03-38,2017-09-25_16-03-38#1717,54915,val,[],healthy honeybee,2017-09-25_16-03-38
val/videos/2017-09-25_16-03-38/2017-09-25_16-03-38.mp4-bee_id_1719-55005-1.png,0,2017-09-25_16-03-38,2017-09-25_16-03-38#1719,55005,val,[],healthy honeybee,2017-09-25_16-03-38
val/videos/2017-09-25_16-03-38/2017-09-25_16-03-38.mp4-bee_id_1720-55020-1.png,0,2017-09-25_16-03-38,2017-09-25_16-03-38#1720,55020,val,[],healthy honeybee,2017-09-25_16-03-38
val/videos/2017-09-25_16-03-38/2017-09-25_16-03-38.mp4-bee_id_1721-55020-1.png,0,2017-09-25_16-03-38,2017-09-25_16-03-38#1721,55020,val,[],healthy honeybee,2017-09-25_16-03-38
val/videos/2017-09-25_16-03-38/2017-09-25_16-03-38.mp4-bee_id_1723-55050-1.png,0,2017-09-25_16-03-38,2017-09-25_16-03-38#1723,55050,val,[],healthy honeybee,2017-09-25_16-03-38
val/videos/2017-09-25_16-03-38/2017-09-25_16-03-38.mp4-bee_id_1725-55095-1.png,0,2017-09-25_16-03-38,2017-09-25_16-03-38#1725,55095,val,[],healthy honeybee,2017-09-25_16-03-38
val/videos/2017-09-25_16-03-38/2017-09-25_16-03-38.mp4-bee_id_1726-55110-1.png,0,2017-09-25_16-03-38,2017-09-25_16-03-38#1726,55110,val,[],healthy honeybee,2017-09-25_16-03-38
val/videos/2017-09-25_16-03-38/2017-09-25_16-03-38.mp4-bee_id_1727-55125-1.png,0,2017-09-25_16-03-38,2017-09-25_16-03-38#1727,55125,val,[],healthy honeybee,2017-09-25_16-03-38
val/videos/2017-09-25_16-03-38/2017-09-25_16-03-38.mp4-bee_id_1729-55200-1.png,0,2017-09-25_16-03-38,2017-09-25_16-03-38#1729,55200,val,[],healthy honeybee,2017-09-25_16-03-38
val/videos/2017-09-25_16-03-38/2017-09-25_16-03-38.mp4-bee_id_1731-55275-1.png,0,2017-09-25_16-03-38,2017-09-25_16-03-38#1731,55275,val,[],healthy honeybee,2017-09-25_16-03-38
val/videos/2017-09-25_16-03-38/2017-09-25_16-03-38.mp4-bee_id_1732-55305-1.png,0,2017-09-25_16-03-38,2017-09-25_16-03-38#1732,55305,val,[],healthy honeybee,2017-09-25_16-03-38
val/videos/2017-09-25_16-03-38/2017-09-25_16-03-38.mp4-bee_id_1735-55365-1.png,0,2017-09-25_16-03-38,2017-09-25_16-03-38#1735,55365,val,[],healthy honeybee,2017-09-25_16-03-38
val/videos/2017-09-25_16-03-38/2017-09-25_16-03-38.mp4-bee_id_1736-55410-1.png,0,2017-09-25_16-03-38,2017-09-25_16-03-38#1736,55410,val,[],healthy honeybee,2017-09-25_16-03-38
val/videos/2017-09-25_16-03-38/2017-09-25_16-03-38.mp4-bee_id_1743-55665-1.png,0,2017-09-25_16-03-38,2017-09-25_16-03-38#1743,55665,val,[],healthy honeybee,2017-09-25_16-03-38
val/videos/2017-09-25_16-03-38/2017-09-25_16-03-38.mp4-bee_id_1744-55680-1.png,0,2017-09-25_16-03-38,2017-09-25_16-03-38#1744,55680,val,[],healthy honeybee,2017-09-25_16-03-38
val/videos/2017-09-25_16-03-38/2017-09-25_16-03-38.mp4-bee_id_1745-55695-1.png,1,2017-09-25_16-03-38,2017-09-25_16-03-38#1745,55695,val,"[[59.0, 178.0, 90.0, 209.0], [82.0, 109.0, 113.0, 146.0], [27.0, 109.0, 62.0, 139.0]]",honeybee with a varroa mite,2017-09-25_16-03-38
val/videos/2017-09-25_16-03-38/2017-09-25_16-03-38.mp4-bee_id_1749-55740-1.png,0,2017-09-25_16-03-38,2017-09-25_16-03-38#1749,55740,val,[],healthy honeybee,2017-09-25_16-03-38
val/videos/2017-09-25_16-03-38/2017-09-25_16-03-38.mp4-bee_id_1750-55755-1.png,0,2017-09-25_16-03-38,2017-09-25_16-03-38#1750,55755,val,[],healthy honeybee,2017-09-25_16-03-38
val/videos/2017-09-25_16-03-38/2017-09-25_16-03-38.mp4-bee_id_1753-55875-1.png,0,2017-09-25_16-03-38,2017-09-25_16-03-38#1753,55875,val,[],healthy honeybee,2017-09-25_16-03-38
val/videos/2017-09-25_16-03-38/2017-09-25_16-03-38.mp4-bee_id_1754-55875-1.png,0,2017-09-25_16-03-38,2017-09-25_16-03-38#1754,55875,val,[],healthy honeybee,2017-09-25_16-03-38
val/videos/2017-09-25_16-03-38/2017-09-25_16-03-38.mp4-bee_id_1755-55965-1.png,0,2017-09-25_16-03-38,2017-09-25_16-03-38#1755,55965,val,[],healthy honeybee,2017-09-25_16-03-38
val/videos/2017-09-25_16-03-38/2017-09-25_16-03-38.mp4-bee_id_1756-55980-1.png,0,2017-09-25_16-03-38,2017-09-25_16-03-38#1756,55980,val,[],healthy honeybee,2017-09-25_16-03-38
val/videos/2017-09-25_16-03-38/2017-09-25_16-03-38.mp4-bee_id_1757-55995-1.png,0,2017-09-25_16-03-38,2017-09-25_16-03-38#1757,55995,val,[],healthy honeybee,2017-09-25_16-03-38
val/videos/2017-09-25_16-03-38/2017-09-25_16-03-38.mp4-bee_id_1759-56115-1.png,0,2017-09-25_16-03-38,2017-09-25_16-03-38#1759,56115,val,[],healthy honeybee,2017-09-25_16-03-38
val/videos/2017-09-25_16-03-38/2017-09-25_16-03-38.mp4-bee_id_1760-56130-1.png,0,2017-09-25_16-03-38,2017-09-25_16-03-38#1760,56130,val,[],healthy honeybee,2017-09-25_16-03-38
val/videos/2017-09-25_16-03-38/2017-09-25_16-03-38.mp4-bee_id_1761-56160-1.png,0,2017-09-25_16-03-38,2017-09-25_16-03-38#1761,56160,val,[],healthy honeybee,2017-09-25_16-03-38
val/videos/2017-09-25_16-03-38/2017-09-25_16-03-38.mp4-bee_id_1762-56250-1.png,0,2017-09-25_16-03-38,2017-09-25_16-03-38#1762,56250,val,[],healthy honeybee,2017-09-25_16-03-38
val/videos/2017-09-25_16-03-38/2017-09-25_16-03-38.mp4-bee_id_1763-56250-1.png,0,2017-09-25_16-03-38,2017-09-25_16-03-38#1763,56250,val,[],healthy honeybee,2017-09-25_16-03-38
val/videos/2017-09-25_16-03-38/2017-09-25_16-03-38.mp4-bee_id_1765-56265-1.png,0,2017-09-25_16-03-38,2017-09-25_16-03-38#1765,56265,val,[],healthy honeybee,2017-09-25_16-03-38
val/videos/2017-09-25_16-03-38/2017-09-25_16-03-38.mp4-bee_id_1766-56295-1.png,0,2017-09-25_16-03-38,2017-09-25_16-03-38#1766,56295,val,[],healthy honeybee,2017-09-25_16-03-38
val/videos/2017-09-25_16-03-38/2017-09-25_16-03-38.mp4-bee_id_1768-56400-1.png,0,2017-09-25_16-03-38,2017-09-25_16-03-38#1768,56400,val,[],healthy honeybee,2017-09-25_16-03-38
val/videos/2017-09-25_16-03-38/2017-09-25_16-03-38.mp4-bee_id_1769-56400-1.png,0,2017-09-25_16-03-38,2017-09-25_16-03-38#1769,56400,val,[],healthy honeybee,2017-09-25_16-03-38
val/videos/2017-09-25_16-03-38/2017-09-25_16-03-38.mp4-bee_id_1771-56490-1.png,0,2017-09-25_16-03-38,2017-09-25_16-03-38#1771,56490,val,[],healthy honeybee,2017-09-25_16-03-38
val/videos/2017-09-25_16-03-38/2017-09-25_16-03-38.mp4-bee_id_1772-56520-1.png,0,2017-09-25_16-03-38,2017-09-25_16-03-38#1772,56520,val,[],healthy honeybee,2017-09-25_16-03-38
val/videos/2017-09-25_16-03-38/2017-09-25_16-03-38.mp4-bee_id_1773-56610-1.png,0,2017-09-25_16-03-38,2017-09-25_16-03-38#1773,56610,val,[],healthy honeybee,2017-09-25_16-03-38
val/videos/2017-09-25_16-03-38/2017-09-25_16-03-38.mp4-bee_id_1774-56640-1.png,0,2017-09-25_16-03-38,2017-09-25_16-03-38#1774,56640,val,[],healthy honeybee,2017-09-25_16-03-38
val/videos/2017-09-25_16-03-38/2017-09-25_16-03-38.mp4-bee_id_1779-56730-1.png,0,2017-09-25_16-03-38,2017-09-25_16-03-38#1779,56730,val,[],healthy honeybee,2017-09-25_16-03-38
val/videos/2017-09-25_16-03-38/2017-09-25_16-03-38.mp4-bee_id_1780-56760-1.png,0,2017-09-25_16-03-38,2017-09-25_16-03-38#1780,56760,val,[],healthy honeybee,2017-09-25_16-03-38
val/videos/2017-09-25_16-03-38/2017-09-25_16-03-38.mp4-bee_id_1781-56805-1.png,0,2017-09-25_16-03-38,2017-09-25_16-03-38#1781,56805,val,[],healthy honeybee,2017-09-25_16-03-38
val/videos/2017-09-25_16-03-38/2017-09-25_16-03-38.mp4-bee_id_1782-56835-1.png,0,2017-09-25_16-03-38,2017-09-25_16-03-38#1782,56835,val,[],healthy honeybee,2017-09-25_16-03-38
val/videos/2017-09-25_16-03-38/2017-09-25_16-03-38.mp4-bee_id_1783-56850-1.png,0,2017-09-25_16-03-38,2017-09-25_16-03-38#1783,56850,val,[],healthy honeybee,2017-09-25_16-03-38
val/videos/2017-09-25_16-03-38/2017-09-25_16-03-38.mp4-bee_id_1784-56910-1.png,0,2017-09-25_16-03-38,2017-09-25_16-03-38#1784,56910,val,[],healthy honeybee,2017-09-25_16-03-38
val/videos/2017-09-25_16-03-38/2017-09-25_16-03-38.mp4-bee_id_1785-56925-1.png,0,2017-09-25_16-03-38,2017-09-25_16-03-38#1785,56925,val,[],healthy honeybee,2017-09-25_16-03-38
val/videos/2017-09-25_16-03-38/2017-09-25_16-03-38.mp4-bee_id_1787-56985-1.png,0,2017-09-25_16-03-38,2017-09-25_16-03-38#1787,56985,val,[],healthy honeybee,2017-09-25_16-03-38
val/videos/2017-09-25_16-03-38/2017-09-25_16-03-38.mp4-bee_id_1788-57075-1.png,0,2017-09-25_16-03-38,2017-09-25_16-03-38#1788,57075,val,[],healthy honeybee,2017-09-25_16-03-38
val/videos/2017-09-25_16-03-38/2017-09-25_16-03-38.mp4-bee_id_1790-57180-1.png,1,2017-09-25_16-03-38,2017-09-25_16-03-38#1790,57180,val,"[[90.0, 136.0, 128.0, 171.0]]",honeybee with a varroa mite,2017-09-25_16-03-38
val/videos/2017-09-25_16-03-38/2017-09-25_16-03-38.mp4-bee_id_1791-57180-1.png,0,2017-09-25_16-03-38,2017-09-25_16-03-38#1791,57180,val,[],healthy honeybee,2017-09-25_16-03-38
val/videos/2017-09-25_16-03-38/2017-09-25_16-03-38.mp4-bee_id_1793-57240-1.png,0,2017-09-25_16-03-38,2017-09-25_16-03-38#1793,57240,val,[],healthy honeybee,2017-09-25_16-03-38
val/videos/2017-09-25_16-03-38/2017-09-25_16-03-38.mp4-bee_id_1794-57240-1.png,0,2017-09-25_16-03-38,2017-09-25_16-03-38#1794,57240,val,[],healthy honeybee,2017-09-25_16-03-38
val/videos/2017-09-25_16-03-38/2017-09-25_16-03-38.mp4-bee_id_1795-57315-1.png,0,2017-09-25_16-03-38,2017-09-25_16-03-38#1795,57315,val,[],healthy honeybee,2017-09-25_16-03-38
val/videos/2017-09-25_16-03-38/2017-09-25_16-03-38.mp4-bee_id_1797-57360-1.png,0,2017-09-25_16-03-38,2017-09-25_16-03-38#1797,57360,val,[],healthy honeybee,2017-09-25_16-03-38
val/videos/2017-09-25_16-03-38/2017-09-25_16-03-38.mp4-bee_id_1798-57390-1.png,0,2017-09-25_16-03-38,2017-09-25_16-03-38#1798,57390,val,[],healthy honeybee,2017-09-25_16-03-38
val/videos/2017-09-25_16-03-38/2017-09-25_16-03-38.mp4-bee_id_1799-57525-1.png,0,2017-09-25_16-03-38,2017-09-25_16-03-38#1799,57525,val,[],healthy honeybee,2017-09-25_16-03-38
val/videos/2017-09-25_16-03-38/2017-09-25_16-03-38.mp4-bee_id_1800-57540-1.png,0,2017-09-25_16-03-38,2017-09-25_16-03-38#1800,57540,val,[],healthy honeybee,2017-09-25_16-03-38
val/videos/2017-09-25_16-03-38/2017-09-25_16-03-38.mp4-bee_id_1801-57555-1.png,0,2017-09-25_16-03-38,2017-09-25_16-03-38#1801,57555,val,[],healthy honeybee,2017-09-25_16-03-38
val/videos/2017-09-25_16-03-38/2017-09-25_16-03-38.mp4-bee_id_1803-57615-1.png,0,2017-09-25_16-03-38,2017-09-25_16-03-38#1803,57615,val,[],healthy honeybee,2017-09-25_16-03-38
val/videos/2017-09-25_16-03-38/2017-09-25_16-03-38.mp4-bee_id_1804-57630-1.png,0,2017-09-25_16-03-38,2017-09-25_16-03-38#1804,57630,val,[],healthy honeybee,2017-09-25_16-03-38
val/videos/2017-09-25_16-03-38/2017-09-25_16-03-38.mp4-bee_id_1805-57630-1.png,0,2017-09-25_16-03-38,2017-09-25_16-03-38#1805,57630,val,[],healthy honeybee,2017-09-25_16-03-38
val/videos/2017-09-25_16-03-38/2017-09-25_16-03-38.mp4-bee_id_1806-57645-1.png,0,2017-09-25_16-03-38,2017-09-25_16-03-38#1806,57645,val,[],healthy honeybee,2017-09-25_16-03-38
val/videos/2017-09-25_16-03-38/2017-09-25_16-03-38.mp4-bee_id_1807-57660-1.png,0,2017-09-25_16-03-38,2017-09-25_16-03-38#1807,57660,val,[],healthy honeybee,2017-09-25_16-03-38
val/videos/2017-09-25_16-03-38/2017-09-25_16-03-38.mp4-bee_id_1811-57990-1.png,0,2017-09-25_16-03-38,2017-09-25_16-03-38#1811,57990,val,[],healthy honeybee,2017-09-25_16-03-38
val/videos/2017-09-25_16-03-38/2017-09-25_16-03-38.mp4-bee_id_1812-58020-1.png,0,2017-09-25_16-03-38,2017-09-25_16-03-38#1812,58020,val,[],healthy honeybee,2017-09-25_16-03-38
val/videos/2017-09-25_16-03-38/2017-09-25_16-03-38.mp4-bee_id_1813-58035-1.png,0,2017-09-25_16-03-38,2017-09-25_16-03-38#1813,58035,val,[],healthy honeybee,2017-09-25_16-03-38
val/videos/2017-09-25_16-03-38/2017-09-25_16-03-38.mp4-bee_id_1814-58110-1.png,0,2017-09-25_16-03-38,2017-09-25_16-03-38#1814,58110,val,[],healthy honeybee,2017-09-25_16-03-38
val/videos/2017-09-25_16-03-38/2017-09-25_16-03-38.mp4-bee_id_1815-58110-1.png,0,2017-09-25_16-03-38,2017-09-25_16-03-38#1815,58110,val,[],healthy honeybee,2017-09-25_16-03-38
val/videos/2017-09-25_16-03-38/2017-09-25_16-03-38.mp4-bee_id_1817-58260-1.png,0,2017-09-25_16-03-38,2017-09-25_16-03-38#1817,58260,val,[],healthy honeybee,2017-09-25_16-03-38
val/videos/2017-09-25_16-03-38/2017-09-25_16-03-38.mp4-bee_id_1819-58365-1.png,1,2017-09-25_16-03-38,2017-09-25_16-03-38#1819,58365,val,"[[65.0, 107.0, 108.0, 134.0], [57.0, 165.0, 100.0, 205.0]]",honeybee with a varroa mite,2017-09-25_16-03-38
val/videos/2017-09-25_16-03-38/2017-09-25_16-03-38.mp4-bee_id_1820-58380-1.png,0,2017-09-25_16-03-38,2017-09-25_16-03-38#1820,58380,val,[],healthy honeybee,2017-09-25_16-03-38
val/videos/2017-09-25_16-03-38/2017-09-25_16-03-38.mp4-bee_id_1821-58395-1.png,0,2017-09-25_16-03-38,2017-09-25_16-03-38#1821,58395,val,[],healthy honeybee,2017-09-25_16-03-38
val/videos/2017-09-25_16-03-38/2017-09-25_16-03-38.mp4-bee_id_1822-58485-1.png,1,2017-09-25_16-03-38,2017-09-25_16-03-38#1822,58485,val,"[[51.0, 117.0, 85.0, 152.0]]",honeybee with a varroa mite,2017-09-25_16-03-38
val/videos/2017-09-25_16-03-38/2017-09-25_16-03-38.mp4-bee_id_1824-58575-1.png,0,2017-09-25_16-03-38,2017-09-25_16-03-38#1824,58575,val,[],healthy honeybee,2017-09-25_16-03-38
val/videos/2017-09-25_16-03-38/2017-09-25_16-03-38.mp4-bee_id_1825-58695-1.png,0,2017-09-25_16-03-38,2017-09-25_16-03-38#1825,58695,val,[],healthy honeybee,2017-09-25_16-03-38
val/videos/2017-09-25_16-03-38/2017-09-25_16-03-38.mp4-bee_id_1826-58740-1.png,0,2017-09-25_16-03-38,2017-09-25_16-03-38#1826,58740,val,[],healthy honeybee,2017-09-25_16-03-38
val/videos/2017-09-25_16-03-38/2017-09-25_16-03-38.mp4-bee_id_1827-58875-1.png,0,2017-09-25_16-03-38,2017-09-25_16-03-38#1827,58875,val,[],healthy honeybee,2017-09-25_16-03-38
val/videos/2017-09-25_16-03-38/2017-09-25_16-03-38.mp4-bee_id_1828-59325-1.png,0,2017-09-25_16-03-38,2017-09-25_16-03-38#1828,59325,val,[],healthy honeybee,2017-09-25_16-03-38
val/videos/2017-09-25_16-03-38/2017-09-25_16-03-38.mp4-bee_id_1830-60015-1.png,0,2017-09-25_16-03-38,2017-09-25_16-03-38#1830,60015,val,[],healthy honeybee,2017-09-25_16-03-38
val/videos/2017-09-25_16-03-38/2017-09-25_16-03-38.mp4-bee_id_1831-60180-1.png,0,2017-09-25_16-03-38,2017-09-25_16-03-38#1831,60180,val,[],healthy honeybee,2017-09-25_16-03-38
val/videos/2017-09-25_16-03-38/2017-09-25_16-03-38.mp4-bee_id_1832-60195-1.png,0,2017-09-25_16-03-38,2017-09-25_16-03-38#1832,60195,val,[],healthy honeybee,2017-09-25_16-03-38
val/videos/2017-09-25_16-03-38/2017-09-25_16-03-38.mp4-bee_id_1833-60255-1.png,0,2017-09-25_16-03-38,2017-09-25_16-03-38#1833,60255,val,[],healthy honeybee,2017-09-25_16-03-38
val/videos/2017-09-25_16-03-38/2017-09-25_16-03-38.mp4-bee_id_1837-61260-1.png,0,2017-09-25_16-03-38,2017-09-25_16-03-38#1837,61260,val,[],healthy honeybee,2017-09-25_16-03-38
val/videos/2017-09-25_16-03-38/2017-09-25_16-03-38.mp4-bee_id_1838-61545-1.png,1,2017-09-25_16-03-38,2017-09-25_16-03-38#1838,61545,val,"[[43.0, 102.0, 78.0, 136.0], [90.0, 106.0, 121.0, 133.0], [74.0, 164.0, 109.0, 203.0]]",honeybee with a varroa mite,2017-09-25_16-03-38
val/videos/2017-09-25_16-03-38/2017-09-25_16-03-38.mp4-bee_id_1839-61545-1.png,0,2017-09-25_16-03-38,2017-09-25_16-03-38#1839,61545,val,[],healthy honeybee,2017-09-25_16-03-38
val/videos/2017-09-25_16-03-38/2017-09-25_16-03-38.mp4-bee_id_1841-61845-1.png,0,2017-09-25_16-03-38,2017-09-25_16-03-38#1841,61845,val,[],healthy honeybee,2017-09-25_16-03-38
val/videos/2017-09-25_16-03-38/2017-09-25_16-03-38.mp4-bee_id_1844-62205-1.png,0,2017-09-25_16-03-38,2017-09-25_16-03-38#1844,62205,val,[],healthy honeybee,2017-09-25_16-03-38
val/videos/2017-09-25_16-03-38/2017-09-25_16-03-38.mp4-bee_id_1845-62235-1.png,0,2017-09-25_16-03-38,2017-09-25_16-03-38#1845,62235,val,[],healthy honeybee,2017-09-25_16-03-38
val/videos/2017-09-25_16-03-38/2017-09-25_16-03-38.mp4-bee_id_1847-62235-1.png,0,2017-09-25_16-03-38,2017-09-25_16-03-38#1847,62235,val,[],healthy honeybee,2017-09-25_16-03-38
val/videos/2017-09-25_16-03-38/2017-09-25_16-03-38.mp4-bee_id_1848-62250-1.png,0,2017-09-25_16-03-38,2017-09-25_16-03-38#1848,62250,val,[],healthy honeybee,2017-09-25_16-03-38
val/videos/2017-09-25_16-03-38/2017-09-25_16-03-38.mp4-bee_id_1849-62280-1.png,0,2017-09-25_16-03-38,2017-09-25_16-03-38#1849,62280,val,[],healthy honeybee,2017-09-25_16-03-38
val/videos/2017-09-25_16-03-38/2017-09-25_16-03-38.mp4-bee_id_1850-62670-1.png,0,2017-09-25_16-03-38,2017-09-25_16-03-38#1850,62670,val,[],healthy honeybee,2017-09-25_16-03-38
val/videos/2017-09-25_16-03-38/2017-09-25_16-03-38.mp4-bee_id_1851-62985-1.png,0,2017-09-25_16-03-38,2017-09-25_16-03-38#1851,62985,val,[],healthy honeybee,2017-09-25_16-03-38
val/videos/2017-09-25_16-03-38/2017-09-25_16-03-38.mp4-bee_id_1852-63045-1.png,0,2017-09-25_16-03-38,2017-09-25_16-03-38#1852,63045,val,[],healthy honeybee,2017-09-25_16-03-38
val/videos/2017-09-25_16-03-38/2017-09-25_16-03-38.mp4-bee_id_1854-63165-1.png,0,2017-09-25_16-03-38,2017-09-25_16-03-38#1854,63165,val,[],healthy honeybee,2017-09-25_16-03-38
val/videos/2017-09-25_16-03-38/2017-09-25_16-03-38.mp4-bee_id_1855-63225-1.png,0,2017-09-25_16-03-38,2017-09-25_16-03-38#1855,63225,val,[],healthy honeybee,2017-09-25_16-03-38
val/videos/2017-09-25_16-03-38/2017-09-25_16-03-38.mp4-bee_id_1856-63270-1.png,0,2017-09-25_16-03-38,2017-09-25_16-03-38#1856,63270,val,[],healthy honeybee,2017-09-25_16-03-38
val/videos/2017-09-25_16-03-38/2017-09-25_16-03-38.mp4-bee_id_1857-63420-1.png,0,2017-09-25_16-03-38,2017-09-25_16-03-38#1857,63420,val,[],healthy honeybee,2017-09-25_16-03-38
val/videos/2017-09-25_16-03-38/2017-09-25_16-03-38.mp4-bee_id_1859-63480-1.png,0,2017-09-25_16-03-38,2017-09-25_16-03-38#1859,63480,val,[],healthy honeybee,2017-09-25_16-03-38
val/videos/2017-09-25_16-03-38/2017-09-25_16-03-38.mp4-bee_id_1860-63645-1.png,0,2017-09-25_16-03-38,2017-09-25_16-03-38#1860,63645,val,[],healthy honeybee,2017-09-25_16-03-38
val/videos/2017-09-25_16-03-38/2017-09-25_16-03-38.mp4-bee_id_1863-63720-1.png,0,2017-09-25_16-03-38,2017-09-25_16-03-38#1863,63720,val,[],healthy honeybee,2017-09-25_16-03-38
val/videos/2017-09-25_16-03-38/2017-09-25_16-03-38.mp4-bee_id_1864-63735-1.png,0,2017-09-25_16-03-38,2017-09-25_16-03-38#1864,63735,val,[],healthy honeybee,2017-09-25_16-03-38
val/videos/2017-09-25_16-03-38/2017-09-25_16-03-38.mp4-bee_id_1866-63900-1.png,0,2017-09-25_16-03-38,2017-09-25_16-03-38#1866,63900,val,[],healthy honeybee,2017-09-25_16-03-38
val/videos/2017-09-25_16-03-38/2017-09-25_16-03-38.mp4-bee_id_1867-63915-1.png,0,2017-09-25_16-03-38,2017-09-25_16-03-38#1867,63915,val,[],healthy honeybee,2017-09-25_16-03-38
val/videos/2017-09-25_16-03-38/2017-09-25_16-03-38.mp4-bee_id_1868-64320-1.png,0,2017-09-25_16-03-38,2017-09-25_16-03-38#1868,64320,val,[],healthy honeybee,2017-09-25_16-03-38
val/videos/2017-09-25_16-03-38/2017-09-25_16-03-38.mp4-bee_id_1871-64410-1.png,1,2017-09-25_16-03-38,2017-09-25_16-03-38#1871,64410,val,"[[102.0, 149.0, 137.0, 180.0]]",honeybee with a varroa mite,2017-09-25_16-03-38
val/videos/2017-09-25_16-03-38/2017-09-25_16-03-38.mp4-bee_id_1874-64545-1.png,0,2017-09-25_16-03-38,2017-09-25_16-03-38#1874,64545,val,[],healthy honeybee,2017-09-25_16-03-38
val/videos/2017-09-25_16-03-38/2017-09-25_16-03-38.mp4-bee_id_1875-64665-1.png,0,2017-09-25_16-03-38,2017-09-25_16-03-38#1875,64665,val,[],healthy honeybee,2017-09-25_16-03-38
val/videos/2017-09-25_16-03-38/2017-09-25_16-03-38.mp4-bee_id_1876-64680-1.png,0,2017-09-25_16-03-38,2017-09-25_16-03-38#1876,64680,val,[],healthy honeybee,2017-09-25_16-03-38
val/videos/2017-09-25_16-03-38/2017-09-25_16-03-38.mp4-bee_id_1878-64800-1.png,0,2017-09-25_16-03-38,2017-09-25_16-03-38#1878,64800,val,[],healthy honeybee,2017-09-25_16-03-38
val/videos/2017-09-25_16-03-38/2017-09-25_16-03-38.mp4-bee_id_1879-64800-1.png,0,2017-09-25_16-03-38,2017-09-25_16-03-38#1879,64800,val,[],healthy honeybee,2017-09-25_16-03-38
val/videos/2017-09-25_16-03-38/2017-09-25_16-03-38.mp4-bee_id_1880-64815-1.png,0,2017-09-25_16-03-38,2017-09-25_16-03-38#1880,64815,val,[],healthy honeybee,2017-09-25_16-03-38
val/videos/2017-09-25_16-03-38/2017-09-25_16-03-38.mp4-bee_id_1881-65070-1.png,0,2017-09-25_16-03-38,2017-09-25_16-03-38#1881,65070,val,[],healthy honeybee,2017-09-25_16-03-38
val/videos/2017-09-25_16-03-38/2017-09-25_16-03-38.mp4-bee_id_1882-65175-1.png,0,2017-09-25_16-03-38,2017-09-25_16-03-38#1882,65175,val,[],healthy honeybee,2017-09-25_16-03-38
val/videos/2017-09-25_16-03-38/2017-09-25_16-03-38.mp4-bee_id_1885-65505-1.png,0,2017-09-25_16-03-38,2017-09-25_16-03-38#1885,65505,val,[],healthy honeybee,2017-09-25_16-03-38
val/videos/2017-09-25_16-03-38/2017-09-25_16-03-38.mp4-bee_id_1886-65610-1.png,0,2017-09-25_16-03-38,2017-09-25_16-03-38#1886,65610,val,[],healthy honeybee,2017-09-25_16-03-38
val/videos/2017-09-25_16-03-38/2017-09-25_16-03-38.mp4-bee_id_1888-65910-1.png,0,2017-09-25_16-03-38,2017-09-25_16-03-38#1888,65910,val,[],healthy honeybee,2017-09-25_16-03-38
val/videos/2017-09-25_16-03-38/2017-09-25_16-03-38.mp4-bee_id_1889-66135-1.png,0,2017-09-25_16-03-38,2017-09-25_16-03-38#1889,66135,val,[],healthy honeybee,2017-09-25_16-03-38
val/videos/2017-09-25_16-03-38/2017-09-25_16-03-38.mp4-bee_id_1890-66255-1.png,1,2017-09-25_16-03-38,2017-09-25_16-03-38#1890,66255,val,"[[39.0, 117.0, 66.0, 149.0], [82.0, 114.0, 117.0, 149.0], [78.0, 183.0, 101.0, 219.0]]",honeybee with a varroa mite,2017-09-25_16-03-38
val/videos/2017-09-25_16-03-38/2017-09-25_16-03-38.mp4-bee_id_1891-66315-1.png,0,2017-09-25_16-03-38,2017-09-25_16-03-38#1891,66315,val,[],healthy honeybee,2017-09-25_16-03-38
val/videos/2017-09-25_16-03-38/2017-09-25_16-03-38.mp4-bee_id_1893-66480-1.png,0,2017-09-25_16-03-38,2017-09-25_16-03-38#1893,66480,val,[],healthy honeybee,2017-09-25_16-03-38
val/videos/2017-09-25_16-03-38/2017-09-25_16-03-38.mp4-bee_id_1894-66510-1.png,1,2017-09-25_16-03-38,2017-09-25_16-03-38#1894,66510,val,"[[31.0, 135.0, 80.0, 167.0]]",honeybee with a varroa mite,2017-09-25_16-03-38
val/videos/2017-09-25_16-03-38/2017-09-25_16-03-38.mp4-bee_id_1895-66630-1.png,0,2017-09-25_16-03-38,2017-09-25_16-03-38#1895,66630,val,[],healthy honeybee,2017-09-25_16-03-38
val/videos/2017-09-25_16-03-38/2017-09-25_16-03-38.mp4-bee_id_1896-66660-1.png,0,2017-09-25_16-03-38,2017-09-25_16-03-38#1896,66660,val,[],healthy honeybee,2017-09-25_16-03-38
val/videos/2017-09-25_16-03-38/2017-09-25_16-03-38.mp4-bee_id_1898-66870-1.png,0,2017-09-25_16-03-38,2017-09-25_16-03-38#1898,66870,val,[],healthy honeybee,2017-09-25_16-03-38
val/videos/2017-09-25_16-03-38/2017-09-25_16-03-38.mp4-bee_id_1899-66900-1.png,1,2017-09-25_16-03-38,2017-09-25_16-03-38#1899,66900,val,"[[102.0, 133.0, 137.0, 168.0]]",honeybee with a varroa mite,2017-09-25_16-03-38
val/videos/2017-09-25_16-03-38/2017-09-25_16-03-38.mp4-bee_id_1901-67005-1.png,0,2017-09-25_16-03-38,2017-09-25_16-03-38#1901,67005,val,[],healthy honeybee,2017-09-25_16-03-38
val/videos/2017-09-25_16-03-38/2017-09-25_16-03-38.mp4-bee_id_1902-67305-1.png,0,2017-09-25_16-03-38,2017-09-25_16-03-38#1902,67305,val,[],healthy honeybee,2017-09-25_16-03-38
val/videos/2017-09-25_16-03-38/2017-09-25_16-03-38.mp4-bee_id_1903-67470-1.png,0,2017-09-25_16-03-38,2017-09-25_16-03-38#1903,67470,val,[],healthy honeybee,2017-09-25_16-03-38
val/videos/2017-09-25_16-03-38/2017-09-25_16-03-38.mp4-bee_id_1904-67545-1.png,0,2017-09-25_16-03-38,2017-09-25_16-03-38#1904,67545,val,[],healthy honeybee,2017-09-25_16-03-38
val/videos/2017-09-25_16-03-38/2017-09-25_16-03-38.mp4-bee_id_1906-67920-1.png,0,2017-09-25_16-03-38,2017-09-25_16-03-38#1906,67920,val,[],healthy honeybee,2017-09-25_16-03-38
val/videos/2017-09-25_16-03-38/2017-09-25_16-03-38.mp4-bee_id_1908-68130-1.png,0,2017-09-25_16-03-38,2017-09-25_16-03-38#1908,68130,val,[],healthy honeybee,2017-09-25_16-03-38
val/videos/2017-09-25_16-03-38/2017-09-25_16-03-38.mp4-bee_id_1910-68250-1.png,0,2017-09-25_16-03-38,2017-09-25_16-03-38#1910,68250,val,[],healthy honeybee,2017-09-25_16-03-38
val/videos/2017-09-25_16-03-38/2017-09-25_16-03-38.mp4-bee_id_1911-68265-1.png,0,2017-09-25_16-03-38,2017-09-25_16-03-38#1911,68265,val,[],healthy honeybee,2017-09-25_16-03-38
val/videos/2017-09-25_16-03-38/2017-09-25_16-03-38.mp4-bee_id_1916-68475-1.png,0,2017-09-25_16-03-38,2017-09-25_16-03-38#1916,68475,val,[],healthy honeybee,2017-09-25_16-03-38
val/videos/2017-09-25_16-03-38/2017-09-25_16-03-38.mp4-bee_id_1917-68625-1.png,0,2017-09-25_16-03-38,2017-09-25_16-03-38#1917,68625,val,[],healthy honeybee,2017-09-25_16-03-38
val/videos/2017-09-25_16-03-38/2017-09-25_16-03-38.mp4-bee_id_1919-68850-1.png,0,2017-09-25_16-03-38,2017-09-25_16-03-38#1919,68850,val,[],healthy honeybee,2017-09-25_16-03-38
val/videos/2017-09-25_16-03-38/2017-09-25_16-03-38.mp4-bee_id_1922-69195-1.png,0,2017-09-25_16-03-38,2017-09-25_16-03-38#1922,69195,val,[],healthy honeybee,2017-09-25_16-03-38
val/videos/2017-09-25_16-03-38/2017-09-25_16-03-38.mp4-bee_id_1923-69375-1.png,0,2017-09-25_16-03-38,2017-09-25_16-03-38#1923,69375,val,[],healthy honeybee,2017-09-25_16-03-38
val/videos/2017-09-25_16-03-38/2017-09-25_16-03-38.mp4-bee_id_1924-69540-1.png,0,2017-09-25_16-03-38,2017-09-25_16-03-38#1924,69540,val,[],healthy honeybee,2017-09-25_16-03-38
val/videos/2017-09-25_16-03-38/2017-09-25_16-03-38.mp4-bee_id_1926-69630-1.png,0,2017-09-25_16-03-38,2017-09-25_16-03-38#1926,69630,val,[],healthy honeybee,2017-09-25_16-03-38
val/videos/2017-09-25_16-03-38/2017-09-25_16-03-38.mp4-bee_id_1927-69780-1.png,0,2017-09-25_16-03-38,2017-09-25_16-03-38#1927,69780,val,[],healthy honeybee,2017-09-25_16-03-38
val/videos/2017-09-25_16-03-38/2017-09-25_16-03-38.mp4-bee_id_1928-69795-1.png,0,2017-09-25_16-03-38,2017-09-25_16-03-38#1928,69795,val,[],healthy honeybee,2017-09-25_16-03-38
val/videos/2017-09-25_16-03-38/2017-09-25_16-03-38.mp4-bee_id_1929-69885-1.png,0,2017-09-25_16-03-38,2017-09-25_16-03-38#1929,69885,val,[],healthy honeybee,2017-09-25_16-03-38
val/videos/2017-09-25_16-03-38/2017-09-25_16-03-38.mp4-bee_id_1930-69915-1.png,0,2017-09-25_16-03-38,2017-09-25_16-03-38#1930,69915,val,[],healthy honeybee,2017-09-25_16-03-38
val/videos/2017-09-25_16-03-38/2017-09-25_16-03-38.mp4-bee_id_1931-70035-1.png,0,2017-09-25_16-03-38,2017-09-25_16-03-38#1931,70035,val,[],healthy honeybee,2017-09-25_16-03-38
val/videos/2017-09-25_16-03-38/2017-09-25_16-03-38.mp4-bee_id_1932-70050-1.png,0,2017-09-25_16-03-38,2017-09-25_16-03-38#1932,70050,val,[],healthy honeybee,2017-09-25_16-03-38
val/videos/2017-09-25_16-03-38/2017-09-25_16-03-38.mp4-bee_id_1933-70050-1.png,0,2017-09-25_16-03-38,2017-09-25_16-03-38#1933,70050,val,[],healthy honeybee,2017-09-25_16-03-38
val/videos/2017-09-25_16-03-38/2017-09-25_16-03-38.mp4-bee_id_1934-70320-1.png,0,2017-09-25_16-03-38,2017-09-25_16-03-38#1934,70320,val,[],healthy honeybee,2017-09-25_16-03-38
val/videos/2017-09-25_16-03-38/2017-09-25_16-03-38.mp4-bee_id_1936-70440-1.png,0,2017-09-25_16-03-38,2017-09-25_16-03-38#1936,70440,val,[],healthy honeybee,2017-09-25_16-03-38
val/videos/2017-09-25_16-03-38/2017-09-25_16-03-38.mp4-bee_id_1937-70560-1.png,0,2017-09-25_16-03-38,2017-09-25_16-03-38#1937,70560,val,[],healthy honeybee,2017-09-25_16-03-38
val/videos/2017-09-25_16-03-38/2017-09-25_16-03-38.mp4-bee_id_1938-70605-1.png,0,2017-09-25_16-03-38,2017-09-25_16-03-38#1938,70605,val,[],healthy honeybee,2017-09-25_16-03-38
val/videos/2017-09-25_16-03-38/2017-09-25_16-03-38.mp4-bee_id_1939-70785-1.png,0,2017-09-25_16-03-38,2017-09-25_16-03-38#1939,70785,val,[],healthy honeybee,2017-09-25_16-03-38
val/videos/2017-09-25_16-03-38/2017-09-25_16-03-38.mp4-bee_id_1940-70800-1.png,0,2017-09-25_16-03-38,2017-09-25_16-03-38#1940,70800,val,[],healthy honeybee,2017-09-25_16-03-38
val/videos/2017-09-25_16-03-38/2017-09-25_16-03-38.mp4-bee_id_1941-70815-1.png,0,2017-09-25_16-03-38,2017-09-25_16-03-38#1941,70815,val,[],healthy honeybee,2017-09-25_16-03-38
val/videos/2017-09-25_16-03-38/2017-09-25_16-03-38.mp4-bee_id_1942-70830-1.png,0,2017-09-25_16-03-38,2017-09-25_16-03-38#1942,70830,val,[],healthy honeybee,2017-09-25_16-03-38
val/videos/2017-09-25_16-03-38/2017-09-25_16-03-38.mp4-bee_id_1943-70875-1.png,0,2017-09-25_16-03-38,2017-09-25_16-03-38#1943,70875,val,[],healthy honeybee,2017-09-25_16-03-38
val/videos/2017-09-25_16-03-38/2017-09-25_16-03-38.mp4-bee_id_1944-71010-1.png,0,2017-09-25_16-03-38,2017-09-25_16-03-38#1944,71010,val,[],healthy honeybee,2017-09-25_16-03-38
val/videos/2017-09-25_16-03-38/2017-09-25_16-03-38.mp4-bee_id_1946-71085-1.png,0,2017-09-25_16-03-38,2017-09-25_16-03-38#1946,71085,val,[],healthy honeybee,2017-09-25_16-03-38
val/videos/2017-09-25_16-03-38/2017-09-25_16-03-38.mp4-bee_id_1947-71205-1.png,0,2017-09-25_16-03-38,2017-09-25_16-03-38#1947,71205,val,[],healthy honeybee,2017-09-25_16-03-38
val/videos/2017-09-25_16-03-38/2017-09-25_16-03-38.mp4-bee_id_1949-71370-1.png,0,2017-09-25_16-03-38,2017-09-25_16-03-38#1949,71370,val,[],healthy honeybee,2017-09-25_16-03-38
val/videos/2017-09-25_16-03-38/2017-09-25_16-03-38.mp4-bee_id_1950-71490-1.png,1,2017-09-25_16-03-38,2017-09-25_16-03-38#1950,71490,val,"[[46.0, 52.0, 82.0, 86.0], [32.0, 122.0, 70.0, 157.0], [82.0, 110.0, 126.0, 164.0]]",honeybee with a varroa mite,2017-09-25_16-03-38
val/videos/2017-09-25_16-03-38/2017-09-25_16-03-38.mp4-bee_id_1951-71535-1.png,0,2017-09-25_16-03-38,2017-09-25_16-03-38#1951,71535,val,[],healthy honeybee,2017-09-25_16-03-38
val/videos/2017-09-25_16-03-38/2017-09-25_16-03-38.mp4-bee_id_1953-71820-1.png,0,2017-09-25_16-03-38,2017-09-25_16-03-38#1953,71820,val,[],healthy honeybee,2017-09-25_16-03-38
val/videos/2017-09-25_16-03-38/2017-09-25_16-03-38.mp4-bee_id_1954-71865-1.png,0,2017-09-25_16-03-38,2017-09-25_16-03-38#1954,71865,val,[],healthy honeybee,2017-09-25_16-03-38
val/videos/2017-09-25_16-03-38/2017-09-25_16-03-38.mp4-bee_id_1955-71880-1.png,0,2017-09-25_16-03-38,2017-09-25_16-03-38#1955,71880,val,[],healthy honeybee,2017-09-25_16-03-38
val/videos/2017-09-25_16-03-38/2017-09-25_16-03-38.mp4-bee_id_1959-72075-1.png,0,2017-09-25_16-03-38,2017-09-25_16-03-38#1959,72075,val,[],healthy honeybee,2017-09-25_16-03-38
val/videos/2017-09-25_16-03-38/2017-09-25_16-03-38.mp4-bee_id_1960-72195-1.png,0,2017-09-25_16-03-38,2017-09-25_16-03-38#1960,72195,val,[],healthy honeybee,2017-09-25_16-03-38
val/videos/2017-09-25_16-03-38/2017-09-25_16-03-38.mp4-bee_id_1962-72390-1.png,0,2017-09-25_16-03-38,2017-09-25_16-03-38#1962,72390,val,[],healthy honeybee,2017-09-25_16-03-38
val/videos/2017-09-25_16-03-38/2017-09-25_16-03-38.mp4-bee_id_1963-72405-1.png,1,2017-09-25_16-03-38,2017-09-25_16-03-38#1963,72405,val,"[[98.0, 153.0, 129.0, 188.0]]",honeybee with a varroa mite,2017-09-25_16-03-38
val/videos/2017-09-25_16-03-38/2017-09-25_16-03-38.mp4-bee_id_1964-72465-1.png,0,2017-09-25_16-03-38,2017-09-25_16-03-38#1964,72465,val,[],healthy honeybee,2017-09-25_16-03-38
val/videos/2017-09-25_16-03-38/2017-09-25_16-03-38.mp4-bee_id_1965-72510-1.png,0,2017-09-25_16-03-38,2017-09-25_16-03-38#1965,72510,val,[],healthy honeybee,2017-09-25_16-03-38
val/videos/2017-09-25_16-03-38/2017-09-25_16-03-38.mp4-bee_id_1966-72585-1.png,0,2017-09-25_16-03-38,2017-09-25_16-03-38#1966,72585,val,[],healthy honeybee,2017-09-25_16-03-38
val/videos/2017-09-25_16-03-38/2017-09-25_16-03-38.mp4-bee_id_1967-72645-1.png,1,2017-09-25_16-03-38,2017-09-25_16-03-38#1967,72645,val,"[[104.0, 123.0, 131.0, 154.0]]",honeybee with a varroa mite,2017-09-25_16-03-38
val/videos/2017-09-25_16-03-38/2017-09-25_16-03-38.mp4-bee_id_1970-72840-1.png,0,2017-09-25_16-03-38,2017-09-25_16-03-38#1970,72840,val,[],healthy honeybee,2017-09-25_16-03-38
val/videos/2017-09-25_16-03-38/2017-09-25_16-03-38.mp4-bee_id_1971-73050-1.png,0,2017-09-25_16-03-38,2017-09-25_16-03-38#1971,73050,val,[],healthy honeybee,2017-09-25_16-03-38
val/videos/2017-09-25_16-03-38/2017-09-25_16-03-38.mp4-bee_id_1972-73200-1.png,0,2017-09-25_16-03-38,2017-09-25_16-03-38#1972,73200,val,[],healthy honeybee,2017-09-25_16-03-38
val/videos/2017-09-25_16-03-38/2017-09-25_16-03-38.mp4-bee_id_1974-73350-1.png,0,2017-09-25_16-03-38,2017-09-25_16-03-38#1974,73350,val,[],healthy honeybee,2017-09-25_16-03-38
val/videos/2017-09-25_16-03-38/2017-09-25_16-03-38.mp4-bee_id_1975-73350-1.png,0,2017-09-25_16-03-38,2017-09-25_16-03-38#1975,73350,val,[],healthy honeybee,2017-09-25_16-03-38
val/videos/2017-09-25_16-03-38/2017-09-25_16-03-38.mp4-bee_id_1976-73350-1.png,0,2017-09-25_16-03-38,2017-09-25_16-03-38#1976,73350,val,[],healthy honeybee,2017-09-25_16-03-38
val/videos/2017-09-25_16-03-38/2017-09-25_16-03-38.mp4-bee_id_1977-73365-1.png,0,2017-09-25_16-03-38,2017-09-25_16-03-38#1977,73365,val,[],healthy honeybee,2017-09-25_16-03-38
val/videos/2017-09-25_16-03-38/2017-09-25_16-03-38.mp4-bee_id_1980-73500-1.png,0,2017-09-25_16-03-38,2017-09-25_16-03-38#1980,73500,val,[],healthy honeybee,2017-09-25_16-03-38
val/videos/2017-09-25_16-03-38/2017-09-25_16-03-38.mp4-bee_id_1982-73680-1.png,0,2017-09-25_16-03-38,2017-09-25_16-03-38#1982,73680,val,[],healthy honeybee,2017-09-25_16-03-38
val/videos/2017-09-25_16-03-38/2017-09-25_16-03-38.mp4-bee_id_1983-73800-1.png,0,2017-09-25_16-03-38,2017-09-25_16-03-38#1983,73800,val,[],healthy honeybee,2017-09-25_16-03-38
val/videos/2017-09-25_16-03-38/2017-09-25_16-03-38.mp4-bee_id_1984-73830-1.png,0,2017-09-25_16-03-38,2017-09-25_16-03-38#1984,73830,val,[],healthy honeybee,2017-09-25_16-03-38
val/videos/2017-09-25_16-03-38/2017-09-25_16-03-38.mp4-bee_id_1985-73830-1.png,0,2017-09-25_16-03-38,2017-09-25_16-03-38#1985,73830,val,[],healthy honeybee,2017-09-25_16-03-38
val/videos/2017-09-25_16-03-38/2017-09-25_16-03-38.mp4-bee_id_1986-73920-1.png,0,2017-09-25_16-03-38,2017-09-25_16-03-38#1986,73920,val,[],healthy honeybee,2017-09-25_16-03-38
val/videos/2017-09-25_16-03-38/2017-09-25_16-03-38.mp4-bee_id_1987-74130-1.png,0,2017-09-25_16-03-38,2017-09-25_16-03-38#1987,74130,val,[],healthy honeybee,2017-09-25_16-03-38
val/videos/2017-09-25_16-03-38/2017-09-25_16-03-38.mp4-bee_id_1988-74160-1.png,0,2017-09-25_16-03-38,2017-09-25_16-03-38#1988,74160,val,[],healthy honeybee,2017-09-25_16-03-38
val/videos/2017-09-25_16-03-38/2017-09-25_16-03-38.mp4-bee_id_1989-74190-1.png,0,2017-09-25_16-03-38,2017-09-25_16-03-38#1989,74190,val,[],healthy honeybee,2017-09-25_16-03-38
val/videos/2017-09-25_16-03-38/2017-09-25_16-03-38.mp4-bee_id_1990-74205-1.png,1,2017-09-25_16-03-38,2017-09-25_16-03-38#1990,74205,val,"[[38.0, 96.0, 62.0, 127.0]]",honeybee with a varroa mite,2017-09-25_16-03-38
val/videos/2017-09-25_16-03-38/2017-09-25_16-03-38.mp4-bee_id_1991-74295-1.png,0,2017-09-25_16-03-38,2017-09-25_16-03-38#1991,74295,val,[],healthy honeybee,2017-09-25_16-03-38
val/videos/2017-09-25_16-03-38/2017-09-25_16-03-38.mp4-bee_id_1992-74340-1.png,0,2017-09-25_16-03-38,2017-09-25_16-03-38#1992,74340,val,[],healthy honeybee,2017-09-25_16-03-38
val/videos/2017-09-25_16-03-38/2017-09-25_16-03-38.mp4-bee_id_1993-74355-1.png,0,2017-09-25_16-03-38,2017-09-25_16-03-38#1993,74355,val,[],healthy honeybee,2017-09-25_16-03-38
val/videos/2017-09-25_16-03-38/2017-09-25_16-03-38.mp4-bee_id_1994-74370-1.png,0,2017-09-25_16-03-38,2017-09-25_16-03-38#1994,74370,val,[],healthy honeybee,2017-09-25_16-03-38
val/videos/2017-09-25_16-03-38/2017-09-25_16-03-38.mp4-bee_id_1995-74550-1.png,0,2017-09-25_16-03-38,2017-09-25_16-03-38#1995,74550,val,[],healthy honeybee,2017-09-25_16-03-38
val/videos/2017-09-25_16-03-38/2017-09-25_16-03-38.mp4-bee_id_1996-74745-1.png,0,2017-09-25_16-03-38,2017-09-25_16-03-38#1996,74745,val,[],healthy honeybee,2017-09-25_16-03-38
val/videos/2017-09-25_16-03-38/2017-09-25_16-03-38.mp4-bee_id_2000-74925-1.png,0,2017-09-25_16-03-38,2017-09-25_16-03-38#2000,74925,val,[],healthy honeybee,2017-09-25_16-03-38
val/videos/2017-09-25_16-03-38/2017-09-25_16-03-38.mp4-bee_id_2001-75045-1.png,0,2017-09-25_16-03-38,2017-09-25_16-03-38#2001,75045,val,[],healthy honeybee,2017-09-25_16-03-38
val/videos/2017-09-25_16-03-38/2017-09-25_16-03-38.mp4-bee_id_2002-75180-1.png,0,2017-09-25_16-03-38,2017-09-25_16-03-38#2002,75180,val,[],healthy honeybee,2017-09-25_16-03-38
val/videos/2017-09-25_16-03-38/2017-09-25_16-03-38.mp4-bee_id_2003-75195-1.png,0,2017-09-25_16-03-38,2017-09-25_16-03-38#2003,75195,val,[],healthy honeybee,2017-09-25_16-03-38
val/videos/2017-09-25_16-03-38/2017-09-25_16-03-38.mp4-bee_id_2004-75255-1.png,1,2017-09-25_16-03-38,2017-09-25_16-03-38#2004,75255,val,"[[77.0, 126.0, 112.0, 161.0]]",honeybee with a varroa mite,2017-09-25_16-03-38
val/videos/2017-09-25_16-03-38/2017-09-25_16-03-38.mp4-bee_id_2005-75255-1.png,0,2017-09-25_16-03-38,2017-09-25_16-03-38#2005,75255,val,[],healthy honeybee,2017-09-25_16-03-38
val/videos/2017-09-25_16-03-38/2017-09-25_16-03-38.mp4-bee_id_2006-75285-1.png,0,2017-09-25_16-03-38,2017-09-25_16-03-38#2006,75285,val,[],healthy honeybee,2017-09-25_16-03-38
val/videos/2017-09-25_16-03-38/2017-09-25_16-03-38.mp4-bee_id_2007-75345-1.png,0,2017-09-25_16-03-38,2017-09-25_16-03-38#2007,75345,val,[],healthy honeybee,2017-09-25_16-03-38
val/videos/2017-09-25_16-03-38/2017-09-25_16-03-38.mp4-bee_id_2008-75585-1.png,0,2017-09-25_16-03-38,2017-09-25_16-03-38#2008,75585,val,[],healthy honeybee,2017-09-25_16-03-38
val/videos/2017-09-25_16-03-38/2017-09-25_16-03-38.mp4-bee_id_2009-75675-1.png,0,2017-09-25_16-03-38,2017-09-25_16-03-38#2009,75675,val,[],healthy honeybee,2017-09-25_16-03-38
val/videos/2017-09-25_16-03-38/2017-09-25_16-03-38.mp4-bee_id_2010-75705-1.png,0,2017-09-25_16-03-38,2017-09-25_16-03-38#2010,75705,val,[],healthy honeybee,2017-09-25_16-03-38
val/videos/2017-09-25_16-03-38/2017-09-25_16-03-38.mp4-bee_id_2011-75735-1.png,0,2017-09-25_16-03-38,2017-09-25_16-03-38#2011,75735,val,[],healthy honeybee,2017-09-25_16-03-38
val/videos/2017-09-25_16-03-38/2017-09-25_16-03-38.mp4-bee_id_2013-75840-1.png,0,2017-09-25_16-03-38,2017-09-25_16-03-38#2013,75840,val,[],healthy honeybee,2017-09-25_16-03-38
val/videos/2017-09-25_16-03-38/2017-09-25_16-03-38.mp4-bee_id_2014-75885-1.png,0,2017-09-25_16-03-38,2017-09-25_16-03-38#2014,75885,val,[],healthy honeybee,2017-09-25_16-03-38
val/videos/2017-09-25_16-03-38/2017-09-25_16-03-38.mp4-bee_id_2015-75945-1.png,0,2017-09-25_16-03-38,2017-09-25_16-03-38#2015,75945,val,[],healthy honeybee,2017-09-25_16-03-38
val/videos/2017-09-25_16-03-38/2017-09-25_16-03-38.mp4-bee_id_2016-76020-1.png,0,2017-09-25_16-03-38,2017-09-25_16-03-38#2016,76020,val,[],healthy honeybee,2017-09-25_16-03-38
val/videos/2017-09-25_16-03-38/2017-09-25_16-03-38.mp4-bee_id_2020-76500-1.png,0,2017-09-25_16-03-38,2017-09-25_16-03-38#2020,76500,val,[],healthy honeybee,2017-09-25_16-03-38
val/videos/2017-09-25_16-03-38/2017-09-25_16-03-38.mp4-bee_id_2022-76545-1.png,0,2017-09-25_16-03-38,2017-09-25_16-03-38#2022,76545,val,[],healthy honeybee,2017-09-25_16-03-38
val/videos/2017-09-25_16-03-38/2017-09-25_16-03-38.mp4-bee_id_2023-76785-1.png,1,2017-09-25_16-03-38,2017-09-25_16-03-38#2023,76785,val,"[[109.0, 130.0, 145.0, 157.0]]",honeybee with a varroa mite,2017-09-25_16-03-38
val/videos/2017-09-25_16-03-38/2017-09-25_16-03-38.mp4-bee_id_2024-76980-1.png,0,2017-09-25_16-03-38,2017-09-25_16-03-38#2024,76980,val,[],healthy honeybee,2017-09-25_16-03-38
val/videos/2017-09-25_16-03-38/2017-09-25_16-03-38.mp4-bee_id_2026-77070-1.png,0,2017-09-25_16-03-38,2017-09-25_16-03-38#2026,77070,val,[],healthy honeybee,2017-09-25_16-03-38
val/videos/2017-09-25_16-03-38/2017-09-25_16-03-38.mp4-bee_id_2029-77130-1.png,0,2017-09-25_16-03-38,2017-09-25_16-03-38#2029,77130,val,[],healthy honeybee,2017-09-25_16-03-38
val/videos/2017-09-25_16-03-38/2017-09-25_16-03-38.mp4-bee_id_2031-77385-1.png,1,2017-09-25_16-03-38,2017-09-25_16-03-38#2031,77385,val,"[[93.0, 103.0, 131.0, 142.0]]",honeybee with a varroa mite,2017-09-25_16-03-38
val/videos/2017-09-25_16-03-38/2017-09-25_16-03-38.mp4-bee_id_2032-77430-1.png,0,2017-09-25_16-03-38,2017-09-25_16-03-38#2032,77430,val,[],healthy honeybee,2017-09-25_16-03-38
val/videos/2017-09-25_16-03-38/2017-09-25_16-03-38.mp4-bee_id_2034-77565-1.png,0,2017-09-25_16-03-38,2017-09-25_16-03-38#2034,77565,val,[],healthy honeybee,2017-09-25_16-03-38
val/videos/2017-09-25_16-03-38/2017-09-25_16-03-38.mp4-bee_id_2036-77595-1.png,0,2017-09-25_16-03-38,2017-09-25_16-03-38#2036,77595,val,[],healthy honeybee,2017-09-25_16-03-38
val/videos/2017-09-25_16-03-38/2017-09-25_16-03-38.mp4-bee_id_2037-77610-1.png,0,2017-09-25_16-03-38,2017-09-25_16-03-38#2037,77610,val,[],healthy honeybee,2017-09-25_16-03-38
val/videos/2017-09-25_16-03-38/2017-09-25_16-03-38.mp4-bee_id_2038-77685-1.png,0,2017-09-25_16-03-38,2017-09-25_16-03-38#2038,77685,val,[],healthy honeybee,2017-09-25_16-03-38
val/videos/2017-09-25_16-03-38/2017-09-25_16-03-38.mp4-bee_id_2039-77685-1.png,0,2017-09-25_16-03-38,2017-09-25_16-03-38#2039,77685,val,[],healthy honeybee,2017-09-25_16-03-38
val/videos/2017-09-25_16-03-38/2017-09-25_16-03-38.mp4-bee_id_2040-77685-1.png,0,2017-09-25_16-03-38,2017-09-25_16-03-38#2040,77685,val,[],healthy honeybee,2017-09-25_16-03-38
val/videos/2017-09-25_16-03-38/2017-09-25_16-03-38.mp4-bee_id_2041-77715-1.png,0,2017-09-25_16-03-38,2017-09-25_16-03-38#2041,77715,val,[],healthy honeybee,2017-09-25_16-03-38
val/videos/2017-09-25_16-03-38/2017-09-25_16-03-38.mp4-bee_id_2042-77760-1.png,0,2017-09-25_16-03-38,2017-09-25_16-03-38#2042,77760,val,[],healthy honeybee,2017-09-25_16-03-38
val/videos/2017-09-25_16-03-38/2017-09-25_16-03-38.mp4-bee_id_2044-77880-1.png,0,2017-09-25_16-03-38,2017-09-25_16-03-38#2044,77880,val,[],healthy honeybee,2017-09-25_16-03-38
val/videos/2017-09-25_16-03-38/2017-09-25_16-03-38.mp4-bee_id_2045-77910-1.png,0,2017-09-25_16-03-38,2017-09-25_16-03-38#2045,77910,val,[],healthy honeybee,2017-09-25_16-03-38
val/videos/2017-09-25_16-03-38/2017-09-25_16-03-38.mp4-bee_id_2046-77985-1.png,0,2017-09-25_16-03-38,2017-09-25_16-03-38#2046,77985,val,[],healthy honeybee,2017-09-25_16-03-38
val/videos/2017-09-25_16-03-38/2017-09-25_16-03-38.mp4-bee_id_2047-78045-1.png,0,2017-09-25_16-03-38,2017-09-25_16-03-38#2047,78045,val,[],healthy honeybee,2017-09-25_16-03-38
val/videos/2017-09-25_16-03-38/2017-09-25_16-03-38.mp4-bee_id_2048-78180-1.png,0,2017-09-25_16-03-38,2017-09-25_16-03-38#2048,78180,val,[],healthy honeybee,2017-09-25_16-03-38
val/videos/2017-09-25_16-03-38/2017-09-25_16-03-38.mp4-bee_id_2049-78195-1.png,0,2017-09-25_16-03-38,2017-09-25_16-03-38#2049,78195,val,[],healthy honeybee,2017-09-25_16-03-38
val/videos/2017-09-25_16-03-38/2017-09-25_16-03-38.mp4-bee_id_2052-78240-1.png,0,2017-09-25_16-03-38,2017-09-25_16-03-38#2052,78240,val,[],healthy honeybee,2017-09-25_16-03-38
val/videos/2017-09-25_16-03-38/2017-09-25_16-03-38.mp4-bee_id_2053-78345-1.png,0,2017-09-25_16-03-38,2017-09-25_16-03-38#2053,78345,val,[],healthy honeybee,2017-09-25_16-03-38
val/videos/2017-09-25_16-03-38/2017-09-25_16-03-38.mp4-bee_id_2054-78345-1.png,0,2017-09-25_16-03-38,2017-09-25_16-03-38#2054,78345,val,[],healthy honeybee,2017-09-25_16-03-38
val/videos/2017-09-25_16-03-38/2017-09-25_16-03-38.mp4-bee_id_2055-78510-1.png,0,2017-09-25_16-03-38,2017-09-25_16-03-38#2055,78510,val,[],healthy honeybee,2017-09-25_16-03-38
val/videos/2017-09-25_16-03-38/2017-09-25_16-03-38.mp4-bee_id_2057-78630-1.png,0,2017-09-25_16-03-38,2017-09-25_16-03-38#2057,78630,val,[],healthy honeybee,2017-09-25_16-03-38
val/videos/2017-09-25_16-03-38/2017-09-25_16-03-38.mp4-bee_id_2060-78825-1.png,0,2017-09-25_16-03-38,2017-09-25_16-03-38#2060,78825,val,[],healthy honeybee,2017-09-25_16-03-38
val/videos/2017-09-25_16-03-38/2017-09-25_16-03-38.mp4-bee_id_2061-79095-1.png,0,2017-09-25_16-03-38,2017-09-25_16-03-38#2061,79095,val,[],healthy honeybee,2017-09-25_16-03-38
val/videos/2017-09-25_16-03-38/2017-09-25_16-03-38.mp4-bee_id_2062-79155-1.png,0,2017-09-25_16-03-38,2017-09-25_16-03-38#2062,79155,val,[],healthy honeybee,2017-09-25_16-03-38
val/videos/2017-09-25_16-03-38/2017-09-25_16-03-38.mp4-bee_id_2063-79200-1.png,0,2017-09-25_16-03-38,2017-09-25_16-03-38#2063,79200,val,[],healthy honeybee,2017-09-25_16-03-38
val/videos/2017-09-25_16-03-38/2017-09-25_16-03-38.mp4-bee_id_2064-79230-1.png,0,2017-09-25_16-03-38,2017-09-25_16-03-38#2064,79230,val,[],healthy honeybee,2017-09-25_16-03-38
val/videos/2017-09-25_16-03-38/2017-09-25_16-03-38.mp4-bee_id_2065-79245-1.png,0,2017-09-25_16-03-38,2017-09-25_16-03-38#2065,79245,val,[],healthy honeybee,2017-09-25_16-03-38
val/videos/2017-09-25_16-03-38/2017-09-25_16-03-38.mp4-bee_id_2066-79275-1.png,0,2017-09-25_16-03-38,2017-09-25_16-03-38#2066,79275,val,[],healthy honeybee,2017-09-25_16-03-38
val/videos/2017-09-25_16-03-38/2017-09-25_16-03-38.mp4-bee_id_2067-79305-1.png,0,2017-09-25_16-03-38,2017-09-25_16-03-38#2067,79305,val,[],healthy honeybee,2017-09-25_16-03-38
val/videos/2017-09-25_16-03-38/2017-09-25_16-03-38.mp4-bee_id_2068-79545-1.png,1,2017-09-25_16-03-38,2017-09-25_16-03-38#2068,79545,val,"[[35.0, 85.0, 78.0, 115.0]]",honeybee with a varroa mite,2017-09-25_16-03-38
val/videos/2017-09-25_16-03-38/2017-09-25_16-03-38.mp4-bee_id_2070-79545-1.png,0,2017-09-25_16-03-38,2017-09-25_16-03-38#2070,79545,val,[],healthy honeybee,2017-09-25_16-03-38
val/videos/2017-09-25_16-03-38/2017-09-25_16-03-38.mp4-bee_id_2071-79680-1.png,0,2017-09-25_16-03-38,2017-09-25_16-03-38#2071,79680,val,[],healthy honeybee,2017-09-25_16-03-38
val/videos/2017-09-25_16-03-38/2017-09-25_16-03-38.mp4-bee_id_2072-79800-1.png,0,2017-09-25_16-03-38,2017-09-25_16-03-38#2072,79800,val,[],healthy honeybee,2017-09-25_16-03-38
val/videos/2017-09-25_16-03-38/2017-09-25_16-03-38.mp4-bee_id_2073-79800-1.png,0,2017-09-25_16-03-38,2017-09-25_16-03-38#2073,79800,val,[],healthy honeybee,2017-09-25_16-03-38
val/videos/2017-09-25_16-03-38/2017-09-25_16-03-38.mp4-bee_id_2075-80115-1.png,0,2017-09-25_16-03-38,2017-09-25_16-03-38#2075,80115,val,[],healthy honeybee,2017-09-25_16-03-38
val/videos/2017-09-25_16-03-38/2017-09-25_16-03-38.mp4-bee_id_2076-80190-1.png,0,2017-09-25_16-03-38,2017-09-25_16-03-38#2076,80190,val,[],healthy honeybee,2017-09-25_16-03-38
val/videos/2017-09-25_16-03-38/2017-09-25_16-03-38.mp4-bee_id_2077-80220-1.png,0,2017-09-25_16-03-38,2017-09-25_16-03-38#2077,80220,val,[],healthy honeybee,2017-09-25_16-03-38
val/videos/2017-09-25_16-03-38/2017-09-25_16-03-38.mp4-bee_id_2078-80370-1.png,0,2017-09-25_16-03-38,2017-09-25_16-03-38#2078,80370,val,[],healthy honeybee,2017-09-25_16-03-38
val/videos/2017-09-25_16-03-38/2017-09-25_16-03-38.mp4-bee_id_2083-80400-1.png,0,2017-09-25_16-03-38,2017-09-25_16-03-38#2083,80400,val,[],healthy honeybee,2017-09-25_16-03-38
val/videos/2017-09-25_16-03-38/2017-09-25_16-03-38.mp4-bee_id_2084-80445-1.png,0,2017-09-25_16-03-38,2017-09-25_16-03-38#2084,80445,val,[],healthy honeybee,2017-09-25_16-03-38
val/videos/2017-09-25_16-03-38/2017-09-25_16-03-38.mp4-bee_id_2085-80460-1.png,0,2017-09-25_16-03-38,2017-09-25_16-03-38#2085,80460,val,[],healthy honeybee,2017-09-25_16-03-38
val/videos/2017-09-25_16-03-38/2017-09-25_16-03-38.mp4-bee_id_2086-80535-1.png,0,2017-09-25_16-03-38,2017-09-25_16-03-38#2086,80535,val,[],healthy honeybee,2017-09-25_16-03-38
val/videos/2017-09-25_16-03-38/2017-09-25_16-03-38.mp4-bee_id_2087-80685-1.png,0,2017-09-25_16-03-38,2017-09-25_16-03-38#2087,80685,val,[],healthy honeybee,2017-09-25_16-03-38
val/videos/2017-09-25_16-03-38/2017-09-25_16-03-38.mp4-bee_id_2088-80700-1.png,0,2017-09-25_16-03-38,2017-09-25_16-03-38#2088,80700,val,[],healthy honeybee,2017-09-25_16-03-38
val/videos/2017-09-25_16-03-38/2017-09-25_16-03-38.mp4-bee_id_2089-80730-1.png,0,2017-09-25_16-03-38,2017-09-25_16-03-38#2089,80730,val,[],healthy honeybee,2017-09-25_16-03-38
val/videos/2017-09-25_16-03-38/2017-09-25_16-03-38.mp4-bee_id_2090-80745-1.png,0,2017-09-25_16-03-38,2017-09-25_16-03-38#2090,80745,val,[],healthy honeybee,2017-09-25_16-03-38
val/videos/2017-09-25_16-03-38/2017-09-25_16-03-38.mp4-bee_id_2091-80835-1.png,0,2017-09-25_16-03-38,2017-09-25_16-03-38#2091,80835,val,[],healthy honeybee,2017-09-25_16-03-38
val/videos/2017-09-25_16-03-38/2017-09-25_16-03-38.mp4-bee_id_2092-80835-1.png,0,2017-09-25_16-03-38,2017-09-25_16-03-38#2092,80835,val,[],healthy honeybee,2017-09-25_16-03-38
val/videos/2017-09-25_16-03-38/2017-09-25_16-03-38.mp4-bee_id_2093-80895-1.png,0,2017-09-25_16-03-38,2017-09-25_16-03-38#2093,80895,val,[],healthy honeybee,2017-09-25_16-03-38
val/videos/2017-09-25_16-03-38/2017-09-25_16-03-38.mp4-bee_id_2094-80910-1.png,0,2017-09-25_16-03-38,2017-09-25_16-03-38#2094,80910,val,[],healthy honeybee,2017-09-25_16-03-38
val/videos/2017-09-25_16-03-38/2017-09-25_16-03-38.mp4-bee_id_2096-81180-1.png,0,2017-09-25_16-03-38,2017-09-25_16-03-38#2096,81180,val,[],healthy honeybee,2017-09-25_16-03-38
val/videos/2017-09-25_16-03-38/2017-09-25_16-03-38.mp4-bee_id_2097-81180-1.png,1,2017-09-25_16-03-38,2017-09-25_16-03-38#2097,81180,val,"[[85.0, 148.0, 124.0, 194.0]]",honeybee with a varroa mite,2017-09-25_16-03-38
val/videos/2017-09-25_16-03-38/2017-09-25_16-03-38.mp4-bee_id_2099-81225-1.png,0,2017-09-25_16-03-38,2017-09-25_16-03-38#2099,81225,val,[],healthy honeybee,2017-09-25_16-03-38
val/videos/2017-09-25_16-03-38/2017-09-25_16-03-38.mp4-bee_id_2102-81705-1.png,0,2017-09-25_16-03-38,2017-09-25_16-03-38#2102,81705,val,[],healthy honeybee,2017-09-25_16-03-38
val/videos/2017-09-25_16-03-38/2017-09-25_16-03-38.mp4-bee_id_2103-81735-1.png,0,2017-09-25_16-03-38,2017-09-25_16-03-38#2103,81735,val,[],healthy honeybee,2017-09-25_16-03-38
val/videos/2017-09-25_16-03-38/2017-09-25_16-03-38.mp4-bee_id_2104-81735-1.png,0,2017-09-25_16-03-38,2017-09-25_16-03-38#2104,81735,val,[],healthy honeybee,2017-09-25_16-03-38
val/videos/2017-09-25_16-03-38/2017-09-25_16-03-38.mp4-bee_id_2105-81825-1.png,0,2017-09-25_16-03-38,2017-09-25_16-03-38#2105,81825,val,[],healthy honeybee,2017-09-25_16-03-38
val/videos/2017-09-25_16-03-38/2017-09-25_16-03-38.mp4-bee_id_2107-82050-1.png,0,2017-09-25_16-03-38,2017-09-25_16-03-38#2107,82050,val,[],healthy honeybee,2017-09-25_16-03-38
val/videos/2017-09-25_16-03-38/2017-09-25_16-03-38.mp4-bee_id_2109-82200-1.png,0,2017-09-25_16-03-38,2017-09-25_16-03-38#2109,82200,val,[],healthy honeybee,2017-09-25_16-03-38
val/videos/2017-09-25_16-03-38/2017-09-25_16-03-38.mp4-bee_id_2111-82290-1.png,0,2017-09-25_16-03-38,2017-09-25_16-03-38#2111,82290,val,[],healthy honeybee,2017-09-25_16-03-38
val/videos/2017-09-25_16-03-38/2017-09-25_16-03-38.mp4-bee_id_2113-82305-1.png,0,2017-09-25_16-03-38,2017-09-25_16-03-38#2113,82305,val,[],healthy honeybee,2017-09-25_16-03-38
val/videos/2017-09-25_16-03-38/2017-09-25_16-03-38.mp4-bee_id_2115-82395-1.png,0,2017-09-25_16-03-38,2017-09-25_16-03-38#2115,82395,val,[],healthy honeybee,2017-09-25_16-03-38
val/videos/2017-09-25_16-03-38/2017-09-25_16-03-38.mp4-bee_id_2116-82560-1.png,0,2017-09-25_16-03-38,2017-09-25_16-03-38#2116,82560,val,[],healthy honeybee,2017-09-25_16-03-38
val/videos/2017-09-25_16-03-38/2017-09-25_16-03-38.mp4-bee_id_2117-82575-1.png,0,2017-09-25_16-03-38,2017-09-25_16-03-38#2117,82575,val,[],healthy honeybee,2017-09-25_16-03-38
val/videos/2017-09-25_16-03-38/2017-09-25_16-03-38.mp4-bee_id_2120-82650-1.png,0,2017-09-25_16-03-38,2017-09-25_16-03-38#2120,82650,val,[],healthy honeybee,2017-09-25_16-03-38
val/videos/2017-09-25_16-03-38/2017-09-25_16-03-38.mp4-bee_id_2121-82740-1.png,1,2017-09-25_16-03-38,2017-09-25_16-03-38#2121,82740,val,"[[79.0, 148.0, 117.0, 190.0]]",honeybee with a varroa mite,2017-09-25_16-03-38
val/videos/2017-09-25_16-03-38/2017-09-25_16-03-38.mp4-bee_id_2122-83085-1.png,0,2017-09-25_16-03-38,2017-09-25_16-03-38#2122,83085,val,[],healthy honeybee,2017-09-25_16-03-38
val/videos/2017-09-25_16-03-38/2017-09-25_16-03-38.mp4-bee_id_2124-83130-1.png,0,2017-09-25_16-03-38,2017-09-25_16-03-38#2124,83130,val,[],healthy honeybee,2017-09-25_16-03-38
val/videos/2017-09-25_16-03-38/2017-09-25_16-03-38.mp4-bee_id_2125-83205-1.png,1,2017-09-25_16-03-38,2017-09-25_16-03-38#2125,83205,val,"[[79.0, 54.0, 117.0, 76.0]]",honeybee with a varroa mite,2017-09-25_16-03-38
val/videos/2017-09-25_16-03-38/2017-09-25_16-03-38.mp4-bee_id_2127-83250-1.png,0,2017-09-25_16-03-38,2017-09-25_16-03-38#2127,83250,val,[],healthy honeybee,2017-09-25_16-03-38
val/videos/2017-09-25_16-03-38/2017-09-25_16-03-38.mp4-bee_id_2128-83355-1.png,0,2017-09-25_16-03-38,2017-09-25_16-03-38#2128,83355,val,[],healthy honeybee,2017-09-25_16-03-38
val/videos/2017-09-25_16-03-38/2017-09-25_16-03-38.mp4-bee_id_2129-83460-1.png,0,2017-09-25_16-03-38,2017-09-25_16-03-38#2129,83460,val,[],healthy honeybee,2017-09-25_16-03-38
val/videos/2017-09-25_16-03-38/2017-09-25_16-03-38.mp4-bee_id_2130-83490-1.png,0,2017-09-25_16-03-38,2017-09-25_16-03-38#2130,83490,val,[],healthy honeybee,2017-09-25_16-03-38
val/videos/2017-09-25_16-03-38/2017-09-25_16-03-38.mp4-bee_id_2133-83640-1.png,0,2017-09-25_16-03-38,2017-09-25_16-03-38#2133,83640,val,[],healthy honeybee,2017-09-25_16-03-38
val/videos/2017-09-25_16-03-38/2017-09-25_16-03-38.mp4-bee_id_2135-83820-1.png,0,2017-09-25_16-03-38,2017-09-25_16-03-38#2135,83820,val,[],healthy honeybee,2017-09-25_16-03-38
val/videos/2017-09-25_16-03-38/2017-09-25_16-03-38.mp4-bee_id_2136-83835-1.png,0,2017-09-25_16-03-38,2017-09-25_16-03-38#2136,83835,val,[],healthy honeybee,2017-09-25_16-03-38
val/videos/2017-09-25_16-03-38/2017-09-25_16-03-38.mp4-bee_id_2137-83955-1.png,0,2017-09-25_16-03-38,2017-09-25_16-03-38#2137,83955,val,[],healthy honeybee,2017-09-25_16-03-38
val/videos/2017-09-25_16-03-38/2017-09-25_16-03-38.mp4-bee_id_2139-83955-1.png,0,2017-09-25_16-03-38,2017-09-25_16-03-38#2139,83955,val,[],healthy honeybee,2017-09-25_16-03-38
val/videos/2017-09-25_16-03-38/2017-09-25_16-03-38.mp4-bee_id_2141-84015-1.png,0,2017-09-25_16-03-38,2017-09-25_16-03-38#2141,84015,val,[],healthy honeybee,2017-09-25_16-03-38
val/videos/2017-09-25_16-03-38/2017-09-25_16-03-38.mp4-bee_id_2142-84150-1.png,0,2017-09-25_16-03-38,2017-09-25_16-03-38#2142,84150,val,[],healthy honeybee,2017-09-25_16-03-38
val/videos/2017-09-25_16-03-38/2017-09-25_16-03-38.mp4-bee_id_2143-84240-1.png,0,2017-09-25_16-03-38,2017-09-25_16-03-38#2143,84240,val,[],healthy honeybee,2017-09-25_16-03-38
val/videos/2017-09-25_16-03-38/2017-09-25_16-03-38.mp4-bee_id_2144-84285-1.png,0,2017-09-25_16-03-38,2017-09-25_16-03-38#2144,84285,val,[],healthy honeybee,2017-09-25_16-03-38
val/videos/2017-09-25_16-03-38/2017-09-25_16-03-38.mp4-bee_id_2145-84315-1.png,0,2017-09-25_16-03-38,2017-09-25_16-03-38#2145,84315,val,[],healthy honeybee,2017-09-25_16-03-38
val/videos/2017-09-25_16-03-38/2017-09-25_16-03-38.mp4-bee_id_2146-84330-1.png,0,2017-09-25_16-03-38,2017-09-25_16-03-38#2146,84330,val,[],healthy honeybee,2017-09-25_16-03-38
val/videos/2017-09-25_16-03-38/2017-09-25_16-03-38.mp4-bee_id_2147-84435-1.png,0,2017-09-25_16-03-38,2017-09-25_16-03-38#2147,84435,val,[],healthy honeybee,2017-09-25_16-03-38
val/videos/2017-09-25_16-03-38/2017-09-25_16-03-38.mp4-bee_id_2150-84705-1.png,0,2017-09-25_16-03-38,2017-09-25_16-03-38#2150,84705,val,[],healthy honeybee,2017-09-25_16-03-38
val/videos/2017-09-25_16-03-38/2017-09-25_16-03-38.mp4-bee_id_2152-84765-1.png,0,2017-09-25_16-03-38,2017-09-25_16-03-38#2152,84765,val,[],healthy honeybee,2017-09-25_16-03-38
val/videos/2017-09-25_16-03-38/2017-09-25_16-03-38.mp4-bee_id_2153-84795-1.png,0,2017-09-25_16-03-38,2017-09-25_16-03-38#2153,84795,val,[],healthy honeybee,2017-09-25_16-03-38
val/videos/2017-09-25_16-03-38/2017-09-25_16-03-38.mp4-bee_id_2154-84825-1.png,0,2017-09-25_16-03-38,2017-09-25_16-03-38#2154,84825,val,[],healthy honeybee,2017-09-25_16-03-38
val/videos/2017-09-25_16-03-38/2017-09-25_16-03-38.mp4-bee_id_2155-84840-1.png,0,2017-09-25_16-03-38,2017-09-25_16-03-38#2155,84840,val,[],healthy honeybee,2017-09-25_16-03-38
val/videos/2017-09-25_16-03-38/2017-09-25_16-03-38.mp4-bee_id_2156-84870-1.png,0,2017-09-25_16-03-38,2017-09-25_16-03-38#2156,84870,val,[],healthy honeybee,2017-09-25_16-03-38
val/videos/2017-09-25_16-03-38/2017-09-25_16-03-38.mp4-bee_id_2157-84900-1.png,0,2017-09-25_16-03-38,2017-09-25_16-03-38#2157,84900,val,[],healthy honeybee,2017-09-25_16-03-38
val/videos/2017-09-25_16-03-38/2017-09-25_16-03-38.mp4-bee_id_2158-84945-1.png,1,2017-09-25_16-03-38,2017-09-25_16-03-38#2158,84945,val,"[[55.0, 135.0, 93.0, 174.0]]",honeybee with a varroa mite,2017-09-25_16-03-38
val/videos/2017-09-25_16-03-38/2017-09-25_16-03-38.mp4-bee_id_2159-84990-1.png,0,2017-09-25_16-03-38,2017-09-25_16-03-38#2159,84990,val,[],healthy honeybee,2017-09-25_16-03-38
val/videos/2017-09-25_16-03-38/2017-09-25_16-03-38.mp4-bee_id_2161-85170-1.png,0,2017-09-25_16-03-38,2017-09-25_16-03-38#2161,85170,val,[],healthy honeybee,2017-09-25_16-03-38
val/videos/2017-09-25_16-03-38/2017-09-25_16-03-38.mp4-bee_id_2162-85215-1.png,0,2017-09-25_16-03-38,2017-09-25_16-03-38#2162,85215,val,[],healthy honeybee,2017-09-25_16-03-38
val/videos/2017-09-25_16-03-38/2017-09-25_16-03-38.mp4-bee_id_2163-85245-1.png,0,2017-09-25_16-03-38,2017-09-25_16-03-38#2163,85245,val,[],healthy honeybee,2017-09-25_16-03-38
val/videos/2017-09-25_16-03-38/2017-09-25_16-03-38.mp4-bee_id_2165-85470-1.png,1,2017-09-25_16-03-38,2017-09-25_16-03-38#2165,85470,val,"[[35.0, 122.0, 66.0, 149.0], [85.0, 110.0, 113.0, 144.0], [63.0, 175.0, 101.0, 211.0]]",honeybee with a varroa mite,2017-09-25_16-03-38
val/videos/2017-09-25_16-03-38/2017-09-25_16-03-38.mp4-bee_id_2166-85500-1.png,0,2017-09-25_16-03-38,2017-09-25_16-03-38#2166,85500,val,[],healthy honeybee,2017-09-25_16-03-38
val/videos/2017-09-25_16-03-38/2017-09-25_16-03-38.mp4-bee_id_2167-85590-1.png,0,2017-09-25_16-03-38,2017-09-25_16-03-38#2167,85590,val,[],healthy honeybee,2017-09-25_16-03-38
val/videos/2017-09-25_16-03-38/2017-09-25_16-03-38.mp4-bee_id_2170-85950-1.png,0,2017-09-25_16-03-38,2017-09-25_16-03-38#2170,85950,val,[],healthy honeybee,2017-09-25_16-03-38
val/videos/2017-09-25_16-03-38/2017-09-25_16-03-38.mp4-bee_id_2171-86040-1.png,0,2017-09-25_16-03-38,2017-09-25_16-03-38#2171,86040,val,[],healthy honeybee,2017-09-25_16-03-38
val/videos/2017-09-25_16-03-38/2017-09-25_16-03-38.mp4-bee_id_2172-86040-1.png,0,2017-09-25_16-03-38,2017-09-25_16-03-38#2172,86040,val,[],healthy honeybee,2017-09-25_16-03-38
val/videos/2017-09-25_16-03-38/2017-09-25_16-03-38.mp4-bee_id_2173-86055-1.png,0,2017-09-25_16-03-38,2017-09-25_16-03-38#2173,86055,val,[],healthy honeybee,2017-09-25_16-03-38
val/videos/2017-09-25_16-03-38/2017-09-25_16-03-38.mp4-bee_id_2174-86085-1.png,0,2017-09-25_16-03-38,2017-09-25_16-03-38#2174,86085,val,[],healthy honeybee,2017-09-25_16-03-38
val/videos/2017-09-25_16-03-38/2017-09-25_16-03-38.mp4-bee_id_2175-86100-1.png,0,2017-09-25_16-03-38,2017-09-25_16-03-38#2175,86100,val,[],healthy honeybee,2017-09-25_16-03-38
val/videos/2017-09-25_16-03-38/2017-09-25_16-03-38.mp4-bee_id_2176-86115-1.png,0,2017-09-25_16-03-38,2017-09-25_16-03-38#2176,86115,val,[],healthy honeybee,2017-09-25_16-03-38
val/videos/2017-09-25_16-03-38/2017-09-25_16-03-38.mp4-bee_id_2177-86220-1.png,0,2017-09-25_16-03-38,2017-09-25_16-03-38#2177,86220,val,[],healthy honeybee,2017-09-25_16-03-38
val/videos/2017-09-25_16-03-38/2017-09-25_16-03-38.mp4-bee_id_2178-86265-1.png,1,2017-09-25_16-03-38,2017-09-25_16-03-38#2178,86265,val,"[[27.0, 121.0, 89.0, 151.0]]",honeybee with a varroa mite,2017-09-25_16-03-38
val/videos/2017-09-25_16-03-38/2017-09-25_16-03-38.mp4-bee_id_2182-86790-1.png,0,2017-09-25_16-03-38,2017-09-25_16-03-38#2182,86790,val,[],healthy honeybee,2017-09-25_16-03-38
val/videos/2017-09-25_16-03-38/2017-09-25_16-03-38.mp4-bee_id_2183-87015-1.png,0,2017-09-25_16-03-38,2017-09-25_16-03-38#2183,87015,val,[],healthy honeybee,2017-09-25_16-03-38
val/videos/2017-09-25_16-03-38/2017-09-25_16-03-38.mp4-bee_id_2184-87150-1.png,0,2017-09-25_16-03-38,2017-09-25_16-03-38#2184,87150,val,[],healthy honeybee,2017-09-25_16-03-38
val/videos/2017-09-25_16-03-38/2017-09-25_16-03-38.mp4-bee_id_2185-87300-1.png,1,2017-09-25_16-03-38,2017-09-25_16-03-38#2185,87300,val,"[[42.0, 210.0, 85.0, 237.0]]",honeybee with a varroa mite,2017-09-25_16-03-38
val/videos/2017-09-25_16-03-38/2017-09-25_16-03-38.mp4-bee_id_2188-87360-1.png,0,2017-09-25_16-03-38,2017-09-25_16-03-38#2188,87360,val,[],healthy honeybee,2017-09-25_16-03-38
val/videos/2017-09-25_16-03-38/2017-09-25_16-03-38.mp4-bee_id_2189-87390-1.png,1,2017-09-25_16-03-38,2017-09-25_16-03-38#2189,87390,val,"[[59.0, 137.0, 98.0, 158.0]]",honeybee with a varroa mite,2017-09-25_16-03-38
val/videos/2017-09-25_16-03-38/2017-09-25_16-03-38.mp4-bee_id_2191-87525-1.png,1,2017-09-25_16-03-38,2017-09-25_16-03-38#2191,87525,val,"[[61.0, 135.0, 97.0, 156.0]]",honeybee with a varroa mite,2017-09-25_16-03-38
val/videos/2017-09-25_16-03-38/2017-09-25_16-03-38.mp4-bee_id_2192-87675-1.png,0,2017-09-25_16-03-38,2017-09-25_16-03-38#2192,87675,val,[],healthy honeybee,2017-09-25_16-03-38
val/videos/2017-09-25_16-03-38/2017-09-25_16-03-38.mp4-bee_id_2193-87675-1.png,0,2017-09-25_16-03-38,2017-09-25_16-03-38#2193,87675,val,[],healthy honeybee,2017-09-25_16-03-38
val/videos/2017-09-25_16-03-38/2017-09-25_16-03-38.mp4-bee_id_2194-87705-1.png,0,2017-09-25_16-03-38,2017-09-25_16-03-38#2194,87705,val,[],healthy honeybee,2017-09-25_16-03-38
val/videos/2017-09-25_16-03-38/2017-09-25_16-03-38.mp4-bee_id_2200-88290-1.png,0,2017-09-25_16-03-38,2017-09-25_16-03-38#2200,88290,val,[],healthy honeybee,2017-09-25_16-03-38
val/videos/2017-09-25_16-03-38/2017-09-25_16-03-38.mp4-bee_id_2201-88320-1.png,0,2017-09-25_16-03-38,2017-09-25_16-03-38#2201,88320,val,[],healthy honeybee,2017-09-25_16-03-38
val/videos/2017-09-25_16-03-38/2017-09-25_16-03-38.mp4-bee_id_2202-88350-1.png,0,2017-09-25_16-03-38,2017-09-25_16-03-38#2202,88350,val,[],healthy honeybee,2017-09-25_16-03-38
val/videos/2017-09-25_16-03-38/2017-09-25_16-03-38.mp4-bee_id_2203-88380-1.png,0,2017-09-25_16-03-38,2017-09-25_16-03-38#2203,88380,val,[],healthy honeybee,2017-09-25_16-03-38
val/videos/2017-09-25_16-03-38/2017-09-25_16-03-38.mp4-bee_id_2204-88440-1.png,0,2017-09-25_16-03-38,2017-09-25_16-03-38#2204,88440,val,[],healthy honeybee,2017-09-25_16-03-38
val/videos/2017-09-25_16-03-38/2017-09-25_16-03-38.mp4-bee_id_2208-88860-1.png,0,2017-09-25_16-03-38,2017-09-25_16-03-38#2208,88860,val,[],healthy honeybee,2017-09-25_16-03-38
val/videos/2017-09-25_16-03-38/2017-09-25_16-03-38.mp4-bee_id_2209-89010-1.png,0,2017-09-25_16-03-38,2017-09-25_16-03-38#2209,89010,val,[],healthy honeybee,2017-09-25_16-03-38
val/videos/2017-09-25_16-03-38/2017-09-25_16-03-38.mp4-bee_id_2211-89025-1.png,0,2017-09-25_16-03-38,2017-09-25_16-03-38#2211,89025,val,[],healthy honeybee,2017-09-25_16-03-38
val/videos/2017-09-25_16-03-38/2017-09-25_16-03-38.mp4-bee_id_2213-89100-1.png,0,2017-09-25_16-03-38,2017-09-25_16-03-38#2213,89100,val,[],healthy honeybee,2017-09-25_16-03-38
val/videos/2017-09-25_16-03-38/2017-09-25_16-03-38.mp4-bee_id_2214-89130-1.png,0,2017-09-25_16-03-38,2017-09-25_16-03-38#2214,89130,val,[],healthy honeybee,2017-09-25_16-03-38
val/videos/2017-09-25_16-03-38/2017-09-25_16-03-38.mp4-bee_id_2215-89160-1.png,0,2017-09-25_16-03-38,2017-09-25_16-03-38#2215,89160,val,[],healthy honeybee,2017-09-25_16-03-38
val/videos/2017-09-25_16-03-38/2017-09-25_16-03-38.mp4-bee_id_2217-89220-1.png,0,2017-09-25_16-03-38,2017-09-25_16-03-38#2217,89220,val,[],healthy honeybee,2017-09-25_16-03-38
val/videos/2017-09-25_16-03-38/2017-09-25_16-03-38.mp4-bee_id_2221-89280-1.png,1,2017-09-25_16-03-38,2017-09-25_16-03-38#2221,89280,val,"[[43.0, 121.0, 81.0, 155.0]]",honeybee with a varroa mite,2017-09-25_16-03-38
val/videos/2017-09-25_16-03-38/2017-09-25_16-03-38.mp4-bee_id_2222-89385-1.png,0,2017-09-25_16-03-38,2017-09-25_16-03-38#2222,89385,val,[],healthy honeybee,2017-09-25_16-03-38
val/videos/2017-09-25_16-03-38/2017-09-25_16-03-38.mp4-bee_id_2223-89400-1.png,0,2017-09-25_16-03-38,2017-09-25_16-03-38#2223,89400,val,[],healthy honeybee,2017-09-25_16-03-38
val/videos/2017-09-25_16-03-38/2017-09-25_16-03-38.mp4-bee_id_2224-89460-1.png,0,2017-09-25_16-03-38,2017-09-25_16-03-38#2224,89460,val,[],healthy honeybee,2017-09-25_16-03-38
val/videos/2017-09-25_16-03-38/2017-09-25_16-03-38.mp4-bee_id_2225-89475-1.png,0,2017-09-25_16-03-38,2017-09-25_16-03-38#2225,89475,val,[],healthy honeybee,2017-09-25_16-03-38
val/videos/2017-09-25_16-03-38/2017-09-25_16-03-38.mp4-bee_id_2226-89490-1.png,0,2017-09-25_16-03-38,2017-09-25_16-03-38#2226,89490,val,[],healthy honeybee,2017-09-25_16-03-38
val/videos/2017-09-25_16-03-38/2017-09-25_16-03-38.mp4-bee_id_2227-89610-1.png,0,2017-09-25_16-03-38,2017-09-25_16-03-38#2227,89610,val,[],healthy honeybee,2017-09-25_16-03-38
val/videos/2017-09-25_16-03-38/2017-09-25_16-03-38.mp4-bee_id_2228-89640-1.png,0,2017-09-25_16-03-38,2017-09-25_16-03-38#2228,89640,val,[],healthy honeybee,2017-09-25_16-03-38
val/videos/2017-09-25_16-03-38/2017-09-25_16-03-38.mp4-bee_id_2230-89670-1.png,0,2017-09-25_16-03-38,2017-09-25_16-03-38#2230,89670,val,[],healthy honeybee,2017-09-25_16-03-38
val/videos/2017-09-25_16-03-38/2017-09-25_16-03-38.mp4-bee_id_2231-89730-1.png,0,2017-09-25_16-03-38,2017-09-25_16-03-38#2231,89730,val,[],healthy honeybee,2017-09-25_16-03-38
val/videos/2017-09-25_16-03-38/2017-09-25_16-03-38.mp4-bee_id_2233-89760-1.png,0,2017-09-25_16-03-38,2017-09-25_16-03-38#2233,89760,val,[],healthy honeybee,2017-09-25_16-03-38
val/videos/2017-09-25_16-03-38/2017-09-25_16-03-38.mp4-bee_id_2234-89820-1.png,0,2017-09-25_16-03-38,2017-09-25_16-03-38#2234,89820,val,[],healthy honeybee,2017-09-25_16-03-38
val/videos/2017-09-25_16-03-38/2017-09-25_16-03-38.mp4-bee_id_2235-89835-1.png,0,2017-09-25_16-03-38,2017-09-25_16-03-38#2235,89835,val,[],healthy honeybee,2017-09-25_16-03-38
val/videos/2017-09-25_16-03-38/2017-09-25_16-03-38.mp4-bee_id_2236-89835-1.png,0,2017-09-25_16-03-38,2017-09-25_16-03-38#2236,89835,val,[],healthy honeybee,2017-09-25_16-03-38
val/videos/2017-09-25_16-03-38/2017-09-25_16-03-38.mp4-bee_id_2237-89850-1.png,0,2017-09-25_16-03-38,2017-09-25_16-03-38#2237,89850,val,[],healthy honeybee,2017-09-25_16-03-38
val/videos/2017-09-25_16-03-38/2017-09-25_16-03-38.mp4-bee_id_2238-89910-1.png,0,2017-09-25_16-03-38,2017-09-25_16-03-38#2238,89910,val,[],healthy honeybee,2017-09-25_16-03-38
val/videos/2017-09-29_15-31-49/2017-09-29_15-31-49.mp4-bee_id_1-15-1.png,0,2017-09-29_15-31-49,2017-09-29_15-31-49#1,15,val,[],healthy honeybee,2017-09-29_15-31-49
val/videos/2017-09-29_15-31-49/2017-09-29_15-31-49.mp4-bee_id_100-2520-1.png,0,2017-09-29_15-31-49,2017-09-29_15-31-49#100,2520,val,[],healthy honeybee,2017-09-29_15-31-49
val/videos/2017-09-29_15-31-49/2017-09-29_15-31-49.mp4-bee_id_101-2520-1.png,0,2017-09-29_15-31-49,2017-09-29_15-31-49#101,2520,val,[],healthy honeybee,2017-09-29_15-31-49
val/videos/2017-09-29_15-31-49/2017-09-29_15-31-49.mp4-bee_id_103-2640-1.png,1,2017-09-29_15-31-49,2017-09-29_15-31-49#103,2640,val,"[[105.0, 153.0, 135.0, 187.0]]",honeybee with a varroa mite,2017-09-29_15-31-49
val/videos/2017-09-29_15-31-49/2017-09-29_15-31-49.mp4-bee_id_107-2760-1.png,0,2017-09-29_15-31-49,2017-09-29_15-31-49#107,2760,val,[],healthy honeybee,2017-09-29_15-31-49
val/videos/2017-09-29_15-31-49/2017-09-29_15-31-49.mp4-bee_id_108-2775-1.png,1,2017-09-29_15-31-49,2017-09-29_15-31-49#108,2775,val,"[[80.0, 109.0, 107.0, 138.0]]",honeybee with a varroa mite,2017-09-29_15-31-49
val/videos/2017-09-29_15-31-49/2017-09-29_15-31-49.mp4-bee_id_111-2835-1.png,0,2017-09-29_15-31-49,2017-09-29_15-31-49#111,2835,val,[],healthy honeybee,2017-09-29_15-31-49
val/videos/2017-09-29_15-31-49/2017-09-29_15-31-49.mp4-bee_id_112-2850-1.png,0,2017-09-29_15-31-49,2017-09-29_15-31-49#112,2850,val,[],healthy honeybee,2017-09-29_15-31-49
val/videos/2017-09-29_15-31-49/2017-09-29_15-31-49.mp4-bee_id_113-2865-1.png,0,2017-09-29_15-31-49,2017-09-29_15-31-49#113,2865,val,[],healthy honeybee,2017-09-29_15-31-49
val/videos/2017-09-29_15-31-49/2017-09-29_15-31-49.mp4-bee_id_114-2925-1.png,0,2017-09-29_15-31-49,2017-09-29_15-31-49#114,2925,val,[],healthy honeybee,2017-09-29_15-31-49
val/videos/2017-09-29_15-31-49/2017-09-29_15-31-49.mp4-bee_id_116-2940-1.png,0,2017-09-29_15-31-49,2017-09-29_15-31-49#116,2940,val,[],healthy honeybee,2017-09-29_15-31-49
val/videos/2017-09-29_15-31-49/2017-09-29_15-31-49.mp4-bee_id_119-3045-1.png,0,2017-09-29_15-31-49,2017-09-29_15-31-49#119,3045,val,[],healthy honeybee,2017-09-29_15-31-49
val/videos/2017-09-29_15-31-49/2017-09-29_15-31-49.mp4-bee_id_120-3075-1.png,0,2017-09-29_15-31-49,2017-09-29_15-31-49#120,3075,val,[],healthy honeybee,2017-09-29_15-31-49
val/videos/2017-09-29_15-31-49/2017-09-29_15-31-49.mp4-bee_id_121-3105-1.png,0,2017-09-29_15-31-49,2017-09-29_15-31-49#121,3105,val,[],healthy honeybee,2017-09-29_15-31-49
val/videos/2017-09-29_15-31-49/2017-09-29_15-31-49.mp4-bee_id_122-3105-1.png,0,2017-09-29_15-31-49,2017-09-29_15-31-49#122,3105,val,[],healthy honeybee,2017-09-29_15-31-49
val/videos/2017-09-29_15-31-49/2017-09-29_15-31-49.mp4-bee_id_123-3135-1.png,0,2017-09-29_15-31-49,2017-09-29_15-31-49#123,3135,val,[],healthy honeybee,2017-09-29_15-31-49
val/videos/2017-09-29_15-31-49/2017-09-29_15-31-49.mp4-bee_id_126-3210-1.png,1,2017-09-29_15-31-49,2017-09-29_15-31-49#126,3210,val,"[[34.0, 159.0, 62.0, 177.0]]",honeybee with a varroa mite,2017-09-29_15-31-49
val/videos/2017-09-29_15-31-49/2017-09-29_15-31-49.mp4-bee_id_131-3270-1.png,0,2017-09-29_15-31-49,2017-09-29_15-31-49#131,3270,val,[],healthy honeybee,2017-09-29_15-31-49
val/videos/2017-09-29_15-31-49/2017-09-29_15-31-49.mp4-bee_id_132-3270-1.png,0,2017-09-29_15-31-49,2017-09-29_15-31-49#132,3270,val,[],healthy honeybee,2017-09-29_15-31-49
val/videos/2017-09-29_15-31-49/2017-09-29_15-31-49.mp4-bee_id_133-3285-1.png,0,2017-09-29_15-31-49,2017-09-29_15-31-49#133,3285,val,[],healthy honeybee,2017-09-29_15-31-49
val/videos/2017-09-29_15-31-49/2017-09-29_15-31-49.mp4-bee_id_134-3315-1.png,0,2017-09-29_15-31-49,2017-09-29_15-31-49#134,3315,val,[],healthy honeybee,2017-09-29_15-31-49
val/videos/2017-09-29_15-31-49/2017-09-29_15-31-49.mp4-bee_id_135-3330-1.png,0,2017-09-29_15-31-49,2017-09-29_15-31-49#135,3330,val,[],healthy honeybee,2017-09-29_15-31-49
val/videos/2017-09-29_15-31-49/2017-09-29_15-31-49.mp4-bee_id_138-3405-1.png,0,2017-09-29_15-31-49,2017-09-29_15-31-49#138,3405,val,[],healthy honeybee,2017-09-29_15-31-49
val/videos/2017-09-29_15-31-49/2017-09-29_15-31-49.mp4-bee_id_139-3420-1.png,0,2017-09-29_15-31-49,2017-09-29_15-31-49#139,3420,val,[],healthy honeybee,2017-09-29_15-31-49
val/videos/2017-09-29_15-31-49/2017-09-29_15-31-49.mp4-bee_id_14-255-1.png,0,2017-09-29_15-31-49,2017-09-29_15-31-49#14,255,val,[],healthy honeybee,2017-09-29_15-31-49
val/videos/2017-09-29_15-31-49/2017-09-29_15-31-49.mp4-bee_id_142-3630-1.png,0,2017-09-29_15-31-49,2017-09-29_15-31-49#142,3630,val,[],healthy honeybee,2017-09-29_15-31-49
val/videos/2017-09-29_15-31-49/2017-09-29_15-31-49.mp4-bee_id_145-3690-1.png,0,2017-09-29_15-31-49,2017-09-29_15-31-49#145,3690,val,[],healthy honeybee,2017-09-29_15-31-49
val/videos/2017-09-29_15-31-49/2017-09-29_15-31-49.mp4-bee_id_146-3690-1.png,0,2017-09-29_15-31-49,2017-09-29_15-31-49#146,3690,val,[],healthy honeybee,2017-09-29_15-31-49
val/videos/2017-09-29_15-31-49/2017-09-29_15-31-49.mp4-bee_id_147-3735-1.png,1,2017-09-29_15-31-49,2017-09-29_15-31-49#147,3735,val,"[[26.0, 86.0, 68.0, 118.0]]",honeybee with a varroa mite,2017-09-29_15-31-49
val/videos/2017-09-29_15-31-49/2017-09-29_15-31-49.mp4-bee_id_15-300-1.png,0,2017-09-29_15-31-49,2017-09-29_15-31-49#15,300,val,[],healthy honeybee,2017-09-29_15-31-49
val/videos/2017-09-29_15-31-49/2017-09-29_15-31-49.mp4-bee_id_150-3840-1.png,0,2017-09-29_15-31-49,2017-09-29_15-31-49#150,3840,val,[],healthy honeybee,2017-09-29_15-31-49
val/videos/2017-09-29_15-31-49/2017-09-29_15-31-49.mp4-bee_id_151-3870-1.png,0,2017-09-29_15-31-49,2017-09-29_15-31-49#151,3870,val,[],healthy honeybee,2017-09-29_15-31-49
val/videos/2017-09-29_15-31-49/2017-09-29_15-31-49.mp4-bee_id_152-3885-1.png,1,2017-09-29_15-31-49,2017-09-29_15-31-49#152,3885,val,"[[101.0, 148.0, 152.0, 193.0]]",honeybee with a varroa mite,2017-09-29_15-31-49
val/videos/2017-09-29_15-31-49/2017-09-29_15-31-49.mp4-bee_id_153-3900-1.png,0,2017-09-29_15-31-49,2017-09-29_15-31-49#153,3900,val,[],healthy honeybee,2017-09-29_15-31-49
val/videos/2017-09-29_15-31-49/2017-09-29_15-31-49.mp4-bee_id_154-3915-1.png,0,2017-09-29_15-31-49,2017-09-29_15-31-49#154,3915,val,[],healthy honeybee,2017-09-29_15-31-49
val/videos/2017-09-29_15-31-49/2017-09-29_15-31-49.mp4-bee_id_159-4095-1.png,0,2017-09-29_15-31-49,2017-09-29_15-31-49#159,4095,val,[],healthy honeybee,2017-09-29_15-31-49
val/videos/2017-09-29_15-31-49/2017-09-29_15-31-49.mp4-bee_id_16-300-1.png,0,2017-09-29_15-31-49,2017-09-29_15-31-49#16,300,val,[],healthy honeybee,2017-09-29_15-31-49
val/videos/2017-09-29_15-31-49/2017-09-29_15-31-49.mp4-bee_id_161-4155-1.png,0,2017-09-29_15-31-49,2017-09-29_15-31-49#161,4155,val,[],healthy honeybee,2017-09-29_15-31-49
val/videos/2017-09-29_15-31-49/2017-09-29_15-31-49.mp4-bee_id_162-4275-1.png,0,2017-09-29_15-31-49,2017-09-29_15-31-49#162,4275,val,[],healthy honeybee,2017-09-29_15-31-49
val/videos/2017-09-29_15-31-49/2017-09-29_15-31-49.mp4-bee_id_163-4290-1.png,0,2017-09-29_15-31-49,2017-09-29_15-31-49#163,4290,val,[],healthy honeybee,2017-09-29_15-31-49
val/videos/2017-09-29_15-31-49/2017-09-29_15-31-49.mp4-bee_id_167-4425-1.png,1,2017-09-29_15-31-49,2017-09-29_15-31-49#167,4425,val,"[[34.0, 95.0, 71.0, 138.0]]",honeybee with a varroa mite,2017-09-29_15-31-49
val/videos/2017-09-29_15-31-49/2017-09-29_15-31-49.mp4-bee_id_170-4485-1.png,0,2017-09-29_15-31-49,2017-09-29_15-31-49#170,4485,val,[],healthy honeybee,2017-09-29_15-31-49
val/videos/2017-09-29_15-31-49/2017-09-29_15-31-49.mp4-bee_id_173-4575-1.png,0,2017-09-29_15-31-49,2017-09-29_15-31-49#173,4575,val,[],healthy honeybee,2017-09-29_15-31-49
val/videos/2017-09-29_15-31-49/2017-09-29_15-31-49.mp4-bee_id_21-390-1.png,1,2017-09-29_15-31-49,2017-09-29_15-31-49#21,390,val,"[[47.0, 92.0, 71.0, 137.0]]",honeybee with a varroa mite,2017-09-29_15-31-49
val/videos/2017-09-29_15-31-49/2017-09-29_15-31-49.mp4-bee_id_22-465-1.png,0,2017-09-29_15-31-49,2017-09-29_15-31-49#22,465,val,[],healthy honeybee,2017-09-29_15-31-49
val/videos/2017-09-29_15-31-49/2017-09-29_15-31-49.mp4-bee_id_25-480-1.png,0,2017-09-29_15-31-49,2017-09-29_15-31-49#25,480,val,[],healthy honeybee,2017-09-29_15-31-49
val/videos/2017-09-29_15-31-49/2017-09-29_15-31-49.mp4-bee_id_29-630-1.png,0,2017-09-29_15-31-49,2017-09-29_15-31-49#29,630,val,[],healthy honeybee,2017-09-29_15-31-49
val/videos/2017-09-29_15-31-49/2017-09-29_15-31-49.mp4-bee_id_30-645-1.png,0,2017-09-29_15-31-49,2017-09-29_15-31-49#30,645,val,[],healthy honeybee,2017-09-29_15-31-49
val/videos/2017-09-29_15-31-49/2017-09-29_15-31-49.mp4-bee_id_31-675-1.png,0,2017-09-29_15-31-49,2017-09-29_15-31-49#31,675,val,[],healthy honeybee,2017-09-29_15-31-49
val/videos/2017-09-29_15-31-49/2017-09-29_15-31-49.mp4-bee_id_32-690-1.png,0,2017-09-29_15-31-49,2017-09-29_15-31-49#32,690,val,[],healthy honeybee,2017-09-29_15-31-49
val/videos/2017-09-29_15-31-49/2017-09-29_15-31-49.mp4-bee_id_33-705-1.png,0,2017-09-29_15-31-49,2017-09-29_15-31-49#33,705,val,[],healthy honeybee,2017-09-29_15-31-49
val/videos/2017-09-29_15-31-49/2017-09-29_15-31-49.mp4-bee_id_34-735-1.png,0,2017-09-29_15-31-49,2017-09-29_15-31-49#34,735,val,[],healthy honeybee,2017-09-29_15-31-49
val/videos/2017-09-29_15-31-49/2017-09-29_15-31-49.mp4-bee_id_35-750-1.png,0,2017-09-29_15-31-49,2017-09-29_15-31-49#35,750,val,[],healthy honeybee,2017-09-29_15-31-49
val/videos/2017-09-29_15-31-49/2017-09-29_15-31-49.mp4-bee_id_40-990-1.png,1,2017-09-29_15-31-49,2017-09-29_15-31-49#40,990,val,"[[97.0, 177.0, 134.0, 207.0]]",honeybee with a varroa mite,2017-09-29_15-31-49
val/videos/2017-09-29_15-31-49/2017-09-29_15-31-49.mp4-bee_id_41-1065-1.png,0,2017-09-29_15-31-49,2017-09-29_15-31-49#41,1065,val,[],healthy honeybee,2017-09-29_15-31-49
val/videos/2017-09-29_15-31-49/2017-09-29_15-31-49.mp4-bee_id_42-1065-1.png,0,2017-09-29_15-31-49,2017-09-29_15-31-49#42,1065,val,[],healthy honeybee,2017-09-29_15-31-49
val/videos/2017-09-29_15-31-49/2017-09-29_15-31-49.mp4-bee_id_44-1200-1.png,0,2017-09-29_15-31-49,2017-09-29_15-31-49#44,1200,val,[],healthy honeybee,2017-09-29_15-31-49
val/videos/2017-09-29_15-31-49/2017-09-29_15-31-49.mp4-bee_id_47-1245-1.png,1,2017-09-29_15-31-49,2017-09-29_15-31-49#47,1245,val,"[[33.0, 150.0, 67.0, 185.0]]",honeybee with a varroa mite,2017-09-29_15-31-49
val/videos/2017-09-29_15-31-49/2017-09-29_15-31-49.mp4-bee_id_49-1305-1.png,0,2017-09-29_15-31-49,2017-09-29_15-31-49#49,1305,val,[],healthy honeybee,2017-09-29_15-31-49
val/videos/2017-09-29_15-31-49/2017-09-29_15-31-49.mp4-bee_id_5-60-1.png,0,2017-09-29_15-31-49,2017-09-29_15-31-49#5,60,val,[],healthy honeybee,2017-09-29_15-31-49
val/videos/2017-09-29_15-31-49/2017-09-29_15-31-49.mp4-bee_id_55-1485-1.png,0,2017-09-29_15-31-49,2017-09-29_15-31-49#55,1485,val,[],healthy honeybee,2017-09-29_15-31-49
val/videos/2017-09-29_15-31-49/2017-09-29_15-31-49.mp4-bee_id_56-1500-1.png,0,2017-09-29_15-31-49,2017-09-29_15-31-49#56,1500,val,[],healthy honeybee,2017-09-29_15-31-49
val/videos/2017-09-29_15-31-49/2017-09-29_15-31-49.mp4-bee_id_59-1575-1.png,0,2017-09-29_15-31-49,2017-09-29_15-31-49#59,1575,val,[],healthy honeybee,2017-09-29_15-31-49
val/videos/2017-09-29_15-31-49/2017-09-29_15-31-49.mp4-bee_id_6-75-1.png,0,2017-09-29_15-31-49,2017-09-29_15-31-49#6,75,val,[],healthy honeybee,2017-09-29_15-31-49
val/videos/2017-09-29_15-31-49/2017-09-29_15-31-49.mp4-bee_id_60-1635-1.png,0,2017-09-29_15-31-49,2017-09-29_15-31-49#60,1635,val,[],healthy honeybee,2017-09-29_15-31-49
val/videos/2017-09-29_15-31-49/2017-09-29_15-31-49.mp4-bee_id_62-1710-1.png,1,2017-09-29_15-31-49,2017-09-29_15-31-49#62,1710,val,"[[105.0, 170.0, 146.0, 210.0]]",honeybee with a varroa mite,2017-09-29_15-31-49
val/videos/2017-09-29_15-31-49/2017-09-29_15-31-49.mp4-bee_id_66-1755-1.png,0,2017-09-29_15-31-49,2017-09-29_15-31-49#66,1755,val,[],healthy honeybee,2017-09-29_15-31-49
val/videos/2017-09-29_15-31-49/2017-09-29_15-31-49.mp4-bee_id_67-1815-1.png,0,2017-09-29_15-31-49,2017-09-29_15-31-49#67,1815,val,[],healthy honeybee,2017-09-29_15-31-49
val/videos/2017-09-29_15-31-49/2017-09-29_15-31-49.mp4-bee_id_68-1830-1.png,0,2017-09-29_15-31-49,2017-09-29_15-31-49#68,1830,val,[],healthy honeybee,2017-09-29_15-31-49
val/videos/2017-09-29_15-31-49/2017-09-29_15-31-49.mp4-bee_id_69-1830-1.png,0,2017-09-29_15-31-49,2017-09-29_15-31-49#69,1830,val,[],healthy honeybee,2017-09-29_15-31-49
val/videos/2017-09-29_15-31-49/2017-09-29_15-31-49.mp4-bee_id_7-75-1.png,0,2017-09-29_15-31-49,2017-09-29_15-31-49#7,75,val,[],healthy honeybee,2017-09-29_15-31-49
val/videos/2017-09-29_15-31-49/2017-09-29_15-31-49.mp4-bee_id_71-1890-1.png,0,2017-09-29_15-31-49,2017-09-29_15-31-49#71,1890,val,[],healthy honeybee,2017-09-29_15-31-49
val/videos/2017-09-29_15-31-49/2017-09-29_15-31-49.mp4-bee_id_73-1905-1.png,0,2017-09-29_15-31-49,2017-09-29_15-31-49#73,1905,val,[],healthy honeybee,2017-09-29_15-31-49
val/videos/2017-09-29_15-31-49/2017-09-29_15-31-49.mp4-bee_id_74-1935-1.png,0,2017-09-29_15-31-49,2017-09-29_15-31-49#74,1935,val,[],healthy honeybee,2017-09-29_15-31-49
val/videos/2017-09-29_15-31-49/2017-09-29_15-31-49.mp4-bee_id_76-1995-1.png,0,2017-09-29_15-31-49,2017-09-29_15-31-49#76,1995,val,[],healthy honeybee,2017-09-29_15-31-49
val/videos/2017-09-29_15-31-49/2017-09-29_15-31-49.mp4-bee_id_77-2010-1.png,0,2017-09-29_15-31-49,2017-09-29_15-31-49#77,2010,val,[],healthy honeybee,2017-09-29_15-31-49
val/videos/2017-09-29_15-31-49/2017-09-29_15-31-49.mp4-bee_id_81-2085-1.png,0,2017-09-29_15-31-49,2017-09-29_15-31-49#81,2085,val,[],healthy honeybee,2017-09-29_15-31-49
val/videos/2017-09-29_15-31-49/2017-09-29_15-31-49.mp4-bee_id_82-2100-1.png,0,2017-09-29_15-31-49,2017-09-29_15-31-49#82,2100,val,[],healthy honeybee,2017-09-29_15-31-49
val/videos/2017-09-29_15-31-49/2017-09-29_15-31-49.mp4-bee_id_85-2205-1.png,0,2017-09-29_15-31-49,2017-09-29_15-31-49#85,2205,val,[],healthy honeybee,2017-09-29_15-31-49
val/videos/2017-09-29_15-31-49/2017-09-29_15-31-49.mp4-bee_id_87-2280-1.png,0,2017-09-29_15-31-49,2017-09-29_15-31-49#87,2280,val,[],healthy honeybee,2017-09-29_15-31-49
val/videos/2017-09-29_15-31-49/2017-09-29_15-31-49.mp4-bee_id_89-2310-1.png,0,2017-09-29_15-31-49,2017-09-29_15-31-49#89,2310,val,[],healthy honeybee,2017-09-29_15-31-49
val/videos/2017-09-29_15-31-49/2017-09-29_15-31-49.mp4-bee_id_9-105-1.png,0,2017-09-29_15-31-49,2017-09-29_15-31-49#9,105,val,[],healthy honeybee,2017-09-29_15-31-49
val/videos/2017-09-29_15-31-49/2017-09-29_15-31-49.mp4-bee_id_90-2310-1.png,0,2017-09-29_15-31-49,2017-09-29_15-31-49#90,2310,val,[],healthy honeybee,2017-09-29_15-31-49
val/videos/2017-09-29_15-31-49/2017-09-29_15-31-49.mp4-bee_id_91-2325-1.png,0,2017-09-29_15-31-49,2017-09-29_15-31-49#91,2325,val,[],healthy honeybee,2017-09-29_15-31-49
val/videos/2017-09-29_15-31-49/2017-09-29_15-31-49.mp4-bee_id_92-2340-1.png,0,2017-09-29_15-31-49,2017-09-29_15-31-49#92,2340,val,[],healthy honeybee,2017-09-29_15-31-49
val/videos/2017-09-29_15-31-49/2017-09-29_15-31-49.mp4-bee_id_94-2400-1.png,0,2017-09-29_15-31-49,2017-09-29_15-31-49#94,2400,val,[],healthy honeybee,2017-09-29_15-31-49
val/videos/2017-09-29_15-31-49/2017-09-29_15-31-49.mp4-bee_id_96-2430-1.png,0,2017-09-29_15-31-49,2017-09-29_15-31-49#96,2430,val,[],healthy honeybee,2017-09-29_15-31-49
val/videos/2017-09-29_15-31-49/2017-09-29_15-31-49.mp4-bee_id_98-2475-1.png,0,2017-09-29_15-31-49,2017-09-29_15-31-49#98,2475,val,[],healthy honeybee,2017-09-29_15-31-49
