path,label,class_name,health,variety,quantity,md5,phash,w,h,group,group_old
1. Healthy/2. White Onion/2. Multiple/Onion11448.jpg,2,healthy white onion,healthy,white onion,multiple,aab4b60558a1b5aa9d932798a4d509e3,968e2331b6b39e0d,1024,768,764,1757
1. Healthy/1. Red Onion/1. Single/Onion06024.jpg,0,healthy red onion,healthy,red onion,single,2991725e533e60d15b88728a423d52ae,e4989b6719996693,1024,768,20,42
1. Healthy/1. Red Onion/2. Multiple/Onion07500.jpg,0,healthy red onion,healthy,red onion,multiple,3e87b6fe6d8191eec91c69787babd5d8,a6e3f2320de331cc,1024,768,272,620
1. Healthy/2. White Onion/1. Single/Onion09532.jpg,2,healthy white onion,healthy,white onion,single,5df6c21fc4792e015c13fe5f2609b299,993f25c97264c933,576,768,562,1403
1. Healthy/1. Red Onion/2. Multiple/Onion07187.jpg,0,healthy red onion,healthy,red onion,multiple,6d738bdfd4ca563a2bf1e1a7d404a662,c7d93898c6659635,1024,768,273,619
2. Unhealthy/1. Red Onion/1. Single/Onion12523.jpg,1,unhealthy red onion,unhealthy,red onion,single,9676ebf6801dc2d8e4fba0afb4ac2444,e4e4999a679b4266,1024,768,276,647
1. Healthy/2. White Onion/2. Multiple/Onion11227.jpg,2,healthy white onion,healthy,white onion,multiple,22be1f52aa0e6e36ec5054fd768401e1,dcd3331ce86161cb,1024,768,757,1747
1. Healthy/2. White Onion/2. Multiple/Onion11293.jpg,2,healthy white onion,healthy,white onion,multiple,cb92a50eee198867256c98057eb250ac,d9d2322d67bf9090,1024,768,757,1722
1. Healthy/1. Red Onion/1. Single/Onion06171.jpg,0,healthy red onion,healthy,red onion,single,c05088033d1f3acc89c9275101b77c50,e5829a796166669b,1024,768,20,79
1. Healthy/1. Red Onion/1. Single/Onion05857.jpg,0,healthy red onion,healthy,red onion,single,8edd889388476c34e63262cf185e2721,d69b332d0c6dd2a2,1024,768,2,47
1. Healthy/2. White Onion/1. Single/Onion09965.jpg,2,healthy white onion,healthy,white onion,single,5718490825778bdb7cd7ce27f8187a2e,c4333bc4333fc8c6,576,768,439,1090
1. Healthy/2. White Onion/1. Single/Onion09182.jpg,2,healthy white onion,healthy,white onion,single,040f470139c514a53793253132accde6,cdf030c9cd70f0cb,576,768,434,1145
1. Healthy/2. White Onion/1. Single/Onion08638.jpg,2,healthy white onion,healthy,white onion,single,aaf0363103009909329d6fe7146f46e0,c6b8395362cf86cc,1024,768,492,1130
2. Unhealthy/1. Red Onion/2. Multiple/Onion14163.jpg,1,unhealthy red onion,unhealthy,red onion,multiple,c8eae7902d10839c4a3e525e4e6a1ec9,b3a9c893659d3a64,576,768,389,942
1. Healthy/2. White Onion/1. Single/Onion09072.jpg,2,healthy white onion,healthy,white onion,single,88cf509dc3195b67cbf284ea8feed4e0,cb2634dbc36c4c72,576,768,434,1299
1. Healthy/1. Red Onion/1. Single/Onion04265.jpg,0,healthy red onion,healthy,red onion,single,1d89e24bf4fe1e4cf77eae406d7c2b22,8d8c6270dba3ccdc,1024,768,2,124
1. Healthy/2. White Onion/2. Multiple/Onion12104.jpg,2,healthy white onion,healthy,white onion,multiple,9bf516cef782a08ea1c5787609f3747e,83d76d39322636b8,1024,768,757,1722
2. Unhealthy/2. White Onion/2. Multiple/Onion16179.jpg,3,unhealthy white onion,unhealthy,white onion,multiple,924e1dafe7f1502cdce8173feb0e55fd,db959c9b6126c41e,1024,768,950,2169
1. Healthy/1. Red Onion/1. Single/Onion05566.jpg,0,healthy red onion,healthy,red onion,single,ccceebe9ffde9b1e3eb4c4aaf9ba0d66,d9636413d956b24d,1024,768,2,441
1. Healthy/2. White Onion/2. Multiple/Onion11558.jpg,2,healthy white onion,healthy,white onion,multiple,b1b72c2766e1b2581d1815c560660a0d,d5c36acec6b1f024,1024,768,757,1733
1. Healthy/2. White Onion/1. Single/Onion08675.jpg,2,healthy white onion,healthy,white onion,single,c0ebec47242ff0d78f271124815c79fc,c9b4669a996b9664,1024,768,576,1194
1. Healthy/1. Red Onion/1. Single/Onion06598.jpg,0,healthy red onion,healthy,red onion,single,303a93639f9ad1559c79da5a4ddb4a34,f5d28c2c31946d9b,576,768,238,571
2. Unhealthy/1. Red Onion/1. Single/Onion13104.jpg,1,unhealthy red onion,unhealthy,red onion,single,fb512fa0d03b5947b7da084cb4744c7a,e68c9993696b266c,1024,768,276,707
1. Healthy/1. Red Onion/2. Multiple/Onion07969.jpg,0,healthy red onion,healthy,red onion,multiple,77ed98a033060936cec6bdf81aa54b63,81ff03623ce5d319,576,768,273,621
1. Healthy/2. White Onion/2. Multiple/Onion11787.jpg,2,healthy white onion,healthy,white onion,multiple,59d4ad691b948d920dc446bbe91bfd07,97da1c1a6464d36d,1024,768,769,1775
1. Healthy/2. White Onion/1. Single/Onion09635.jpg,2,healthy white onion,healthy,white onion,single,01b65590b08408ddd6afa6c6d769c94b,9999666434937379,1024,768,619,1304
1. Healthy/1. Red Onion/2. Multiple/Onion07892.jpg,0,healthy red onion,healthy,red onion,multiple,1b8da39906159b37bb36c9beaf37876a,e0b78768da2c9cd8,1024,768,273,619
1. Healthy/2. White Onion/1. Single/Onion09844.jpg,2,healthy white onion,healthy,white onion,single,6f09a26a1c23f244a56a9ce579e39389,a9da446793986d33,576,768,576,1360
1. Healthy/2. White Onion/1. Single/Onion09777.jpg,2,healthy white onion,healthy,white onion,single,519be1345f1d3e3a5a730fba93729ceb,ccb362cd326ccf30,576,768,401,1116
2. Unhealthy/2. White Onion/2. Multiple/Onion16230.jpg,3,unhealthy white onion,unhealthy,white onion,multiple,9d552477dccfd578fbdf143f94b9e23f,862f56307cf107ce,1024,768,945,2152
2. Unhealthy/1. Red Onion/2. Multiple/Onion13957.jpg,1,unhealthy red onion,unhealthy,red onion,multiple,60897fdb835c3a76c9bf38ed20004baf,bdc3924c8e6d9833,1024,768,393,938
1. Healthy/2. White Onion/1. Single/Onion08749.jpg,2,healthy white onion,healthy,white onion,single,16a78aa20ff5b9da7e5968165d9d3eee,c79eb862c79c2c31,1024,768,441,1216
2. Unhealthy/2. White Onion/1. Single/Onion14786.jpg,3,unhealthy white onion,unhealthy,white onion,single,f74436d6f5d48eabe2250d6ddc54193d,e40c3343cc1f731f,576,768,881,2050
1. Healthy/1. Red Onion/1. Single/Onion04058.jpg,0,healthy red onion,healthy,red onion,single,a4440f23cc1e4f21ae0971cd5547add6,e5b49a6aa9d125c6,1024,768,8,17
1. Healthy/1. Red Onion/1. Single/Onion04925.jpg,0,healthy red onion,healthy,red onion,single,8f0d9e91ee7dcd594858e5affbc1ed85,cc69a3664e9899d9,1024,768,16,286
2. Unhealthy/1. Red Onion/1. Single/Onion12502.jpg,1,unhealthy red onion,unhealthy,red onion,single,2a5be8ecf3252f7e272eeab8675cf562,d3a5d3642c92936e,1024,768,309,751
2. Unhealthy/2. White Onion/1. Single/Onion14291.jpg,3,unhealthy white onion,unhealthy,white onion,single,3941255b574a187c4a09cacaefaeeb11,cfd1368c33361c33,1024,768,799,1804
1. Healthy/1. Red Onion/2. Multiple/Onion07052.jpg,0,healthy red onion,healthy,red onion,multiple,b9a36f7657021070f6ef72187981ee34,e2628d63334b69b6,1024,768,273,619
1. Healthy/2. White Onion/2. Multiple/Onion12106.jpg,2,healthy white onion,healthy,white onion,multiple,844e421747ade4f5c07ff8d535dc334f,d3a30f8c79d26619,1024,768,763,1736
2. Unhealthy/2. White Onion/2. Multiple/Onion15402.jpg,3,unhealthy white onion,unhealthy,white onion,multiple,272a33579f1d6e11b7e0e82c43e7b673,81321ec9e13ec7ce,1024,768,941,2176
1. Healthy/1. Red Onion/1. Single/Onion05202.jpg,0,healthy red onion,healthy,red onion,single,64ab9404c6bcb2cce7b23655acd1d25c,a7dbe03c44c3333c,576,768,2,78
1. Healthy/1. Red Onion/2. Multiple/Onion07883.jpg,0,healthy red onion,healthy,red onion,multiple,d4101c0c5c6b71fc8d51242a686f6afb,81ce5c0bc6ae69e3,1024,768,273,631
1. Healthy/1. Red Onion/1. Single/Onion04374.jpg,0,healthy red onion,healthy,red onion,single,a9a0f915322b17acd8fc9bd59aea09ff,c999b36376646266,1024,768,15,193
1. Healthy/2. White Onion/1. Single/Onion09672.jpg,2,healthy white onion,healthy,white onion,single,a2fe345c739ad9411a37973ba89bc768,e0a79349cc9ab963,1024,768,609,997
2. Unhealthy/1. Red Onion/2. Multiple/Onion13415.jpg,1,unhealthy red onion,unhealthy,red onion,multiple,e25bbf76e011f43677f635ebd62cb25d,d76534cc69b2a6c8,1024,768,389,931
2. Unhealthy/1. Red Onion/1. Single/Onion13160.jpg,1,unhealthy red onion,unhealthy,red onion,single,6f93f3e910233a375d59a477a7b38041,ed9592638d963698,1024,768,367,914
1. Healthy/2. White Onion/2. Multiple/Onion11758.jpg,2,healthy white onion,healthy,white onion,multiple,1460d8005f14d0c4be18c386950bbb7c,d6a18c9c29b9366e,1024,768,763,1756
1. Healthy/1. Red Onion/1. Single/Onion04459.jpg,0,healthy red onion,healthy,red onion,single,796a20de2f66be4d16152b937622dc83,f9d996249ba96452,1024,768,2,222
1. Healthy/1. Red Onion/1. Single/Onion04268.jpg,0,healthy red onion,healthy,red onion,single,50f67896e05b4908a1a22ec664b94658,d09b2e6477d564a4,1024,768,2,47
1. Healthy/1. Red Onion/2. Multiple/Onion08112.jpg,0,healthy red onion,healthy,red onion,multiple,27840eb82be64a4b305778d0eb18acdb,8de1eed035d70c29,576,768,273,622
1. Healthy/1. Red Onion/1. Single/Onion06843.jpg,0,healthy red onion,healthy,red onion,single,4e7f1b7240eecc68641c06d97b6534df,e9559a2964ee11da,1024,768,2,98
2. Unhealthy/1. Red Onion/2. Multiple/Onion13516.jpg,1,unhealthy red onion,unhealthy,red onion,multiple,4c664f39a0ab62c48a0ced315540ecfd,f3fcbee361308304,1024,768,389,931
1. Healthy/2. White Onion/2. Multiple/Onion11705.jpg,2,healthy white onion,healthy,white onion,multiple,63d893a7a9336e964df615b5811a8031,aa7a02ee05f195f8,1024,768,756,1721
2. Unhealthy/1. Red Onion/2. Multiple/Onion13924.jpg,1,unhealthy red onion,unhealthy,red onion,multiple,ef4e4ad1c2fe6d0b7ae4b2245d96a778,d2a86ad96136799a,1024,768,395,941
2. Unhealthy/1. Red Onion/1. Single/Onion12395.jpg,1,unhealthy red onion,unhealthy,red onion,single,0c3a9d920d2db152a11f368f56a8a3c8,e48eda926d6b6624,1024,768,305,656
1. Healthy/2. White Onion/1. Single/Onion09987.jpg,2,healthy white onion,healthy,white onion,single,25768cc4949af142933883e50e230027,cf3030cfcf3426c3,576,768,593,1472
1. Healthy/2. White Onion/1. Single/Onion08279.jpg,2,healthy white onion,healthy,white onion,single,c1ec941db5f12ad698e78c3a7519b7e5,d83725cc96599933,1024,768,441,994
1. Healthy/2. White Onion/1. Single/Onion08372.jpg,2,healthy white onion,healthy,white onion,single,f03522c3711f080bb0970884ff7b1694,cc8c3272c373cccd,1024,768,406,979
2. Unhealthy/2. White Onion/1. Single/Onion14779.jpg,3,unhealthy white onion,unhealthy,white onion,single,b4b0a8afa86253c71bacc35ead424e6f,9755c81a32e26ced,576,768,837,2049
1. Healthy/1. Red Onion/1. Single/Onion05611.jpg,0,healthy red onion,healthy,red onion,single,21cc0ea2407904a5afd1dfc8cea8cf33,c7993833c1c13e67,576,768,2,124
2. Unhealthy/1. Red Onion/2. Multiple/Onion13808.jpg,1,unhealthy red onion,unhealthy,red onion,multiple,ae67280f01d6fc9f0e2ad3f44ffaf814,ede1d09253c8cc73,1024,768,393,938
1. Healthy/1. Red Onion/1. Single/Onion04750.jpg,0,healthy red onion,healthy,red onion,single,8931419211ccb75b5c6446629df6975f,e98996a464da99d9,1024,768,2,7
1. Healthy/1. Red Onion/1. Single/Onion06750.jpg,0,healthy red onion,healthy,red onion,single,4c9af8b6637d9473e0f003bd7ffe98ae,91e46c91526fb5d4,576,768,2,134
2. Unhealthy/1. Red Onion/1. Single/Onion12459.jpg,1,unhealthy red onion,unhealthy,red onion,single,522f9b96bfe86024107763ac301157a5,991132321999eeef,1024,768,315,771
1. Healthy/2. White Onion/1. Single/Onion09375.jpg,2,healthy white onion,healthy,white onion,single,37bc77e6badbccc92b30d64b596caac3,c86d67369a9b2949,1024,768,401,1371
1. Healthy/1. Red Onion/1. Single/Onion05550.jpg,0,healthy red onion,healthy,red onion,single,272bd0d13e00b0fc63fcac98b2868856,af9c3453534d4d4c,1024,768,80,152
2. Unhealthy/1. Red Onion/2. Multiple/Onion13316.jpg,1,unhealthy red onion,unhealthy,red onion,multiple,2a77b8b374af20b80426277a36c1d27e,ee21b806f906ec3b,1024,768,389,935
1. Healthy/2. White Onion/2. Multiple/Onion11407.jpg,2,healthy white onion,healthy,white onion,multiple,e5ce3bc02a75ac1a10211dcf8e6dc395,95a9ea8efa331e80,1024,768,756,1719
2. Unhealthy/1. Red Onion/1. Single/Onion12425.jpg,1,unhealthy red onion,unhealthy,red onion,single,20c92fd22b1c1bccf519444afbdb8b1a,cc6200dc7fb36e26,1024,768,309,758
1. Healthy/1. Red Onion/1. Single/Onion04424.jpg,0,healthy red onion,healthy,red onion,single,9534f55b5b44bb6dd82bbb8e4d063378,d46cba9b2099cfc2,1024,768,64,211
1. Healthy/1. Red Onion/1. Single/Onion04179.jpg,0,healthy red onion,healthy,red onion,single,5525e9f948c003103649031e4ba0c101,e5b39a8c6423db61,1024,768,20,42
1. Healthy/1. Red Onion/1. Single/Onion05013.jpg,0,healthy red onion,healthy,red onion,single,3d283d380f1abd6ba3d92f5a2a50c2ec,e1279e9e25c94366,1024,768,20,218
1. Healthy/2. White Onion/1. Single/Onion09421.jpg,2,healthy white onion,healthy,white onion,single,6ebfe75518694e4c0e392d36a6d80322,cd3233c93365c6c9,1024,768,441,970
1. Healthy/1. Red Onion/1. Single/Onion05841.jpg,0,healthy red onion,healthy,red onion,single,72f34806107e8d91deb41d017b3c82b1,b9c1c633c05e634f,576,768,175,474
1. Healthy/2. White Onion/1. Single/Onion08733.jpg,2,healthy white onion,healthy,white onion,single,38463d611c97ae0a1f726bd39b393edd,99c9c63666333399,1024,768,492,1085
1. Healthy/1. Red Onion/1. Single/Onion04515.jpg,0,healthy red onion,healthy,red onion,single,20027899fa35b5f5a88540015ae54e53,bd85c93286859f9c,1024,768,10,246
1. Healthy/2. White Onion/2. Multiple/Onion12083.jpg,2,healthy white onion,healthy,white onion,multiple,4e535c15850b4a83f4c86548095eec4d,a53d0f211f81d8af,1024,768,756,1721
2. Unhealthy/2. White Onion/2. Multiple/Onion16095.jpg,3,unhealthy white onion,unhealthy,white onion,multiple,e0cd90d6577d7e31e328af4a7f90c17a,b39c5ce33c43c13c,1024,768,938,2157
2. Unhealthy/2. White Onion/2. Multiple/Onion15367.jpg,3,unhealthy white onion,unhealthy,white onion,multiple,cab20a2771fe97d4350b8ff63b611b02,f2b69455c1adb072,1024,768,937,2155
2. Unhealthy/2. White Onion/2. Multiple/Onion16019.jpg,3,unhealthy white onion,unhealthy,white onion,multiple,69334746b27065ee1fc72f9e935d2458,90e78d72532de2aa,576,768,948,2182
2. Unhealthy/1. Red Onion/2. Multiple/Onion13309.jpg,1,unhealthy red onion,unhealthy,red onion,multiple,7ea4a998031309eb34f9ad20330c0794,a6969968cc3972e6,1024,768,389,935
1. Healthy/1. Red Onion/1. Single/Onion04732.jpg,0,healthy red onion,healthy,red onion,single,bba213d7781950bba38cfcd42fd96ed3,bdc9d0876c32c94d,576,768,2,7
1. Healthy/2. White Onion/1. Single/Onion10538.jpg,2,healthy white onion,healthy,white onion,single,1f362733023ca37cf5dd8d4b8594160e,d81a367c5a72729a,1024,768,401,1121
1. Healthy/1. Red Onion/1. Single/Onion04446.jpg,0,healthy red onion,healthy,red onion,single,286e5f362b60d307f6ea120223b60406,e79148dc27ce19b8,576,768,2,32
2. Unhealthy/2. White Onion/2. Multiple/Onion15339.jpg,3,unhealthy white onion,unhealthy,white onion,multiple,b336bfb650df584f970e0ac0aa51dfd7,a03b1b44259df973,1024,768,941,2176
1. Healthy/1. Red Onion/2. Multiple/Onion07137.jpg,0,healthy red onion,healthy,red onion,multiple,97d586ea61a997645d1e9005f3d19241,c5c97866a73618d9,1024,768,273,621
1. Healthy/2. White Onion/1. Single/Onion10758.jpg,2,healthy white onion,healthy,white onion,single,2f7a517ff189aa4458d7829b770e0e30,98da65659a9e6961,576,768,644,1560
1. Healthy/1. Red Onion/1. Single/Onion04719.jpg,0,healthy red onion,healthy,red onion,single,317b873b149d0825719cbe4ea2ac149a,e4d89967659226d9,1024,768,20,41
1. Healthy/1. Red Onion/1. Single/Onion05805.jpg,0,healthy red onion,healthy,red onion,single,0bc8675274418aaa5b940e2e1c0c1924,e49a93258c2b7b72,1024,768,135,376
1. Healthy/2. White Onion/1. Single/Onion10320.jpg,2,healthy white onion,healthy,white onion,single,b81363e21e7c6a9523b67aecc48ca02d,998366ec983367cc,576,768,609,1032
2. Unhealthy/2. White Onion/2. Multiple/Onion15724.jpg,3,unhealthy white onion,unhealthy,white onion,multiple,05e24798110478f6d54723d6038a0054,835f2d443831eed3,576,768,945,2146
1. Healthy/2. White Onion/1. Single/Onion09894.jpg,2,healthy white onion,healthy,white onion,single,d556ada2fd90902d8038beca2e07e56c,c587983a65c1ce3e,576,768,576,1005
2. Unhealthy/2. White Onion/1. Single/Onion14917.jpg,3,unhealthy white onion,unhealthy,white onion,single,ff99709941e0781c7d61c94a45c50341,b7386ac595644bb2,576,768,821,1809
1. Healthy/1. Red Onion/1. Single/Onion05634.jpg,0,healthy red onion,healthy,red onion,single,ccd4fb2482b672e0618ecd76cd362e02,dc9e63391a27c913,1024,768,2,47
1. Healthy/2. White Onion/1. Single/Onion09328.jpg,2,healthy white onion,healthy,white onion,single,6668e5262b45782b59cb250cf861915f,d3ac6c932c6d2cd1,1024,768,492,984
1. Healthy/2. White Onion/1. Single/Onion08454.jpg,2,healthy white onion,healthy,white onion,single,94638dd262fe011a9e401d3d73a151c7,eb6964959196525b,1024,768,576,1122
2. Unhealthy/2. White Onion/2. Multiple/Onion15982.jpg,3,unhealthy white onion,unhealthy,white onion,multiple,b4954c6a68d3656a01a4f93edd6dea58,82d54e3a4995b66e,1024,768,937,2155
2. Unhealthy/2. White Onion/1. Single/Onion15101.jpg,3,unhealthy white onion,unhealthy,white onion,single,e7edd1f9ff71265983e445ea07555016,99782666d9dd8a4c,1024,768,919,2118
1. Healthy/2. White Onion/1. Single/Onion10811.jpg,2,healthy white onion,healthy,white onion,single,bac252f8b9f481c4f1c2927634513d21,ee9cb1ce4c24c6c6,576,768,701,1603
1. Healthy/2. White Onion/1. Single/Onion09202.jpg,2,healthy white onion,healthy,white onion,single,dab879486376dbf2c914e46b18362ca7,c966369c9a9b896c,1024,768,576,1160
2. Unhealthy/2. White Onion/2. Multiple/Onion15632.jpg,3,unhealthy white onion,unhealthy,white onion,multiple,a7eb10d50e64771ef3506602abf7f8c4,a50a7a3c26e7d1d2,1024,768,940,2166
2. Unhealthy/2. White Onion/2. Multiple/Onion15900.jpg,3,unhealthy white onion,unhealthy,white onion,multiple,af87e76367c021ebdc63c9b32ecbcdbc,c78f21e1bc601f99,1024,768,941,2165
1. Healthy/1. Red Onion/1. Single/Onion04402.jpg,0,healthy red onion,healthy,red onion,single,805b14e728f8b6cfb4fbe4a67ae8899c,e7859ab2615366ac,1024,768,2,7
2. Unhealthy/1. Red Onion/2. Multiple/Onion14240.jpg,1,unhealthy red onion,unhealthy,red onion,multiple,5559ab0d19c988f09601ae2e0b19d358,87263891f319c6e7,1024,768,389,935
1. Healthy/1. Red Onion/2. Multiple/Onion07553.jpg,0,healthy red onion,healthy,red onion,multiple,be6a673363bc23be4e55c7dcd4964b5f,81dc19d7d441d79c,1024,768,273,621
1. Healthy/2. White Onion/1. Single/Onion10435.jpg,2,healthy white onion,healthy,white onion,single,1a511b02bf69996ebfab1cd89f3c0581,b1d5ce553258533a,1024,768,544,1354
1. Healthy/2. White Onion/2. Multiple/Onion11996.jpg,2,healthy white onion,healthy,white onion,multiple,16bb9a2698055bbf47d09eeba00a4c38,82192fe883b5d53e,1024,768,757,1730
2. Unhealthy/1. Red Onion/2. Multiple/Onion13573.jpg,1,unhealthy red onion,unhealthy,red onion,multiple,0cb9e12afa44da4e5393a75b0c926f40,b02ccb33989bcb47,1024,768,389,931
1. Healthy/1. Red Onion/2. Multiple/Onion07802.jpg,0,healthy red onion,healthy,red onion,multiple,58593ccd66f8b91bf74d777de4fd81ea,e0f697605ac99d98,1024,768,273,619
1. Healthy/2. White Onion/2. Multiple/Onion11491.jpg,2,healthy white onion,healthy,white onion,multiple,febcc7730d3556ee6cf4c52f824fc4b0,841ec23f6583dfc4,1024,768,756,1719
1. Healthy/2. White Onion/1. Single/Onion10457.jpg,2,healthy white onion,healthy,white onion,single,9638766ca7d3a41c8947a0dd523ee64a,e689d9e6cc3132cc,576,768,576,1005
1. Healthy/1. Red Onion/2. Multiple/Onion07462.jpg,0,healthy red onion,healthy,red onion,multiple,ae29bb8fdddc6cfebd8dc3b7f0bd77d8,e129874b9eb5d11c,1024,768,273,619
2. Unhealthy/1. Red Onion/1. Single/Onion13216.jpg,1,unhealthy red onion,unhealthy,red onion,single,cf79ed387881f6c64f1d151522406c35,f1b1cc8c3647d139,1024,768,309,766
1. Healthy/2. White Onion/1. Single/Onion10289.jpg,2,healthy white onion,healthy,white onion,single,121b037ec801daa104049dab1645e4a2,d269ad926a6d90cb,1024,768,576,1194
1. Healthy/1. Red Onion/1. Single/Onion06794.jpg,0,healthy red onion,healthy,red onion,single,b104167b440902e7c229db7a41aca7b5,bd2cc4d33b236193,576,768,2,7
2. Unhealthy/2. White Onion/2. Multiple/Onion15597.jpg,3,unhealthy white onion,unhealthy,white onion,multiple,a3f79c406c82f9c9d36df8cae6537d3f,81843e5ae6273be9,1024,768,937,2222
1. Healthy/1. Red Onion/2. Multiple/Onion07809.jpg,0,healthy red onion,healthy,red onion,multiple,9286718e11467b8b0a3ac516b3e777af,8ce6cc665a635b52,576,768,273,622
1. Healthy/2. White Onion/2. Multiple/Onion11348.jpg,2,healthy white onion,healthy,white onion,multiple,24c33c03982346036d3674273f6e608e,817c6ea944373be4,1024,768,757,1730
1. Healthy/2. White Onion/1. Single/Onion10615.jpg,2,healthy white onion,healthy,white onion,single,c60d57e8b008f869fcc176feb9642067,c9cd36c7323e3132,1024,768,445,1127
1. Healthy/2. White Onion/1. Single/Onion10312.jpg,2,healthy white onion,healthy,white onion,single,144fcb3b3ccc60e53a36802d37b7f1e5,8b9bf3342ccc4754,1024,768,679,1314
1. Healthy/1. Red Onion/1. Single/Onion05783.jpg,0,healthy red onion,healthy,red onion,single,1f169854f9f172af05ad861278c8202f,e3961cb843c71e3c,576,768,16,343
2. Unhealthy/1. Red Onion/2. Multiple/Onion13767.jpg,1,unhealthy red onion,unhealthy,red onion,multiple,df99e161b3c2c9a4d2d017b2ca36c8d8,aa1797311c3c5e63,1024,768,389,931
2. Unhealthy/2. White Onion/1. Single/Onion14385.jpg,3,unhealthy white onion,unhealthy,white onion,single,d99b14096ed6b234dae9f809d19284e1,a4e6ca190b09f1bf,1024,768,802,1875
1. Healthy/2. White Onion/1. Single/Onion08639.jpg,2,healthy white onion,healthy,white onion,single,187cc31088735e5dcd09899f50d042cc,ee447136ced130c7,576,768,576,1013
1. Healthy/2. White Onion/1. Single/Onion09187.jpg,2,healthy white onion,healthy,white onion,single,bc078ffa6ed6c8a0a9dd5263e4986cfc,f5848a3b5343cc9d,1024,768,530,1334
1. Healthy/1. Red Onion/2. Multiple/Onion07710.jpg,0,healthy red onion,healthy,red onion,multiple,af6b18734bc1a87d8b4b2705cdc570d4,af2bc526d2a1d4c3,1024,768,273,622
1. Healthy/2. White Onion/1. Single/Onion10660.jpg,2,healthy white onion,healthy,white onion,single,36d993195beb1cb5aaeb6e2fecd22681,d454597a66e9a985,1024,768,609,1366
1. Healthy/1. Red Onion/2. Multiple/Onion07493.jpg,0,healthy red onion,healthy,red onion,multiple,c662f0ee9eb26f238f16ee582844b240,a816974a4d6237af,1024,768,273,619
2. Unhealthy/2. White Onion/1. Single/Onion15190.jpg,3,unhealthy white onion,unhealthy,white onion,single,41820ecfc41cf70f0759e1db78ecafe4,ce4b3030cecb393d,576,768,883,1997
1. Healthy/2. White Onion/1. Single/Onion08856.jpg,2,healthy white onion,healthy,white onion,single,be20077368395dc43a0720e53ce251d1,b763c84c4ed29399,576,768,576,1239
1. Healthy/2. White Onion/1. Single/Onion10674.jpg,2,healthy white onion,healthy,white onion,single,fbb2e7ebd2ab82d215973dce13d156f1,c69c39e3c73930c6,576,768,401,1275
1. Healthy/2. White Onion/1. Single/Onion10671.jpg,2,healthy white onion,healthy,white onion,single,f615759c7b0febbc69195f0b97a71a0c,93cb6ea58d96924a,1024,768,434,1253
1. Healthy/1. Red Onion/2. Multiple/Onion07681.jpg,0,healthy red onion,healthy,red onion,multiple,ef94deccdd3b4b25d05bbeaf229d7c37,edfed305e3c2d080,1024,768,273,619
1. Healthy/1. Red Onion/1. Single/Onion05337.jpg,0,healthy red onion,healthy,red onion,single,9928871a838a053421e3f607ae2fff3c,99cc663030cbcfc7,576,768,2,207
1. Healthy/2. White Onion/1. Single/Onion10705.jpg,2,healthy white onion,healthy,white onion,single,45b01fe0b17bf3c29fc07c5f53ef2f15,9863658cd699db26,1024,768,492,989
1. Healthy/1. Red Onion/1. Single/Onion06861.jpg,0,healthy red onion,healthy,red onion,single,699141b703f93c6b1dba2da79cade2ec,893347cc3e3359cc,1024,768,260,601
1. Healthy/1. Red Onion/1. Single/Onion06996.jpg,0,healthy red onion,healthy,red onion,single,4e8d0029b1d005e18c691a0f1958f9c7,f08fcd669871478c,1024,768,2,50
1. Healthy/2. White Onion/2. Multiple/Onion12109.jpg,2,healthy white onion,healthy,white onion,multiple,4bf92e08de73af55c0775da21c83d488,d5913c8c67b4236b,1024,768,759,1738
1. Healthy/2. White Onion/1. Single/Onion10379.jpg,2,healthy white onion,healthy,white onion,single,ef8582262f441c035abfbabd5405e921,ca9b3165c726329e,1024,768,409,993
1. Healthy/1. Red Onion/1. Single/Onion05069.jpg,0,healthy red onion,healthy,red onion,single,900b1694a7dec6d339913d9968dcdcc2,bee6c19931c4ce43,576,768,39,291
2. Unhealthy/2. White Onion/2. Multiple/Onion15923.jpg,3,unhealthy white onion,unhealthy,white onion,multiple,9666a1b7c858a8ec25e1251f028a67bd,9e99789a27c66919,1024,768,937,2148
2. Unhealthy/2. White Onion/2. Multiple/Onion15926.jpg,3,unhealthy white onion,unhealthy,white onion,multiple,31617a781c06be143f6b44833cc4c480,96796e34cbca3c84,1024,768,942,2145
1. Healthy/1. Red Onion/1. Single/Onion04974.jpg,0,healthy red onion,healthy,red onion,single,6859c685b5048be280aaccb79a0a3af8,be2fc1c216253cb9,1024,768,2,7
1. Healthy/1. Red Onion/1. Single/Onion06251.jpg,0,healthy red onion,healthy,red onion,single,3c630837179650029a429e1ce4ed8613,f5499adb61718896,576,768,2,159
1. Healthy/2. White Onion/2. Multiple/Onion11290.jpg,2,healthy white onion,healthy,white onion,multiple,70764e6aa7caac876b40387694dc4d63,a52d0ae3bdf20e49,1024,768,763,1756
2. Unhealthy/1. Red Onion/1. Single/Onion12276.jpg,1,unhealthy red onion,unhealthy,red onion,single,91d234592f4eb98a73f512478537b760,e4e69b996623d164,1024,768,305,656
1. Healthy/2. White Onion/1. Single/Onion08950.jpg,2,healthy white onion,healthy,white onion,single,727ed55a4f2e71e0f5f04e5b7dbcdf89,99c96666dc8b3915,1024,768,492,1208
2. Unhealthy/1. Red Onion/2. Multiple/Onion13613.jpg,1,unhealthy red onion,unhealthy,red onion,multiple,31503f21b1ea98996c186a700cb8592c,f4bac3c1cc8d3436,1024,768,389,942
1. Healthy/1. Red Onion/1. Single/Onion04090.jpg,0,healthy red onion,healthy,red onion,single,54a85c6536105c8831cd94826698a2e2,e5d298b66149e6b4,576,768,19,40
1. Healthy/1. Red Onion/1. Single/Onion05159.jpg,0,healthy red onion,healthy,red onion,single,e2f23f8d9bac62d54e8a0ea20e860b38,fc93c36e75324445,576,768,138,383
1. Healthy/1. Red Onion/1. Single/Onion05402.jpg,0,healthy red onion,healthy,red onion,single,33764e2e51ce9cdea53a1d158c6555ec,b2e08dcf34343cd3,576,768,2,171
1. Healthy/2. White Onion/1. Single/Onion09039.jpg,2,healthy white onion,healthy,white onion,single,524d068cc1b6ccbd707087c094a0541c,9a93659a9e296996,576,768,406,979
2. Unhealthy/2. White Onion/1. Single/Onion14473.jpg,3,unhealthy white onion,unhealthy,white onion,single,40e374b9c3c67a0cce2f750da910104a,e080c36f3d3bf2e0,576,768,786,1923
2. Unhealthy/2. White Onion/1. Single/Onion14753.jpg,3,unhealthy white onion,unhealthy,white onion,single,dde9d3b7908045e33fff13e00ec1bb62,cdcd313151d3574c,1024,768,791,1902
1. Healthy/1. Red Onion/2. Multiple/Onion07679.jpg,0,healthy red onion,healthy,red onion,multiple,bcbc55f9321d1f9ecd0c962ce09acc9f,e0cf91488f314b7e,1024,768,273,619
1. Healthy/2. White Onion/1. Single/Onion09300.jpg,2,healthy white onion,healthy,white onion,single,77ad0a226b39dca69306bc504a0753cf,81885c371bd9ec7c,1024,768,422,1052
2. Unhealthy/2. White Onion/2. Multiple/Onion15882.jpg,3,unhealthy white onion,unhealthy,white onion,multiple,50658b771e14895a18f7c1945ad3ba9b,a6c4c59ada4b1b65,576,768,941,2165
1. Healthy/1. Red Onion/2. Multiple/Onion07556.jpg,0,healthy red onion,healthy,red onion,multiple,14fc71f1ec3729145de3a7b871d85839,8eb161734c56372b,1024,768,273,622
2. Unhealthy/2. White Onion/2. Multiple/Onion15406.jpg,3,unhealthy white onion,unhealthy,white onion,multiple,1506b5778f2e4ebb24fffaa79c046487,c1c37e278d3878c9,576,768,941,2198
1. Healthy/2. White Onion/1. Single/Onion09205.jpg,2,healthy white onion,healthy,white onion,single,01089f3726a2822be1eeed99c6605703,cccc333232c77333,1024,768,403,1082
2. Unhealthy/1. Red Onion/1. Single/Onion12609.jpg,1,unhealthy red onion,unhealthy,red onion,single,0c316f07d163cc719674626837a90b1c,f2868f9132e89d33,1024,768,282,670
1. Healthy/2. White Onion/1. Single/Onion10483.jpg,2,healthy white onion,healthy,white onion,single,0c6b5b940fe4a03e1b50a1ab5d7b2e2a,cd3232c93c3ec1f1,576,768,442,1112
1. Healthy/2. White Onion/1. Single/Onion10814.jpg,2,healthy white onion,healthy,white onion,single,48ec1fa02963ddc9f1064f10d0a40268,f9e96698966c8866,576,768,660,1606
1. Healthy/2. White Onion/2. Multiple/Onion11455.jpg,2,healthy white onion,healthy,white onion,multiple,16d96a446c3beeb7e84e8de65e1d935e,d3a7589972629ce1,1024,768,764,1727
2. Unhealthy/1. Red Onion/2. Multiple/Onion13615.jpg,1,unhealthy red onion,unhealthy,red onion,multiple,86cf5ec26096bc9beec254e6c07a58f4,fcf4013631bb0ce6,1024,768,389,934
1. Healthy/2. White Onion/2. Multiple/Onion11893.jpg,2,healthy white onion,healthy,white onion,multiple,9a644e51a09408a41227be12200be3da,c49e63668d49671b,1024,768,757,1722
1. Healthy/1. Red Onion/1. Single/Onion04678.jpg,0,healthy red onion,healthy,red onion,single,c4b98d51f7b8881a0567f31fcb49998c,e3ae8e21cb4ad651,1024,768,56,289
1. Healthy/1. Red Onion/1. Single/Onion06828.jpg,0,healthy red onion,healthy,red onion,single,4fa4900f0fa95acf69c06df4203aa257,f43e9a64616f44d2,1024,768,64,86
2. Unhealthy/2. White Onion/1. Single/Onion14340.jpg,3,unhealthy white onion,unhealthy,white onion,single,94c10da92e85b1d8ea8617427c8d136a,9966a698639a66b9,1024,768,791,1841
2. Unhealthy/2. White Onion/1. Single/Onion14342.jpg,3,unhealthy white onion,unhealthy,white onion,single,0ad40a151c25d97110c027e84e266918,d9e3e68898279396,1024,768,791,1841
1. Healthy/2. White Onion/1. Single/Onion08985.jpg,2,healthy white onion,healthy,white onion,single,2095063e37797344d435b17a806d54a4,cece31784733388e,1024,768,434,1025
1. Healthy/2. White Onion/2. Multiple/Onion11557.jpg,2,healthy white onion,healthy,white onion,multiple,f3ae70f5aedaf6b55b8f988bbdfb22e3,c1c169cbc79df032,1024,768,757,1733
1. Healthy/2. White Onion/2. Multiple/Onion11912.jpg,2,healthy white onion,healthy,white onion,multiple,0fd46f951bc7b9916a535f58e235d1d9,d36536632c96cb8c,1024,768,756,1721
2. Unhealthy/2. White Onion/2. Multiple/Onion15370.jpg,3,unhealthy white onion,unhealthy,white onion,multiple,c09147cf53becbc0d0f7cf5092e5f56e,b7d927e3410e58e8,576,768,945,2146
2. Unhealthy/1. Red Onion/1. Single/Onion12947.jpg,1,unhealthy red onion,unhealthy,red onion,single,b45baf06e4375161554eb3a3ac250056,b2cdcd32c3cd3c30,576,768,366,890
2. Unhealthy/2. White Onion/2. Multiple/Onion16006.jpg,3,unhealthy white onion,unhealthy,white onion,multiple,23bed9ea3aeb76b83607be7dc4ec1aba,b76bcb85e4343898,1024,768,940,2160
1. Healthy/1. Red Onion/2. Multiple/Onion07161.jpg,0,healthy red onion,healthy,red onion,multiple,b9a36d6eb09cb149adda9435344daa4a,e2f14d1ad3e56832,1024,768,273,624
2. Unhealthy/1. Red Onion/2. Multiple/Onion14194.jpg,1,unhealthy red onion,unhealthy,red onion,multiple,9112c56d134ded58775dfb8659e35e7b,db6424ee93d812d3,1024,768,395,940
1. Healthy/1. Red Onion/1. Single/Onion05580.jpg,0,healthy red onion,healthy,red onion,single,b5e377a164dc52bcff2a8b1392fcb949,e4acdbb3a3cc8898,1024,768,2,442
1. Healthy/2. White Onion/1. Single/Onion09463.jpg,2,healthy white onion,healthy,white onion,single,e3634bc1a657ae6fd18dea14995fd980,99596626e4dad299,1024,768,403,962
1. Healthy/2. White Onion/1. Single/Onion10064.jpg,2,healthy white onion,healthy,white onion,single,a2c3a61425d44c9f1edd673738b2b038,fda1821a6365cd9c,576,768,576,1309
2. Unhealthy/2. White Onion/1. Single/Onion15110.jpg,3,unhealthy white onion,unhealthy,white onion,single,ec224906091956dbf0f838bd39659691,e4c0ccc6cecd6137,1024,768,807,2086
1. Healthy/1. Red Onion/1. Single/Onion04730.jpg,0,healthy red onion,healthy,red onion,single,bfa63846d1205a850aae47d5e24c3bd2,e16ce49e9b833253,1024,768,2,39
1. Healthy/1. Red Onion/2. Multiple/Onion07080.jpg,0,healthy red onion,healthy,red onion,multiple,65bbfab653f730159ad2b31846ad75ba,a1e516d6d624d89b,1024,768,273,619
2. Unhealthy/1. Red Onion/2. Multiple/Onion14099.jpg,1,unhealthy red onion,unhealthy,red onion,multiple,27cb0a03dec323f5adaa307d18302fd5,ad9c9a334b29ac6a,1024,768,389,935
1. Healthy/1. Red Onion/1. Single/Onion05851.jpg,0,healthy red onion,healthy,red onion,single,24b4bd53098998ddb8ef481593fd5376,c5ad939254644d5f,1024,768,2,73
1. Healthy/1. Red Onion/2. Multiple/Onion07217.jpg,0,healthy red onion,healthy,red onion,multiple,cc51a4d8b830079f9ef414b8d3fa139f,f5638a8c5d57388c,1024,768,273,619
2. Unhealthy/1. Red Onion/1. Single/Onion13070.jpg,1,unhealthy red onion,unhealthy,red onion,single,dd445e5d7695feb43121d38f651f4067,c1abd0762cd9d932,1024,768,284,674
1. Healthy/1. Red Onion/1. Single/Onion04477.jpg,0,healthy red onion,healthy,red onion,single,c8e558b86825286510b35a6b01f925f1,cd2327d939269bc8,1024,768,127,232
2. Unhealthy/1. Red Onion/2. Multiple/Onion13676.jpg,1,unhealthy red onion,unhealthy,red onion,multiple,cccc12af08fbb02b02bb8074c0f12b1d,86da31cc39e3a639,1024,768,389,935
1. Healthy/1. Red Onion/1. Single/Onion04610.jpg,0,healthy red onion,healthy,red onion,single,4669973fc86129045e8141f71f42a23d,e68c9b7264993399,1024,768,20,42
1. Healthy/2. White Onion/1. Single/Onion10364.jpg,2,healthy white onion,healthy,white onion,single,c4e28af1ea4c049c366b1c40ceeed582,9acf2c35d282c99b,576,768,406,1028
1. Healthy/2. White Onion/2. Multiple/Onion11664.jpg,2,healthy white onion,healthy,white onion,multiple,900f863d0b54a5f341aa9b9b3b3b6b01,cda6589e8d4c62cd,1024,768,763,1777
1. Healthy/1. Red Onion/2. Multiple/Onion07832.jpg,0,healthy red onion,healthy,red onion,multiple,2d262c2384116e4d482d1b912203a53e,d1d3367c93c62619,1024,768,273,624
1. Healthy/1. Red Onion/1. Single/Onion04591.jpg,0,healthy red onion,healthy,red onion,single,efe48a90ba380242960880ec6dbde91e,992cc6993b6631cb,1024,768,101,270
2. Unhealthy/1. Red Onion/1. Single/Onion13213.jpg,1,unhealthy red onion,unhealthy,red onion,single,595ae4fa8ce45659a45ee2a75cbc2c3d,e406f41e6236c9fc,1024,768,309,903
1. Healthy/1. Red Onion/1. Single/Onion06699.jpg,0,healthy red onion,healthy,red onion,single,1e1006c61b4f538c2464ff9fd665fa09,eda2929969669e2c,1024,768,20,42
1. Healthy/2. White Onion/1. Single/Onion09808.jpg,2,healthy white onion,healthy,white onion,single,6e916c0216cbb27e69945c2b1c213331,e71b9abc85e06925,576,768,459,1444
1. Healthy/2. White Onion/1. Single/Onion10048.jpg,2,healthy white onion,healthy,white onion,single,c2e4ec381f8b3c2fc59e3aed8fcc3cd0,c69939c60e39c7ac,576,768,401,1051
1. Healthy/2. White Onion/1. Single/Onion09901.jpg,2,healthy white onion,healthy,white onion,single,61ec76df2632d6919750421d4e437c9b,e9a267691b646969,1024,768,576,1111
1. Healthy/1. Red Onion/2. Multiple/Onion07241.jpg,0,healthy red onion,healthy,red onion,multiple,e183a4fdd54e5679eddaaed2c64aa07f,a06d8fa52d9d3296,1024,768,273,619
2. Unhealthy/2. White Onion/2. Multiple/Onion15375.jpg,3,unhealthy white onion,unhealthy,white onion,multiple,1e8c4faa0a7e3b8f37838abed95a1eb9,90bf2f3eb0f0d019,1024,768,940,2166
1. Healthy/2. White Onion/2. Multiple/Onion11275.jpg,2,healthy white onion,healthy,white onion,multiple,cd529009212e6ab7ff768381926212b0,ede5420d91131dde,1024,768,757,1742
1. Healthy/1. Red Onion/2. Multiple/Onion07169.jpg,0,healthy red onion,healthy,red onion,multiple,78fd79d227d6837ba9d392ff6ad67675,e8b7d7884ca272a5,1024,768,273,619
2. Unhealthy/1. Red Onion/1. Single/Onion12810.jpg,1,unhealthy red onion,unhealthy,red onion,single,1699e1c321e1274273ba9089a9fce006,aa15a270c9cf0f7a,1024,768,309,710
1. Healthy/1. Red Onion/2. Multiple/Onion07276.jpg,0,healthy red onion,healthy,red onion,multiple,912e98051224560ffecc8b212b5b8da4,c77738225a9d46d2,1024,768,273,621
1. Healthy/2. White Onion/1. Single/Onion08554.jpg,2,healthy white onion,healthy,white onion,single,d73925b4127e744e96c6e62f4877c558,9e9a616166666d9a,1024,768,406,979
1. Healthy/2. White Onion/1. Single/Onion10467.jpg,2,healthy white onion,healthy,white onion,single,c9542cdcb2176be2f21f3b1ed6f6e9ca,d99926629a9c5d99,1024,768,434,1344
2. Unhealthy/2. White Onion/2. Multiple/Onion16141.jpg,3,unhealthy white onion,unhealthy,white onion,multiple,df15c31d460708cf11235515734c580d,854b3ca06e97e39c,1024,768,942,2145
1. Healthy/1. Red Onion/1. Single/Onion06048.jpg,0,healthy red onion,healthy,red onion,single,ac5966c6d3f4c570fb5444e53e29c315,a61f1c259870f9f1,1024,768,2,171
1. Healthy/2. White Onion/1. Single/Onion10458.jpg,2,healthy white onion,healthy,white onion,single,1fba89bc03943da53b92eb984e8d9aaf,cece3131ccccc6c6,1024,768,403,982
1. Healthy/1. Red Onion/1. Single/Onion05610.jpg,0,healthy red onion,healthy,red onion,single,efe8a4ff911d5275ee274868275005ea,b1b353638d4333cc,576,768,4,164
1. Healthy/2. White Onion/1. Single/Onion09997.jpg,2,healthy white onion,healthy,white onion,single,e930f4a634afe545fbe2684f9faad02b,e1839a3c6ccd9333,576,768,576,963
1. Healthy/1. Red Onion/2. Multiple/Onion07778.jpg,0,healthy red onion,healthy,red onion,multiple,3383a9982b1115812bc1084b39b0963a,a87b811cd23d8ecb,1024,768,273,622
2. Unhealthy/2. White Onion/2. Multiple/Onion15308.jpg,3,unhealthy white onion,unhealthy,white onion,multiple,061a0f41cf597c9581db2f7e17db7df2,a6cf4a387a93a54c,1024,768,937,2161
1. Healthy/2. White Onion/2. Multiple/Onion11398.jpg,2,healthy white onion,healthy,white onion,multiple,ccbf4bb3cc83588303cfb18f9e508da1,c17026d73c9ec963,1024,768,757,1739
1. Healthy/1. Red Onion/1. Single/Onion05350.jpg,0,healthy red onion,healthy,red onion,single,6d9b4822dca37d3da08a3e088245718f,ef709ce2c31f1d04,1024,768,23,394
2. Unhealthy/2. White Onion/2. Multiple/Onion15603.jpg,3,unhealthy white onion,unhealthy,white onion,multiple,b05dbf6652d73641ed09b3812fefda90,8cce7332ce913ccc,1024,768,937,2170
1. Healthy/1. Red Onion/1. Single/Onion05764.jpg,0,healthy red onion,healthy,red onion,single,b7f6074fc22e2824711f6b9ffce54135,e7989865679e2169,576,768,20,79
1. Healthy/2. White Onion/1. Single/Onion09979.jpg,2,healthy white onion,healthy,white onion,single,4b6e81db6854f990da5aa5d4da18b502,e533393c36471339,576,768,609,997
1. Healthy/1. Red Onion/1. Single/Onion06111.jpg,0,healthy red onion,healthy,red onion,single,7aae4dae43bd287104fe9a829504b468,d9d1b4b089b18ddc,576,768,23,51
1. Healthy/2. White Onion/2. Multiple/Onion11724.jpg,2,healthy white onion,healthy,white onion,multiple,1f303cd93ebcd2934b2c0dc1bb264bc7,d0c63bcf6c656219,1024,768,757,1722
1. Healthy/1. Red Onion/2. Multiple/Onion07934.jpg,0,healthy red onion,healthy,red onion,multiple,9ffafd05df32e8a38b1926094d290b4d,f6289d1e983b87a4,1024,768,273,625
2. Unhealthy/2. White Onion/2. Multiple/Onion15484.jpg,3,unhealthy white onion,unhealthy,white onion,multiple,e2cba777696d7176b5c8533847683e0c,97937958466725b4,1024,768,937,2210
2. Unhealthy/1. Red Onion/1. Single/Onion12640.jpg,1,unhealthy red onion,unhealthy,red onion,single,33f77c1d7fe0aeee1c2ee6caf3e258f7,e4899b326d2d96d4,1024,768,294,655
1. Healthy/1. Red Onion/2. Multiple/Onion07678.jpg,0,healthy red onion,healthy,red onion,multiple,5723fd75d9c87aeb5273ba2f15f5f130,cf93326485c571cb,1024,768,273,621
2. Unhealthy/1. Red Onion/2. Multiple/Onion13536.jpg,1,unhealthy red onion,unhealthy,red onion,multiple,554b757da3e1f2b375919dd7fd287e5c,a2acaa8d873333e3,1024,768,389,931
2. Unhealthy/1. Red Onion/1. Single/Onion12593.jpg,1,unhealthy red onion,unhealthy,red onion,single,d20442c7b79a5716ef6830db1032c446,e5639a9649996669,1024,768,334,819
1. Healthy/1. Red Onion/1. Single/Onion06113.jpg,0,healthy red onion,healthy,red onion,single,96e8171957d5344a051dcc615fc254be,f88cdb33328e8e85,1024,768,10,22
2. Unhealthy/1. Red Onion/1. Single/Onion12286.jpg,1,unhealthy red onion,unhealthy,red onion,single,2e5139d0b65963d1aade1b421e30483d,e5aada9b29c52662,1024,768,276,663
1. Healthy/1. Red Onion/2. Multiple/Onion07256.jpg,0,healthy red onion,healthy,red onion,multiple,54195325cf810c6d2888b42450581348,b869c3b59c9872e1,1024,768,273,619
2. Unhealthy/2. White Onion/1. Single/Onion14688.jpg,3,unhealthy white onion,unhealthy,white onion,single,e1d7bc05edf0d7bbbb7339ea6fbc349d,887f654c9a936d8c,1024,768,883,1884
1. Healthy/2. White Onion/1. Single/Onion08547.jpg,2,healthy white onion,healthy,white onion,single,0457727a0983873d44f77f2f330123b5,994766279398cd4e,1024,768,406,979
1. Healthy/2. White Onion/2. Multiple/Onion11325.jpg,2,healthy white onion,healthy,white onion,multiple,2fbc90f8d6c37b4b34b3e0f89705de40,b68cc37369399878,576,768,771,1718
1. Healthy/1. Red Onion/1. Single/Onion05696.jpg,0,healthy red onion,healthy,red onion,single,834fd66ab289540df33de79589c636df,e06c3f93a43e832e,1024,768,2,459
2. Unhealthy/2. White Onion/2. Multiple/Onion16282.jpg,3,unhealthy white onion,unhealthy,white onion,multiple,82e68a3e177ed2894fd312784bba4f4b,a39bccbc4862962f,1024,768,940,2181
1. Healthy/2. White Onion/1. Single/Onion08589.jpg,2,healthy white onion,healthy,white onion,single,330d1ea2da75e6f7414cef3837e73bcf,e389dc2659987699,1024,768,609,997
1. Healthy/2. White Onion/1. Single/Onion08911.jpg,2,healthy white onion,healthy,white onion,single,d2608427cf23427ad40fc5502499af6c,db662699d8631b64,1024,768,679,1259
2. Unhealthy/2. White Onion/2. Multiple/Onion15704.jpg,3,unhealthy white onion,unhealthy,white onion,multiple,c596b3089a3b594f1cc241c4b7499a00,833679c953d72472,1024,768,937,2148
1. Healthy/1. Red Onion/1. Single/Onion06453.jpg,0,healthy red onion,healthy,red onion,single,83d609105baa2e39a22b4ec62d3776ff,868a6ae7c79552a3,1024,768,170,463
1. Healthy/2. White Onion/2. Multiple/Onion11989.jpg,2,healthy white onion,healthy,white onion,multiple,cc41c1edb906c4dc433bf39d03badc00,d47e364d61429cce,1024,768,757,1764
1. Healthy/1. Red Onion/2. Multiple/Onion07190.jpg,0,healthy red onion,healthy,red onion,multiple,66463847b963db75cb16f7604b2100ee,b9c6924dcfb0c03b,1024,768,273,629
1. Healthy/2. White Onion/1. Single/Onion10344.jpg,2,healthy white onion,healthy,white onion,single,b5eda2634688308f9488c120607e76a0,b8cc27318e23dcd3,1024,768,576,1122
1. Healthy/2. White Onion/1. Single/Onion10367.jpg,2,healthy white onion,healthy,white onion,single,1d7a42c2245a509ba31a01729c2f0d21,8f8c32ebcf3430c3,576,768,406,979
1. Healthy/2. White Onion/1. Single/Onion10553.jpg,2,healthy white onion,healthy,white onion,single,617f03ecd75b3288eae0caec8ee2f7f7,8a15372a1c3d3b37,576,768,576,963
2. Unhealthy/1. Red Onion/1. Single/Onion12308.jpg,1,unhealthy red onion,unhealthy,red onion,single,d01643eb17a25f7e8f676dab72e8c568,e7a79a5888c964ae,1024,768,285,681
1. Healthy/1. Red Onion/1. Single/Onion04388.jpg,0,healthy red onion,healthy,red onion,single,3dae44db7e79287c972d86e0bd04ef0a,fba4cc7b328cc832,576,768,40,110
1. Healthy/2. White Onion/1. Single/Onion08797.jpg,2,healthy white onion,healthy,white onion,single,d0d37301b05cd3b6052c9e13fdea349a,fcdf712386469894,1024,768,441,971
2. Unhealthy/1. Red Onion/1. Single/Onion12406.jpg,1,unhealthy red onion,unhealthy,red onion,single,babc446822c199103076a327bfec223f,e4d6996a336d429c,1024,768,276,698
1. Healthy/2. White Onion/1. Single/Onion08978.jpg,2,healthy white onion,healthy,white onion,single,9addd996382b7161a5c085cd21df2646,cece3333322cb931,1024,768,501,1274
2. Unhealthy/1. Red Onion/2. Multiple/Onion13949.jpg,1,unhealthy red onion,unhealthy,red onion,multiple,f544134a3d9fbf65a71234c29ab80933,d6c223b13768dc36,1024,768,395,941
1. Healthy/1. Red Onion/2. Multiple/Onion07314.jpg,0,healthy red onion,healthy,red onion,multiple,0572129334d443612c4fc24e846667a6,c76c29396691b94e,1024,768,273,621
1. Healthy/2. White Onion/2. Multiple/Onion12111.jpg,2,healthy white onion,healthy,white onion,multiple,2bca1f54e86246d96f9cb366f42067f7,8c0e1ee3f4380fad,1024,768,756,1723
1. Healthy/1. Red Onion/1. Single/Onion06755.jpg,0,healthy red onion,healthy,red onion,single,ab28434347a42826cbf03a5b5da41778,e7f3919c62630d0d,576,768,2,25
1. Healthy/2. White Onion/1. Single/Onion08628.jpg,2,healthy white onion,healthy,white onion,single,87853149efed1cd59e98ea9a6fc790ec,9b6f6490907b9b64,1024,768,459,1021
1. Healthy/1. Red Onion/1. Single/Onion06553.jpg,0,healthy red onion,healthy,red onion,single,f438a95cfed6e2b5e97f85b6d1826589,f7969218e4659b38,1024,768,23,129
2. Unhealthy/1. Red Onion/2. Multiple/Onion13608.jpg,1,unhealthy red onion,unhealthy,red onion,multiple,b08d23f6f7caf0b54831d27960be2b95,ad1994694d279ec6,1024,768,389,931
1. Healthy/1. Red Onion/2. Multiple/Onion07129.jpg,0,healthy red onion,healthy,red onion,multiple,dc75cc096c7078435716ac9487d8a1c0,c1f01a9e361b372d,1024,768,273,621
1. Healthy/2. White Onion/2. Multiple/Onion12185.jpg,2,healthy white onion,healthy,white onion,multiple,dec5f5fbea0d0e9533fdefb33804ac69,88133b9b29d0f39e,1024,768,757,1739
1. Healthy/1. Red Onion/1. Single/Onion06765.jpg,0,healthy red onion,healthy,red onion,single,346fa871bc5560bf447f83ba21ed38f7,d1e29c2c73d589a3,576,768,38,167
1. Healthy/2. White Onion/1. Single/Onion09741.jpg,2,healthy white onion,healthy,white onion,single,a868ca2f09262c68bd8332708d7e6cfa,9a9a656569968667,576,768,403,974
1. Healthy/2. White Onion/2. Multiple/Onion11880.jpg,2,healthy white onion,healthy,white onion,multiple,55881bdf440b7496aecec857e19d92fd,b9db0d9cc83894e5,1024,768,764,1727
1. Healthy/2. White Onion/1. Single/Onion09716.jpg,2,healthy white onion,healthy,white onion,single,aa38466c5ed8fd1434990cf15b10f298,9be664c99236cd89,576,768,562,1403
1. Healthy/1. Red Onion/1. Single/Onion04226.jpg,0,healthy red onion,healthy,red onion,single,bd223c14d2a2bd5f389bd74748dc5ef5,9b9b343cc3c34c6c,576,768,2,124
1. Healthy/1. Red Onion/1. Single/Onion06479.jpg,0,healthy red onion,healthy,red onion,single,f7270f68d5f98763ca33330da53da84d,d6fd3c78c145888b,576,768,224,551
2. Unhealthy/1. Red Onion/2. Multiple/Onion13936.jpg,1,unhealthy red onion,unhealthy,red onion,multiple,dcd371b5a6813f3054887a80ba0d300a,d9e6b28971598599,1024,768,389,931
2. Unhealthy/1. Red Onion/2. Multiple/Onion13326.jpg,1,unhealthy red onion,unhealthy,red onion,multiple,1f3b43416a0cbc238ea58bcf74c178fd,af06f69485f94932,1024,768,396,947
1. Healthy/2. White Onion/1. Single/Onion09766.jpg,2,healthy white onion,healthy,white onion,single,bcfbf43e18208919b9785b747cb031cc,c9e6b6c92b2688b3,1024,768,576,963
2. Unhealthy/1. Red Onion/2. Multiple/Onion13969.jpg,1,unhealthy red onion,unhealthy,red onion,multiple,59a896a0381107c6b19d68dc837884b3,b0a5c38e9d979499,1024,768,393,943
1. Healthy/2. White Onion/1. Single/Onion08284.jpg,2,healthy white onion,healthy,white onion,single,99b7ba6002179fa4fcd5e8533ca3bf65,c1bd126827d364ee,1024,768,609,1046
1. Healthy/2. White Onion/1. Single/Onion09112.jpg,2,healthy white onion,healthy,white onion,single,370468130d6464759d54fbc85a0cfc9b,8bc3347bcbc52c32,576,768,506,1294
2. Unhealthy/2. White Onion/2. Multiple/Onion16244.jpg,3,unhealthy white onion,unhealthy,white onion,multiple,042d499632366c2a1b872d11abcd4cbc,fcc280e895879797,576,768,950,2213
2. Unhealthy/2. White Onion/1. Single/Onion14410.jpg,3,unhealthy white onion,unhealthy,white onion,single,dfe52ac2f5068a31e4b916329c2b7ef6,cd3634d49be68d21,1024,768,806,1888
2. Unhealthy/2. White Onion/2. Multiple/Onion15353.jpg,3,unhealthy white onion,unhealthy,white onion,multiple,5671fc6f836ff59925f7f17530467a62,94d97197a92312b7,1024,768,948,2183
2. Unhealthy/2. White Onion/1. Single/Onion14661.jpg,3,unhealthy white onion,unhealthy,white onion,single,3cbf10493ab07e9cb0c6164b9ddc1e9b,f9f036669980fd09,1024,768,824,1934
1. Healthy/2. White Onion/1. Single/Onion09878.jpg,2,healthy white onion,healthy,white onion,single,90a4a0735abb72f70723470f327e5a80,8b9334741bc32fcc,576,768,583,1457
2. Unhealthy/1. Red Onion/2. Multiple/Onion14011.jpg,1,unhealthy red onion,unhealthy,red onion,multiple,7b52c1fdf4a683ee9f090bbd17141a5e,adec9013cc8eb3c3,1024,768,393,938
1. Healthy/2. White Onion/1. Single/Onion09526.jpg,2,healthy white onion,healthy,white onion,single,366305401f42d145078395814cddbbdd,cb9f34743332238b,1024,768,406,1244
2. Unhealthy/1. Red Onion/1. Single/Onion12857.jpg,1,unhealthy red onion,unhealthy,red onion,single,30eeda8de91afa637f8fcceb5e16bb3f,e67a986609ba26d9,1024,768,346,845
1. Healthy/2. White Onion/1. Single/Onion09045.jpg,2,healthy white onion,healthy,white onion,single,ba9257df0f7e1d94ca5d139f36ae28f2,9ec7c139a33138f1,1024,768,576,1166
2. Unhealthy/1. Red Onion/1. Single/Onion13176.jpg,1,unhealthy red onion,unhealthy,red onion,single,a7af4490b034b08a5d3754fac21da926,e6caca6a4a4d455d,1024,768,305,648
1. Healthy/2. White Onion/1. Single/Onion08548.jpg,2,healthy white onion,healthy,white onion,single,d1c2ee9acca9e45dbb853f84f5c07166,9926679c6389662f,1024,768,444,1124
2. Unhealthy/2. White Onion/2. Multiple/Onion16241.jpg,3,unhealthy white onion,unhealthy,white onion,multiple,c55fee96917cd4e833a8cdb9341a12ce,9b360a61714bc7e9,1024,768,945,2177
2. Unhealthy/2. White Onion/2. Multiple/Onion15589.jpg,3,unhealthy white onion,unhealthy,white onion,multiple,040e4832bf48d315713f06e8b3ec0ec8,81f12e0ebb4e4db1,1024,768,941,2165
1. Healthy/1. Red Onion/1. Single/Onion04625.jpg,0,healthy red onion,healthy,red onion,single,a6eeb5d9ffd7c7377ba8193eeacb0662,98d8929b6bd39354,1024,768,149,276
2. Unhealthy/2. White Onion/2. Multiple/Onion15966.jpg,3,unhealthy white onion,unhealthy,white onion,multiple,137581eea9afc5a42f0e3f92a3b3fbca,aed4714b873e1a64,1024,768,950,2209
2. Unhealthy/1. Red Onion/2. Multiple/Onion13410.jpg,1,unhealthy red onion,unhealthy,red onion,multiple,5636d1a5b0bd3fb1238874adf75ee572,d99366cc98b36689,1024,768,389,935
1. Healthy/1. Red Onion/1. Single/Onion04658.jpg,0,healthy red onion,healthy,red onion,single,cf184b7bf34cb60f6f5ae52c138023e1,e6b49ad96316e464,1024,768,95,252
1. Healthy/2. White Onion/1. Single/Onion10237.jpg,2,healthy white onion,healthy,white onion,single,e963d0f6293aa1fb0eaff2bbef074e7a,d9c626359dcc219b,1024,768,401,965
1. Healthy/1. Red Onion/1. Single/Onion05090.jpg,0,healthy red onion,healthy,red onion,single,7adeb69d2675d4e890f247066dfb3fd4,d89b6664939a49e9,1024,768,2,16
1. Healthy/1. Red Onion/2. Multiple/Onion07620.jpg,0,healthy red onion,healthy,red onion,multiple,0159a30f464f8b2ccdf488f11e461e79,e5dd92f806b03749,1024,768,273,629
1. Healthy/1. Red Onion/1. Single/Onion05616.jpg,0,healthy red onion,healthy,red onion,single,359fb9723bd96f499197520a24690dc6,8d6bd294719e6165,1024,768,140,449
2. Unhealthy/2. White Onion/2. Multiple/Onion15944.jpg,3,unhealthy white onion,unhealthy,white onion,multiple,61d10e8c166f1b09639ed7843a368468,9ce7911c6dc91696,576,768,948,2182
2. Unhealthy/1. Red Onion/1. Single/Onion12789.jpg,1,unhealthy red onion,unhealthy,red onion,single,306f867dc355322e3efa938a4bc60e5e,e66c99da23996564,1024,768,276,698
1. Healthy/1. Red Onion/1. Single/Onion05978.jpg,0,healthy red onion,healthy,red onion,single,c84d85f5531d7f61dab7f2793b8fc924,ac9f13f138cc4633,576,768,2,131
1. Healthy/1. Red Onion/1. Single/Onion05717.jpg,0,healthy red onion,healthy,red onion,single,3dabdd386fe82149943015a02b6f28a4,e6b6d99996662192,1024,768,179,61
1. Healthy/2. White Onion/1. Single/Onion08970.jpg,2,healthy white onion,healthy,white onion,single,54046969dd812145e8dd4c9b1800d1be,8ce63319cd5426d7,1024,768,406,979
2. Unhealthy/1. Red Onion/2. Multiple/Onion13357.jpg,1,unhealthy red onion,unhealthy,red onion,multiple,dae2406afe7242b83d951f8553505e9e,981cf5e14f2c3336,576,768,391,936
2. Unhealthy/2. White Onion/1. Single/Onion14417.jpg,3,unhealthy white onion,unhealthy,white onion,single,782e5d2e30988f4caa74421906effd48,9b8d6525962d359a,1024,768,791,1881
1. Healthy/2. White Onion/2. Multiple/Onion11629.jpg,2,healthy white onion,healthy,white onion,multiple,f40925e25574008f92b6d2878fef74a7,e38e38e3056c69cb,1024,768,757,1742
2. Unhealthy/2. White Onion/1. Single/Onion14538.jpg,3,unhealthy white onion,unhealthy,white onion,single,a03ccfae21a667a75cb3271314bebf5f,c0d09f870e1f0fad,1024,768,781,1857
2. Unhealthy/1. Red Onion/2. Multiple/Onion13362.jpg,1,unhealthy red onion,unhealthy,red onion,multiple,5f7bfcc5fd741d4ffe376ba3a750ef4b,afd2944dc39c33c4,1024,768,393,938
1. Healthy/1. Red Onion/1. Single/Onion04965.jpg,0,healthy red onion,healthy,red onion,single,e691af4f2cbb7330a17117eb7db0d3be,fb0066e68f9a9664,1024,768,127,54
2. Unhealthy/2. White Onion/2. Multiple/Onion15937.jpg,3,unhealthy white onion,unhealthy,white onion,multiple,00fbff2c76dc553beb30040b3ec92c48,b806d1dbc6799a25,1024,768,950,2213
1. Healthy/1. Red Onion/1. Single/Onion04449.jpg,0,healthy red onion,healthy,red onion,single,c05dc295f0df0dba413f82569a5750aa,e6c99b3661d62689,1024,768,2,150
1. Healthy/2. White Onion/1. Single/Onion10300.jpg,2,healthy white onion,healthy,white onion,single,2c3790189913afa10beb3fabd74cc694,cf3032cdc9cec631,1024,768,414,1023
1. Healthy/1. Red Onion/2. Multiple/Onion07349.jpg,0,healthy red onion,healthy,red onion,multiple,394987eae6bd900fe9548640020ff06d,f058c5659c566c6d,1024,768,273,619
2. Unhealthy/2. White Onion/1. Single/Onion15165.jpg,3,unhealthy white onion,unhealthy,white onion,single,ab9c400436252a18066243bed4d59496,8c8a73798693b89e,576,768,791,2008
1. Healthy/1. Red Onion/1. Single/Onion04133.jpg,0,healthy red onion,healthy,red onion,single,d659513342aabc694398ec51bb884d74,b1e3aca5909e6559,1024,768,2,70
1. Healthy/1. Red Onion/1. Single/Onion06530.jpg,0,healthy red onion,healthy,red onion,single,681963a01b151dbb3b85331d6445fe11,91cd6732986d67e0,576,768,36,243
1. Healthy/1. Red Onion/1. Single/Onion07032.jpg,0,healthy red onion,healthy,red onion,single,a2f1ee69ec0803b96bbeac53e15c8052,b9cb85843c93cbf0,576,768,2,242
1. Healthy/1. Red Onion/1. Single/Onion05151.jpg,0,healthy red onion,healthy,red onion,single,c7f840595d1b249e1d78d81c17727113,e292cd2512972f8f,1024,768,2,25
1. Healthy/1. Red Onion/1. Single/Onion04964.jpg,0,healthy red onion,healthy,red onion,single,1cc214cfa7d2fd4ab46ae3d7cb0fb7f0,a47c9adf607880cf,576,768,2,159
1. Healthy/2. White Onion/1. Single/Onion09618.jpg,2,healthy white onion,healthy,white onion,single,b6166158c80ed7cf142e65f5cb4e9749,b1ccc632cdf33c84,1024,768,401,965
1. Healthy/2. White Onion/1. Single/Onion09313.jpg,2,healthy white onion,healthy,white onion,single,1ac81233e34e49b928ec2ca490f1604c,ce3133cd263e3338,1024,768,403,1071
2. Unhealthy/1. Red Onion/1. Single/Onion12480.jpg,1,unhealthy red onion,unhealthy,red onion,single,9ff12a88f55e36871b3c788ac9580d3d,e6c3dc8673c99c0c,1024,768,276,782
1. Healthy/2. White Onion/1. Single/Onion09484.jpg,2,healthy white onion,healthy,white onion,single,a65125ba978606753fab8f053584272c,cfc63032c9b18ece,1024,768,403,974
1. Healthy/1. Red Onion/2. Multiple/Onion07369.jpg,0,healthy red onion,healthy,red onion,multiple,f0c5b79867080d7ee5a8f86056d441d2,a95b9f0792b42738,576,768,273,622
1. Healthy/1. Red Onion/1. Single/Onion05117.jpg,0,healthy red onion,healthy,red onion,single,a3b16a7f82eafb3d557178ad9cc37835,ec479ae25c81375c,1024,768,2,13
2. Unhealthy/2. White Onion/1. Single/Onion15013.jpg,3,unhealthy white onion,unhealthy,white onion,single,8c5b2fcbfb7f09c057ad2de827456406,b2e2cd2dcc70760e,1024,768,791,1914
1. Healthy/1. Red Onion/1. Single/Onion04129.jpg,0,healthy red onion,healthy,red onion,single,dc8dd47eaf0c510cbe70bcbd7f82669a,e455d952622adeb2,1024,768,2,68
1. Healthy/2. White Onion/1. Single/Onion10924.jpg,2,healthy white onion,healthy,white onion,single,f30117799806d80fd1459bd96af45c16,cb832c38d2c39fcc,576,768,708,1649
1. Healthy/1. Red Onion/1. Single/Onion07019.jpg,0,healthy red onion,healthy,red onion,single,3c7f685d2379bbb2f200529b96377f61,e4b29a6561b626d9,1024,768,2,3
1. Healthy/1. Red Onion/2. Multiple/Onion07999.jpg,0,healthy red onion,healthy,red onion,multiple,b61d57057577211dc70d944a0af8e5ee,8eb1e1f1c8cc551e,1024,768,273,622
1. Healthy/2. White Onion/1. Single/Onion09406.jpg,2,healthy white onion,healthy,white onion,single,799e5bc2f7f98a4ea82ecb2d34928e03,b532c24b4ac2cded,1024,768,434,1025
1. Healthy/1. Red Onion/1. Single/Onion06523.jpg,0,healthy red onion,healthy,red onion,single,ccac170a1ac99c83eb4c7dc37d530d9d,9719cc66c39b61ac,576,768,56,147
2. Unhealthy/2. White Onion/1. Single/Onion15141.jpg,3,unhealthy white onion,unhealthy,white onion,single,a694c6032709b44494980756c04d390b,f330ccc33cce71c2,1024,768,923,2124
2. Unhealthy/2. White Onion/2. Multiple/Onion16274.jpg,3,unhealthy white onion,unhealthy,white onion,multiple,78229c22f4fd786474d12752be2410f1,b9f6b8c0c51fc252,576,768,950,2209
2. Unhealthy/1. Red Onion/1. Single/Onion13012.jpg,1,unhealthy red onion,unhealthy,red onion,single,d3045d82612317f054d8a105ba8fcbde,e60eda5b31896636,1024,768,305,732
2. Unhealthy/2. White Onion/1. Single/Onion14750.jpg,3,unhealthy white onion,unhealthy,white onion,single,bc63e4d020ee9ac311709fc8f49ee12a,ba988d65739296a5,576,768,936,1992
1. Healthy/1. Red Onion/2. Multiple/Onion07649.jpg,0,healthy red onion,healthy,red onion,multiple,8ddb096527b2953d5caee7ecdd708fc8,9dd364a53788a31e,1024,768,273,621
2. Unhealthy/1. Red Onion/2. Multiple/Onion13683.jpg,1,unhealthy red onion,unhealthy,red onion,multiple,1f3fa5d6572885fb4a8cc047789a64eb,9c394ce69b996139,1024,768,389,935
1. Healthy/1. Red Onion/1. Single/Onion04237.jpg,0,healthy red onion,healthy,red onion,single,cabaece38f6239e2075dd26e8ca18faf,b38cce3374c9b324,1024,768,20,71
1. Healthy/2. White Onion/2. Multiple/Onion11233.jpg,2,healthy white onion,healthy,white onion,multiple,c9758b8dd1a3b7514351e6aa8bff388d,95e0741dc751c35b,1024,768,756,1721
2. Unhealthy/2. White Onion/2. Multiple/Onion15454.jpg,3,unhealthy white onion,unhealthy,white onion,multiple,08d0736659d1e7a209489baa9eabfd6d,837a5da6388e51d3,1024,768,937,2208
1. Healthy/2. White Onion/1. Single/Onion09409.jpg,2,healthy white onion,healthy,white onion,single,997f035051a9914823c607ce79136e95,9b64641bcb08d767,1024,768,492,1164
1. Healthy/1. Red Onion/1. Single/Onion05921.jpg,0,healthy red onion,healthy,red onion,single,0babc17b987d6d6dcc8dac8c29c5cab8,ecdf10324dc632d9,576,768,2,78
1. Healthy/1. Red Onion/1. Single/Onion05780.jpg,0,healthy red onion,healthy,red onion,single,e20f62fa92aaba94847d0ee12099d7bc,c9643693cc4ecd99,1024,768,134,366
1. Healthy/2. White Onion/1. Single/Onion10155.jpg,2,healthy white onion,healthy,white onion,single,1869b5844353535919d6253a46398b27,8cd5e324ce9b9989,1024,768,459,977
1. Healthy/1. Red Onion/1. Single/Onion04707.jpg,0,healthy red onion,healthy,red onion,single,94e8510d300b8d803f61aa8de9097d13,d83164cf9336c993,1024,768,109,295
1. Healthy/2. White Onion/1. Single/Onion10829.jpg,2,healthy white onion,healthy,white onion,single,188732c093f13c70b04effed09db5190,cff170cac22c9393,576,768,691,1552
1. Healthy/1. Red Onion/1. Single/Onion06028.jpg,0,healthy red onion,healthy,red onion,single,a3aac9b718e43d4ad9258eb0e191669b,ecc313ec8f3223cc,576,768,16,33
2. Unhealthy/1. Red Onion/1. Single/Onion12863.jpg,1,unhealthy red onion,unhealthy,red onion,single,c73daa85d1cc7925376e2b1c99704062,f62b892765165699,1024,768,305,875
1. Healthy/2. White Onion/2. Multiple/Onion11238.jpg,2,healthy white onion,healthy,white onion,multiple,18f5614c506ddf98aefe95e30924b2b6,94f0c9f9679b8119,1024,768,756,1721
2. Unhealthy/1. Red Onion/1. Single/Onion12337.jpg,1,unhealthy red onion,unhealthy,red onion,single,278b74812b6e0891792f5ea58fadad8c,e7ae994227517394,1024,768,276,691
1. Healthy/2. White Onion/1. Single/Onion08169.jpg,2,healthy white onion,healthy,white onion,single,c19eddbecf3258ea07d777f9b30f7ed6,dba164c99ba464d9,1024,768,406,979
1. Healthy/2. White Onion/1. Single/Onion08852.jpg,2,healthy white onion,healthy,white onion,single,b2bc9d39558c340a4daeee1b608db3dd,ce9531c6cc3833cd,576,768,401,965
1. Healthy/2. White Onion/1. Single/Onion10430.jpg,2,healthy white onion,healthy,white onion,single,cc7e63cdb03f08568fd79d93d313250f,d964a6995e36de04,1024,768,459,1340
1. Healthy/1. Red Onion/1. Single/Onion05144.jpg,0,healthy red onion,healthy,red onion,single,791c0a5025d6b1a02e9413a3ed2a918c,d57901f20fe69cc2,1024,768,64,336
2. Unhealthy/1. Red Onion/2. Multiple/Onion13480.jpg,1,unhealthy red onion,unhealthy,red onion,multiple,044a516e11423f8574e268dd6454338f,fdb4825e0b1ec14d,1024,768,389,931
1. Healthy/1. Red Onion/1. Single/Onion05683.jpg,0,healthy red onion,healthy,red onion,single,7976bbe650115a9c3add8245cbec0d1d,fc8c53338ccc7299,1024,768,20,42
2. Unhealthy/2. White Onion/1. Single/Onion15187.jpg,3,unhealthy white onion,unhealthy,white onion,single,9db60a93c5cb321abe275dd4215517d7,f331ccc72cc269ca,1024,768,923,2124
2. Unhealthy/2. White Onion/2. Multiple/Onion15509.jpg,3,unhealthy white onion,unhealthy,white onion,multiple,87d79c407acd3ea57e25db3bddfe42bf,e51f8c0c33391ee6,1024,768,943,2172
2. Unhealthy/1. Red Onion/1. Single/Onion13123.jpg,1,unhealthy red onion,unhealthy,red onion,single,108c84a86f97c13f0765795af83e0f50,f68ad9736662464c,1024,768,276,693
1. Healthy/2. White Onion/2. Multiple/Onion11971.jpg,2,healthy white onion,healthy,white onion,multiple,6287a79d556d8248df2a83ce10723b37,9a4233f92436e46f,1024,768,757,1749
1. Healthy/2. White Onion/2. Multiple/Onion11285.jpg,2,healthy white onion,healthy,white onion,multiple,16441318a03e84b3582fdb2fd22c7167,9b47843c96c9e6d2,1024,768,757,1742
1. Healthy/2. White Onion/2. Multiple/Onion12073.jpg,2,healthy white onion,healthy,white onion,multiple,3715fa670be0fe38b3c69a1c2c5a92ad,d4d39734a4c5a999,1024,768,756,1721
2. Unhealthy/1. Red Onion/1. Single/Onion13008.jpg,1,unhealthy red onion,unhealthy,red onion,single,cc05c5d79903f0224bd5c8746149ab4a,d25a99b524acaf91,1024,768,276,660
2. Unhealthy/1. Red Onion/1. Single/Onion12617.jpg,1,unhealthy red onion,unhealthy,red onion,single,72971f5cd01a3e4b64a80fee0c928fef,cd64e2d9cc26d34c,1024,768,305,825
1. Healthy/1. Red Onion/1. Single/Onion06396.jpg,0,healthy red onion,healthy,red onion,single,f593f0eb85908b1b94794a14f89fe1a9,ed8d5236629d9931,1024,768,2,163
1. Healthy/2. White Onion/1. Single/Onion10325.jpg,2,healthy white onion,healthy,white onion,single,fef1d2eafe78379b9c6ee2d7defb5a84,9b3265cb9218cd67,1024,768,437,1088
1. Healthy/1. Red Onion/1. Single/Onion04527.jpg,0,healthy red onion,healthy,red onion,single,5992c457bf63017d55dc193c15f7fe2e,acf8c3372cd93232,576,768,2,250
2. Unhealthy/1. Red Onion/2. Multiple/Onion13876.jpg,1,unhealthy red onion,unhealthy,red onion,multiple,992dac9f3d0bd2bec070b73fc6889bcd,d7d318248dcf4b19,1024,768,389,935
1. Healthy/2. White Onion/1. Single/Onion08483.jpg,2,healthy white onion,healthy,white onion,single,944ffa2e9de9afdd5d3d219fc0ba7a33,e5879a32664d5372,576,768,401,965
1. Healthy/2. White Onion/1. Single/Onion08578.jpg,2,healthy white onion,healthy,white onion,single,910d9609da6f09b5e49a8e17a7f5de85,9bc464e3cb856c53,576,768,506,1161
2. Unhealthy/2. White Onion/2. Multiple/Onion15669.jpg,3,unhealthy white onion,unhealthy,white onion,multiple,9e7e9eb694c2904b0f943953827b42f5,d184670db769990f,1024,768,945,2178
2. Unhealthy/2. White Onion/1. Single/Onion14744.jpg,3,unhealthy white onion,unhealthy,white onion,single,dd1e8141d28e463cb40fee8a942bc747,9393666a726c6c4e,1024,768,791,1905
1. Healthy/1. Red Onion/1. Single/Onion06243.jpg,0,healthy red onion,healthy,red onion,single,513e664f7a3f4b1da82ada0289c95e79,bbcfc5311c06271d,576,768,2,62
1. Healthy/1. Red Onion/1. Single/Onion06097.jpg,0,healthy red onion,healthy,red onion,single,9fec71c436a58e92e36c8cd385dacb2f,cc663399d87161ce,1024,768,28,186
1. Healthy/1. Red Onion/2. Multiple/Onion07637.jpg,0,healthy red onion,healthy,red onion,multiple,99e09a64671a3634a11a6bf01d1bc4da,a476cac9391c6ce3,1024,768,273,629
1. Healthy/2. White Onion/1. Single/Onion09004.jpg,2,healthy white onion,healthy,white onion,single,23d3c3d7448aee333ff5fa353533fe7e,998764649b92c7cd,576,768,441,1053
2. Unhealthy/2. White Onion/1. Single/Onion14284.jpg,3,unhealthy white onion,unhealthy,white onion,single,5080f0b08bde453ac7d5b549c0c5b184,a8abc375cc9b9948,1024,768,818,1797
1. Healthy/1. Red Onion/2. Multiple/Onion07775.jpg,0,healthy red onion,healthy,red onion,multiple,844de44d1188cdd8485764b42c93f4f5,a5e79ee499d84431,1024,768,273,619
1. Healthy/2. White Onion/2. Multiple/Onion12030.jpg,2,healthy white onion,healthy,white onion,multiple,dd2da72d795bd9af9343008e5c8de04d,db0405b99cda533b,1024,768,757,1722
1. Healthy/2. White Onion/1. Single/Onion08535.jpg,2,healthy white onion,healthy,white onion,single,0dcd557e2de1fd336af4bf6598cb4e83,b44a4bb6d2b54a4b,1024,768,451,1148
2. Unhealthy/2. White Onion/2. Multiple/Onion16197.jpg,3,unhealthy white onion,unhealthy,white onion,multiple,e77119fc9845131d26e0f483d6560a50,b39acc629a6c6c96,1024,768,937,2155
1. Healthy/2. White Onion/2. Multiple/Onion11653.jpg,2,healthy white onion,healthy,white onion,multiple,a31e32901ecdaf401e6e5617239744df,e896a5fe59197211,1024,768,764,1727
1. Healthy/2. White Onion/1. Single/Onion09162.jpg,2,healthy white onion,healthy,white onion,single,7dc8c3f6149746b584dd226af08c04b6,b2eb2d3ef6a18940,1024,768,524,1326
1. Healthy/1. Red Onion/1. Single/Onion04882.jpg,0,healthy red onion,healthy,red onion,single,2d8c6f4833276f7d54e9ddafd95ead7c,bcccc3313ccec31a,576,768,2,324
1. Healthy/2. White Onion/2. Multiple/Onion11846.jpg,2,healthy white onion,healthy,white onion,multiple,5b2afce93d32c42e02f4ca46d58ea7d3,c4cc1be696933b0b,1024,768,771,1718
2. Unhealthy/1. Red Onion/2. Multiple/Onion13332.jpg,1,unhealthy red onion,unhealthy,red onion,multiple,3117b2a55de13243f3c7a390c2f71b7e,fd93d0d8526989b8,1024,768,389,942
1. Healthy/2. White Onion/1. Single/Onion08209.jpg,2,healthy white onion,healthy,white onion,single,0e8569fe0ffe7ba1492eb8ff67b87131,e68d1975401f3d6c,576,768,401,965
2. Unhealthy/1. Red Onion/1. Single/Onion12303.jpg,1,unhealthy red onion,unhealthy,red onion,single,901620d45e7248b089c0464c1fcbd499,ac4a4b2db5955556,1024,768,383,677
2. Unhealthy/2. White Onion/1. Single/Onion14772.jpg,3,unhealthy white onion,unhealthy,white onion,single,b83cdf2d15009efdecf8ea5ae72761e3,9ca461e4c6d9d969,1024,768,848,1895
2. Unhealthy/1. Red Onion/2. Multiple/Onion13517.jpg,1,unhealthy red onion,unhealthy,red onion,multiple,fff9308844fa5754983f97259e01bb23,d44d31996b33a4cd,1024,768,389,931
2. Unhealthy/2. White Onion/1. Single/Onion14849.jpg,3,unhealthy white onion,unhealthy,white onion,single,1291c46f1371e39032a69c5acb571768,c7632395155c9c5e,1024,768,803,1879
1. Healthy/2. White Onion/2. Multiple/Onion11396.jpg,2,healthy white onion,healthy,white onion,multiple,a8836ab5c75851259fa3068a705565b6,902e5db761d20bd6,1024,768,756,1766
1. Healthy/2. White Onion/2. Multiple/Onion12159.jpg,2,healthy white onion,healthy,white onion,multiple,e8ce9ec85ad0da857b6f6ff86664bb0b,d1ab9654a857595c,1024,768,764,1727
1. Healthy/2. White Onion/2. Multiple/Onion11433.jpg,2,healthy white onion,healthy,white onion,multiple,d297bf7b125639fd8f87cc7fa981cb65,d0795be6874724c3,1024,768,757,1735
2. Unhealthy/1. Red Onion/2. Multiple/Onion13589.jpg,1,unhealthy red onion,unhealthy,red onion,multiple,30a5e9ff7cbe33fa962d9122fd7cf7b5,93c7093c1a35ce37,1024,768,389,945
1. Healthy/2. White Onion/2. Multiple/Onion11826.jpg,2,healthy white onion,healthy,white onion,multiple,7244f4860e8e0e0b71f6facdcef14e35,da06c35179dd944e,1024,768,764,1727
2. Unhealthy/1. Red Onion/2. Multiple/Onion13920.jpg,1,unhealthy red onion,unhealthy,red onion,multiple,f09b6ed3badbc3f9db410a05777cae90,94053bcee0698f5b,1024,768,389,945
1. Healthy/1. Red Onion/2. Multiple/Onion07820.jpg,0,healthy red onion,healthy,red onion,multiple,2807efdb54a757108f80d8535708d4b0,8cb573ca384f25b4,576,768,273,639
1. Healthy/2. White Onion/1. Single/Onion09272.jpg,2,healthy white onion,healthy,white onion,single,a9186c3b6020a1103bf91223654b0a28,f22dcd90316b9b94,576,768,576,1353
2. Unhealthy/2. White Onion/1. Single/Onion14573.jpg,3,unhealthy white onion,unhealthy,white onion,single,d5104d7632544626631ade9e4aed52dc,efe3984c19d1c1c6,1024,768,821,1927
1. Healthy/1. Red Onion/1. Single/Onion04937.jpg,0,healthy red onion,healthy,red onion,single,e676a95b4f7b781927ea803548b8554f,e7a39bc665182c3c,1024,768,2,253
1. Healthy/2. White Onion/1. Single/Onion08927.jpg,2,healthy white onion,healthy,white onion,single,894d84e3005c6c8fbcef34cdf910c18d,cd7333d9cd323098,576,768,406,988
2. Unhealthy/1. Red Onion/1. Single/Onion13126.jpg,1,unhealthy red onion,unhealthy,red onion,single,8de94be2500bf7d84246044e60454d6b,e69a9a65896cd945,1024,768,305,658
1. Healthy/1. Red Onion/2. Multiple/Onion07059.jpg,0,healthy red onion,healthy,red onion,multiple,f1b9430da52cbc85ea3b545d83dc2795,9ca63333668d4db2,1024,768,273,621
1. Healthy/1. Red Onion/1. Single/Onion05762.jpg,0,healthy red onion,healthy,red onion,single,9fb9e33094442b1a7bf46bdfda33c30d,e499932729ce5617,1024,768,116,228
1. Healthy/1. Red Onion/1. Single/Onion04502.jpg,0,healthy red onion,healthy,red onion,single,94997ea1d608b46b6f47fd16b08e236b,a58eca258eda3995,576,768,2,25
2. Unhealthy/2. White Onion/1. Single/Onion14811.jpg,3,unhealthy white onion,unhealthy,white onion,single,b0de5c157ac0889453180d8b78d61202,9a1261af254e2ddd,1024,768,791,1812
1. Healthy/1. Red Onion/1. Single/Onion04664.jpg,0,healthy red onion,healthy,red onion,single,a12d1794b00bdaa393d8d2d1fa642bff,91dce66699896666,576,768,16,286
1. Healthy/2. White Onion/1. Single/Onion10756.jpg,2,healthy white onion,healthy,white onion,single,491693b50e8d7c0cd0e98351755aec37,f2c02f94986be785,576,768,642,1558
1. Healthy/2. White Onion/1. Single/Onion08189.jpg,2,healthy white onion,healthy,white onion,single,d85e628197de5a6cc1f70dcf7a26debd,d2536d7492924d6d,1024,768,401,996
1. Healthy/2. White Onion/2. Multiple/Onion11401.jpg,2,healthy white onion,healthy,white onion,multiple,13576bd4c0c2d3634aa06089a9a9d61e,d161377264ce1bd4,1024,768,757,1733
1. Healthy/2. White Onion/2. Multiple/Onion11986.jpg,2,healthy white onion,healthy,white onion,multiple,6bb42165973aaf5e3d54467dfe422870,a42465cd893b76e3,1024,768,756,1721
2. Unhealthy/1. Red Onion/1. Single/Onion12666.jpg,1,unhealthy red onion,unhealthy,red onion,single,401b93245975da13a8c0ebfbeb06afa8,e5d19ae4634d6698,1024,768,305,658
1. Healthy/2. White Onion/1. Single/Onion10172.jpg,2,healthy white onion,healthy,white onion,single,5143459f78e38e888a4f5e9d24eafc85,998ec6d1f07e9984,576,768,609,973
1. Healthy/2. White Onion/2. Multiple/Onion12119.jpg,2,healthy white onion,healthy,white onion,multiple,999ec85e60ee35114a8b85e2dc12566f,cb8366333c2e339c,1024,768,757,1764
2. Unhealthy/1. Red Onion/2. Multiple/Onion13729.jpg,1,unhealthy red onion,unhealthy,red onion,multiple,33c911339d8cd54775812206ea433e51,f0abcb3c9e61611c,1024,768,393,943
1. Healthy/1. Red Onion/1. Single/Onion04863.jpg,0,healthy red onion,healthy,red onion,single,d8305a0d2951a240b5c30b7b8965d250,e5d99a61d9666432,1024,768,20,41
2. Unhealthy/2. White Onion/2. Multiple/Onion16002.jpg,3,unhealthy white onion,unhealthy,white onion,multiple,36893240aaa1ba49b736e6c781c526a3,d3c83cb7c62c9ac8,576,768,941,2200
1. Healthy/1. Red Onion/2. Multiple/Onion07443.jpg,0,healthy red onion,healthy,red onion,multiple,b2c87ceba36af13530bfa476bd8a4115,c1df366fc12312cc,1024,768,273,624
1. Healthy/2. White Onion/1. Single/Onion10009.jpg,2,healthy white onion,healthy,white onion,single,bca8c3f52abef988cb6e8b3e14f38a08,cdcc7232c9c9ce46,576,768,406,979
1. Healthy/1. Red Onion/1. Single/Onion06615.jpg,0,healthy red onion,healthy,red onion,single,04866995ab2a753c054fe26c99537a4c,b84f66c0de3803e7,576,768,164,445
1. Healthy/1. Red Onion/1. Single/Onion06779.jpg,0,healthy red onion,healthy,red onion,single,f46edeb91798413e039fb49d2ffcfcca,e6899b64cc33cc33,1024,768,20,42
1. Healthy/2. White Onion/2. Multiple/Onion11976.jpg,2,healthy white onion,healthy,white onion,multiple,f192198f41faf613b7ce4a98f9ad40cb,f0c78b98989ab3a3,1024,768,756,1721
1. Healthy/1. Red Onion/1. Single/Onion04379.jpg,0,healthy red onion,healthy,red onion,single,8715c7edd8747cb6b84108e1e0fab8c3,e9999266366466cb,1024,768,2,19
1. Healthy/2. White Onion/1. Single/Onion11149.jpg,2,healthy white onion,healthy,white onion,single,648d8da0fa52202ac2eac1193e0f52c2,9bc96426c692397d,576,768,664,1586
2. Unhealthy/1. Red Onion/1. Single/Onion12403.jpg,1,unhealthy red onion,unhealthy,red onion,single,9199b278043422d88dd6657690598c3e,ec4b1be32136c999,1024,768,276,744
1. Healthy/1. Red Onion/1. Single/Onion04051.jpg,0,healthy red onion,healthy,red onion,single,de74fe7b2e07c2de8290dfae6217cd26,b5ca4ab4e51b9364,1024,768,5,10
2. Unhealthy/2. White Onion/2. Multiple/Onion16003.jpg,3,unhealthy white onion,unhealthy,white onion,multiple,998563f4cce9a410d4a1234d92a662e8,ca9f01a9336bcc96,1024,768,945,2178
1. Healthy/1. Red Onion/1. Single/Onion05080.jpg,0,healthy red onion,healthy,red onion,single,87a0e3a603f43960810768ae9dbbc13c,a7d9986721de7121,576,768,20,79
2. Unhealthy/2. White Onion/1. Single/Onion15162.jpg,3,unhealthy white onion,unhealthy,white onion,single,311ef5f33f746c1ae13d500666310792,8387359992a2cd3f,576,768,885,2059
1. Healthy/2. White Onion/1. Single/Onion10846.jpg,2,healthy white onion,healthy,white onion,single,0fdf10d49135ce038e4253ab1cbd4bd8,8d8c7233cbcc3cd8,576,768,459,1092
1. Healthy/1. Red Onion/1. Single/Onion05456.jpg,0,healthy red onion,healthy,red onion,single,25a183df0a4c00dd719c6678ad5e2185,99e2c21c1961ff3c,576,768,2,313
1. Healthy/2. White Onion/1. Single/Onion09763.jpg,2,healthy white onion,healthy,white onion,single,bf69ca52674e9722125c942fcb400f83,cb3d3dc3d20d7034,576,768,403,1071
1. Healthy/2. White Onion/1. Single/Onion09780.jpg,2,healthy white onion,healthy,white onion,single,218af2d4650277d97447ec7a5fe70077,bdc6d5385ec1310e,1024,768,401,965
1. Healthy/2. White Onion/1. Single/Onion10309.jpg,2,healthy white onion,healthy,white onion,single,5dd23988ae4038e2dbee9eb5ceee0e46,bccccf342c303337,1024,768,576,1393
1. Healthy/2. White Onion/1. Single/Onion10373.jpg,2,healthy white onion,healthy,white onion,single,575bc0604ac398115b21a77371c20d61,8bcf246cd3c34c5c,576,768,506,1482
2. Unhealthy/2. White Onion/1. Single/Onion14512.jpg,3,unhealthy white onion,unhealthy,white onion,single,2063eac96965647154025dbc4a5cf21f,ccf933ccc8330799,576,768,837,1944
1. Healthy/1. Red Onion/1. Single/Onion04943.jpg,0,healthy red onion,healthy,red onion,single,e8fbc783c6a56392265b6f44b1697142,d999c626329acdc9,1024,768,2,19
1. Healthy/1. Red Onion/1. Single/Onion06198.jpg,0,healthy red onion,healthy,red onion,single,59d71bbe84eb5d894a32722126eafbae,e4a49bd3599c6625,1024,768,15,109
2. Unhealthy/2. White Onion/2. Multiple/Onion15342.jpg,3,unhealthy white onion,unhealthy,white onion,multiple,1feed9fb689a4f55ae0dfa8732f82ce4,86d1197471dc93c7,1024,768,945,2177
1. Healthy/2. White Onion/2. Multiple/Onion11432.jpg,2,healthy white onion,healthy,white onion,multiple,7042f27ec196aa57645fe8ffff68b7f1,88532f2f342ce6cb,1024,768,757,1722
1. Healthy/2. White Onion/1. Single/Onion11088.jpg,2,healthy white onion,healthy,white onion,single,5aa59d6823920890bc2e7ad750f2198a,8bee36cb89243cb2,576,768,706,1571
2. Unhealthy/1. Red Onion/1. Single/Onion12415.jpg,1,unhealthy red onion,unhealthy,red onion,single,86c57024a9bd4d13ba999d1f138bcdc9,e785999ca6a79138,1024,768,308,753
2. Unhealthy/1. Red Onion/2. Multiple/Onion13931.jpg,1,unhealthy red onion,unhealthy,red onion,multiple,e9bdfcff1b2e9377598c1fbe071a85df,f02e87b15cb868c7,1024,768,389,931
2. Unhealthy/2. White Onion/1. Single/Onion15280.jpg,3,unhealthy white onion,unhealthy,white onion,single,ca0d609d70dba592c48c0f90f1470c64,ce8e3231c999ae8e,1024,768,792,1862
1. Healthy/2. White Onion/2. Multiple/Onion11901.jpg,2,healthy white onion,healthy,white onion,multiple,eee91b5ae62f086449d1d03bae3146e5,d68d29582727e59c,1024,768,757,1722
1. Healthy/2. White Onion/2. Multiple/Onion11710.jpg,2,healthy white onion,healthy,white onion,multiple,d7ad0291d851c477b525482c23ae8eac,fce00389bb4d4c76,1024,768,757,1742
1. Healthy/2. White Onion/1. Single/Onion08768.jpg,2,healthy white onion,healthy,white onion,single,c649396eb2261e542d62722efca78801,9827679867619e2d,576,768,477,1220
2. Unhealthy/2. White Onion/1. Single/Onion15097.jpg,3,unhealthy white onion,unhealthy,white onion,single,c311ed28b4d90ccd9985699f792cfe0d,b9d0e3069f3d7019,576,768,918,2117
1. Healthy/1. Red Onion/1. Single/Onion04074.jpg,0,healthy red onion,healthy,red onion,single,412bcd1b3c7b16f44251dade56015393,a66ed9893371646c,1024,768,14,29
1. Healthy/1. Red Onion/1. Single/Onion06409.jpg,0,healthy red onion,healthy,red onion,single,4be0adc9cc5056c80d64ee11ce6950aa,b6c9ce31619659ac,576,768,20,401
2. Unhealthy/2. White Onion/2. Multiple/Onion16220.jpg,3,unhealthy white onion,unhealthy,white onion,multiple,3300b23176162068870ff2c3c06158e6,f2914e3621ed4997,1024,768,937,2155
1. Healthy/1. Red Onion/1. Single/Onion06482.jpg,0,healthy red onion,healthy,red onion,single,a5f848754cbbf3d4ba6868d1617484c3,e094974bac763ac9,1024,768,2,337
2. Unhealthy/2. White Onion/1. Single/Onion14823.jpg,3,unhealthy white onion,unhealthy,white onion,single,5503d1031c67f93bfea7717461d58afa,e59cda6158627653,1024,768,832,1957
1. Healthy/1. Red Onion/1. Single/Onion06577.jpg,0,healthy red onion,healthy,red onion,single,4686e3780ba0d5304db75b794b604fcc,f8879b206c83276f,576,768,2,567
1. Healthy/1. Red Onion/1. Single/Onion04992.jpg,0,healthy red onion,healthy,red onion,single,ddd16518410a2d3130631c48037d9019,e50b9306638b0f6f,1024,768,2,131
2. Unhealthy/2. White Onion/2. Multiple/Onion16256.jpg,3,unhealthy white onion,unhealthy,white onion,multiple,22b78e8ef8cb2aea4081453aa4b7defe,96cc69371246ced9,1024,768,945,2178
1. Healthy/1. Red Onion/2. Multiple/Onion07522.jpg,0,healthy red onion,healthy,red onion,multiple,5362dcde26e2f519bdd7870eb80d796d,bde19ec2493d7242,576,768,272,620
2. Unhealthy/1. Red Onion/1. Single/Onion13184.jpg,1,unhealthy red onion,unhealthy,red onion,single,0b665cb2c605a44c69ddab75795911b9,ea85d1a748985f66,1024,768,309,751
1. Healthy/2. White Onion/1. Single/Onion11061.jpg,2,healthy white onion,healthy,white onion,single,79217e6b61eb5e447190313b8b61d7f6,cdcc3072cfcc30e6,576,768,679,1587
1. Healthy/1. Red Onion/2. Multiple/Onion07381.jpg,0,healthy red onion,healthy,red onion,multiple,b2e654040f7a52256782b020bcb02f2f,b80397bdd0929b1e,1024,768,273,619
1. Healthy/2. White Onion/1. Single/Onion10554.jpg,2,healthy white onion,healthy,white onion,single,68799cae6691f12bd3a2b1d18203e9d4,99c966b69987654c,1024,768,492,1395
1. Healthy/2. White Onion/1. Single/Onion09234.jpg,2,healthy white onion,healthy,white onion,single,2431097896e5da54f7200102fe4867b0,8bcf3430cbcf2c38,576,768,403,968
1. Healthy/2. White Onion/1. Single/Onion08720.jpg,2,healthy white onion,healthy,white onion,single,e44e6038be10ddf32052a215dfa8f169,98cb65368695d9c9,1024,768,434,1207
2. Unhealthy/1. Red Onion/1. Single/Onion12373.jpg,1,unhealthy red onion,unhealthy,red onion,single,eb2f3e8d66a422137aa407aab5489678,b194d47351da7668,1024,768,309,725
2. Unhealthy/1. Red Onion/1. Single/Onion13116.jpg,1,unhealthy red onion,unhealthy,red onion,single,662a56d256dc72b2ae9d6ba375da15a2,f6d39ad42891636c,1024,768,305,658
1. Healthy/2. White Onion/1. Single/Onion09208.jpg,2,healthy white onion,healthy,white onion,single,a0c1dbdc54fe379ab047183eaaf9e931,998366c4d971e6cc,576,768,533,1339
1. Healthy/2. White Onion/1. Single/Onion09904.jpg,2,healthy white onion,healthy,white onion,single,5ddbc639f648cbbd4ba69e093224f6a6,8758f1c7cc3833cc,1024,768,576,1122
1. Healthy/2. White Onion/1. Single/Onion10993.jpg,2,healthy white onion,healthy,white onion,single,3943bcd14641dd19f4f307f18df5bf88,9ae161969b6926b3,576,768,459,1550
1. Healthy/1. Red Onion/1. Single/Onion06926.jpg,0,healthy red onion,healthy,red onion,single,2c3554a8276dd4d0a748a02307c298f1,b235cbd62c8cc6f0,1024,768,20,41
1. Healthy/1. Red Onion/1. Single/Onion05480.jpg,0,healthy red onion,healthy,red onion,single,82ac11a6c542a3bdae5621956c59f640,d993646c9399c936,1024,768,2,7
1. Healthy/2. White Onion/2. Multiple/Onion12036.jpg,2,healthy white onion,healthy,white onion,multiple,497776eedd371dba96962f637784dec3,dc3992c31317afa2,1024,768,757,1726
2. Unhealthy/2. White Onion/2. Multiple/Onion15435.jpg,3,unhealthy white onion,unhealthy,white onion,multiple,881c75af14e160fb1d24ea130519942d,cc1a0e35b6db6346,1024,768,943,2180
1. Healthy/1. Red Onion/2. Multiple/Onion07905.jpg,0,healthy red onion,healthy,red onion,multiple,161e30afdabe774e7a636ea4eef8a5f7,8fe19cd74b2a7045,576,768,272,620
1. Healthy/1. Red Onion/1. Single/Onion05760.jpg,0,healthy red onion,healthy,red onion,single,bf0cd7bcd636715c99b85c49929ffabf,e5b8984eb90b66b4,1024,768,131,30
1. Healthy/1. Red Onion/1. Single/Onion06953.jpg,0,healthy red onion,healthy,red onion,single,c124db6d66d139fe54e1d1e601888a62,a3c99e2c719b4666,576,768,15,31
1. Healthy/1. Red Onion/2. Multiple/Onion07078.jpg,0,healthy red onion,healthy,red onion,multiple,780d9c094093100fe25ed3db24a99bba,f996c3c1ca691c33,1024,768,273,622
2. Unhealthy/2. White Onion/1. Single/Onion15006.jpg,3,unhealthy white onion,unhealthy,white onion,single,29858ab47c16c25e27a7ae9c45415648,cfb83c03b392bac2,1024,768,806,1888
1. Healthy/2. White Onion/1. Single/Onion09438.jpg,2,healthy white onion,healthy,white onion,single,2bd88aebb74ad677b59883017f87f569,d8996365c686999b,1024,768,506,972
2. Unhealthy/1. Red Onion/2. Multiple/Onion13364.jpg,1,unhealthy red onion,unhealthy,red onion,multiple,d905f3947c19e82c09b817b4ecfbcc0a,d386627935b818f6,1024,768,395,941
1. Healthy/1. Red Onion/1. Single/Onion05031.jpg,0,healthy red onion,healthy,red onion,single,4281ce84efe195df6246784cc4b42e07,ee91916ab469d235,1024,768,20,358
1. Healthy/1. Red Onion/1. Single/Onion05892.jpg,0,healthy red onion,healthy,red onion,single,39b0a2702819c1b47936d0882532d806,b8c4c33b64d89a67,576,768,2,13
1. Healthy/1. Red Onion/1. Single/Onion05285.jpg,0,healthy red onion,healthy,red onion,single,54ad6f2597baed7fb58daf6d9b4ec711,e5ba9a4649b3664c,1024,768,2,7
1. Healthy/1. Red Onion/2. Multiple/Onion07790.jpg,0,healthy red onion,healthy,red onion,multiple,82caf61c4bbb4adec9e004bb08190623,e19edba5483c30a7,1024,768,273,619
1. Healthy/1. Red Onion/2. Multiple/Onion07498.jpg,0,healthy red onion,healthy,red onion,multiple,65edd51f96e708c2e266fbab523d6a86,a68cad5356bb9829,1024,768,272,620
1. Healthy/1. Red Onion/1. Single/Onion06261.jpg,0,healthy red onion,healthy,red onion,single,2d3c4da819c0565c148f6d4b53368f46,9bc3643c93d266c9,576,768,87,202
2. Unhealthy/2. White Onion/2. Multiple/Onion16073.jpg,3,unhealthy white onion,unhealthy,white onion,multiple,752f5c74da3e36ddaec38b308409222a,f0670bc96629593e,1024,768,950,2187
2. Unhealthy/2. White Onion/2. Multiple/Onion16293.jpg,3,unhealthy white onion,unhealthy,white onion,multiple,2d3524636213532efd3340fc314e73eb,f2198d09439637af,1024,768,943,2207
1. Healthy/2. White Onion/1. Single/Onion11034.jpg,2,healthy white onion,healthy,white onion,single,bc1af36ce72261f70e131cb5eae8dd5a,de3130c3ce386cb3,576,768,730,1686
1. Healthy/2. White Onion/2. Multiple/Onion11413.jpg,2,healthy white onion,healthy,white onion,multiple,b71781f3802176e4fb760e1aabf6cf0b,d8475b6d4e3145b4,1024,768,756,1721
1. Healthy/1. Red Onion/1. Single/Onion05989.jpg,0,healthy red onion,healthy,red onion,single,6c3ffeda7f4bd2595a94445ed4bb1035,cd9b3664d9193166,1024,768,2,19
2. Unhealthy/2. White Onion/1. Single/Onion14356.jpg,3,unhealthy white onion,unhealthy,white onion,single,860a22699237e89ad68dd68f97648df1,cfa430db67889e38,1024,768,780,1806
1. Healthy/1. Red Onion/1. Single/Onion06446.jpg,0,healthy red onion,healthy,red onion,single,1ca4adca458b0217a70908122a821d8d,b8a997f26cc99170,576,768,2,7
1. Healthy/2. White Onion/2. Multiple/Onion11157.jpg,2,healthy white onion,healthy,white onion,multiple,4ee2ab438f4320824cfb1a2bd3c9656e,fe3c84685b76c928,1024,768,757,1722
1. Healthy/2. White Onion/2. Multiple/Onion11810.jpg,2,healthy white onion,healthy,white onion,multiple,477ae2389d2f1eaa754fc988d204234e,c3984e3771653e25,1024,768,757,1722
1. Healthy/1. Red Onion/1. Single/Onion05860.jpg,0,healthy red onion,healthy,red onion,single,3ea48bdcf18a769a400ca75c2a481055,e79dff3f200060e8,576,768,2,305
1. Healthy/2. White Onion/1. Single/Onion10220.jpg,2,healthy white onion,healthy,white onion,single,4f50b2fa978f11a185c8675580584050,c8acb375d0812df6,1024,768,425,1505
1. Healthy/2. White Onion/2. Multiple/Onion11280.jpg,2,healthy white onion,healthy,white onion,multiple,4b7b97dda36b429a447ad1137963b668,c30abcc89e2dd1b3,1024,768,763,1724
2. Unhealthy/1. Red Onion/2. Multiple/Onion14103.jpg,1,unhealthy red onion,unhealthy,red onion,multiple,c8b5e6ad42279239fb76c4c7ced5e726,c6781b81da86795b,1024,768,389,930
2. Unhealthy/1. Red Onion/2. Multiple/Onion13567.jpg,1,unhealthy red onion,unhealthy,red onion,multiple,1c8fa5879a44e80a7e382bdd75561754,b4f0d3331bd83133,1024,768,389,931
2. Unhealthy/2. White Onion/1. Single/Onion14695.jpg,3,unhealthy white onion,unhealthy,white onion,single,fef8f850bc62ef9c317bc645dcbc9431,8c5fe346dc99e320,1024,768,865,2021
1. Healthy/2. White Onion/2. Multiple/Onion12070.jpg,2,healthy white onion,healthy,white onion,multiple,7127e2882f47c2fc246f1106f7c8a371,d439c366a68ddac4,1024,768,757,1726
1. Healthy/2. White Onion/1. Single/Onion10063.jpg,2,healthy white onion,healthy,white onion,single,b510b6a0b86f3612f36f8afb159805c0,a22a6b95a493cde5,1024,768,598,1480
1. Healthy/2. White Onion/2. Multiple/Onion11331.jpg,2,healthy white onion,healthy,white onion,multiple,17651fa72ad14727952ee4ad6e8bfb05,c63b093e337b96c0,1024,768,759,1748
1. Healthy/1. Red Onion/1. Single/Onion06400.jpg,0,healthy red onion,healthy,red onion,single,073237827228fdd09b803613ffb48def,d06c6e919b729669,1024,768,2,441
1. Healthy/1. Red Onion/1. Single/Onion04417.jpg,0,healthy red onion,healthy,red onion,single,c198e6404762b17de145b085cea77bca,d8a5679296d99964,1024,768,2,16
2. Unhealthy/1. Red Onion/2. Multiple/Onion13685.jpg,1,unhealthy red onion,unhealthy,red onion,multiple,c9bf4964d430406c1a9024f924c063b8,b6c9c9b66329bc21,576,768,389,942
2. Unhealthy/2. White Onion/1. Single/Onion14791.jpg,3,unhealthy white onion,unhealthy,white onion,single,7baf53cd6e504185caa5c47ae03ef0f3,86873b7bc838f072,1024,768,823,1933
1. Healthy/2. White Onion/1. Single/Onion09243.jpg,2,healthy white onion,healthy,white onion,single,e96dcdfd90bdc944507a315e19d35efd,cdb632c9c3363893,576,768,401,965
2. Unhealthy/1. Red Onion/2. Multiple/Onion13438.jpg,1,unhealthy red onion,unhealthy,red onion,multiple,616f7bf90af2dcb38416449bf726ae1b,c78cb0f3ca6c6683,1024,768,389,931
2. Unhealthy/1. Red Onion/1. Single/Onion12377.jpg,1,unhealthy red onion,unhealthy,red onion,single,ec91926fa22ebdfebdc079f5a90eb410,8cbfb3428c4933ae,1024,768,305,727
2. Unhealthy/1. Red Onion/1. Single/Onion12412.jpg,1,unhealthy red onion,unhealthy,red onion,single,9fc84ca09b93207b0cca9e710c2007a7,8432c3ccdcf1e3cc,1024,768,309,750
1. Healthy/1. Red Onion/2. Multiple/Onion07147.jpg,0,healthy red onion,healthy,red onion,multiple,6ac0dc3971fd69bf8f045e41d7e26156,ea91e5269b7c4632,576,768,273,619
1. Healthy/2. White Onion/1. Single/Onion09209.jpg,2,healthy white onion,healthy,white onion,single,ee028fa40a56fdc6465b4164f35b6d8b,9b8a64669b9b652c,576,768,406,979
1. Healthy/1. Red Onion/1. Single/Onion04524.jpg,0,healthy red onion,healthy,red onion,single,a36e7e4c867acbc1a3f66620da3d0f17,b4cdcb322cc962ce,1024,768,2,13
1. Healthy/1. Red Onion/2. Multiple/Onion08024.jpg,0,healthy red onion,healthy,red onion,multiple,d82ca36c9540dadedfeb21e764f7c1e1,f4a792c29e6399b0,1024,768,272,620
2. Unhealthy/1. Red Onion/2. Multiple/Onion13684.jpg,1,unhealthy red onion,unhealthy,red onion,multiple,2a19bda9e153af1755829acd8185d527,c5c66a3c9cc6b436,1024,768,389,935
1. Healthy/1. Red Onion/1. Single/Onion04451.jpg,0,healthy red onion,healthy,red onion,single,8413591c9ced26a40a5992b609f69acd,871f72644d7c6c43,1024,768,2,70
1. Healthy/1. Red Onion/1. Single/Onion04255.jpg,0,healthy red onion,healthy,red onion,single,ff9e2378987ca6ce6f9613b6ecba704f,a6c888c567db9e0e,576,768,52,138
1. Healthy/1. Red Onion/1. Single/Onion05470.jpg,0,healthy red onion,healthy,red onion,single,a1f35f99347f8dbd48295ffa39705bbc,b1d5c73411c1f5c5,1024,768,158,429
1. Healthy/2. White Onion/1. Single/Onion09609.jpg,2,healthy white onion,healthy,white onion,single,7e20952ede6c58faa60f0ce5aa9e0050,f1c6c6b41d836578,576,768,404,1413
1. Healthy/1. Red Onion/1. Single/Onion05488.jpg,0,healthy red onion,healthy,red onion,single,93d8f370a47bacecd55ed383b8da9e9a,cc9c923165e373d8,1024,768,28,432
2. Unhealthy/1. Red Onion/1. Single/Onion13149.jpg,1,unhealthy red onion,unhealthy,red onion,single,92b2a1ccc010231ee422d7d5a0cf9f1e,83e64c93044f9fe6,1024,768,309,757
2. Unhealthy/1. Red Onion/2. Multiple/Onion14270.jpg,1,unhealthy red onion,unhealthy,red onion,multiple,2277a32d61ba7fb5263e441893c5a4a7,d0c96bd8781f4366,576,768,391,936
2. Unhealthy/1. Red Onion/1. Single/Onion12721.jpg,1,unhealthy red onion,unhealthy,red onion,single,3e26a047761b8c7fdf304fa572d87451,9dd3c6261999e2e4,1024,768,305,829
1. Healthy/2. White Onion/1. Single/Onion09714.jpg,2,healthy white onion,healthy,white onion,single,f7a698fe0fcbf2cb688b6712524a4599,e686991975c5c786,576,768,576,1129
2. Unhealthy/1. Red Onion/2. Multiple/Onion14238.jpg,1,unhealthy red onion,unhealthy,red onion,multiple,6a2d05a8f7b16d70475dae410d9d149b,a4c99ecfe1c1361a,1024,768,389,945
2. Unhealthy/2. White Onion/1. Single/Onion14668.jpg,3,unhealthy white onion,unhealthy,white onion,single,2b97bff4dba419fd79e5548141cb9842,b1cd32268c9b3375,1024,768,936,1863
1. Healthy/2. White Onion/1. Single/Onion09148.jpg,2,healthy white onion,healthy,white onion,single,f1f774703bee56bd3017f477d9743de3,991766e99b236139,1024,768,441,970
1. Healthy/2. White Onion/1. Single/Onion08754.jpg,2,healthy white onion,healthy,white onion,single,2e3308b27efa664eb48526ae4884ef81,eea6b15883ef0899,1024,768,425,1011
2. Unhealthy/2. White Onion/1. Single/Onion14423.jpg,3,unhealthy white onion,unhealthy,white onion,single,3cf3e736af6999595a83192c8d1ca6dc,9b6e249967b2982b,1024,768,791,1841
1. Healthy/2. White Onion/2. Multiple/Onion11475.jpg,2,healthy white onion,healthy,white onion,multiple,4ae716fd4826c1fd84fe54efba7398ba,c32f36c072874b9e,1024,768,757,1722
1. Healthy/1. Red Onion/2. Multiple/Onion07947.jpg,0,healthy red onion,healthy,red onion,multiple,8bd16cd4cb574b9b95d040c1f841a445,f770838b5c3c15e2,1024,768,272,620
1. Healthy/1. Red Onion/1. Single/Onion06628.jpg,0,healthy red onion,healthy,red onion,single,1e67a66661a062eae66482177c9a6aed,f49cd331cbc6cc22,1024,768,2,13
1. Healthy/2. White Onion/1. Single/Onion09449.jpg,2,healthy white onion,healthy,white onion,single,3fbf4e2f7a2334c1c4bb961b5c6c4e53,c79938c7cc3833c5,576,768,401,965
1. Healthy/2. White Onion/1. Single/Onion10135.jpg,2,healthy white onion,healthy,white onion,single,e0a1267e46567d6d59595f2338756ed9,d9b624d98c61b726,1024,768,441,994
1. Healthy/2. White Onion/2. Multiple/Onion11243.jpg,2,healthy white onion,healthy,white onion,multiple,acbcb101e6f26bc8ce2e9bdc241d6df0,88d67a3a89c5cada,576,768,759,1748
1. Healthy/1. Red Onion/1. Single/Onion06386.jpg,0,healthy red onion,healthy,red onion,single,4ef963482b40ffa9149d90418f354010,d4b333cc6233cc4e,576,768,214,536
1. Healthy/1. Red Onion/2. Multiple/Onion07760.jpg,0,healthy red onion,healthy,red onion,multiple,9cbfa5d8923adb0a85d9f874814ff978,ed91d05e05633d9c,576,768,273,619
1. Healthy/1. Red Onion/1. Single/Onion04624.jpg,0,healthy red onion,healthy,red onion,single,7c448913a319673fe3390d8fc1788a23,e565568656a25b9c,1024,768,15,31
1. Healthy/2. White Onion/2. Multiple/Onion12177.jpg,2,healthy white onion,healthy,white onion,multiple,bd5f6e5f73518d8d5cd11be952cb9ee8,9db6321e5e496686,1024,768,757,1722
1. Healthy/1. Red Onion/1. Single/Onion05092.jpg,0,healthy red onion,healthy,red onion,single,141c32e9f8730ed8ab3ac3f1373282cf,de21e09e9927669a,1024,768,80,312
2. Unhealthy/1. Red Onion/1. Single/Onion12407.jpg,1,unhealthy red onion,unhealthy,red onion,single,2fe5a6d88c4865cebbb725d8dd153d33,d4d69b8b4c6c22b3,1024,768,305,746
1. Healthy/1. Red Onion/1. Single/Onion05422.jpg,0,healthy red onion,healthy,red onion,single,6dddcc4d6ee89ef243f26a6390ccddab,e18c93319d30e773,1024,768,29,63
1. Healthy/1. Red Onion/2. Multiple/Onion07836.jpg,0,healthy red onion,healthy,red onion,multiple,6c6deb13b778faf61e77aff073bb873d,f919c3633c7e224a,1024,768,273,634
1. Healthy/1. Red Onion/1. Single/Onion04275.jpg,0,healthy red onion,healthy,red onion,single,ba8bdf103790fda3d1bd4ab2e666b606,a3959c93786cc593,576,768,2,148
1. Healthy/1. Red Onion/1. Single/Onion04612.jpg,0,healthy red onion,healthy,red onion,single,28d368b8cc7b9ff2c1d2a4ea38d27554,ed6a97a592b2c164,1024,768,20,178
1. Healthy/1. Red Onion/2. Multiple/Onion08146.jpg,0,healthy red onion,healthy,red onion,multiple,c289f2d545b98141598ac9a6eb912baf,b761dc0967361b68,576,768,273,622
1. Healthy/2. White Onion/2. Multiple/Onion11812.jpg,2,healthy white onion,healthy,white onion,multiple,b8e4e7c09d8fd3ed52bbadf090376042,c368673d4eb918c6,1024,768,757,1764
2. Unhealthy/1. Red Onion/1. Single/Onion13083.jpg,1,unhealthy red onion,unhealthy,red onion,single,31c12dd1827dafa070e323daaabd9868,b8e7c6981dce3072,1024,768,348,736
1. Healthy/1. Red Onion/2. Multiple/Onion07886.jpg,0,healthy red onion,healthy,red onion,multiple,b6d39fcda0e38f62e997f0830b836728,c6cc5962a635c9da,1024,768,273,624
1. Healthy/1. Red Onion/1. Single/Onion05341.jpg,0,healthy red onion,healthy,red onion,single,6c79c130945db6f88368e46ec788b5f2,e999146d2d4e0f1d,1024,768,2,415
2. Unhealthy/1. Red Onion/1. Single/Onion12729.jpg,1,unhealthy red onion,unhealthy,red onion,single,3583e8887fb8ded492d894af4f6b01a9,e1bad2a46d925f24,1024,768,305,788
1. Healthy/1. Red Onion/1. Single/Onion04159.jpg,0,healthy red onion,healthy,red onion,single,40bb7edcd0c10ea510c38630d3f93e6c,c9b29b645cd325cc,576,768,2,83
2. Unhealthy/1. Red Onion/1. Single/Onion13180.jpg,1,unhealthy red onion,unhealthy,red onion,single,2142ee3c1777586c2e53d204364ac4e6,e50ada56d9724363,1024,768,305,671
2. Unhealthy/2. White Onion/1. Single/Onion15143.jpg,3,unhealthy white onion,unhealthy,white onion,single,873a00853e07f93a90d4cf9631f987ec,cad685a32f0e472e,1024,768,781,1857
2. Unhealthy/2. White Onion/1. Single/Onion14406.jpg,3,unhealthy white onion,unhealthy,white onion,single,e3e732953c43db21b0be6f80f137f581,93376c5993485b96,1024,768,791,1881
1. Healthy/1. Red Onion/2. Multiple/Onion07426.jpg,0,healthy red onion,healthy,red onion,multiple,f9fca0e17f429a0e9805cfb1b1177e36,a4e39a13d9c7370c,1024,768,272,620
1. Healthy/2. White Onion/1. Single/Onion08774.jpg,2,healthy white onion,healthy,white onion,single,4d86178d3291d2ec1885bedc2e69d344,b9c73ce719482762,576,768,609,997
1. Healthy/1. Red Onion/1. Single/Onion06457.jpg,0,healthy red onion,healthy,red onion,single,e5dd43b27a76a08c715cfe79097c8267,f581a6a699d15399,1024,768,23,426
1. Healthy/1. Red Onion/2. Multiple/Onion07365.jpg,0,healthy red onion,healthy,red onion,multiple,623936c723498c82db57146f1ec7b763,d388bcc7962a69d1,1024,768,273,633
1. Healthy/1. Red Onion/1. Single/Onion05787.jpg,0,healthy red onion,healthy,red onion,single,ad8922d7f8c3ae495944bddb14d46621,e79ada6524565398,1024,768,2,25
1. Healthy/1. Red Onion/1. Single/Onion05535.jpg,0,healthy red onion,healthy,red onion,single,307c94468b6148143407f30d745ea465,a217cec0331eb373,1024,768,131,30
1. Healthy/2. White Onion/1. Single/Onion09678.jpg,2,healthy white onion,healthy,white onion,single,d9c0a0a29c0b153c4cd21d0356be3173,cb9a3c65c3920dcb,576,768,403,974
1. Healthy/2. White Onion/1. Single/Onion09149.jpg,2,healthy white onion,healthy,white onion,single,56fb8d615119eafae97f13eeed44920d,99ff664299a1e039,1024,768,492,984
1. Healthy/1. Red Onion/1. Single/Onion05664.jpg,0,healthy red onion,healthy,red onion,single,7d65fea484bd63b69e87f1aa58a47f59,c9c8373d32f270c9,576,768,2,454
1. Healthy/1. Red Onion/1. Single/Onion06767.jpg,0,healthy red onion,healthy,red onion,single,307cca175e0a5769229fba54d864e78d,a2898926d9a6675f,1024,768,177,478
1. Healthy/2. White Onion/1. Single/Onion08290.jpg,2,healthy white onion,healthy,white onion,single,ad6a449372d0ce222ed7bb90fb419f09,929c6d52936966e9,1024,768,403,967
1. Healthy/1. Red Onion/1. Single/Onion04509.jpg,0,healthy red onion,healthy,red onion,single,df94bd43cf83796a5f1bc6d0f95a5d64,b4cb4db4920fe8c9,576,768,36,243
1. Healthy/2. White Onion/1. Single/Onion10333.jpg,2,healthy white onion,healthy,white onion,single,9e55516bfb27214a0920c4cdcda287a7,de99316c66668e92,1024,768,403,1071
2. Unhealthy/1. Red Onion/1. Single/Onion13106.jpg,1,unhealthy red onion,unhealthy,red onion,single,3cb85eb6c578f8eb18a58e016ee04109,ecac67b2988a29ad,1024,768,305,808
1. Healthy/1. Red Onion/1. Single/Onion05137.jpg,0,healthy red onion,healthy,red onion,single,0681f2103dc4610b8922beec98f0d08b,b3b756638d06278c,576,768,136,380
2. Unhealthy/1. Red Onion/1. Single/Onion12478.jpg,1,unhealthy red onion,unhealthy,red onion,single,2600ad51b96e692a733591af32a4690a,e7999c67708c2359,1024,768,276,657
2. Unhealthy/1. Red Onion/2. Multiple/Onion13288.jpg,1,unhealthy red onion,unhealthy,red onion,multiple,12d6b8c0a93b65779dd8a9cf71ef2544,838ed2a01fea2bd6,576,768,391,936
1. Healthy/1. Red Onion/1. Single/Onion04682.jpg,0,healthy red onion,healthy,red onion,single,0759e0890babb041197ede60c8cab0a6,e68399e88c6a9c76,1024,768,76,99
1. Healthy/2. White Onion/2. Multiple/Onion12095.jpg,2,healthy white onion,healthy,white onion,multiple,5b753e00a6cd52a77daeb87882aa9800,95ee6cf02c8dc29a,576,768,757,1722
2. Unhealthy/2. White Onion/1. Single/Onion14732.jpg,3,unhealthy white onion,unhealthy,white onion,single,a90da75846f9edddd7dc1d2311f8d9fb,cef537721a394191,1024,768,806,1888
1. Healthy/1. Red Onion/1. Single/Onion04538.jpg,0,healthy red onion,healthy,red onion,single,ec01c21f8d34ab573f481775188fb1e2,b3c2c83e37d818c7,576,768,2,25
2. Unhealthy/2. White Onion/1. Single/Onion15272.jpg,3,unhealthy white onion,unhealthy,white onion,single,4c9f27173f0424c91c43cc52d71053f6,cf70788d87788ca5,576,768,791,1887
1. Healthy/1. Red Onion/1. Single/Onion05512.jpg,0,healthy red onion,healthy,red onion,single,acbf8e41254f9e38f9af7e644bc8e800,ed999326899427d9,1024,768,54,145
1. Healthy/1. Red Onion/1. Single/Onion04641.jpg,0,healthy red onion,healthy,red onion,single,e5adb18b9ae3f55dd8fd4c5c125f4840,f3a38d4e3ccca423,1024,768,20,41
2. Unhealthy/2. White Onion/2. Multiple/Onion15482.jpg,3,unhealthy white onion,unhealthy,white onion,multiple,66f97c2495b256bc9b4f6d1f50876574,854b3ca06f9f6398,1024,768,942,2145
1. Healthy/2. White Onion/1. Single/Onion08770.jpg,2,healthy white onion,healthy,white onion,single,76381cdf1661a19aab3e7dac05d9ab38,bc9c0b634c642fbc,1024,768,478,1221
1. Healthy/2. White Onion/1. Single/Onion08698.jpg,2,healthy white onion,healthy,white onion,single,6a0e737c27361f96e09ba2918cc90521,d384651993566d5b,1024,768,401,1020
1. Healthy/1. Red Onion/1. Single/Onion05391.jpg,0,healthy red onion,healthy,red onion,single,84b9c925e5d904cf5506fd08e4e5aab6,f28d8b246ca273d9,1024,768,2,3
2. Unhealthy/2. White Onion/2. Multiple/Onion15524.jpg,3,unhealthy white onion,unhealthy,white onion,multiple,be3aff38b6799b981a7e827f7f4b260a,857a7ce7618d52c4,576,768,939,2184
1. Healthy/2. White Onion/1. Single/Onion09771.jpg,2,healthy white onion,healthy,white onion,single,48c2bd90b1d02ac031ae56a75fdf9df5,c7a3d83867c71938,576,768,401,965
1. Healthy/2. White Onion/1. Single/Onion09819.jpg,2,healthy white onion,healthy,white onion,single,66eef8088c905f4898af4cc4f220a0f3,999b66666c989a99,1024,768,406,1018
2. Unhealthy/2. White Onion/2. Multiple/Onion15655.jpg,3,unhealthy white onion,unhealthy,white onion,multiple,b5ba71d3650abbaa50b3f23faaf74f07,f69bdb948c2da310,1024,768,950,2149
2. Unhealthy/1. Red Onion/1. Single/Onion12783.jpg,1,unhealthy red onion,unhealthy,red onion,single,d1c6ec8731fb7551c36ad999f901698b,e5e49bd9642698cc,1024,768,352,863
1. Healthy/1. Red Onion/1. Single/Onion04531.jpg,0,healthy red onion,healthy,red onion,single,f504b7817efe0f18074baa66051640e6,e925949c9b5b66a4,1024,768,2,7
2. Unhealthy/2. White Onion/2. Multiple/Onion16194.jpg,3,unhealthy white onion,unhealthy,white onion,multiple,c64ff9b3a86a57d56d7ecfaa9b07ec42,dccf01562c3dab62,576,768,942,2158
2. Unhealthy/2. White Onion/2. Multiple/Onion15989.jpg,3,unhealthy white onion,unhealthy,white onion,multiple,4a90f3b66b80140854f473ed62556b91,86d1856893cf7837,1024,768,937,2155
1. Healthy/2. White Onion/1. Single/Onion09236.jpg,2,healthy white onion,healthy,white onion,single,2dcc44ff80e4b4c2629a113efe212bb1,f1b5e48b2862bb86,1024,768,404,975
1. Healthy/1. Red Onion/1. Single/Onion06441.jpg,0,healthy red onion,healthy,red onion,single,d73270d01b3f7d00e6005a0a42f83777,e197316b9cc1237c,576,768,16,234
1. Healthy/2. White Onion/1. Single/Onion08206.jpg,2,healthy white onion,healthy,white onion,single,b199995e753550104749f00176b308b2,cf973069c2278dd8,576,768,412,1009
1. Healthy/2. White Onion/1. Single/Onion09691.jpg,2,healthy white onion,healthy,white onion,single,d7e8d70fd01bae58f8dc69ef1ae2a160,adccc63627d93138,1024,768,401,965
2. Unhealthy/2. White Onion/2. Multiple/Onion15631.jpg,3,unhealthy white onion,unhealthy,white onion,multiple,81c852b3fed27b023d445f994a620113,86d525d652329d7c,1024,768,945,2146
1. Healthy/2. White Onion/2. Multiple/Onion11591.jpg,2,healthy white onion,healthy,white onion,multiple,e0ccb2d3e1f4cd1dee64e936f59383cf,9ec7505c163acb3a,1024,768,764,1727
2. Unhealthy/1. Red Onion/2. Multiple/Onion14086.jpg,1,unhealthy red onion,unhealthy,red onion,multiple,a07abc6041e007cb8f25138ef7f6db2c,b7d2c11e4e38e433,1024,768,389,931
1. Healthy/1. Red Onion/1. Single/Onion05378.jpg,0,healthy red onion,healthy,red onion,single,b437a4e1f783f4c6aa7db19520fa696f,e68e997549c6b489,1024,768,131,30
1. Healthy/2. White Onion/2. Multiple/Onion11782.jpg,2,healthy white onion,healthy,white onion,multiple,5f7827b930795d8071f57da3d2af0f67,d4ee085d2373326d,1024,768,764,1727
1. Healthy/1. Red Onion/1. Single/Onion06215.jpg,0,healthy red onion,healthy,red onion,single,b7aaa177f0a2f38ed89dea26f5ee21ed,d8a667689a6c65b2,1024,768,16,36
1. Healthy/2. White Onion/1. Single/Onion10151.jpg,2,healthy white onion,healthy,white onion,single,8160829ac46f3a932e849e179b0838a2,cf3030cf349bc36c,576,768,508,1296
1. Healthy/2. White Onion/1. Single/Onion08485.jpg,2,healthy white onion,healthy,white onion,single,a7e08421f32d8dfb9f2a27fc8588c12c,a48ddb33648cc736,576,768,576,963
1. Healthy/2. White Onion/1. Single/Onion08883.jpg,2,healthy white onion,healthy,white onion,single,32f6698dafeea8fa056324f8b2c00390,ceb1b14b4e266393,1024,768,441,1247
1. Healthy/2. White Onion/2. Multiple/Onion11179.jpg,2,healthy white onion,healthy,white onion,multiple,e8cb97c08ce7aaa75ae47634c6dd4449,d5fc5422fa2c0cec,1024,768,756,1721
2. Unhealthy/1. Red Onion/1. Single/Onion13029.jpg,1,unhealthy red onion,unhealthy,red onion,single,3f61695585ea8c5becbceea76432ee3d,f3268cd99b58c8c9,1024,768,276,795
1. Healthy/1. Red Onion/1. Single/Onion05400.jpg,0,healthy red onion,healthy,red onion,single,68c00c918676b67d12be2a264b2b5df9,bc8f16749ab3ac30,1024,768,23,51
1. Healthy/1. Red Onion/1. Single/Onion04345.jpg,0,healthy red onion,healthy,red onion,single,07761591b7b680246cd0fe9885a508ad,c7c4c7d03c3e30d9,576,768,16,36
1. Healthy/2. White Onion/1. Single/Onion08810.jpg,2,healthy white onion,healthy,white onion,single,1b1216886e1c56c148704a5e5539d542,d9a6b6d90c369964,1024,768,576,963
2. Unhealthy/1. Red Onion/1. Single/Onion12819.jpg,1,unhealthy red onion,unhealthy,red onion,single,c8a16bab1c1849b1489cd3a15ad83285,e2dccd3232cccf30,576,768,276,804
1. Healthy/1. Red Onion/1. Single/Onion04498.jpg,0,healthy red onion,healthy,red onion,single,80db1ce6f4cecd5f6ffa1f7877618465,dadac064d8d2f2e1,1024,768,2,47
2. Unhealthy/1. Red Onion/2. Multiple/Onion14113.jpg,1,unhealthy red onion,unhealthy,red onion,multiple,ca6d911723127a945bc86a319397034e,db0bf407e30cc993,1024,768,389,935
1. Healthy/1. Red Onion/1. Single/Onion05932.jpg,0,healthy red onion,healthy,red onion,single,615a2d68d412d1e7bc249f202a09ce9a,a7dc9a7109f324cc,1024,768,2,65
1. Healthy/1. Red Onion/1. Single/Onion04957.jpg,0,healthy red onion,healthy,red onion,single,0f75a76d886e6487b8d9e051d26f26ec,d09a6ca992b6699b,1024,768,16,36
1. Healthy/1. Red Onion/1. Single/Onion05738.jpg,0,healthy red onion,healthy,red onion,single,6c03d0eb79180b649a095e84cc75f488,a3e99e2e61994666,576,768,15,31
2. Unhealthy/2. White Onion/2. Multiple/Onion15384.jpg,3,unhealthy white onion,unhealthy,white onion,multiple,bd0a71ae5d4279056815112865cf75a0,871ffce4991166c4,1024,768,941,2165
1. Healthy/1. Red Onion/1. Single/Onion06287.jpg,0,healthy red onion,healthy,red onion,single,4f230183632217d7555a93e8d46fbc17,b1decc3124669b99,1024,768,2,504
2. Unhealthy/2. White Onion/2. Multiple/Onion15924.jpg,3,unhealthy white onion,unhealthy,white onion,multiple,ef02cba6dfdce79133bc5e4142d25a6c,95d16354972b2b78,1024,768,948,2183
1. Healthy/1. Red Onion/1. Single/Onion04792.jpg,0,healthy red onion,healthy,red onion,single,a9d2e31a8c8b2e6e845e2ca4e7350d08,ed2996c4895bb199,1024,768,2,7
1. Healthy/2. White Onion/1. Single/Onion08217.jpg,2,healthy white onion,healthy,white onion,single,af5bd99072425009906fe42d03b18eef,b9cfc6367230cd41,1024,768,576,1017
1. Healthy/2. White Onion/2. Multiple/Onion11668.jpg,2,healthy white onion,healthy,white onion,multiple,d4b5aff210461ce4f0b5991b7514bd1a,b426c5dd312286fb,1024,768,756,1778
2. Unhealthy/2. White Onion/2. Multiple/Onion16137.jpg,3,unhealthy white onion,unhealthy,white onion,multiple,5ef1c3c934496a3ac2333eecd609be52,a82c81dbce699ab6,1024,768,950,2213
1. Healthy/2. White Onion/2. Multiple/Onion11887.jpg,2,healthy white onion,healthy,white onion,multiple,a9181a9f042491878fca6df545e90c05,e19096e49c59d9f2,1024,768,764,1727
2. Unhealthy/1. Red Onion/2. Multiple/Onion13285.jpg,1,unhealthy red onion,unhealthy,red onion,multiple,9a2681d6d832a74b56656e882eeb8754,be2dc15a6a6b056a,576,768,389,931
1. Healthy/1. Red Onion/1. Single/Onion06712.jpg,0,healthy red onion,healthy,red onion,single,665d55ad0e94a41229eca6de27ea8c07,e698d82769966699,1024,768,20,41
1. Healthy/1. Red Onion/1. Single/Onion05311.jpg,0,healthy red onion,healthy,red onion,single,10777dbba40a6c3a01bceae9387f20b3,d9492666999cc69b,1024,768,15,109
2. Unhealthy/1. Red Onion/1. Single/Onion12881.jpg,1,unhealthy red onion,unhealthy,red onion,single,598220835fada2ba41ecf44153de3baa,b3b2cdcc30649373,1024,768,276,784
1. Healthy/1. Red Onion/1. Single/Onion06428.jpg,0,healthy red onion,healthy,red onion,single,1ad6d64d96843d6fb496144697ba2166,b4f38f8d1ccb3c04,1024,768,219,541
2. Unhealthy/2. White Onion/1. Single/Onion14628.jpg,3,unhealthy white onion,unhealthy,white onion,single,61600be4a2433ff7f2ce3277f352d6e8,c3323cf1e4da8639,576,768,936,1999
1. Healthy/2. White Onion/1. Single/Onion10760.jpg,2,healthy white onion,healthy,white onion,single,89a88b1a0ace59e5f7118b6bd104c77b,b3dcc4739c24339c,576,768,645,1561
1. Healthy/2. White Onion/1. Single/Onion08832.jpg,2,healthy white onion,healthy,white onion,single,73470258ed82cc84e2f5ce2cc71ad699,9a6165c69e996366,1024,768,403,982
2. Unhealthy/2. White Onion/2. Multiple/Onion15307.jpg,3,unhealthy white onion,unhealthy,white onion,multiple,5b020f822dccb058381e05426d151017,ebda96a19191666a,1024,768,950,2151
1. Healthy/2. White Onion/1. Single/Onion09914.jpg,2,healthy white onion,healthy,white onion,single,ca863fe9d38fe260a92e7174d6997abd,8cef32cc3e26a18e,576,768,459,977
1. Healthy/2. White Onion/2. Multiple/Onion12040.jpg,2,healthy white onion,healthy,white onion,multiple,f42dd45b7b4efb41ade9b72729777b64,b436c4ec19a356ba,1024,768,756,1778
2. Unhealthy/1. Red Onion/2. Multiple/Onion13311.jpg,1,unhealthy red onion,unhealthy,red onion,multiple,b14f27967938244643474956a362c7f7,86323d50e69f7961,1024,768,395,941
1. Healthy/1. Red Onion/1. Single/Onion06490.jpg,0,healthy red onion,healthy,red onion,single,340ceefa44deebd9960a27b24fabf490,f189dc3624cb6666,1024,768,20,42
1. Healthy/1. Red Onion/1. Single/Onion05596.jpg,0,healthy red onion,healthy,red onion,single,bbdb0f07372a91232f5d61268d0ff3f6,f08bc73518d1c667,1024,768,2,268
1. Healthy/2. White Onion/1. Single/Onion09760.jpg,2,healthy white onion,healthy,white onion,single,ed6f7f9e154733802ef59e308646c09d,cc13b1e632edab88,1024,768,441,1069
1. Healthy/1. Red Onion/1. Single/Onion06282.jpg,0,healthy red onion,healthy,red onion,single,9334bfebd36a4add9c5e157132a5aef6,aedc38f3648c3133,576,768,201,520
2. Unhealthy/2. White Onion/2. Multiple/Onion16058.jpg,3,unhealthy white onion,unhealthy,white onion,multiple,11e8f65e5f2a70705b817c0088361682,d3396c868dd83a27,1024,768,950,2169
2. Unhealthy/1. Red Onion/1. Single/Onion13252.jpg,1,unhealthy red onion,unhealthy,red onion,single,b670e20756841531103dbab49cc8f028,e6b399d92226a3c6,1024,768,276,763
2. Unhealthy/1. Red Onion/2. Multiple/Onion13687.jpg,1,unhealthy red onion,unhealthy,red onion,multiple,08674fe54fef3911be62e81496095311,fea38758e14aac1c,576,768,389,945
2. Unhealthy/1. Red Onion/1. Single/Onion12282.jpg,1,unhealthy red onion,unhealthy,red onion,single,86e0ddcb8e35bb7b9ae5b565061d2749,e29a9a622aea4b5b,1024,768,305,648
1. Healthy/2. White Onion/1. Single/Onion11015.jpg,2,healthy white onion,healthy,white onion,single,ef368499a0aa70aae9f6f5b2e4146f2e,ed989626699c6792,576,768,724,1678
1. Healthy/1. Red Onion/1. Single/Onion04055.jpg,0,healthy red onion,healthy,red onion,single,38c07acbc6698ff82183759312b905e0,993864c7c3c9e333,1024,768,7,14
1. Healthy/1. Red Onion/1. Single/Onion04243.jpg,0,healthy red onion,healthy,red onion,single,d53907f2258680fa628c9dd983aef37e,f6d8896611d724d9,1024,768,31,75
1. Healthy/1. Red Onion/1. Single/Onion04419.jpg,0,healthy red onion,healthy,red onion,single,6839cc7402bf38456d327c22fd2c42d0,b070c787dccc3333,1024,768,2,198
1. Healthy/2. White Onion/1. Single/Onion10733.jpg,2,healthy white onion,healthy,white onion,single,87bc7e23ed58b01f065aeed8245fce2d,cf8e3079dba20c9c,1024,768,406,979
1. Healthy/2. White Onion/1. Single/Onion09619.jpg,2,healthy white onion,healthy,white onion,single,400f56361e9bcc2ba303080518c32649,9b8966669899556d,1024,768,434,1207
1. Healthy/2. White Onion/1. Single/Onion09261.jpg,2,healthy white onion,healthy,white onion,single,ec07bd7092636e8c8c6f6f219375bdc5,c1cd3e3ec1c92e07,576,768,403,985
2. Unhealthy/2. White Onion/2. Multiple/Onion16036.jpg,3,unhealthy white onion,unhealthy,white onion,multiple,f71d24bd67de8442a2ff8d6752d9d75a,909cc3b64d6cb2b3,1024,768,937,2155
1. Healthy/2. White Onion/2. Multiple/Onion11990.jpg,2,healthy white onion,healthy,white onion,multiple,2b7ef5487292b1174be55a7bb67222d4,b430d9d91afcc619,1024,768,756,1719
2. Unhealthy/2. White Onion/2. Multiple/Onion16286.jpg,3,unhealthy white onion,unhealthy,white onion,multiple,3da5e9e9cfafaebeef2876b1f9d45d87,ee908ded9a3242ce,576,768,941,2186
1. Healthy/1. Red Onion/1. Single/Onion04999.jpg,0,healthy red onion,healthy,red onion,single,5d8a17822c98d2ef39cb4e0de96f3272,e4cd1f250dd870f8,576,768,2,305
1. Healthy/1. Red Onion/2. Multiple/Onion07157.jpg,0,healthy red onion,healthy,red onion,multiple,3c193ff0b2ff0d10907cf2ff53f31f20,b13b9a90dcc1d39a,1024,768,273,619
1. Healthy/1. Red Onion/1. Single/Onion04615.jpg,0,healthy red onion,healthy,red onion,single,00309376eada5e591db186f67549491a,e1639b9949672758,1024,768,2,98
2. Unhealthy/2. White Onion/1. Single/Onion15192.jpg,3,unhealthy white onion,unhealthy,white onion,single,2fca6096137d2e2b80b4c48e074bee4f,93666e914d5b246d,1024,768,791,2129
2. Unhealthy/2. White Onion/1. Single/Onion14993.jpg,3,unhealthy white onion,unhealthy,white onion,single,524dcc13c74000e3ec82440a88ecad03,e1b6de4cb83061e3,1024,768,903,1920
2. Unhealthy/1. Red Onion/1. Single/Onion12673.jpg,1,unhealthy red onion,unhealthy,red onion,single,4f0290aa6b9dc6c19fa9e0bdc817ca46,f3f68c9c23638343,1024,768,276,693
2. Unhealthy/2. White Onion/1. Single/Onion14532.jpg,3,unhealthy white onion,unhealthy,white onion,single,c0f0c8385d2ed5a00d857dc60d953199,dfc07085839e9c9b,576,768,826,1954
1. Healthy/2. White Onion/1. Single/Onion09383.jpg,2,healthy white onion,healthy,white onion,single,d191fb63a43919e7f374fbd246b618f0,c1be36c13e32c90f,576,768,434,1072
2. Unhealthy/2. White Onion/1. Single/Onion14790.jpg,3,unhealthy white onion,unhealthy,white onion,single,5ac3eb003f3face2591425068eb92f55,e59c91356a6633c3,1024,768,832,1957
1. Healthy/1. Red Onion/1. Single/Onion04210.jpg,0,healthy red onion,healthy,red onion,single,d02430f9782c51a734363e51822ed66d,e5383ac3c13e3eb0,576,768,42,113
2. Unhealthy/1. Red Onion/2. Multiple/Onion14009.jpg,1,unhealthy red onion,unhealthy,red onion,multiple,9cf61c9cfc1289a9a54ae774e67665d5,d784cee3361ec164,1024,768,392,937
1. Healthy/1. Red Onion/1. Single/Onion04331.jpg,0,healthy red onion,healthy,red onion,single,e3486e9604b994e359e1a262f76d68ac,b0e00bcfc33ccccd,576,768,2,171
1. Healthy/2. White Onion/1. Single/Onion11021.jpg,2,healthy white onion,healthy,white onion,single,cacbeadf089934098cd8bd8a92dc76c2,cbb234c3397cc3b0,576,768,684,1616
2. Unhealthy/2. White Onion/1. Single/Onion15088.jpg,3,unhealthy white onion,unhealthy,white onion,single,f4c2313f6f0c7bc6c6e9eec2df9d0035,ee4e91b38669646c,1024,768,792,1938
1. Healthy/2. White Onion/1. Single/Onion08183.jpg,2,healthy white onion,healthy,white onion,single,0cbe859a048fbc7248a3eb4f0e5a54d3,84bb3bc0cc3366ec,576,768,506,992
1. Healthy/1. Red Onion/1. Single/Onion06403.jpg,0,healthy red onion,healthy,red onion,single,0187865e01bdfee33b8446d98af13423,bb33e16466c69a8c,1024,768,0,0
1. Healthy/2. White Onion/1. Single/Onion10847.jpg,2,healthy white onion,healthy,white onion,single,4250940b541aa5cad8b6327ac3c4ef3e,92996d649ad96b26,576,768,459,1626
1. Healthy/2. White Onion/1. Single/Onion09553.jpg,2,healthy white onion,healthy,white onion,single,54544241b8b5830d116ef80541bf8704,ac8c9a33616ece96,576,768,576,1149
1. Healthy/1. Red Onion/1. Single/Onion05397.jpg,0,healthy red onion,healthy,red onion,single,d09408f2b606ce4bf87a8c1435437462,cc9353668e99ac63,1024,768,16,36
1. Healthy/2. White Onion/2. Multiple/Onion12084.jpg,2,healthy white onion,healthy,white onion,multiple,7e9a539583b8a10b2bee946d5f9ae348,c8b64f4cb59358b1,1024,768,756,1721
2. Unhealthy/2. White Onion/1. Single/Onion14710.jpg,3,unhealthy white onion,unhealthy,white onion,single,13bba7ab8e5d5564b71fa885b06c76bb,ce9a314bce0c2767,1024,768,815,1931
2. Unhealthy/1. Red Onion/2. Multiple/Onion13998.jpg,1,unhealthy red onion,unhealthy,red onion,multiple,6f434a84fa48e769592670a53287b3c3,b67193c66d993066,576,768,389,942
2. Unhealthy/1. Red Onion/1. Single/Onion12370.jpg,1,unhealthy red onion,unhealthy,red onion,single,c1151b114b78ddb111298ea206da21dd,bfc03f10c9e61a39,576,768,300,724
1. Healthy/2. White Onion/1. Single/Onion10575.jpg,2,healthy white onion,healthy,white onion,single,2c5a9c28bc031ada276b5eef41d15e1d,8ccc3233cbd9cccc,1024,768,403,968
1. Healthy/2. White Onion/1. Single/Onion08319.jpg,2,healthy white onion,healthy,white onion,single,7067ee0ac8bf2eeec60f6249317abb35,d2b64d4a126d6a5b,1024,768,431,1068
1. Healthy/1. Red Onion/1. Single/Onion05689.jpg,0,healthy red onion,healthy,red onion,single,c1f2cc1fdb39e8eb9454c218fcdaae7b,e5989629d966d2ac,1024,768,2,3
1. Healthy/1. Red Onion/2. Multiple/Onion08106.jpg,0,healthy red onion,healthy,red onion,multiple,60664a5b2c9196b0b910653b17d4ff20,91c61f55c44af399,1024,768,273,621
1. Healthy/2. White Onion/1. Single/Onion09264.jpg,2,healthy white onion,healthy,white onion,single,77b97366b0af86d82aa0c221837c573e,d92666999966279a,1024,768,457,1165
1. Healthy/2. White Onion/2. Multiple/Onion12156.jpg,2,healthy white onion,healthy,white onion,multiple,0035b1c4d8b50f39c801bf8e3444edd5,c2af69e347913433,1024,768,757,1733
2. Unhealthy/1. Red Onion/1. Single/Onion12565.jpg,1,unhealthy red onion,unhealthy,red onion,single,4fe4e074b5ba268abaa059d4179a487b,b8dfc03707d819c6,576,768,330,811
2. Unhealthy/2. White Onion/2. Multiple/Onion15521.jpg,3,unhealthy white onion,unhealthy,white onion,multiple,d91f5a1407a7938b6d3a5c5ea65fe8b5,f99e4242bf31654c,1024,768,937,2155
2. Unhealthy/1. Red Onion/2. Multiple/Onion13337.jpg,1,unhealthy red onion,unhealthy,red onion,multiple,48e24b77c9d639d47b24e308c670c7a0,f4d2cfad19147213,1024,768,393,943
1. Healthy/2. White Onion/2. Multiple/Onion12229.jpg,2,healthy white onion,healthy,white onion,multiple,adc7a320025d7852c471e4194282453a,c2b3ac5e1966d331,1024,768,764,1727
1. Healthy/2. White Onion/2. Multiple/Onion11371.jpg,2,healthy white onion,healthy,white onion,multiple,efa1a0ad3506e3deaeb27a312107e4e4,e39c91a65cc99653,1024,768,757,1726
1. Healthy/2. White Onion/1. Single/Onion09089.jpg,2,healthy white onion,healthy,white onion,single,48ee16f8f4c76ea2ce006d1104349970,da65619a35699666,576,768,434,1104
1. Healthy/2. White Onion/1. Single/Onion10304.jpg,2,healthy white onion,healthy,white onion,single,3690dda71339fe134fa591568f01a12b,b045cf45397d4743,576,768,576,1239
1. Healthy/1. Red Onion/1. Single/Onion05278.jpg,0,healthy red onion,healthy,red onion,single,46bf1dcdec04a591ca754fdc77ba05dd,f4769383ccad8782,1024,768,39,107
1. Healthy/2. White Onion/2. Multiple/Onion11352.jpg,2,healthy white onion,healthy,white onion,multiple,4afa73b0bebb6feb8fe09adbe565a842,9d2539cd66d2c664,1024,768,757,1725
1. Healthy/2. White Onion/1. Single/Onion08871.jpg,2,healthy white onion,healthy,white onion,single,2670734887f8e90aa01950fd810e9c03,d2e56c92916c56b5,1024,768,459,977
2. Unhealthy/2. White Onion/2. Multiple/Onion15729.jpg,3,unhealthy white onion,unhealthy,white onion,multiple,6884d1e254e22396d6d7af0d20ca1a79,81ead5ba36ec191c,1024,768,945,2152
2. Unhealthy/1. Red Onion/2. Multiple/Onion13754.jpg,1,unhealthy red onion,unhealthy,red onion,multiple,8aa3015e1ca491d4dc8d1696d6fd1574,f1fcf6e0e1248893,1024,768,389,931
1. Healthy/1. Red Onion/2. Multiple/Onion07988.jpg,0,healthy red onion,healthy,red onion,multiple,43df2cdad8c20b3258edce080be9878d,f4abc0558f79b0c4,1024,768,273,629
2. Unhealthy/1. Red Onion/1. Single/Onion13040.jpg,1,unhealthy red onion,unhealthy,red onion,single,2e09fc3527490091adc2595a16a690fc,d6b0bb524c5c3333,1024,768,305,700
2. Unhealthy/2. White Onion/1. Single/Onion14880.jpg,3,unhealthy white onion,unhealthy,white onion,single,3fdb6667c4e33c7efb54b85cf0c8b0ca,b0cc9f33c2c9cc36,576,768,849,1986
2. Unhealthy/1. Red Onion/2. Multiple/Onion13897.jpg,1,unhealthy red onion,unhealthy,red onion,multiple,3a649af16a22e6c265c0f628daade2f3,e1f0969cc9c347cc,1024,768,389,931
1. Healthy/2. White Onion/2. Multiple/Onion11622.jpg,2,healthy white onion,healthy,white onion,multiple,90e528b4a6bc89caaa16758bee3be4d0,85343a297b66b49e,1024,768,757,1730
2. Unhealthy/2. White Onion/2. Multiple/Onion16227.jpg,3,unhealthy white onion,unhealthy,white onion,multiple,88d2aa77430eb0cda40d5870af03c6fe,ff502905708fc87e,576,768,945,2178
1. Healthy/2. White Onion/2. Multiple/Onion12256.jpg,2,healthy white onion,healthy,white onion,multiple,8dc37b826d20bdf51affed116d0a92d1,97da4d1b26663649,1024,768,769,1775
1. Healthy/2. White Onion/1. Single/Onion09175.jpg,2,healthy white onion,healthy,white onion,single,eca613b33e9a284250481f5cb640a039,bbd7cc3c7a2a210a,1024,768,459,1008
1. Healthy/2. White Onion/2. Multiple/Onion11882.jpg,2,healthy white onion,healthy,white onion,multiple,6bb2145c89e93f2a1e305c54049fc390,c8c1c46c3fab8fd0,1024,768,763,1768
1. Healthy/2. White Onion/1. Single/Onion10668.jpg,2,healthy white onion,healthy,white onion,single,cec3d55b261fb4b9baf6cc37d3483a57,c783383de2c11be3,1024,768,492,990
2. Unhealthy/2. White Onion/1. Single/Onion14848.jpg,3,unhealthy white onion,unhealthy,white onion,single,0b1f43114b3fea8f061b6e2c8f4e34f4,c7783885c75e8e25,576,768,791,1887
2. Unhealthy/2. White Onion/1. Single/Onion14314.jpg,3,unhealthy white onion,unhealthy,white onion,single,023e00c7e434a686ff0bb9dff561c1c3,f1f192840dffe105,1024,768,786,1825
1. Healthy/1. Red Onion/1. Single/Onion06436.jpg,0,healthy red onion,healthy,red onion,single,e6f2afbf434827c7c4442a6544287de1,dcb5f38c8c38e342,1024,768,23,51
1. Healthy/2. White Onion/1. Single/Onion09647.jpg,2,healthy white onion,healthy,white onion,single,a5ac1756e433f7629ecb97fd3f0f874e,d3678d9b2166926c,1024,768,404,975
2. Unhealthy/1. Red Onion/1. Single/Onion13260.jpg,1,unhealthy red onion,unhealthy,red onion,single,f3951fbd3da5cd5977e5704c00978612,e49cdb33668cdca0,1024,768,305,712
2. Unhealthy/1. Red Onion/1. Single/Onion13150.jpg,1,unhealthy red onion,unhealthy,red onion,single,9af4a51ecd03d41a1f49fd5ee19ae8b0,cc6403d8beb35c66,1024,768,309,699
1. Healthy/2. White Onion/1. Single/Onion08297.jpg,2,healthy white onion,healthy,white onion,single,dccb234513423504da8b6d69ba8f3084,991bc76626656a36,1024,768,423,1055
2. Unhealthy/2. White Onion/1. Single/Onion15169.jpg,3,unhealthy white onion,unhealthy,white onion,single,f0dd49b235e1cfb859347df10dd8430c,d41a274a63ee6d29,1024,768,874,2125
1. Healthy/1. Red Onion/1. Single/Onion04726.jpg,0,healthy red onion,healthy,red onion,single,44ca008e4700a67d9feedb95015d12a9,9db8468fc2b13f28,1024,768,2,73
2. Unhealthy/1. Red Onion/1. Single/Onion12409.jpg,1,unhealthy red onion,unhealthy,red onion,single,4f3efd1a9247cb94779990b72f08ba96,bcc3c33c2cf3318c,576,768,276,747
1. Healthy/2. White Onion/2. Multiple/Onion11515.jpg,2,healthy white onion,healthy,white onion,multiple,b4105588b2dcd885fcbd6e27865e7977,c68b15c4b49bfc31,1024,768,757,1726
2. Unhealthy/1. Red Onion/2. Multiple/Onion14018.jpg,1,unhealthy red onion,unhealthy,red onion,multiple,9508bb75ceee391302a314655dbfd20e,d6e7843972978447,576,768,391,936
2. Unhealthy/1. Red Onion/2. Multiple/Onion13746.jpg,1,unhealthy red onion,unhealthy,red onion,multiple,ae27591cebfeb9894d44eaa8030618ba,e1d6cd69b084b3b4,1024,768,393,943
2. Unhealthy/1. Red Onion/1. Single/Onion12761.jpg,1,unhealthy red onion,unhealthy,red onion,single,54db19f87404e945730069dd1e4d2e9c,e6c59930279ea669,1024,768,291,696
2. Unhealthy/2. White Onion/2. Multiple/Onion15328.jpg,3,unhealthy white onion,unhealthy,white onion,multiple,9bd6b3432e1eab7e24971ce9ec970a3a,b3bc0cc37c32c33c,1024,768,938,2157
1. Healthy/2. White Onion/1. Single/Onion09385.jpg,2,healthy white onion,healthy,white onion,single,1fb9c96a253cd2a4eab84857fa244932,9b9bc161388cc773,1024,768,553,1375
1. Healthy/1. Red Onion/1. Single/Onion05756.jpg,0,healthy red onion,healthy,red onion,single,2898f7fa6e1efd3086d7464e96baaefe,bfc9cc482783583e,576,768,2,25
2. Unhealthy/1. Red Onion/2. Multiple/Onion13912.jpg,1,unhealthy red onion,unhealthy,red onion,multiple,d222e6d875c272fd86be199d3a7852b7,e369cba15dc68293,1024,768,389,931
2. Unhealthy/1. Red Onion/2. Multiple/Onion13303.jpg,1,unhealthy red onion,unhealthy,red onion,multiple,e8d67a6d5afc1ebe5220d1a56700ede6,c5976a2c9ccaccb4,1024,768,389,935
2. Unhealthy/2. White Onion/2. Multiple/Onion15471.jpg,3,unhealthy white onion,unhealthy,white onion,multiple,4c99ffb9aa276253b618b2d88d82af08,ce693096cb4e9669,576,768,939,2164
2. Unhealthy/2. White Onion/2. Multiple/Onion16210.jpg,3,unhealthy white onion,unhealthy,white onion,multiple,4ea449139b7ec4048eced2c39415379a,a1525a1e27e1d5b3,1024,768,940,2166
2. Unhealthy/2. White Onion/2. Multiple/Onion15666.jpg,3,unhealthy white onion,unhealthy,white onion,multiple,1b8f239f29f5bd71483e50123cab9c8c,84647b3f61d60e8b,576,768,939,2228
1. Healthy/2. White Onion/1. Single/Onion09001.jpg,2,healthy white onion,healthy,white onion,single,3df0cd9e67855b86992d371b658e2ab6,cb87d74b6a2460f1,1024,768,419,1162
2. Unhealthy/2. White Onion/1. Single/Onion14930.jpg,3,unhealthy white onion,unhealthy,white onion,single,a184e10fcb6dc9912706a88b1da778a7,f51b8c8f3333cc0c,1024,768,872,2082
1. Healthy/2. White Onion/1. Single/Onion09422.jpg,2,healthy white onion,healthy,white onion,single,be84aecc98e8b0ed217ebf505f12f79a,8ef238cece3a8331,1024,768,506,1174
2. Unhealthy/2. White Onion/2. Multiple/Onion15558.jpg,3,unhealthy white onion,unhealthy,white onion,multiple,d76a9ae34eeb9ffa5b9ed00512074197,986b6b66655872a6,1024,768,937,2208
2. Unhealthy/2. White Onion/1. Single/Onion14940.jpg,3,unhealthy white onion,unhealthy,white onion,single,ad6471e6ccd733e9e48abd3840970a11,991e47c1c2e666dc,1024,768,782,1880
2. Unhealthy/1. Red Onion/2. Multiple/Onion14088.jpg,1,unhealthy red onion,unhealthy,red onion,multiple,6826328eea4a33ea78c660bdc64cdec7,a0fb450e0bf39956,1024,768,392,937
1. Healthy/1. Red Onion/1. Single/Onion06021.jpg,0,healthy red onion,healthy,red onion,single,6628777d0b71a600e8b49235f44d27fd,f3c99cb226cc496c,1024,768,2,50
1. Healthy/1. Red Onion/1. Single/Onion04211.jpg,0,healthy red onion,healthy,red onion,single,15c5bb54db2f190e0e2a52568a2cf029,b6ccc9333d8d8632,576,768,2,114
1. Healthy/2. White Onion/1. Single/Onion10501.jpg,2,healthy white onion,healthy,white onion,single,e36f014b3e71c16f154addd1951442ab,b949c5746673309e,1024,768,624,1532
1. Healthy/1. Red Onion/1. Single/Onion06960.jpg,0,healthy red onion,healthy,red onion,single,28ac49960b2bef64f09b1830a178c391,d926a69999623e8d,1024,768,15,282
2. Unhealthy/2. White Onion/2. Multiple/Onion15852.jpg,3,unhealthy white onion,unhealthy,white onion,multiple,5f1402245c8bafc4a9a6c1133a5d8ef4,9287f9163d63388d,1024,768,942,2158
2. Unhealthy/2. White Onion/2. Multiple/Onion15930.jpg,3,unhealthy white onion,unhealthy,white onion,multiple,3f4dee95ccc3b758bc41ac13a0365d43,eb99b0c624b4c6e6,1024,768,950,2169
1. Healthy/1. Red Onion/1. Single/Onion06270.jpg,0,healthy red onion,healthy,red onion,single,04f70d2f0f19221f064c42aaf43d4103,b9ccc63c98736187,1024,768,0,0
2. Unhealthy/2. White Onion/2. Multiple/Onion16021.jpg,3,unhealthy white onion,unhealthy,white onion,multiple,168cd193c60045218a0b0587232a26c1,c6683e9d5a2e271a,1024,768,950,2197
1. Healthy/2. White Onion/2. Multiple/Onion11362.jpg,2,healthy white onion,healthy,white onion,multiple,9bb4b4b8b640cb7c749e51eb913e75f8,f796089552a5c747,1024,768,764,1727
1. Healthy/1. Red Onion/1. Single/Onion05212.jpg,0,healthy red onion,healthy,red onion,single,c9ed7e53bc421488570697aaac3cd97b,e989522611ddd8ee,1024,768,23,394
2. Unhealthy/2. White Onion/1. Single/Onion14447.jpg,3,unhealthy white onion,unhealthy,white onion,single,2f97dd3c461762c58319d79eeb81bb10,f133338ccc3330db,1024,768,817,1910
2. Unhealthy/1. Red Onion/2. Multiple/Onion13484.jpg,1,unhealthy red onion,unhealthy,red onion,multiple,e385cbf1f97fbc6279b3f6e45dc4ecee,bd30d2c9d2d1d1c3,1024,768,389,931
2. Unhealthy/1. Red Onion/2. Multiple/Onion14044.jpg,1,unhealthy red onion,unhealthy,red onion,multiple,ffa8efe3747b4a97c68ac1ba74e5c179,ce850e4d99863ccf,576,768,389,945
1. Healthy/1. Red Onion/2. Multiple/Onion07650.jpg,0,healthy red onion,healthy,red onion,multiple,203b350ff995b598cf83b9010c7d0106,a5e7969466989ae2,1024,768,273,619
1. Healthy/2. White Onion/1. Single/Onion09041.jpg,2,healthy white onion,healthy,white onion,single,f1f8d4744aa0feb4effec4af51472f5c,e8de3673cbc03407,576,768,492,1085
1. Healthy/1. Red Onion/1. Single/Onion06036.jpg,0,healthy red onion,healthy,red onion,single,11263deab2273dd3da11b30f40b8dad1,cbad24b4c8d362cd,576,768,16,36
1. Healthy/1. Red Onion/1. Single/Onion04947.jpg,0,healthy red onion,healthy,red onion,single,4b9c0b72d1a92af46ef1b4a0a26e7b26,d94926379a9ca4d9,1024,768,15,89
1. Healthy/1. Red Onion/1. Single/Onion06817.jpg,0,healthy red onion,healthy,red onion,single,7170763c49bf754c3ada3d8f0bf07576,d962269d8cf3922e,1024,768,2,19
1. Healthy/1. Red Onion/2. Multiple/Onion07960.jpg,0,healthy red onion,healthy,red onion,multiple,92d081ab772adec06a867ce61360050c,b41919e3cec6998e,1024,768,272,620
1. Healthy/2. White Onion/2. Multiple/Onion12173.jpg,2,healthy white onion,healthy,white onion,multiple,b42d67d51ed80ba8c4ebcbc2f809ddb1,c5017077256b4f76,1024,768,757,1722
1. Healthy/1. Red Onion/1. Single/Onion05934.jpg,0,healthy red onion,healthy,red onion,single,610e659d481c833f6235d34ba1b5c97e,e798d87561966698,1024,768,2,68
1. Healthy/2. White Onion/1. Single/Onion10334.jpg,2,healthy white onion,healthy,white onion,single,c6a1d7c840ba4ff301cfff26347ceddc,cec53b32ccc53326,576,768,506,1171
1. Healthy/2. White Onion/1. Single/Onion09712.jpg,2,healthy white onion,healthy,white onion,single,4efa76dc96bd81de8b6e34f60c80c6dd,e0cb3fb0c0271f78,576,768,434,1007
1. Healthy/2. White Onion/2. Multiple/Onion12132.jpg,2,healthy white onion,healthy,white onion,multiple,2991e49c5caabdcb3095d0b01a9a13db,c09f90639fb1354e,1024,768,763,1768
1. Healthy/2. White Onion/1. Single/Onion10077.jpg,2,healthy white onion,healthy,white onion,single,c7f3f23fb9bc30323a419d472d1149d6,9a6565989c9b9b64,1024,768,403,1438
1. Healthy/2. White Onion/1. Single/Onion10384.jpg,2,healthy white onion,healthy,white onion,single,d09f2678564124a9b8623c5996354bf6,9415637394cd6b5a,576,768,576,1123
2. Unhealthy/1. Red Onion/1. Single/Onion12600.jpg,1,unhealthy red onion,unhealthy,red onion,single,86ac73b331c28d0f20b5aa10f5cdf8c5,e5b8b360f16387e0,1024,768,336,821
1. Healthy/1. Red Onion/2. Multiple/Onion07115.jpg,0,healthy red onion,healthy,red onion,multiple,4fa6a209107d2a5c28f95c4873dbc8cd,eb96c06d9663c81d,576,768,273,622
2. Unhealthy/1. Red Onion/2. Multiple/Onion13346.jpg,1,unhealthy red onion,unhealthy,red onion,multiple,5345ac9b12560a33e479f4bcb2f8bb43,92ec0f71ac898773,576,768,389,945
1. Healthy/1. Red Onion/1. Single/Onion04987.jpg,0,healthy red onion,healthy,red onion,single,a1587e1c7b85fd66bd990b9318bcf21c,d253acad49999276,1024,768,16,36
2. Unhealthy/1. Red Onion/2. Multiple/Onion13272.jpg,1,unhealthy red onion,unhealthy,red onion,multiple,d1ec5a6dddb01d386f5fda317adfa4f2,a9358182fcdad2bc,1024,768,389,931
1. Healthy/1. Red Onion/2. Multiple/Onion07917.jpg,0,healthy red onion,healthy,red onion,multiple,458310ab28373d9d8c1e242e33465bd5,d9b693dcca2706c8,1024,768,273,625
1. Healthy/2. White Onion/1. Single/Onion09250.jpg,2,healthy white onion,healthy,white onion,single,66ddba985002bb7950434fc009256679,88c3663d3bb2c1cb,576,768,441,1053
1. Healthy/1. Red Onion/1. Single/Onion05829.jpg,0,healthy red onion,healthy,red onion,single,10d0b51d6fd214babc1b863e6bba7cbe,b2a4cd9b72cc2333,1024,768,20,168
1. Healthy/1. Red Onion/1. Single/Onion04813.jpg,0,healthy red onion,healthy,red onion,single,526c12f62857982a0776d86cd2a63f9b,e454d2586e9b8a6b,1024,768,11,23
1. Healthy/2. White Onion/1. Single/Onion09392.jpg,2,healthy white onion,healthy,white onion,single,b9d8e509d164b04b7d9c440d318a2b95,9bd064e39867929e,1024,768,441,1187
1. Healthy/1. Red Onion/1. Single/Onion06819.jpg,0,healthy red onion,healthy,red onion,single,b64b3a036a4a75a143b7374bc351cc28,e49f90652b6ec439,1024,768,131,30
1. Healthy/2. White Onion/1. Single/Onion10594.jpg,2,healthy white onion,healthy,white onion,single,9349a946b229774a25fdba7b9bcd2762,d9a126da5c8193d7,1024,768,423,1055
1. Healthy/2. White Onion/1. Single/Onion10635.jpg,2,healthy white onion,healthy,white onion,single,cbdcd6d8d640fe356e6604a03bf9c378,98ca6665989e6b69,1024,768,459,1021
2. Unhealthy/2. White Onion/2. Multiple/Onion15764.jpg,3,unhealthy white onion,unhealthy,white onion,multiple,dbcac4062fd00a46dd6fa70f60ead4e5,f795806298bd3d26,1024,768,950,2149
1. Healthy/1. Red Onion/1. Single/Onion05191.jpg,0,healthy red onion,healthy,red onion,single,e3f4320561c5329b7bd472191c0cb406,e45b9b640bf80f64,1024,768,143,389
1. Healthy/1. Red Onion/2. Multiple/Onion07045.jpg,0,healthy red onion,healthy,red onion,multiple,4566576472be826a48d27325b466f2a8,e8798d4356c587a5,576,768,273,622
2. Unhealthy/2. White Onion/2. Multiple/Onion15623.jpg,3,unhealthy white onion,unhealthy,white onion,multiple,62931a75b11037029e34a1b558b2df80,c6a998936bb69c4a,576,768,938,2157
2. Unhealthy/2. White Onion/2. Multiple/Onion16184.jpg,3,unhealthy white onion,unhealthy,white onion,multiple,bab759942f8ccd41d1f7fcf073a191f9,f34986150dc39b37,1024,768,943,2207
1. Healthy/2. White Onion/2. Multiple/Onion11776.jpg,2,healthy white onion,healthy,white onion,multiple,aac1cf31096ffacaac69eaca1c123d37,f91e96ec8c1998b2,1024,768,764,1727
1. Healthy/2. White Onion/1. Single/Onion08255.jpg,2,healthy white onion,healthy,white onion,single,28adb9f5e5f4525d1c9be5fdc7b7aa61,cf993064c3338ecd,1024,768,403,1034
1. Healthy/1. Red Onion/2. Multiple/Onion07541.jpg,0,healthy red onion,healthy,red onion,multiple,3cab1e170161eeb55fd9a97a376f7773,c4ea712334cccbb3,1024,768,273,621
1. Healthy/1. Red Onion/2. Multiple/Onion07689.jpg,0,healthy red onion,healthy,red onion,multiple,5162590b26ee88eacd1b0d604c7314bb,e41995643a69e793,1024,768,273,630
2. Unhealthy/2. White Onion/2. Multiple/Onion15933.jpg,3,unhealthy white onion,unhealthy,white onion,multiple,b0974ba88646626cc2a3cff58f21523f,e667998c66193565,1024,768,943,2172
2. Unhealthy/2. White Onion/1. Single/Onion14323.jpg,3,unhealthy white onion,unhealthy,white onion,single,41ae10bd02c6e4ed2211f9861327ed79,92ec7e878543707c,576,768,789,1833
2. Unhealthy/2. White Onion/2. Multiple/Onion15701.jpg,3,unhealthy white onion,unhealthy,white onion,multiple,9a6c8394fb9e1881172fd2ab43649283,e9d993b29c4f2701,1024,768,950,2153
1. Healthy/2. White Onion/1. Single/Onion09988.jpg,2,healthy white onion,healthy,white onion,single,f9eb954e87ea9b72a22eab912a6069e0,b9ce6638838cee32,1024,768,576,1017
2. Unhealthy/2. White Onion/2. Multiple/Onion15947.jpg,3,unhealthy white onion,unhealthy,white onion,multiple,74ff0541b4e19dd6ff0a92ccc8b8de33,85834b7c3c27c5d3,1024,768,940,2166
2. Unhealthy/1. Red Onion/2. Multiple/Onion14175.jpg,1,unhealthy red onion,unhealthy,red onion,multiple,3ca1ce5242657a28e87f611c3f0e4809,b739d2c64d9c6283,576,768,389,942
1. Healthy/2. White Onion/2. Multiple/Onion11807.jpg,2,healthy white onion,healthy,white onion,multiple,a551c406c14fc3768eaa4f5c6dea8fd3,c052964dadfc6693,1024,768,756,1721
1. Healthy/2. White Onion/1. Single/Onion09476.jpg,2,healthy white onion,healthy,white onion,single,24151864e3b3de8d4e0476404b992f21,b8c5c73b3c61cb0c,576,768,609,997
1. Healthy/1. Red Onion/1. Single/Onion07017.jpg,0,healthy red onion,healthy,red onion,single,9138f008b38c7435b664db9e18f757e0,e48e9b7983664cb8,1024,768,2,38
1. Healthy/2. White Onion/2. Multiple/Onion11197.jpg,2,healthy white onion,healthy,white onion,multiple,a9a9dee6a765b5f8d01e0fc87c5ff174,c3e41d0e3bc86cbc,1024,768,757,1722
1. Healthy/2. White Onion/1. Single/Onion10197.jpg,2,healthy white onion,healthy,white onion,single,05671fd36de8b5c3c61f2501eed45b32,992666d9986798f2,1024,768,506,1014
1. Healthy/2. White Onion/1. Single/Onion08174.jpg,2,healthy white onion,healthy,white onion,single,c235c0759b20d5c7a291e6a48e076285,c9363ec1263ed0cd,576,768,408,983
2. Unhealthy/2. White Onion/1. Single/Onion14361.jpg,3,unhealthy white onion,unhealthy,white onion,single,d9eb05d748e48aad7c27cdb416141487,c0d09f07383c9fbc,1024,768,781,1857
1. Healthy/1. Red Onion/1. Single/Onion05707.jpg,0,healthy red onion,healthy,red onion,single,49d2a20754fc039a2cbb2616fc569f0f,d96e249c939b9964,1024,768,66,177
1. Healthy/2. White Onion/1. Single/Onion09371.jpg,2,healthy white onion,healthy,white onion,single,8823289420351046f07115604454b55e,c43b3bc1cc273939,576,768,403,1001
2. Unhealthy/1. Red Onion/2. Multiple/Onion13435.jpg,1,unhealthy red onion,unhealthy,red onion,multiple,32bc7c252ae1a15f17f6efb97abf26e0,b6f1cb966d893064,576,768,389,942
1. Healthy/1. Red Onion/1. Single/Onion04484.jpg,0,healthy red onion,healthy,red onion,single,caa93b1d6c8d3511cd678335289a60bc,8dd03630d98f667c,576,768,148,20
1. Healthy/1. Red Onion/1. Single/Onion04514.jpg,0,healthy red onion,healthy,red onion,single,4990798aa2efd5f9f559032511ddcd22,b9b026c919e636d9,576,768,2,78
1. Healthy/2. White Onion/1. Single/Onion10738.jpg,2,healthy white onion,healthy,white onion,single,f9d1a49e52d6e157e95b81b64a542fcf,ebe965b594929262,1024,768,576,1122
1. Healthy/2. White Onion/1. Single/Onion08187.jpg,2,healthy white onion,healthy,white onion,single,23cbb2cb4036fd453e2215c38a5e7ffb,da65c69a6926da98,1024,768,410,995
2. Unhealthy/1. Red Onion/2. Multiple/Onion13970.jpg,1,unhealthy red onion,unhealthy,red onion,multiple,adf5d08e3706f5f2aea3dd68a309ae1e,edb4d2428e2dcb86,1024,768,393,938
1. Healthy/2. White Onion/1. Single/Onion08541.jpg,2,healthy white onion,healthy,white onion,single,a9f000b27a0028db435a98dddd070747,8dad72328b93cccc,1024,768,679,1151
2. Unhealthy/2. White Onion/2. Multiple/Onion15494.jpg,3,unhealthy white onion,unhealthy,white onion,multiple,639a50ac790c7c5a461cb9440ed6a0f0,eb942cc39b9066cd,1024,768,950,2169
2. Unhealthy/2. White Onion/1. Single/Onion14341.jpg,3,unhealthy white onion,unhealthy,white onion,single,a3a5df929f3ad05a3a4ee6ba51cb3428,96c86995d65a5969,576,768,792,1844
1. Healthy/2. White Onion/2. Multiple/Onion11732.jpg,2,healthy white onion,healthy,white onion,multiple,a3eb5d069da0ecef7c2bbbe05f5f7231,a6cc78c33990e673,576,768,771,1718
1. Healthy/2. White Onion/1. Single/Onion10277.jpg,2,healthy white onion,healthy,white onion,single,63972684dabb27b1cc774e06d08fae15,cb7518832d1e353b,576,768,614,1514
1. Healthy/1. Red Onion/1. Single/Onion06447.jpg,0,healthy red onion,healthy,red onion,single,05f9e6804f169719de03fc48bf217656,d999917373246723,1024,768,15,193
1. Healthy/1. Red Onion/2. Multiple/Onion08013.jpg,0,healthy red onion,healthy,red onion,multiple,497843633937a0c83569cde958e89b4b,9dd347a53688a33a,1024,768,273,621
1. Healthy/2. White Onion/1. Single/Onion08352.jpg,2,healthy white onion,healthy,white onion,single,eac49d72dacc1fbc61082d6c97bb0475,c6c433333939e798,1024,768,401,965
1. Healthy/2. White Onion/1. Single/Onion10889.jpg,2,healthy white onion,healthy,white onion,single,4cf591c1ba218c6a2803b9e3d79995e7,d82323ce8c39c767,576,768,702,1642
1. Healthy/2. White Onion/1. Single/Onion10645.jpg,2,healthy white onion,healthy,white onion,single,0630322b710a15a0fca26adf154654c1,dc1d616786199877,576,768,434,1079
1. Healthy/2. White Onion/1. Single/Onion11054.jpg,2,healthy white onion,healthy,white onion,single,fdb850e929e8829cfb4a1b48e578a1f7,d0e5a7986a679c94,576,768,660,1606
1. Healthy/2. White Onion/2. Multiple/Onion11526.jpg,2,healthy white onion,healthy,white onion,multiple,fa5871c4f5df4e00677e96a1abfbfc5d,840cddd862ff8c39,1024,768,767,1770
2. Unhealthy/1. Red Onion/1. Single/Onion12516.jpg,1,unhealthy red onion,unhealthy,red onion,single,cebe1bf101e0690e0ac4e3933362e215,f68ad9e226998927,1024,768,305,746
1. Healthy/1. Red Onion/2. Multiple/Onion07236.jpg,0,healthy red onion,healthy,red onion,multiple,3427a0130cdf745a1c2d7f59169f7f45,c7cb2d7c1836c18d,1024,768,273,619
1. Healthy/2. White Onion/1. Single/Onion11002.jpg,2,healthy white onion,healthy,white onion,single,ff555a23521c91ae18aeb1964f115229,ef8a347043cf243e,576,768,722,1673
1. Healthy/2. White Onion/2. Multiple/Onion11247.jpg,2,healthy white onion,healthy,white onion,multiple,53e46ee493afd689edcd3f86a2ba2605,921e06ef09b39976,1024,768,764,1727
1. Healthy/1. Red Onion/2. Multiple/Onion08063.jpg,0,healthy red onion,healthy,red onion,multiple,3e7c7eb1e3495de68977f322fd1f6e2b,b4191de7ccc31c2e,1024,768,272,620
2. Unhealthy/2. White Onion/1. Single/Onion14426.jpg,3,unhealthy white onion,unhealthy,white onion,single,11ca0abef13b6dca8106f4976aa04b80,92936d6a4adc4d2d,1024,768,791,1832
1. Healthy/1. Red Onion/1. Single/Onion05108.jpg,0,healthy red onion,healthy,red onion,single,6e4739f190ede73dc04b2b917f57248d,b4f9c3c32c2c53a3,576,768,15,372
1. Healthy/2. White Onion/1. Single/Onion10295.jpg,2,healthy white onion,healthy,white onion,single,28c39c507401db55da45c769261da605,863f38c6ce3a5ec0,576,768,434,1515
1. Healthy/1. Red Onion/1. Single/Onion04942.jpg,0,healthy red onion,healthy,red onion,single,d149f5fab39127b4ecee83a92267a689,c92636d923a82cfb,1024,768,10,22
1. Healthy/1. Red Onion/2. Multiple/Onion07360.jpg,0,healthy red onion,healthy,red onion,multiple,d73544c06121aba830959bb398ee5639,bdc6d21d4db0c41b,1024,768,273,629
1. Healthy/1. Red Onion/1. Single/Onion06281.jpg,0,healthy red onion,healthy,red onion,single,c704771a08115c3fac6aae582c4288ed,e46397cc98338967,1024,768,15,31
1. Healthy/2. White Onion/1. Single/Onion10354.jpg,2,healthy white onion,healthy,white onion,single,8b3782aafb54f0165649d2c6d9b4fdf5,c84b739c9c3333cc,1024,768,609,1032
1. Healthy/1. Red Onion/1. Single/Onion05323.jpg,0,healthy red onion,healthy,red onion,single,9429eb2356c70a35c557ee3b5057ba2a,e4d5d3656691c651,1024,768,11,23
2. Unhealthy/1. Red Onion/1. Single/Onion12796.jpg,1,unhealthy red onion,unhealthy,red onion,single,32ec27b0c92beba92d75baf46867f19a,b2cc89366ed9b2c8,1024,768,305,658
2. Unhealthy/1. Red Onion/2. Multiple/Onion13869.jpg,1,unhealthy red onion,unhealthy,red onion,multiple,cd8ef187eeb8f83416e7bd54decf3951,8be22e0d39b3c2e6,576,768,389,930
1. Healthy/2. White Onion/1. Single/Onion10268.jpg,2,healthy white onion,healthy,white onion,single,8155e73377948e93473036cddb3785ee,cdb83a46ce3265cc,576,768,401,1051
2. Unhealthy/1. Red Onion/2. Multiple/Onion14065.jpg,1,unhealthy red onion,unhealthy,red onion,multiple,5b9bceaf4f7d25ba7f1e7403031d2bc8,f83c872798e74916,576,768,389,931
1. Healthy/1. Red Onion/1. Single/Onion06704.jpg,0,healthy red onion,healthy,red onion,single,8b2d8614a1ac782f806f4581bfe25b78,b1ced671c75a1461,576,768,2,25
1. Healthy/2. White Onion/1. Single/Onion10638.jpg,2,healthy white onion,healthy,white onion,single,7f0d694b9a9715f833144e391872fe82,e6a79b19346cc383,576,768,576,1013
2. Unhealthy/2. White Onion/2. Multiple/Onion15912.jpg,3,unhealthy white onion,unhealthy,white onion,multiple,1eb9ee4d5d0607851381feb7633e6e78,819e0c63983edfe4,1024,768,937,2155
2. Unhealthy/2. White Onion/1. Single/Onion14422.jpg,3,unhealthy white onion,unhealthy,white onion,single,57d56156e427c8218e5724ec7f2df420,d8e461ccced94966,1024,768,848,1895
2. Unhealthy/2. White Onion/1. Single/Onion15093.jpg,3,unhealthy white onion,unhealthy,white onion,single,1f848e51cf5efc555c9dc7c3cb78d276,c664b1b3435839db,1024,768,903,1843
2. Unhealthy/2. White Onion/1. Single/Onion14663.jpg,3,unhealthy white onion,unhealthy,white onion,single,cb8f98cebd02c4099461467788530ac0,9b986363636c6497,1024,768,791,1848
2. Unhealthy/2. White Onion/1. Single/Onion14591.jpg,3,unhealthy white onion,unhealthy,white onion,single,bbe6dea49b2ed2cbb635f3c3761932b2,cef63c982388d4f1,1024,768,847,1982
1. Healthy/1. Red Onion/2. Multiple/Onion07096.jpg,0,healthy red onion,healthy,red onion,multiple,b7d544d4de823287d620da0ffd5c8ae4,eda3c4944fd8b843,1024,768,273,619
1. Healthy/1. Red Onion/1. Single/Onion04608.jpg,0,healthy red onion,healthy,red onion,single,c563065ecef60317923ecb0ae82b3608,ed6c92936d6c8493,1024,768,20,255
1. Healthy/1. Red Onion/2. Multiple/Onion07141.jpg,0,healthy red onion,healthy,red onion,multiple,5dd813450c559ffb2fe603b501d7a29f,d00eadad1b9be44a,1024,768,273,625
1. Healthy/2. White Onion/1. Single/Onion09223.jpg,2,healthy white onion,healthy,white onion,single,28d6e58530f78ef7ad38a81deee65c00,ccd0b69dc9694569,1024,768,425,1057
1. Healthy/2. White Onion/1. Single/Onion08816.jpg,2,healthy white onion,healthy,white onion,single,3db93822d359a06ae77115d4781c7dd4,d964569b6d659486,1024,768,576,1013
1. Healthy/2. White Onion/1. Single/Onion10773.jpg,2,healthy white onion,healthy,white onion,single,206f1bc5e12f4bc6ebe99240a6248bc6,cf9930646333ce93,1024,768,653,1573
2. Unhealthy/1. Red Onion/2. Multiple/Onion13678.jpg,1,unhealthy red onion,unhealthy,red onion,multiple,faab76fdca890d50214363dbf0e806a5,b8c3c73626993966,1024,768,398,955
2. Unhealthy/1. Red Onion/1. Single/Onion13192.jpg,1,unhealthy red onion,unhealthy,red onion,single,23c455684a8b6c28fde94a171a25c9c9,e6b49969664a8c5d,1024,768,276,816
1. Healthy/2. White Onion/1. Single/Onion10742.jpg,2,healthy white onion,healthy,white onion,single,519f6e3259aa01d1c356511f38208532,c38d3c3a617947c3,1024,768,441,1411
2. Unhealthy/2. White Onion/1. Single/Onion15019.jpg,3,unhealthy white onion,unhealthy,white onion,single,34066b379ddd0c1ab83e96bee07d79c0,98c3339ccd6125db,1024,768,821,2102
1. Healthy/1. Red Onion/1. Single/Onion04236.jpg,0,healthy red onion,healthy,red onion,single,1821faa0466d86b78d60182216f55632,b07bcb0566de3c24,1024,768,2,25
1. Healthy/1. Red Onion/1. Single/Onion06892.jpg,0,healthy red onion,healthy,red onion,single,d6c448897861d5fd8a1b67e59630caee,e43c93c3c8cc5973,1024,768,2,3
1. Healthy/1. Red Onion/1. Single/Onion05706.jpg,0,healthy red onion,healthy,red onion,single,ef68a8e44ba6dc43a3865a7bb50bb9b6,b38ccd33649333cc,1024,768,20,41
1. Healthy/1. Red Onion/1. Single/Onion05812.jpg,0,healthy red onion,healthy,red onion,single,52526d56b29f1e5a4209b00f164d45d3,d2956d92926dd233,1024,768,16,36
2. Unhealthy/1. Red Onion/1. Single/Onion12462.jpg,1,unhealthy red onion,unhealthy,red onion,single,189b25aeed59bbb6880010cfa61c3767,d86667a98ed29925,1024,768,305,774
1. Healthy/2. White Onion/1. Single/Onion09079.jpg,2,healthy white onion,healthy,white onion,single,20e573b1441d9be6a1f50a2ac6a1625d,e6a6984943cd6e96,1024,768,441,1070
2. Unhealthy/1. Red Onion/2. Multiple/Onion14028.jpg,1,unhealthy red onion,unhealthy,red onion,multiple,52b8e2023e025f6f78287bc296ed4e79,db8c3cc324319bce,1024,768,395,940
2. Unhealthy/2. White Onion/2. Multiple/Onion15906.jpg,3,unhealthy white onion,unhealthy,white onion,multiple,8c6ead76aacca4a2fb247b2439011496,c1961cd91e0e8f79,1024,768,937,2148
1. Healthy/1. Red Onion/2. Multiple/Onion07504.jpg,0,healthy red onion,healthy,red onion,multiple,f77d65b6f5722949ac4ef0570b965d1a,bebf06c584c9d81c,576,768,273,622
2. Unhealthy/2. White Onion/2. Multiple/Onion15711.jpg,3,unhealthy white onion,unhealthy,white onion,multiple,0965199df4621c060f0e13c0d189b016,88cea76d8de6c0f0,1024,768,940,2232
1. Healthy/2. White Onion/1. Single/Onion09655.jpg,2,healthy white onion,healthy,white onion,single,4abbf0fbbba1823c6a3f71d0f01a78e6,cb3430cbcb2c3cb3,576,768,519,1318
1. Healthy/1. Red Onion/1. Single/Onion04525.jpg,0,healthy red onion,healthy,red onion,single,95a2f97a6097a8fbe29689ae03a8d389,83f3cccc33e3071c,576,768,2,250
1. Healthy/2. White Onion/1. Single/Onion08181.jpg,2,healthy white onion,healthy,white onion,single,588de53ad741d61ab69e83f9445a929e,cca731b1c6c53665,1024,768,492,990
1. Healthy/2. White Onion/1. Single/Onion08197.jpg,2,healthy white onion,healthy,white onion,single,ca8b851692c808bcfbdd33fea76ea71f,d999e564849c9a9b,1024,768,492,1003
1. Healthy/2. White Onion/1. Single/Onion08743.jpg,2,healthy white onion,healthy,white onion,single,a32180206b27d4065b4b1c7fa9abf692,f9cb6464d3930c55,576,768,459,1092
1. Healthy/1. Red Onion/1. Single/Onion06146.jpg,0,healthy red onion,healthy,red onion,single,ab4b9e27cfb3d3a481c82a2fbcaa125c,e364a49c935b6572,1024,768,2,39
1. Healthy/1. Red Onion/1. Single/Onion04757.jpg,0,healthy red onion,healthy,red onion,single,5fc8e6188d02d1d29398d3f0cdd7d396,e4dcc82773f02713,1024,768,2,25
1. Healthy/1. Red Onion/2. Multiple/Onion07140.jpg,0,healthy red onion,healthy,red onion,multiple,c4515f7640440bc72bd65eb5789b089d,b0ccc3cd643739e2,576,768,273,619
2. Unhealthy/1. Red Onion/1. Single/Onion12670.jpg,1,unhealthy red onion,unhealthy,red onion,single,ee9b9a178d5f6c57681e0b7ab85ec879,b38dcc3231cce699,1024,768,344,839
1. Healthy/1. Red Onion/1. Single/Onion06043.jpg,0,healthy red onion,healthy,red onion,single,b397fb8ffbac7ce70a49550acc9f5931,99d82226de99c975,1024,768,15,355
1. Healthy/1. Red Onion/1. Single/Onion06016.jpg,0,healthy red onion,healthy,red onion,single,b2c726ff4b9b10b44207f0404dc3bf49,b3cbcc331289ccec,1024,768,116,310
1. Healthy/2. White Onion/1. Single/Onion10125.jpg,2,healthy white onion,healthy,white onion,single,b037fe5c22d9332ee4c230503a004676,86c63139a6cf9336,1024,768,605,1491
1. Healthy/2. White Onion/1. Single/Onion09817.jpg,2,healthy white onion,healthy,white onion,single,125abcdca466739498a0eac5b4e2719c,cb8a3c32c3c90d6f,576,768,401,965
1. Healthy/1. Red Onion/1. Single/Onion06740.jpg,0,healthy red onion,healthy,red onion,single,17abb7dbeb1969fe3213901e6ad2e444,be07d1dccf68c460,1024,768,0,563
2. Unhealthy/1. Red Onion/2. Multiple/Onion13859.jpg,1,unhealthy red onion,unhealthy,red onion,multiple,d48800321cee708bbbf8e94a81fedeff,f626649d63a39499,1024,768,389,931
1. Healthy/2. White Onion/1. Single/Onion10072.jpg,2,healthy white onion,healthy,white onion,single,801d545a5c0733546d42e77dae5ffd64,cfa83065cf963c91,576,768,401,965
1. Healthy/2. White Onion/2. Multiple/Onion11546.jpg,2,healthy white onion,healthy,white onion,multiple,6e3aef2b395f68e29b29fcd98c2de981,fbc021b34478cba7,1024,768,757,1739
1. Healthy/2. White Onion/1. Single/Onion09921.jpg,2,healthy white onion,healthy,white onion,single,680bc72072b5d53c7a9068a306bb54e5,99d9643454b77351,1024,768,679,1151
1. Healthy/1. Red Onion/2. Multiple/Onion07084.jpg,0,healthy red onion,healthy,red onion,multiple,61677ab76fe540d50ab08bc610af573f,e4fd93cc8d304966,1024,768,273,619
1. Healthy/2. White Onion/1. Single/Onion10980.jpg,2,healthy white onion,healthy,white onion,single,97f63d5d0bcd5eb9f061d42e3b3bae49,96c2693896e5da9a,576,768,403,1442
2. Unhealthy/1. Red Onion/2. Multiple/Onion13398.jpg,1,unhealthy red onion,unhealthy,red onion,multiple,c7a7f1c3e477a2988d5db46f7dad5804,86982e9f3961f2b2,1024,768,395,941
2. Unhealthy/2. White Onion/1. Single/Onion15046.jpg,3,unhealthy white onion,unhealthy,white onion,single,db1b4d317bdbf426358b0916fb3ed308,eb9e5451524aeaca,1024,768,838,1965
2. Unhealthy/2. White Onion/2. Multiple/Onion15985.jpg,3,unhealthy white onion,unhealthy,white onion,multiple,199315320d98af5719fcb363f41a0e06,c84aa5721f34e2f6,1024,768,945,2146
1. Healthy/1. Red Onion/1. Single/Onion06850.jpg,0,healthy red onion,healthy,red onion,single,639c7a285e51eb4cf9ce1d52f1f52111,e4e49a9b2d646636,1024,768,56,225
2. Unhealthy/2. White Onion/2. Multiple/Onion15783.jpg,3,unhealthy white onion,unhealthy,white onion,multiple,f16d3f8674dea82c3b7b0f54ecdbf473,d66c2d1bb1d13e06,1024,768,937,2148
1. Healthy/1. Red Onion/1. Single/Onion05132.jpg,0,healthy red onion,healthy,red onion,single,095a1bfdae4490e86b929ce240a3429f,8d3136ce931ccd33,1024,768,42,113
1. Healthy/2. White Onion/1. Single/Onion11006.jpg,2,healthy white onion,healthy,white onion,single,c611f4c8d062cb3cea2ada71847b1c68,9cf2619c9c63e994,576,768,723,1675
1. Healthy/2. White Onion/1. Single/Onion08672.jpg,2,healthy white onion,healthy,white onion,single,d4d98a0af1094010949dcc975759b325,a31b18c73f79c621,576,768,466,1192
1. Healthy/1. Red Onion/1. Single/Onion06071.jpg,0,healthy red onion,healthy,red onion,single,a598eefce287cc52bf14c9719ceae54e,c4ab522559b66d99,1024,768,29,63
2. Unhealthy/2. White Onion/2. Multiple/Onion15913.jpg,3,unhealthy white onion,unhealthy,white onion,multiple,b10f2e6f904c3b2d75ce3bbc164eeec3,99a7b8b82e9b62d0,576,768,950,2169
2. Unhealthy/2. White Onion/1. Single/Onion14479.jpg,3,unhealthy white onion,unhealthy,white onion,single,b30dab7b2fe75333a61fec1047421e85,93d8cd2f3433d0c6,1024,768,788,1928
1. Healthy/2. White Onion/1. Single/Onion09974.jpg,2,healthy white onion,healthy,white onion,single,7129c83671127004c4d3521fe475503c,8d9a32cd3130cf7c,576,768,459,977
1. Healthy/2. White Onion/1. Single/Onion10937.jpg,2,healthy white onion,healthy,white onion,single,2f913e67c9bd23ab51d918d5e15e4ae3,cadd3d36c2c10f8c,576,768,459,1092
1. Healthy/2. White Onion/1. Single/Onion09784.jpg,2,healthy white onion,healthy,white onion,single,1a62283b1e5debc50be7067fba03fb5f,b3e3c51ed2714a15,1024,768,425,1011
1. Healthy/2. White Onion/1. Single/Onion11079.jpg,2,healthy white onion,healthy,white onion,single,fa87968de95c43e6d6669406c29c080f,c7cd1a3129cb8667,576,768,748,1706
1. Healthy/2. White Onion/1. Single/Onion08489.jpg,2,healthy white onion,healthy,white onion,single,4e3e718afbd05ba23a2f472bd8fcc24a,e2a54ddaa562869b,1024,768,557,1022
1. Healthy/2. White Onion/1. Single/Onion10096.jpg,2,healthy white onion,healthy,white onion,single,92260c373fae11a587ae581093808e89,e0e49b3e66c19978,576,768,401,965
1. Healthy/1. Red Onion/1. Single/Onion05928.jpg,0,healthy red onion,healthy,red onion,single,1d8c5ec838e10bbc85b04096abeb32fd,b296cf893a92a16d,1024,768,2,25
2. Unhealthy/1. Red Onion/1. Single/Onion12801.jpg,1,unhealthy red onion,unhealthy,red onion,single,7d1c3851d4d133f0dfdbdef7e7257196,e2b6d99809e9b362,1024,768,385,705
1. Healthy/1. Red Onion/1. Single/Onion04340.jpg,0,healthy red onion,healthy,red onion,single,8a25a8b8f554cadeefd34df6c07fbf9b,a3859cc77a6c6586,576,768,2,148
1. Healthy/1. Red Onion/2. Multiple/Onion07142.jpg,0,healthy red onion,healthy,red onion,multiple,784835b86504cf36501abe3bfa51f176,f56fc19a8e11829e,1024,768,273,619
1. Healthy/1. Red Onion/2. Multiple/Onion07103.jpg,0,healthy red onion,healthy,red onion,multiple,c09302b49503d87712c463555960e8db,fc1b90e98dc472a5,576,768,273,619
2. Unhealthy/2. White Onion/1. Single/Onion14704.jpg,3,unhealthy white onion,unhealthy,white onion,single,9ad76fa83768a2e94e59a643672a2523,f9f1968e6dc0043e,1024,768,786,1825
1. Healthy/2. White Onion/1. Single/Onion10580.jpg,2,healthy white onion,healthy,white onion,single,f8e6f49e9c19e2b31265f720c1e474d4,88e0bfe01c493777,576,768,609,997
2. Unhealthy/1. Red Onion/1. Single/Onion12954.jpg,1,unhealthy red onion,unhealthy,red onion,single,d39f932740045415575ba62dad86567d,e4649b988e4b9bb2,1024,768,276,846
2. Unhealthy/2. White Onion/2. Multiple/Onion15531.jpg,3,unhealthy white onion,unhealthy,white onion,multiple,0967ac24d75adc39b11994a0204771d0,de5f23727c0f3022,1024,768,946,2188
1. Healthy/2. White Onion/2. Multiple/Onion12038.jpg,2,healthy white onion,healthy,white onion,multiple,8d30261e40705658aec01975ed478cd5,fc80808f9dbfb071,1024,768,756,1720
1. Healthy/2. White Onion/1. Single/Onion08182.jpg,2,healthy white onion,healthy,white onion,single,62731fae68e92ca908c6172d3472c85b,99996666369a8e2d,1024,768,403,991
2. Unhealthy/1. Red Onion/1. Single/Onion12928.jpg,1,unhealthy red onion,unhealthy,red onion,single,fc27730e65428cae851e4d01e8e466dd,e6b699d91123e166,1024,768,276,693
1. Healthy/2. White Onion/1. Single/Onion10160.jpg,2,healthy white onion,healthy,white onion,single,b4ea1b3229c0375de120cac4bf572083,c5859a3ee1c15337,576,768,401,965
2. Unhealthy/2. White Onion/2. Multiple/Onion15751.jpg,3,unhealthy white onion,unhealthy,white onion,multiple,f45de7896503494b01e326616f5e9ee8,f396c465812a7b65,1024,768,937,2155
1. Healthy/2. White Onion/1. Single/Onion09186.jpg,2,healthy white onion,healthy,white onion,single,a01c3cdf8e1d853f23e62390bc47df82,ef959ab3b5a4a0a0,1024,768,529,1333
1. Healthy/2. White Onion/1. Single/Onion09943.jpg,2,healthy white onion,healthy,white onion,single,7a46e05e8705a25bd4d863cd5e665764,91666ea99cb592cc,1024,768,403,962
1. Healthy/1. Red Onion/1. Single/Onion04543.jpg,0,healthy red onion,healthy,red onion,single,04cc7fbdc08472399bc2cd16c2cadeb5,f9a1b66ac8cc5c32,576,768,23,258
2. Unhealthy/1. Red Onion/1. Single/Onion12351.jpg,1,unhealthy red onion,unhealthy,red onion,single,9e287003ddb7dc1855f3ee6b71c2bec7,b2cdcd360e39388d,1024,768,294,709
1. Healthy/1. Red Onion/1. Single/Onion06907.jpg,0,healthy red onion,healthy,red onion,single,df13a3a20e29eefc2420ac39eca4fbd6,a8d623976c893376,576,768,148,15
1. Healthy/2. White Onion/1. Single/Onion09972.jpg,2,healthy white onion,healthy,white onion,single,f9067341dccb41f0e362a3c315093aa5,b9cc66329d934cc6,1024,768,576,1050
1. Healthy/1. Red Onion/1. Single/Onion04289.jpg,0,healthy red onion,healthy,red onion,single,44c13af6df102d1520d0e91e03d1ddfc,ce833132cece86f1,1024,768,127,156
2. Unhealthy/2. White Onion/1. Single/Onion14351.jpg,3,unhealthy white onion,unhealthy,white onion,single,72cf4b21065920fc20ea278f9e5c4d76,c7843c73e38f4ca4,576,768,794,1851
1. Healthy/1. Red Onion/1. Single/Onion06201.jpg,0,healthy red onion,healthy,red onion,single,0a0a2091fc0cec0f831da661d6014001,f484b933b6de8c88,1024,768,10,22
1. Healthy/1. Red Onion/1. Single/Onion06187.jpg,0,healthy red onion,healthy,red onion,single,da9aca8b5b520d2a01ae5c64ef79d876,cd44f619cd65ba05,1024,768,180,487
2. Unhealthy/1. Red Onion/1. Single/Onion12689.jpg,1,unhealthy red onion,unhealthy,red onion,single,fff4b4a83784d1abc39503496782af20,e6a799cc53312c6c,1024,768,305,644
1. Healthy/2. White Onion/1. Single/Onion10877.jpg,2,healthy white onion,healthy,white onion,single,43addab91f7ee3a30e49dc64f96a12cb,9aa5649a9e746947,576,768,679,1522
2. Unhealthy/1. Red Onion/1. Single/Onion12380.jpg,1,unhealthy red onion,unhealthy,red onion,single,7dada82b99139d1c0905011bad97b528,cda1d8db2e246359,1024,768,276,654
2. Unhealthy/1. Red Onion/1. Single/Onion12343.jpg,1,unhealthy red onion,unhealthy,red onion,single,7f88fbfb27c90380628427384a1573a1,b3cecc3133ce1833,576,768,293,703
2. Unhealthy/2. White Onion/2. Multiple/Onion15951.jpg,3,unhealthy white onion,unhealthy,white onion,multiple,77a8bfd8db92918c49d60cd885c4fa30,e99b96a09b61c966,1024,768,950,2151
1. Healthy/2. White Onion/1. Single/Onion09221.jpg,2,healthy white onion,healthy,white onion,single,59df3397e15d9b435d5b765f5c3b0ea9,8c6171ce319bcf38,576,768,535,1343
1. Healthy/2. White Onion/1. Single/Onion09369.jpg,2,healthy white onion,healthy,white onion,single,dd327cc07da58cf345b47d628795a1fb,8c65311ecf3139c7,1024,768,576,1368
1. Healthy/2. White Onion/1. Single/Onion10743.jpg,2,healthy white onion,healthy,white onion,single,a71f9a24fc6e73ce1e1d64e5d3587c62,9a9a67674a9c9433,576,768,403,991
1. Healthy/1. Red Onion/1. Single/Onion06974.jpg,0,healthy red onion,healthy,red onion,single,485ebf7c7e68f513b71852853e166ccd,e4a59ad67799c828,1024,768,15,31
1. Healthy/1. Red Onion/2. Multiple/Onion07723.jpg,0,healthy red onion,healthy,red onion,multiple,d0179971690d73e4a4397f7aa374d3c9,fa85d0cdc34e0973,1024,768,273,622
1. Healthy/2. White Onion/1. Single/Onion09528.jpg,2,healthy white onion,healthy,white onion,single,2969fbac67d55abcc8a1ff67bb491993,ce59918667319c6d,1024,768,441,1398
1. Healthy/2. White Onion/1. Single/Onion09487.jpg,2,healthy white onion,healthy,white onion,single,bb5ebad7ff79051dc8e44ede81c3a6d5,cb2434cbc33c92f3,576,768,408,983
1. Healthy/1. Red Onion/1. Single/Onion04769.jpg,0,healthy red onion,healthy,red onion,single,3492f8bf335218ff7fee0bba404ef5d8,b48c4666dd9b3316,1024,768,23,307
1. Healthy/2. White Onion/2. Multiple/Onion11850.jpg,2,healthy white onion,healthy,white onion,multiple,ebb57fe894b0911dcbf1a1dc9a98cfeb,ede5664a8d13138e,1024,768,757,1742
1. Healthy/1. Red Onion/2. Multiple/Onion07872.jpg,0,healthy red onion,healthy,red onion,multiple,0c677b943edabb2e62bfac9b71335519,f54980b28b8d34bf,576,768,273,619
2. Unhealthy/1. Red Onion/2. Multiple/Onion14209.jpg,1,unhealthy red onion,unhealthy,red onion,multiple,a3dda209f8d7003d03e26adb9dc103d9,bc9bc064c7670ee2,576,768,393,943
1. Healthy/1. Red Onion/1. Single/Onion05346.jpg,0,healthy red onion,healthy,red onion,single,174bb777b5055e799097ae3cb333c6a0,f688d9b3644ca6e1,1024,768,20,215
1. Healthy/2. White Onion/1. Single/Onion10729.jpg,2,healthy white onion,healthy,white onion,single,13ce6a71243a9ce4a63d47201e1b4ed2,cdce3636d1d1390c,576,768,403,982
1. Healthy/2. White Onion/1. Single/Onion10665.jpg,2,healthy white onion,healthy,white onion,single,abc9378784dae3fdeb8001615a0613d5,b10acee871399f86,1024,768,557,1022
1. Healthy/2. White Onion/1. Single/Onion10126.jpg,2,healthy white onion,healthy,white onion,single,1c16c27d89cf5f3b6c6b9f4c554d4393,d9d4a693c9426b4b,1024,768,425,1057
1. Healthy/2. White Onion/1. Single/Onion08305.jpg,2,healthy white onion,healthy,white onion,single,5ccb5cedc2c87f6c447e8ea2b7c49e4e,d2966d6d4b939425,1024,768,401,1060
1. Healthy/2. White Onion/1. Single/Onion11064.jpg,2,healthy white onion,healthy,white onion,single,5da15f194ca5a26df085a13d5dfa0e00,cdba304d8f365859,576,768,459,1696
2. Unhealthy/2. White Onion/2. Multiple/Onion15829.jpg,3,unhealthy white onion,unhealthy,white onion,multiple,d93288d3f5d9c0c00ac084a6d427c585,9debeaa4e4321919,1024,768,940,2192
1. Healthy/1. Red Onion/1. Single/Onion05731.jpg,0,healthy red onion,healthy,red onion,single,6fe963eb58de4126e9ab5a8c5d9bc440,ba80c7361ce1a2bf,576,768,2,420
1. Healthy/1. Red Onion/1. Single/Onion06797.jpg,0,healthy red onion,healthy,red onion,single,a957dba8fd7e5a63c330fd708e7dbb9b,a79ab5294a27934e,1024,768,56,132
2. Unhealthy/2. White Onion/1. Single/Onion14433.jpg,3,unhealthy white onion,unhealthy,white onion,single,06d495e2bd4e88d515f8cf738f255910,993d64ce9a269936,1024,768,792,1862
1. Healthy/2. White Onion/1. Single/Onion10024.jpg,2,healthy white onion,healthy,white onion,single,316fb9ab4343a9d347068d07e2dbe289,e9a364656933616d,1024,768,576,1213
2. Unhealthy/1. Red Onion/2. Multiple/Onion13922.jpg,1,unhealthy red onion,unhealthy,red onion,multiple,db8e9c92b00fd29205e6809d49280471,a1f1969e78cd6298,1024,768,389,931
1. Healthy/2. White Onion/1. Single/Onion09660.jpg,2,healthy white onion,healthy,white onion,single,0d12c8ed26def71188553c147a02e433,992366ca9b1d5caa,1024,768,459,1363
1. Healthy/1. Red Onion/1. Single/Onion05358.jpg,0,healthy red onion,healthy,red onion,single,6a78161856301a16e0991ba9487922c0,eb699499836b6cc8,1024,768,2,7
1. Healthy/2. White Onion/2. Multiple/Onion11520.jpg,2,healthy white onion,healthy,white onion,multiple,6e2da0ef0a97d86287c50a80a95a32d2,9125687f61c6b666,1024,768,757,1764
1. Healthy/1. Red Onion/1. Single/Onion05445.jpg,0,healthy red onion,healthy,red onion,single,b21ec5aa449e52bf1098bb72245a582f,bbe1e0d866309f83,576,768,2,427
1. Healthy/2. White Onion/1. Single/Onion08807.jpg,2,healthy white onion,healthy,white onion,single,63559d682079db26d3afb86de98f699f,9bb3c34d96ce1099,1024,768,492,1231
1. Healthy/2. White Onion/1. Single/Onion10486.jpg,2,healthy white onion,healthy,white onion,single,9298f5cefec24bdb03e240fb30f02615,991966676c9998f1,576,768,401,1086
1. Healthy/1. Red Onion/1. Single/Onion04304.jpg,0,healthy red onion,healthy,red onion,single,3f7a635430bcfbd889a8301d1da6faa3,b1b353638c33378c,576,768,4,164
2. Unhealthy/2. White Onion/2. Multiple/Onion16062.jpg,3,unhealthy white onion,unhealthy,white onion,multiple,63e5beaffdd2ca43ffeee5cdfdcb3aac,d0794ae4234a3d9f,1024,768,945,2178
1. Healthy/1. Red Onion/2. Multiple/Onion07902.jpg,0,healthy red onion,healthy,red onion,multiple,6bce65e434baf70e3bef716f13d9729f,a15c8cbbba939989,1024,768,272,620
1. Healthy/1. Red Onion/1. Single/Onion04945.jpg,0,healthy red onion,healthy,red onion,single,790c04267f5dd7b4313755b10619bacc,b2b0ccccd73346cc,1024,768,2,347
2. Unhealthy/1. Red Onion/2. Multiple/Onion14051.jpg,1,unhealthy red onion,unhealthy,red onion,multiple,3115ddb73b55ccfb28abb06d49f84c81,f08786c1cf5ecd30,1024,768,389,931
2. Unhealthy/2. White Onion/1. Single/Onion15062.jpg,3,unhealthy white onion,unhealthy,white onion,single,adb87a4f67b7669db3dad88a2152f955,d909a6b64e4c94bb,1024,768,807,1961
2. Unhealthy/2. White Onion/1. Single/Onion14701.jpg,3,unhealthy white onion,unhealthy,white onion,single,cdce29738add9da8a482fec765d9302b,c3fc3cc1c1ce0d39,576,768,798,1861
1. Healthy/1. Red Onion/1. Single/Onion06808.jpg,0,healthy red onion,healthy,red onion,single,8c2d63086425b0f6117d4bbc8b901de0,9f4ef38c4921668e,576,768,2,7
1. Healthy/1. Red Onion/1. Single/Onion04158.jpg,0,healthy red onion,healthy,red onion,single,952a1dc29c5c28f487af7d69be026011,e49a9ad4396b642e,1024,768,2,25
1. Healthy/2. White Onion/1. Single/Onion09302.jpg,2,healthy white onion,healthy,white onion,single,fd712b6d31b9801a3c2f7d4928ab18a2,9999666699996666,1024,768,406,979
2. Unhealthy/2. White Onion/2. Multiple/Onion15659.jpg,3,unhealthy white onion,unhealthy,white onion,multiple,324a897e0dbe6211b1c39fa2dab5e882,9e96c9399286e6c6,1024,768,937,2156
1. Healthy/1. Red Onion/1. Single/Onion04165.jpg,0,healthy red onion,healthy,red onion,single,c1a5efee0d3c6424ec17c7c3aab7f763,f4889b67949cab49,1024,768,2,7
1. Healthy/2. White Onion/1. Single/Onion09521.jpg,2,healthy white onion,healthy,white onion,single,69c15e798e831adfb7d650ecd1d73401,cd6230cbe3ccd938,1024,768,406,979
1. Healthy/2. White Onion/1. Single/Onion09835.jpg,2,healthy white onion,healthy,white onion,single,f638198914a56d396dbd81f10d3e35f2,a5c73fc8c436b1e0,576,768,492,1235
1. Healthy/2. White Onion/2. Multiple/Onion11717.jpg,2,healthy white onion,healthy,white onion,multiple,3e7d3d558d4d71895268e0bf890f927c,b1c784c325cf393c,1024,768,764,1727
1. Healthy/2. White Onion/2. Multiple/Onion12203.jpg,2,healthy white onion,healthy,white onion,multiple,ba126ec634aa0e514d86ff8f6c621040,dad3a264a1dab1d2,1024,768,757,1746
1. Healthy/1. Red Onion/1. Single/Onion06176.jpg,0,healthy red onion,healthy,red onion,single,b2190774c816c9fa079873b78f71263f,e4899b66cc233cd9,1024,768,20,92
1. Healthy/1. Red Onion/1. Single/Onion06899.jpg,0,healthy red onion,healthy,red onion,single,d80c3f3e686d91a9e12d87a802eb5546,a2f889f3368c5ec2,1024,768,227,115
2. Unhealthy/2. White Onion/1. Single/Onion14466.jpg,3,unhealthy white onion,unhealthy,white onion,single,187b0d6abfbcab1932a788a458267526,9999646bcbe62435,1024,768,791,1838
1. Healthy/2. White Onion/1. Single/Onion10152.jpg,2,healthy white onion,healthy,white onion,single,0c597ed4892968ef47a5d36580532b0e,cdcc3262cd343ce3,576,768,459,1092
1. Healthy/2. White Onion/1. Single/Onion08184.jpg,2,healthy white onion,healthy,white onion,single,99e2e646f9e61ff779e753c52ca61efd,8bc3343c9ac26dcd,576,768,409,993
1. Healthy/2. White Onion/1. Single/Onion08605.jpg,2,healthy white onion,healthy,white onion,single,dd102da44185de2bcf2598395f756807,9967669999666398,1024,768,458,1168
2. Unhealthy/2. White Onion/1. Single/Onion14862.jpg,3,unhealthy white onion,unhealthy,white onion,single,c1d0ef1e688dcc95d35b719d45a90ef2,c9f0768fc1603e99,576,768,837,1964
1. Healthy/2. White Onion/1. Single/Onion10776.jpg,2,healthy white onion,healthy,white onion,single,17493e547997795bc5e62e8ee85906b9,cd81330f8d8a36eb,576,768,655,1576
1. Healthy/2. White Onion/2. Multiple/Onion12093.jpg,2,healthy white onion,healthy,white onion,multiple,90e8692124bc7de9be1130d8ab8babf6,cca94fb302942efa,1024,768,756,1721
1. Healthy/2. White Onion/1. Single/Onion10726.jpg,2,healthy white onion,healthy,white onion,single,3bd68c8e3eeebb157d76576ee2c87290,c6a373cc7119cc33,576,768,401,965
2. Unhealthy/1. Red Onion/2. Multiple/Onion13391.jpg,1,unhealthy red onion,unhealthy,red onion,multiple,aea95fd1bfefe520d473c3fbbf502dbe,fe80736364929bcc,1024,768,389,935
1. Healthy/2. White Onion/1. Single/Onion08729.jpg,2,healthy white onion,healthy,white onion,single,d61da4de191114cec7c67b7af8a695f4,cdb273c96632c94c,576,768,401,1020
1. Healthy/2. White Onion/2. Multiple/Onion11997.jpg,2,healthy white onion,healthy,white onion,multiple,0d5c83cd20dbd4f623def832c2d50405,d1a7589d325e9ca4,1024,768,764,1727
2. Unhealthy/2. White Onion/2. Multiple/Onion15742.jpg,3,unhealthy white onion,unhealthy,white onion,multiple,62bdcbd7587c05f4ab46a323ff39a2ad,9665714c4eb88bb3,576,768,939,2184
2. Unhealthy/2. White Onion/2. Multiple/Onion15362.jpg,3,unhealthy white onion,unhealthy,white onion,multiple,aa8ee0b036282f4f896f0db20ecbde7c,d39938d36816e762,1024,768,937,2167
1. Healthy/2. White Onion/1. Single/Onion08854.jpg,2,healthy white onion,healthy,white onion,single,ffb4664d8ddc46b36cd50f20c87046f0,a55ddc2611c99976,1024,768,609,997
1. Healthy/1. Red Onion/1. Single/Onion04421.jpg,0,healthy red onion,healthy,red onion,single,10fb070c1965f35a880aaccfd15c56c8,8db37209cd7838f2,576,768,23,209
1. Healthy/2. White Onion/1. Single/Onion10792.jpg,2,healthy white onion,healthy,white onion,single,30e4df0952b124010bbee8a8463536e3,cf9f383463871d48,576,768,708,1590
1. Healthy/2. White Onion/1. Single/Onion10607.jpg,2,healthy white onion,healthy,white onion,single,51fce2db94c797a6074ae205d8a9784c,cd7333cc8e339922,1024,768,506,1174
1. Healthy/2. White Onion/1. Single/Onion10608.jpg,2,healthy white onion,healthy,white onion,single,639fdab5589703246d072695950b4cd0,a2cc3438cdc63e3e,576,768,459,1029
1. Healthy/1. Red Onion/1. Single/Onion05071.jpg,0,healthy red onion,healthy,red onion,single,79556a49ee3521ba3b70df8e5dde100f,e4949b73998c275c,1024,768,15,109
2. Unhealthy/1. Red Onion/2. Multiple/Onion13896.jpg,1,unhealthy red onion,unhealthy,red onion,multiple,1c983aeb70751bd3deb212cc68cb43d2,93e639c186d9213f,576,768,389,946
1. Healthy/2. White Onion/1. Single/Onion09661.jpg,2,healthy white onion,healthy,white onion,single,97b92b83903efe6706a08cf7650a5283,986767963199659c,1024,768,403,968
1. Healthy/2. White Onion/1. Single/Onion10920.jpg,2,healthy white onion,healthy,white onion,single,3cab66bbd1dbc6c32343c91f12a0f6d1,8cc333cfcc3230cf,576,768,586,1461
2. Unhealthy/2. White Onion/2. Multiple/Onion16109.jpg,3,unhealthy white onion,unhealthy,white onion,multiple,ff559976303b54c3bc2d853543370b31,c3c3c63b2367e898,1024,768,942,2168
1. Healthy/1. Red Onion/1. Single/Onion06130.jpg,0,healthy red onion,healthy,red onion,single,9a8e8019af0ed9938fe914530ba82d18,d9a632db8f6c8832,1024,768,2,108
1. Healthy/2. White Onion/1. Single/Onion08944.jpg,2,healthy white onion,healthy,white onion,single,ed20dd5d200cf75eba00fdd34df129bb,c6b959c61933c699,576,768,499,1269
2. Unhealthy/2. White Onion/2. Multiple/Onion16110.jpg,3,unhealthy white onion,unhealthy,white onion,multiple,e9cabc6d742f18d519f5e3dcc6e97c89,9de718496d0833eb,576,768,948,2182
1. Healthy/2. White Onion/1. Single/Onion09218.jpg,2,healthy white onion,healthy,white onion,single,1a0638148190185d312ba4e4eb1315e5,d9a636499c26336e,1024,768,576,1166
1. Healthy/2. White Onion/1. Single/Onion09281.jpg,2,healthy white onion,healthy,white onion,single,0cbfddc9df199a22afea3b482f66f28c,d85a67b596d21964,1024,768,459,1035
1. Healthy/2. White Onion/1. Single/Onion08731.jpg,2,healthy white onion,healthy,white onion,single,0f4eeb8c9a267cefc8cca52a72a9b62d,d14e4b29463d37b4,1024,768,401,965
1. Healthy/2. White Onion/2. Multiple/Onion11942.jpg,2,healthy white onion,healthy,white onion,multiple,4419baac1d4506f452fa01fc34ec3771,94cb4f9970644d4f,1024,768,763,1736
2. Unhealthy/1. Red Onion/1. Single/Onion12642.jpg,1,unhealthy red onion,unhealthy,red onion,single,c25ba4976c4524836d6a0a025d9d61a6,f3e88cb41b996664,1024,768,305,733
2. Unhealthy/2. White Onion/2. Multiple/Onion15458.jpg,3,unhealthy white onion,unhealthy,white onion,multiple,daf60aa17b927945c15bd2ea96207340,cf903c8c917539cb,1024,768,942,2145
2. Unhealthy/2. White Onion/2. Multiple/Onion15575.jpg,3,unhealthy white onion,unhealthy,white onion,multiple,1253d4908318f7989ab24567df612719,d7cb7a98b9364209,1024,768,945,2146
2. Unhealthy/2. White Onion/1. Single/Onion15209.jpg,3,unhealthy white onion,unhealthy,white onion,single,98ce0ec318ae0fbd193bf539051784cf,9a9ae169d9553932,1024,768,929,2133
1. Healthy/2. White Onion/1. Single/Onion10043.jpg,2,healthy white onion,healthy,white onion,single,1af5b1af03beaaa00bba08051a744f94,987e23629cce6374,576,768,576,1075
1. Healthy/2. White Onion/1. Single/Onion09329.jpg,2,healthy white onion,healthy,white onion,single,19adef6658411395814fe26663af57ec,b5d6cd3151ce9930,1024,768,401,1036
1. Healthy/2. White Onion/2. Multiple/Onion11982.jpg,2,healthy white onion,healthy,white onion,multiple,5a756d0f698a2a4c9d89cd894a507d0e,9a36389be1d21ecc,1024,768,757,1722
1. Healthy/1. Red Onion/2. Multiple/Onion08118.jpg,0,healthy red onion,healthy,red onion,multiple,129d3df8ac79ff3c0ec06b73fa4cd416,a2a54cad9959b749,1024,768,272,620
2. Unhealthy/2. White Onion/1. Single/Onion14824.jpg,3,unhealthy white onion,unhealthy,white onion,single,f223a42bbed4159add5bcf9fe611ca41,8bac3093d1ddce34,1024,768,780,1806
1. Healthy/1. Red Onion/1. Single/Onion05145.jpg,0,healthy red onion,healthy,red onion,single,0e9990c3270931128c35a7640c8b44e2,b08fcb6855976c49,576,768,2,25
1. Healthy/1. Red Onion/1. Single/Onion06258.jpg,0,healthy red onion,healthy,red onion,single,22c97a6c83b42a98e87efa8664b65bd0,e5389bc798cc7231,1024,768,2,62
1. Healthy/1. Red Onion/1. Single/Onion04601.jpg,0,healthy red onion,healthy,red onion,single,c63a49c560613c7a11349099d879d7f0,b1cccf315cd2534c,576,768,2,131
2. Unhealthy/2. White Onion/1. Single/Onion14493.jpg,3,unhealthy white onion,unhealthy,white onion,single,e68864b430bf03d64d4506204ccd74d5,b1cfce301cc8c3e3,1024,768,821,1936
1. Healthy/1. Red Onion/1. Single/Onion06637.jpg,0,healthy red onion,healthy,red onion,single,0bd056440df73e6861c07a2eb1285816,ed56926ba48c6653,1024,768,20,43
1. Healthy/1. Red Onion/1. Single/Onion05030.jpg,0,healthy red onion,healthy,red onion,single,d8aebf7e7df6aa79b2becd6d7fb1853c,e96d9698996364d1,1024,768,2,7
2. Unhealthy/2. White Onion/1. Single/Onion14973.jpg,3,unhealthy white onion,unhealthy,white onion,single,a7552b6c4f9005623c60a24dd5085bda,99ec6c9492b39b25,1024,768,791,1899
2. Unhealthy/1. Red Onion/2. Multiple/Onion13531.jpg,1,unhealthy red onion,unhealthy,red onion,multiple,705f27c0419fbbbb19f630e994234654,93e00c592b3367bd,576,768,389,930
2. Unhealthy/1. Red Onion/2. Multiple/Onion13584.jpg,1,unhealthy red onion,unhealthy,red onion,multiple,cdcf6e084929b5449c6ff35ca905a941,f5d4d3408a2e936b,1024,768,389,931
1. Healthy/2. White Onion/1. Single/Onion09871.jpg,2,healthy white onion,healthy,white onion,single,299b681372d873e275451fcd16b2e5e1,cc8cb373ccdb3221,576,768,401,965
1. Healthy/2. White Onion/1. Single/Onion10380.jpg,2,healthy white onion,healthy,white onion,single,a69b7fdea21c8efac0db78fb975e25f2,d2d64d4a5265695b,1024,768,431,1068
1. Healthy/1. Red Onion/2. Multiple/Onion08111.jpg,0,healthy red onion,healthy,red onion,multiple,9c35363d4e627c0e5c35a912e27631c2,f4c14acef971c426,1024,768,273,621
1. Healthy/1. Red Onion/1. Single/Onion05621.jpg,0,healthy red onion,healthy,red onion,single,63a627236bcc57540610ad48d179395f,e4a499d275599476,1024,768,2,450
2. Unhealthy/2. White Onion/2. Multiple/Onion15505.jpg,3,unhealthy white onion,unhealthy,white onion,multiple,3cf1ca9f1b6b885590aa358342c70a3f,e1c18fce66b49c0b,1024,768,950,2153
2. Unhealthy/1. Red Onion/2. Multiple/Onion13525.jpg,1,unhealthy red onion,unhealthy,red onion,multiple,8a99e5df23462b4c92a31943265e2d75,abe8c9b733701c0d,1024,768,393,938
1. Healthy/1. Red Onion/1. Single/Onion05949.jpg,0,healthy red onion,healthy,red onion,single,4e10ac9e30db7fd6f145ed46c14a0475,e7991b6364261ad9,1024,768,2,47
1. Healthy/1. Red Onion/1. Single/Onion04126.jpg,0,healthy red onion,healthy,red onion,single,42d8966eab5209630a70894eefa7ccc0,e1879e3c69e32686,576,768,20,41
1. Healthy/1. Red Onion/1. Single/Onion05273.jpg,0,healthy red onion,healthy,red onion,single,17ca646890948b8ffe480c2e37b7e565,c8c97f70e4b0c3c3,576,768,86,227
1. Healthy/1. Red Onion/1. Single/Onion06242.jpg,0,healthy red onion,healthy,red onion,single,ecb18340bd405225c2f8ffb2b430ff74,ac99336adb058de4,1024,768,53,140
1. Healthy/2. White Onion/1. Single/Onion08776.jpg,2,healthy white onion,healthy,white onion,single,e758725279703b58e8bd9493156073a7,9e9e6161969699d8,576,768,403,1131
2. Unhealthy/2. White Onion/2. Multiple/Onion15674.jpg,3,unhealthy white onion,unhealthy,white onion,multiple,e2bca554f736dcdc43c39e71e4b70665,da69ad9692a4a51b,1024,768,954,2230
1. Healthy/2. White Onion/2. Multiple/Onion11334.jpg,2,healthy white onion,healthy,white onion,multiple,ae9265673522ed59315cd50c29c248db,d5aa52a548b54c9f,1024,768,756,1721
2. Unhealthy/1. Red Onion/1. Single/Onion12426.jpg,1,unhealthy red onion,unhealthy,red onion,single,01b9bcbe8c5974e30dfacebb1f4289b8,e692996c6d9994d2,1024,768,276,759
1. Healthy/2. White Onion/1. Single/Onion10535.jpg,2,healthy white onion,healthy,white onion,single,7d723d9571226a7199e1c774e38de2c9,cfa83065c39e3c59,576,768,401,965
1. Healthy/2. White Onion/1. Single/Onion08286.jpg,2,healthy white onion,healthy,white onion,single,15fa82f35c56a945d9ae8588a3c20bf3,cf3030cdcb363cd1,576,768,420,1048
1. Healthy/2. White Onion/1. Single/Onion08779.jpg,2,healthy white onion,healthy,white onion,single,de827113eb33b2b50a928d83f4daa9b5,ba946367149c1b73,576,768,492,1222
1. Healthy/2. White Onion/1. Single/Onion09430.jpg,2,healthy white onion,healthy,white onion,single,a65f26a72ef0c7e0ef3be490140898f2,8dcde23233d371c4,1024,768,459,977
1. Healthy/1. Red Onion/2. Multiple/Onion07873.jpg,0,healthy red onion,healthy,red onion,multiple,433d48d068ee14cb70a4ec3b6efb7ae7,b5d4c659643639e2,576,768,273,619
1. Healthy/1. Red Onion/2. Multiple/Onion08109.jpg,0,healthy red onion,healthy,red onion,multiple,f941a3f5708f6c2370ee719ca6353cf1,bc631ccb0c3cb1cb,576,768,272,620
2. Unhealthy/2. White Onion/2. Multiple/Onion15604.jpg,3,unhealthy white onion,unhealthy,white onion,multiple,8f73163c9c6cc2d9e64a665c1becd851,f399624e3b256c4c,1024,768,937,2155
1. Healthy/2. White Onion/2. Multiple/Onion11441.jpg,2,healthy white onion,healthy,white onion,multiple,62c0bac5ac100676c5db80410787d2be,96db4e63618c17cc,1024,768,763,1736
1. Healthy/2. White Onion/1. Single/Onion08688.jpg,2,healthy white onion,healthy,white onion,single,99cdf2106b83905ff8c8ba7dc4089f97,cfba32cd1032cf89,576,768,401,1198
1. Healthy/2. White Onion/2. Multiple/Onion11576.jpg,2,healthy white onion,healthy,white onion,multiple,05147a170ad2e10b21cbb93678d2ed06,ff1fe0788e20c871,1024,768,756,1720
2. Unhealthy/2. White Onion/2. Multiple/Onion15668.jpg,3,unhealthy white onion,unhealthy,white onion,multiple,c4583a536f809ac04e2da135accfc6ed,d3db1a99b9964289,1024,768,945,2146
1. Healthy/2. White Onion/1. Single/Onion08285.jpg,2,healthy white onion,healthy,white onion,single,e4bf54638e5ecdfe882900feb01d8174,8bd92670633f1d4c,576,768,419,1047
1. Healthy/2. White Onion/1. Single/Onion09705.jpg,2,healthy white onion,healthy,white onion,single,0037489c52133ffc2bc6a5ef039be858,9b64649a6d65a4d3,1024,768,559,1394
1. Healthy/1. Red Onion/1. Single/Onion04112.jpg,0,healthy red onion,healthy,red onion,single,c6944e641668190a183e19f4ddfaf035,b7c0cd36e693238c,576,768,26,57
1. Healthy/2. White Onion/1. Single/Onion10039.jpg,2,healthy white onion,healthy,white onion,single,d9d07f86abdfc9200ccd9e96a4722ec6,98676798969b6c64,1024,768,511,1303
2. Unhealthy/2. White Onion/2. Multiple/Onion16126.jpg,3,unhealthy white onion,unhealthy,white onion,multiple,8042f05b0f076c127c83090e4dbb6eeb,ccdeb44c6c916333,1024,768,950,2169
1. Healthy/1. Red Onion/1. Single/Onion04659.jpg,0,healthy red onion,healthy,red onion,single,ab226c1f13084bcb1d05b66ec85d0e0f,dbd3d3640c0c2737,1024,768,2,47
2. Unhealthy/1. Red Onion/2. Multiple/Onion13736.jpg,1,unhealthy red onion,unhealthy,red onion,multiple,1671194f3a03645f9ab7356c8edf5afb,872a0ab1786d8e7e,1024,768,389,945
2. Unhealthy/1. Red Onion/2. Multiple/Onion13996.jpg,1,unhealthy red onion,unhealthy,red onion,multiple,b2b596a4ca182692c844c4b8ed90324d,a7a816c759964ad9,576,768,389,931
1. Healthy/2. White Onion/1. Single/Onion09083.jpg,2,healthy white onion,healthy,white onion,single,f4e8bd8d0211c6375cb743905de120cc,cee431dac6699863,576,768,406,979
1. Healthy/2. White Onion/1. Single/Onion09752.jpg,2,healthy white onion,healthy,white onion,single,442de3855bca015b6baa0f77fd870f0c,cbc9343c3ed1f070,576,768,486,1241
2. Unhealthy/1. Red Onion/2. Multiple/Onion13349.jpg,1,unhealthy red onion,unhealthy,red onion,multiple,a7ef9459f6804904fbfd9425bff4c3e6,d6adccb463c35033,1024,768,392,937
1. Healthy/1. Red Onion/1. Single/Onion04229.jpg,0,healthy red onion,healthy,red onion,single,88f59e3ef2ef8aba1e6a84efb90979b5,f23589a967cd9924,576,768,48,127
1. Healthy/2. White Onion/2. Multiple/Onion11665.jpg,2,healthy white onion,healthy,white onion,multiple,17a8490a2f31b476b389217bcac0c166,eb66849a992dccc5,1024,768,771,1718
2. Unhealthy/2. White Onion/1. Single/Onion15225.jpg,3,unhealthy white onion,unhealthy,white onion,single,7b24cd7ed58d9591265443f6844a1878,92edcd32926d0d96,576,768,936,2065
2. Unhealthy/2. White Onion/2. Multiple/Onion15661.jpg,3,unhealthy white onion,unhealthy,white onion,multiple,747d8bb32f0e1410a3c38359fe1b692c,d72259cdccac5931,1024,768,950,2221
1. Healthy/1. Red Onion/1. Single/Onion04586.jpg,0,healthy red onion,healthy,red onion,single,1394b4f79bc8cd8d55d6c5aae617022e,b7d8ce21d9a6429a,1024,768,131,199
1. Healthy/1. Red Onion/1. Single/Onion05885.jpg,0,healthy red onion,healthy,red onion,single,fe441e8251090bb8a843f930ed909420,e788db936d2d8826,1024,768,2,82
1. Healthy/2. White Onion/1. Single/Onion10753.jpg,2,healthy white onion,healthy,white onion,single,7499bd05e64ad2d267f80bb81c0428f3,89b864d9db262cb3,576,768,640,1556
1. Healthy/1. Red Onion/1. Single/Onion06982.jpg,0,healthy red onion,healthy,red onion,single,9774c3fd1943cc8b3d61d7b811d31325,bde3c29c1170d8c7,576,768,157,424
1. Healthy/2. White Onion/1. Single/Onion11036.jpg,2,healthy white onion,healthy,white onion,single,2dea531eda2a732c8d6aaf1c56bf1b47,8cd03363cfc46cf8,1024,768,731,1687
1. Healthy/1. Red Onion/2. Multiple/Onion07397.jpg,0,healthy red onion,healthy,red onion,multiple,798afa225a1e40c7b8b290bcf06cc883,f0ba429a8ad3973c,1024,768,272,628
1. Healthy/2. White Onion/1. Single/Onion10121.jpg,2,healthy white onion,healthy,white onion,single,62b5e12c856f56324add43cce15738ed,cecf3230987133ce,1024,768,406,979
1. Healthy/1. Red Onion/2. Multiple/Onion07756.jpg,0,healthy red onion,healthy,red onion,multiple,386370d91542d01c72fb0dc891ebfe83,d556d839a2ec921e,1024,768,273,622
2. Unhealthy/2. White Onion/1. Single/Onion15017.jpg,3,unhealthy white onion,unhealthy,white onion,single,58abfb96568dcb0b3b6be38b78eb182d,cbd3744c9b264c1b,1024,768,799,1804
2. Unhealthy/2. White Onion/1. Single/Onion15158.jpg,3,unhealthy white onion,unhealthy,white onion,single,25ac5f4504d04330c063fd388a67f4a9,eb941451526aeaee,1024,768,838,1965
2. Unhealthy/2. White Onion/1. Single/Onion14440.jpg,3,unhealthy white onion,unhealthy,white onion,single,1a1f335434ff71cc2f6e8b4022d20025,d494f3668c29999b,1024,768,878,1904
1. Healthy/1. Red Onion/1. Single/Onion04346.jpg,0,healthy red onion,healthy,red onion,single,cf63c059f162cf6e7e0ddf94c50ee6cf,ec64b3939c92236d,1024,768,20,92
1. Healthy/2. White Onion/1. Single/Onion08201.jpg,2,healthy white onion,healthy,white onion,single,ef13530e7e981936e5bc2b3c5c34f568,8ef03389cd6ec631,1024,768,434,1007
1. Healthy/2. White Onion/1. Single/Onion08350.jpg,2,healthy white onion,healthy,white onion,single,6121aca2723c9601649a070173cf1dff,9a9165639494db9b,1024,768,434,1079
1. Healthy/2. White Onion/2. Multiple/Onion11784.jpg,2,healthy white onion,healthy,white onion,multiple,85464f051c6295a2b6435fb0352f764b,b233d3c8f02336e6,1024,768,756,1721
2. Unhealthy/2. White Onion/2. Multiple/Onion15648.jpg,3,unhealthy white onion,unhealthy,white onion,multiple,9b2c8ced723173cc1619684d7b763a2f,c8d963b43c6b9698,1024,768,937,2155
1. Healthy/2. White Onion/1. Single/Onion09006.jpg,2,healthy white onion,healthy,white onion,single,821d1d1d8a081e49085f3eeb8265665f,93866ce9903667d9,576,768,503,1285
1. Healthy/1. Red Onion/1. Single/Onion05521.jpg,0,healthy red onion,healthy,red onion,single,9c82c5a1121946e59b2719fab2436b8d,bc9962a40efe8867,1024,768,53,140
1. Healthy/1. Red Onion/1. Single/Onion04252.jpg,0,healthy red onion,healthy,red onion,single,cac2053928e9b5f0ce4aca28dad9f3e7,e5a19ad6739b8849,1024,768,15,31
1. Healthy/1. Red Onion/1. Single/Onion05426.jpg,0,healthy red onion,healthy,red onion,single,4499360c2662a77b1ff725e5659d994e,a7c89865639c7369,576,768,20,401
2. Unhealthy/2. White Onion/1. Single/Onion14535.jpg,3,unhealthy white onion,unhealthy,white onion,single,636b03dc02b4f3fa40ce0219c6185c3f,9acc6531d2dbcc2c,576,768,936,1955
1. Healthy/1. Red Onion/1. Single/Onion04710.jpg,0,healthy red onion,healthy,red onion,single,68cdb209902f520ea76c3fcd23c4d148,e69e99617303c6cc,1024,768,2,25
1. Healthy/1. Red Onion/1. Single/Onion06898.jpg,0,healthy red onion,healthy,red onion,single,1ff07ed75e8a2d3afa74b0cc798e468e,e5669a994976246b,1024,768,2,547
2. Unhealthy/1. Red Onion/2. Multiple/Onion14276.jpg,1,unhealthy red onion,unhealthy,red onion,multiple,ec1e461f6b29cec49cc331b8a398932c,81cc6433339ed96d,1024,768,389,935
1. Healthy/2. White Onion/1. Single/Onion10362.jpg,2,healthy white onion,healthy,white onion,single,0be6542d8b7b53c3e5ab886b1fa0b774,8c73728cd970ccb3,1024,768,492,989
1. Healthy/1. Red Onion/2. Multiple/Onion08000.jpg,0,healthy red onion,healthy,red onion,multiple,0ae137c77ca79ca5cc42e9a25e8af3e8,e169b2a2cc8653db,1024,768,273,619
1. Healthy/2. White Onion/1. Single/Onion08746.jpg,2,healthy white onion,healthy,white onion,single,0f68f4a6ab1c1473f6624bdbec4e827b,863231c7cc3ed738,1024,768,506,1161
2. Unhealthy/1. Red Onion/1. Single/Onion12493.jpg,1,unhealthy red onion,unhealthy,red onion,single,9e223fe55723b7f74074c2a45f8d91d9,c45ad22d6db4d619,1024,768,276,660
1. Healthy/2. White Onion/1. Single/Onion10540.jpg,2,healthy white onion,healthy,white onion,single,747553a88d226feaf6e296b68c56a0cb,c79939c6c63931c6,576,768,401,965
1. Healthy/1. Red Onion/2. Multiple/Onion07822.jpg,0,healthy red onion,healthy,red onion,multiple,640bafac8f420ca2d72c9313da1880bb,e5e796c113d90c63,1024,768,273,619
1. Healthy/2. White Onion/1. Single/Onion08646.jpg,2,healthy white onion,healthy,white onion,single,49485e150de1b27e5a0c8e6f845510cc,e684505a334f3f63,1024,768,459,1185
1. Healthy/2. White Onion/1. Single/Onion08798.jpg,2,healthy white onion,healthy,white onion,single,33e2a65e7b4c6ccea3e3cd90630ce78a,ed8d9232616b9aa6,576,768,576,1129
2. Unhealthy/1. Red Onion/1. Single/Onion13210.jpg,1,unhealthy red onion,unhealthy,red onion,single,8f75a54a0210e57b98f0db218036a9b2,d16356dd23a4cc33,1024,768,383,922
1. Healthy/1. Red Onion/1. Single/Onion06208.jpg,0,healthy red onion,healthy,red onion,single,3e895d0ce2a2fdd4bed6003a2baf51ed,8c23f3589c73516d,1024,768,193,508
1. Healthy/1. Red Onion/1. Single/Onion06053.jpg,0,healthy red onion,healthy,red onion,single,75850bb6ee210d22465c2791f4914643,e4ad9a8669996656,1024,768,2,3
1. Healthy/1. Red Onion/1. Single/Onion05898.jpg,0,healthy red onion,healthy,red onion,single,5b5ecab3f11ffdea62ce6aba41b07250,b1cdce30611bcf8c,1024,768,2,25
2. Unhealthy/2. White Onion/2. Multiple/Onion15897.jpg,3,unhealthy white onion,unhealthy,white onion,multiple,9bb24daf4d7191847e54bc82c77ded61,a34296f438c93bd3,1024,768,945,2152
2. Unhealthy/2. White Onion/1. Single/Onion15273.jpg,3,unhealthy white onion,unhealthy,white onion,single,b86b911413012db4c7af822af4d75f4a,8acd7c1c6661d267,1024,768,780,1878
2. Unhealthy/1. Red Onion/1. Single/Onion12795.jpg,1,unhealthy red onion,unhealthy,red onion,single,0d0d6c3d5fa2880507633cf407387154,e633994b2e4499d5,1024,768,309,850
1. Healthy/2. White Onion/2. Multiple/Onion11734.jpg,2,healthy white onion,healthy,white onion,multiple,251f7018bd53efa1afe077e5b95a8985,d6399264ad2b5aa5,1024,768,757,1722
1. Healthy/1. Red Onion/2. Multiple/Onion07442.jpg,0,healthy red onion,healthy,red onion,multiple,287ea459fe35c46e9ca58aa944112929,a6546b4ac1979ef0,1024,768,273,625
1. Healthy/1. Red Onion/1. Single/Onion05923.jpg,0,healthy red onion,healthy,red onion,single,b425668c6441130c4367ee9f968ce284,e1a79e589933c926,1024,768,15,31
1. Healthy/1. Red Onion/1. Single/Onion05304.jpg,0,healthy red onion,healthy,red onion,single,bb6430dade202e530ba0ad557f21a403,ee95946a9dc49269,576,768,2,297
1. Healthy/2. White Onion/2. Multiple/Onion11435.jpg,2,healthy white onion,healthy,white onion,multiple,f2c229f6188e88fd2ccfaec9c03f2f7f,81e3de981f9d862a,1024,768,771,1718
1. Healthy/1. Red Onion/1. Single/Onion04352.jpg,0,healthy red onion,healthy,red onion,single,8a38a3df418de1f9a59f55e434468637,c5ba3ac8b1c5c3ca,1024,768,86,182
1. Healthy/2. White Onion/1. Single/Onion08456.jpg,2,healthy white onion,healthy,white onion,single,82e20f3639e26f112e7bca851db33d3c,d9a6a6d946b70664,1024,768,459,977
1. Healthy/1. Red Onion/2. Multiple/Onion07685.jpg,0,healthy red onion,healthy,red onion,multiple,62fdade25c05f4c44be32267dd044384,e86ac361ce249dcb,1024,768,273,619
1. Healthy/2. White Onion/1. Single/Onion08756.jpg,2,healthy white onion,healthy,white onion,single,6650af8b2a0b2f7c917d5d06a93c8031,e47ab5b916c78360,1024,768,459,1185
1. Healthy/2. White Onion/1. Single/Onion10266.jpg,2,healthy white onion,healthy,white onion,single,1ca2332ceea42b6d5a9930f3e572d633,d9662698dc939b64,1024,768,506,1316
1. Healthy/1. Red Onion/1. Single/Onion06257.jpg,0,healthy red onion,healthy,red onion,single,6b1152bfc03387067ab0e49b25b8df27,bbc0c43fd0648f3a,576,768,198,515
2. Unhealthy/1. Red Onion/1. Single/Onion13267.jpg,1,unhealthy red onion,unhealthy,red onion,single,5ae27a89aa71d9c24990fb0685e4a434,b1f08cce33319cc7,1024,768,309,717
1. Healthy/1. Red Onion/1. Single/Onion05148.jpg,0,healthy red onion,healthy,red onion,single,cc7c147a9d57237ac6735aa91d693333,eb6c94920e6c968f,1024,768,2,98
1. Healthy/1. Red Onion/1. Single/Onion06785.jpg,0,healthy red onion,healthy,red onion,single,1bf2d531e3f55d9745e677a83c3acf57,c4c43e3f63c0d81f,576,768,2,16
1. Healthy/2. White Onion/2. Multiple/Onion12142.jpg,2,healthy white onion,healthy,white onion,multiple,1708d75b4c30dea2419a9eb28ea0f84a,956a3966c45335d9,576,768,757,1722
1. Healthy/1. Red Onion/1. Single/Onion04091.jpg,0,healthy red onion,healthy,red onion,single,b3bedbd34d253ad203f90287b9b21111,e5a29a566bd96426,1024,768,20,41
1. Healthy/2. White Onion/2. Multiple/Onion12134.jpg,2,healthy white onion,healthy,white onion,multiple,c9ff1d73653fb6e37a1cc09beff2af3c,d12a9e9e293c7949,1024,768,756,1744
1. Healthy/1. Red Onion/2. Multiple/Onion07925.jpg,0,healthy red onion,healthy,red onion,multiple,32d98164b147d23c5d6ed819c9def912,a136cc4d99997993,1024,768,272,628
1. Healthy/2. White Onion/1. Single/Onion08683.jpg,2,healthy white onion,healthy,white onion,single,3223f8451d88413d2e94364d6ae72425,9e6b3486329aa3dc,1024,768,492,989
1. Healthy/1. Red Onion/1. Single/Onion06217.jpg,0,healthy red onion,healthy,red onion,single,3ee0d150aaf7c1bc71df2427b6d72d6a,d948666761daa666,1024,768,2,19
1. Healthy/2. White Onion/1. Single/Onion10090.jpg,2,healthy white onion,healthy,white onion,single,0f4b378b8f89f878931ad41848c94d29,9ccc656792333999,1024,768,403,985
2. Unhealthy/1. Red Onion/2. Multiple/Onion13955.jpg,1,unhealthy red onion,unhealthy,red onion,multiple,34c65e2b4c7c752ab3ada60558974644,8ed613651c33e31e,1024,768,389,935
2. Unhealthy/1. Red Onion/1. Single/Onion12860.jpg,1,unhealthy red onion,unhealthy,red onion,single,79989b0c9934847c367eb3862a688518,e4969b666499ca69,1024,768,305,644
1. Healthy/2. White Onion/1. Single/Onion08348.jpg,2,healthy white onion,healthy,white onion,single,33f465ac6830afc734bc83dbf47e95fc,c6991963cdd93266,576,768,401,965
1. Healthy/1. Red Onion/1. Single/Onion05296.jpg,0,healthy red onion,healthy,red onion,single,029127ac57ba4641e5eb7fe07568412b,e69d3b26f2d88816,1024,768,2,47
2. Unhealthy/2. White Onion/2. Multiple/Onion16063.jpg,3,unhealthy white onion,unhealthy,white onion,multiple,b10d6d685649acfc9b08edc3ce9fb8b1,91cbcfe09837728c,1024,768,945,2177
1. Healthy/2. White Onion/2. Multiple/Onion12033.jpg,2,healthy white onion,healthy,white onion,multiple,66ca88fba678802ddc34aa8e89b7c579,fc7990e750e60d83,1024,768,757,1764
1. Healthy/1. Red Onion/1. Single/Onion05376.jpg,0,healthy red onion,healthy,red onion,single,748949abdb8fa0f7b230f13d247a5553,bac6c53b8e3830c7,1024,768,155,421
1. Healthy/2. White Onion/2. Multiple/Onion11910.jpg,2,healthy white onion,healthy,white onion,multiple,7e8ac6b645e4396712fec5f1d1f02061,c02f3fb26499ce07,1024,768,774,1789
2. Unhealthy/2. White Onion/2. Multiple/Onion15610.jpg,3,unhealthy white onion,unhealthy,white onion,multiple,8b4132b4e52aedae36d074bfe5d5ffef,d9c23fa5e44a9b24,1024,768,937,2155
2. Unhealthy/1. Red Onion/1. Single/Onion12850.jpg,1,unhealthy red onion,unhealthy,red onion,single,99602a9c8f9f9ef8f9a6df0e1ded8243,b3b1ccc770283379,1024,768,276,693
2. Unhealthy/2. White Onion/1. Single/Onion14301.jpg,3,unhealthy white onion,unhealthy,white onion,single,2e2a79ad94d303f84aaa150b60e5807c,8d66f2196de692c1,576,768,941,1813
1. Healthy/2. White Onion/1. Single/Onion09511.jpg,2,healthy white onion,healthy,white onion,single,fb1c316a52b91cd6b52fa1acd6cb7d9f,c9f2b64933cccc19,1024,768,576,1122
1. Healthy/2. White Onion/1. Single/Onion08669.jpg,2,healthy white onion,healthy,white onion,single,d2785e53418c092a6f39c27f3c035628,9864669b9379d866,1024,768,465,1190
1. Healthy/2. White Onion/1. Single/Onion10353.jpg,2,healthy white onion,healthy,white onion,single,138812db0b983ac2036f79ba9f71bea8,b8cf4736c339ccc0,1024,768,576,963
1. Healthy/1. Red Onion/1. Single/Onion05164.jpg,0,healthy red onion,healthy,red onion,single,be9b32f64f6d36b7e448f1f38001fb16,8d6ac29c637e8279,1024,768,140,385
1. Healthy/1. Red Onion/1. Single/Onion05766.jpg,0,healthy red onion,healthy,red onion,single,4568bf1443ffa59587c07714a2b331d6,eda996468999995a,1024,768,2,7
2. Unhealthy/1. Red Onion/1. Single/Onion13053.jpg,1,unhealthy red onion,unhealthy,red onion,single,e947cfa218e3084dbf2100e87da2c885,e5a699989424db9b,1024,768,305,711
2. Unhealthy/2. White Onion/1. Single/Onion14572.jpg,3,unhealthy white onion,unhealthy,white onion,single,38e3af67850f594600d6b1e76a185e36,ede99033668c89f1,1024,768,842,1973
2. Unhealthy/2. White Onion/1. Single/Onion14796.jpg,3,unhealthy white onion,unhealthy,white onion,single,3d1f328baac43afe4f4ff2d9bb37e047,ccf271e2cfc8c8e0,1024,768,848,1859
1. Healthy/2. White Onion/2. Multiple/Onion11952.jpg,2,healthy white onion,healthy,white onion,multiple,0dc9541819988137c03f9ddad53f53d9,84de69333e3ce14a,1024,768,757,1722
1. Healthy/1. Red Onion/1. Single/Onion04337.jpg,0,healthy red onion,healthy,red onion,single,95e22a0afdb4acba329764d413f2e606,ec883664d9b96666,1024,768,2,19
1. Healthy/2. White Onion/2. Multiple/Onion11992.jpg,2,healthy white onion,healthy,white onion,multiple,cd30b7f764a933acb8ea3065c9a17ae5,9b46843e9749e69a,1024,768,757,1742
1. Healthy/2. White Onion/2. Multiple/Onion11287.jpg,2,healthy white onion,healthy,white onion,multiple,35068f8da516157b76cb151f5b471d55,ec8993f38d0c8d39,1024,768,764,1727
1. Healthy/2. White Onion/1. Single/Onion08679.jpg,2,healthy white onion,healthy,white onion,single,ddff85cde6b4eaa8a22a87a7a5014d87,bdc76034cbd1ce41,1024,768,576,1194
1. Healthy/2. White Onion/2. Multiple/Onion12171.jpg,2,healthy white onion,healthy,white onion,multiple,020c07656f0ceb346f0e3c4c038c2ed6,9ccf631c1737c330,1024,768,764,1727
1. Healthy/2. White Onion/1. Single/Onion08922.jpg,2,healthy white onion,healthy,white onion,single,1e6205acb6bccdcb184574cfea6c98e5,98676394a49b647b,1024,768,445,1127
2. Unhealthy/2. White Onion/2. Multiple/Onion15582.jpg,3,unhealthy white onion,unhealthy,white onion,multiple,2fe3f9e960c25d0bff3a9c40297623da,9bdb24a4469b317c,1024,768,950,2151
1. Healthy/1. Red Onion/1. Single/Onion06358.jpg,0,healthy red onion,healthy,red onion,single,a2e10cad44e0b54212b40f9bc9f5c189,ec8e17261ccf74c8,1024,768,2,340
1. Healthy/1. Red Onion/1. Single/Onion04871.jpg,0,healthy red onion,healthy,red onion,single,2f7dd91b9233ab34add4c4553d2ca0c0,ea95c6385e81d60f,576,768,131,122
1. Healthy/2. White Onion/1. Single/Onion10057.jpg,2,healthy white onion,healthy,white onion,single,359724d67898fa232f799655eb0cfad6,cc4b33b5ce13990d,1024,768,459,1363
1. Healthy/2. White Onion/1. Single/Onion10368.jpg,2,healthy white onion,healthy,white onion,single,f95629c5c21957d897948491cda7b1d7,cca973664cd933a2,576,768,401,1178
2. Unhealthy/2. White Onion/2. Multiple/Onion15496.jpg,3,unhealthy white onion,unhealthy,white onion,multiple,19e9f914b50cabd93106f30ae0688f42,c84aaf721e34e2e6,1024,768,945,2146
1. Healthy/2. White Onion/1. Single/Onion09682.jpg,2,healthy white onion,healthy,white onion,single,94d99088860587cd730bd1bcc377d214,c9c53627910bcf78,576,768,492,1095
1. Healthy/2. White Onion/1. Single/Onion09146.jpg,2,healthy white onion,healthy,white onion,single,7d4021f2f5ec3edc5979695563fd098f,cfd03065cf9a38c9,576,768,441,971
2. Unhealthy/1. Red Onion/1. Single/Onion12290.jpg,1,unhealthy red onion,unhealthy,red onion,single,795f19d0253ddfc7b4ab02794c5b6f18,c66eb19843f083b7,1024,768,305,666
1. Healthy/1. Red Onion/1. Single/Onion06061.jpg,0,healthy red onion,healthy,red onion,single,83958de6831cb61940d08188c552ffe3,928b6692996d9766,1024,768,168,473
1. Healthy/2. White Onion/1. Single/Onion10606.jpg,2,healthy white onion,healthy,white onion,single,a6a75d8c75ef6f13d61b1a0e5d0d2b8f,a637513d2f063639,576,768,609,997
1. Healthy/2. White Onion/1. Single/Onion08466.jpg,2,healthy white onion,healthy,white onion,single,593503feae97f5dab305348f19aa5902,cd67b3cccc351942,1024,768,459,1126
1. Healthy/1. Red Onion/1. Single/Onion06884.jpg,0,healthy red onion,healthy,red onion,single,e82e02a69a196c2ef417d3e44887ac13,8f8f3071c5cc8ec3,1024,768,36,354
1. Healthy/1. Red Onion/1. Single/Onion06678.jpg,0,healthy red onion,healthy,red onion,single,852ba63f35400c70b8832ce63fccebb0,b3c9cc73328acd32,576,768,47,126
1. Healthy/1. Red Onion/1. Single/Onion06529.jpg,0,healthy red onion,healthy,red onion,single,0d1167e7719b6c211bbc46f2a06d7dc0,e5669a98e5b19aa2,1024,768,131,122
1. Healthy/1. Red Onion/2. Multiple/Onion07118.jpg,0,healthy red onion,healthy,red onion,multiple,18e172755e0b9e47bc21ae5effc866b1,bce718ca0f3c33c2,576,768,272,620
1. Healthy/2. White Onion/1. Single/Onion08859.jpg,2,healthy white onion,healthy,white onion,single,b73b1a68f93b395187df79a179643f4c,b0c330c73d793333,576,768,609,997
1. Healthy/1. Red Onion/1. Single/Onion04721.jpg,0,healthy red onion,healthy,red onion,single,f5d215d1aff3f3e01eee87632b9282ba,e29d5b249b129db1,1024,768,2,185
1. Healthy/2. White Onion/1. Single/Onion09955.jpg,2,healthy white onion,healthy,white onion,single,b8a33bd1625d3050b6f3f2d68a268936,a69a1bc0c73b7d84,576,768,492,1468
1. Healthy/2. White Onion/1. Single/Onion09579.jpg,2,healthy white onion,healthy,white onion,single,f33d01f864a722f27317c560b56e7e81,e58c9c11794d5373,1024,768,401,965
1. Healthy/2. White Onion/2. Multiple/Onion11361.jpg,2,healthy white onion,healthy,white onion,multiple,455b019873648607f68e2382e2cef25c,d0bd05d81d3b2a6b,1024,768,757,1742
1. Healthy/1. Red Onion/1. Single/Onion05095.jpg,0,healthy red onion,healthy,red onion,single,c684a29eed90c439b57021bf07473334,fec2b79c72a18c50,576,768,2,206
2. Unhealthy/1. Red Onion/1. Single/Onion12951.jpg,1,unhealthy red onion,unhealthy,red onion,single,b4164aa627a70f641ed2ddb07631c010,b299cd746e873318,1024,768,294,709
2. Unhealthy/1. Red Onion/1. Single/Onion12448.jpg,1,unhealthy red onion,unhealthy,red onion,single,83a61295f47e1653c5d48245a6c11104,a6a8961359cda9ae,1024,768,276,689
2. Unhealthy/2. White Onion/2. Multiple/Onion15645.jpg,3,unhealthy white onion,unhealthy,white onion,multiple,5fb710e8b2d9454087a0a1eafbe0f22f,84a159956bb3333e,1024,768,948,2183
1. Healthy/2. White Onion/2. Multiple/Onion11579.jpg,2,healthy white onion,healthy,white onion,multiple,9bb09200a7926916d47d0957e8cbf730,93c5783a2db78c8c,1024,768,757,1722
2. Unhealthy/2. White Onion/2. Multiple/Onion15942.jpg,3,unhealthy white onion,unhealthy,white onion,multiple,45dcc3c68107d82bab94cff9214f449a,cfd3a664381939cc,1024,768,950,2169
1. Healthy/2. White Onion/1. Single/Onion08178.jpg,2,healthy white onion,healthy,white onion,single,46f75c44dac9c3b6b2656c2c856dae0b,f06b6c7a9194666a,576,768,576,987
1. Healthy/1. Red Onion/2. Multiple/Onion07534.jpg,0,healthy red onion,healthy,red onion,multiple,c35d96e6f981b4f226691d6d0ea207ea,99955ab2666c2b87,1024,768,273,621
2. Unhealthy/2. White Onion/2. Multiple/Onion15644.jpg,3,unhealthy white onion,unhealthy,white onion,multiple,d4a6726de1c4e1967d6a92a095c31315,a6c9f933874e5381,1024,768,941,2165
1. Healthy/2. White Onion/1. Single/Onion09641.jpg,2,healthy white onion,healthy,white onion,single,dad6fd9fba13fe9230c6af03fa7933c1,cdcc70714dcfc660,576,768,401,965
1. Healthy/2. White Onion/1. Single/Onion09082.jpg,2,healthy white onion,healthy,white onion,single,5191d88bbd90a8a6c48d0b43125a9d54,d9cc667b9a8a2da0,1024,768,492,1266
1. Healthy/2. White Onion/1. Single/Onion09621.jpg,2,healthy white onion,healthy,white onion,single,20e1cd71b2882de231cf7f015d3c880f,dba46c9993832e6c,1024,768,506,1316
1. Healthy/1. Red Onion/1. Single/Onion06795.jpg,0,healthy red onion,healthy,red onion,single,919ec0ff84b266f564925473d1903f6d,993666c9d9670e98,1024,768,144,52
1. Healthy/1. Red Onion/1. Single/Onion05166.jpg,0,healthy red onion,healthy,red onion,single,5acef2a9fca3e2d9cb97408a4c94fc28,e9f2e44913336687,1024,768,13,28
1. Healthy/1. Red Onion/1. Single/Onion05099.jpg,0,healthy red onion,healthy,red onion,single,4ff8b5ac01d00f3f98ba98743da328b5,f424d3b04b8f6a95,1024,768,15,370
1. Healthy/1. Red Onion/2. Multiple/Onion07617.jpg,0,healthy red onion,healthy,red onion,multiple,e7f61521efd01ff10a3ea9067ae87fec,f0cd63f292e58c1c,576,768,273,622
2. Unhealthy/1. Red Onion/2. Multiple/Onion13852.jpg,1,unhealthy red onion,unhealthy,red onion,multiple,236bbce24927c0c4a64e05804c616962,b2ff11c906c6e632,1024,768,389,945
1. Healthy/1. Red Onion/1. Single/Onion05555.jpg,0,healthy red onion,healthy,red onion,single,00658952fe1b72d896083c0a5d18f620,b425c31a8c039eff,1024,768,2,95
1. Healthy/1. Red Onion/1. Single/Onion04672.jpg,0,healthy red onion,healthy,red onion,single,8d66e9fc054651feafc1e0a63dcc7908,e8ba9527b64d4513,1024,768,131,264
2. Unhealthy/1. Red Onion/1. Single/Onion12569.jpg,1,unhealthy red onion,unhealthy,red onion,single,347b159b012d18420b382f6822a0e290,ccb3578568739964,1024,768,305,697
2. Unhealthy/1. Red Onion/1. Single/Onion12424.jpg,1,unhealthy red onion,unhealthy,red onion,single,45f906a572156eeb86b94cbf422b91cf,c1bb4764919c66b9,1024,768,309,757
1. Healthy/1. Red Onion/1. Single/Onion05127.jpg,0,healthy red onion,healthy,red onion,single,f98763003a04a79622803e0baad84c9f,e4999b664c982bd9,1024,768,2,7
2. Unhealthy/1. Red Onion/1. Single/Onion12398.jpg,1,unhealthy red onion,unhealthy,red onion,single,427fe3fb9fd4eb468bbb3d3effea1e2d,e4914f738d2966a6,1024,768,306,741
1. Healthy/2. White Onion/1. Single/Onion09899.jpg,2,healthy white onion,healthy,white onion,single,9743159647eda5f9e1d8bc5b4143a7a2,cccc333336cf9318,1024,768,565,1409
1. Healthy/2. White Onion/1. Single/Onion08476.jpg,2,healthy white onion,healthy,white onion,single,09f95120b8d1e9fa8e40ee182e75cfa3,c4ae79334dcc3233,576,768,576,1050
1. Healthy/1. Red Onion/1. Single/Onion04086.jpg,0,healthy red onion,healthy,red onion,single,0982806891150c08708d7a8f70006967,e5d5dc7451955194,1024,768,2,38
2. Unhealthy/1. Red Onion/2. Multiple/Onion14278.jpg,1,unhealthy red onion,unhealthy,red onion,multiple,cbbbb1d402b3d1b0e51640505a283115,a1c91e3ad8e70db4,1024,768,389,931
1. Healthy/2. White Onion/2. Multiple/Onion11510.jpg,2,healthy white onion,healthy,white onion,multiple,88d286c62bba2f01b0d5a1303ea8678c,85fa9d8553c73864,1024,768,757,1726
2. Unhealthy/2. White Onion/2. Multiple/Onion15403.jpg,3,unhealthy white onion,unhealthy,white onion,multiple,4d0eb37161af875f261af5621f2c06f7,cbd295a934646e99,1024,768,950,2151
2. Unhealthy/1. Red Onion/1. Single/Onion12404.jpg,1,unhealthy red onion,unhealthy,red onion,single,591a77462d69e627feeccb41613223f1,c43993a64c9b639b,1024,768,305,697
2. Unhealthy/2. White Onion/1. Single/Onion14502.jpg,3,unhealthy white onion,unhealthy,white onion,single,e62dab7f9c94da49b7e561af30a12209,9693696adadd2921,1024,768,791,1832
1. Healthy/2. White Onion/2. Multiple/Onion12085.jpg,2,healthy white onion,healthy,white onion,multiple,e3a1d4bba3858035a91ddb54aa6ef85f,e08eb9a7aca1d358,1024,768,756,1721
1. Healthy/1. Red Onion/2. Multiple/Onion07116.jpg,0,healthy red onion,healthy,red onion,multiple,4d6c602863849b8c1e8a87c9740fd843,c4a83b7330cccbb3,1024,768,273,621
2. Unhealthy/1. Red Onion/2. Multiple/Onion13281.jpg,1,unhealthy red onion,unhealthy,red onion,multiple,8fcafe2531c18ed967b3190a7b89d60c,a9f10c396f6f2883,576,768,391,936
1. Healthy/2. White Onion/2. Multiple/Onion11684.jpg,2,healthy white onion,healthy,white onion,multiple,90cb885c8e6b50508e8cbda227c3d86c,feb18092d7968b8a,576,768,756,1720
2. Unhealthy/2. White Onion/1. Single/Onion15266.jpg,3,unhealthy white onion,unhealthy,white onion,single,9a180bd6b1644f9537ee322d90d1d241,9bd9646d69992496,1024,768,791,1807
2. Unhealthy/1. Red Onion/2. Multiple/Onion13728.jpg,1,unhealthy red onion,unhealthy,red onion,multiple,fc9549ed5b9d6c168fd23d0fecfdff82,b47992928de7591c,1024,768,389,931
2. Unhealthy/1. Red Onion/1. Single/Onion12751.jpg,1,unhealthy red onion,unhealthy,red onion,single,bb0d4c7deef30c78fad462f3c58d869b,b10ecec732cc3333,1024,768,305,685
1. Healthy/1. Red Onion/1. Single/Onion05562.jpg,0,healthy red onion,healthy,red onion,single,cbe0a9d31859e9732a7d9aca6311e6ee,e592da255b566459,1024,768,2,25
1. Healthy/1. Red Onion/2. Multiple/Onion07916.jpg,0,healthy red onion,healthy,red onion,multiple,4263511e095ea864fa23b585e614d478,866c8607ecf4395b,1024,768,273,625
2. Unhealthy/2. White Onion/1. Single/Onion15149.jpg,3,unhealthy white onion,unhealthy,white onion,single,5a343d538901dda77117a1096f5ebc82,a8abc374cc99c936,1024,768,818,1797
1. Healthy/2. White Onion/1. Single/Onion10394.jpg,2,healthy white onion,healthy,white onion,single,174d6d71428529e7395691bb31a34797,9b3e249992664d9b,576,768,609,981
1. Healthy/1. Red Onion/1. Single/Onion06493.jpg,0,healthy red onion,healthy,red onion,single,76ed8cbd421f53616774386a4d27b5d0,8e75e1a4ce6c7033,576,768,23,175
1. Healthy/1. Red Onion/2. Multiple/Onion07773.jpg,0,healthy red onion,healthy,red onion,multiple,c62789fce4ddd284383ab9cc848da6f8,f4abc4f2ee70840d,1024,768,273,619
2. Unhealthy/1. Red Onion/2. Multiple/Onion13612.jpg,1,unhealthy red onion,unhealthy,red onion,multiple,a859f55bb926a66c95b1495fe2c90741,e9708de796da2231,1024,768,389,931
1. Healthy/2. White Onion/2. Multiple/Onion11631.jpg,2,healthy white onion,healthy,white onion,multiple,fcd274b4610d12d6df459ff2efdc8655,d9859492661e4e5f,1024,768,771,1718
1. Healthy/2. White Onion/1. Single/Onion10923.jpg,2,healthy white onion,healthy,white onion,single,7129450ce49473cb3d8440954e7e0dd7,9fde612196cc18b3,576,768,711,1656
1. Healthy/1. Red Onion/1. Single/Onion05387.jpg,0,healthy red onion,healthy,red onion,single,d03e1e0f60fba967cfe147c356665e77,f3b14ccc3533a2cc,1024,768,2,104
2. Unhealthy/2. White Onion/1. Single/Onion15132.jpg,3,unhealthy white onion,unhealthy,white onion,single,115be866fe698f67cb686c048008b52c,eb4e98b1a7c8316c,1024,768,792,1938
2. Unhealthy/2. White Onion/2. Multiple/Onion16243.jpg,3,unhealthy white onion,unhealthy,white onion,multiple,5ba5ddc65fdc64e04577e656a046ec5a,eefc88e095878396,576,768,950,2213
2. Unhealthy/1. Red Onion/1. Single/Onion13011.jpg,1,unhealthy red onion,unhealthy,red onion,single,662f84863ad454613f7e8fdc1fa3e0da,f1b38cccce34b451,1024,768,276,704
2. Unhealthy/2. White Onion/1. Single/Onion14943.jpg,3,unhealthy white onion,unhealthy,white onion,single,296b6ad1172a2e951b5ee83d2d56a4bd,e4c0c8c6caed65e6,1024,768,807,2086
2. Unhealthy/2. White Onion/1. Single/Onion14963.jpg,3,unhealthy white onion,unhealthy,white onion,single,c75c0165cb219f5ae97e236742c38086,9cd66371b4c59a92,576,768,799,1804
2. Unhealthy/2. White Onion/2. Multiple/Onion15517.jpg,3,unhealthy white onion,unhealthy,white onion,multiple,18bb3dc135a930ab6a51a752d08d0bd7,de6639c9c38d8694,1024,768,942,2145
1. Healthy/2. White Onion/2. Multiple/Onion12091.jpg,2,healthy white onion,healthy,white onion,multiple,232a0393c766b2301f297b0a0c562f02,daa037dde9d61241,576,768,759,1738
1. Healthy/1. Red Onion/2. Multiple/Onion07162.jpg,0,healthy red onion,healthy,red onion,multiple,a01fca1a5ca4f0e8996b882daae51f85,ceb93872668639a6,1024,768,273,621
1. Healthy/1. Red Onion/1. Single/Onion06365.jpg,0,healthy red onion,healthy,red onion,single,117331beee5bff68a79624017a57738d,c9a3666499997327,1024,768,212,533
1. Healthy/2. White Onion/1. Single/Onion08990.jpg,2,healthy white onion,healthy,white onion,single,b25a198408615719df31c5a5387276cf,b7c6d9d873630c18,576,768,609,997
2. Unhealthy/2. White Onion/1. Single/Onion15195.jpg,3,unhealthy white onion,unhealthy,white onion,single,1abe1a6b7dcf5d2137d57e06335d8c83,b9c86436cbcb68e4,576,768,837,1916
2. Unhealthy/2. White Onion/2. Multiple/Onion15413.jpg,3,unhealthy white onion,unhealthy,white onion,multiple,f59c54d6ac6180ffdac636dcf9ca3f53,c4b307e46c16794f,1024,768,942,2145
2. Unhealthy/2. White Onion/1. Single/Onion14719.jpg,3,unhealthy white onion,unhealthy,white onion,single,33213da8f1ae63df4dc4e5fcb3d63c6f,d949a1b6766e9492,1024,768,867,2024
1. Healthy/1. Red Onion/2. Multiple/Onion07122.jpg,0,healthy red onion,healthy,red onion,multiple,7eba28ce77a1109b09773fb25c0bb18e,bd84b4995aa68e1d,1024,768,273,621
2. Unhealthy/2. White Onion/2. Multiple/Onion15359.jpg,3,unhealthy white onion,unhealthy,white onion,multiple,950180bdac44bdb0982e41d4dc3237d1,c4b30fe46d0cf84b,1024,768,942,2145
1. Healthy/1. Red Onion/1. Single/Onion06002.jpg,0,healthy red onion,healthy,red onion,single,868accb510e486d94aa63212f6d3d25b,b1cfc6713e83280f,576,768,182,489
1. Healthy/1. Red Onion/2. Multiple/Onion08113.jpg,0,healthy red onion,healthy,red onion,multiple,799334cb2043f7c9924e0d2518af3f87,ea2584d1393edd23,1024,768,273,619
2. Unhealthy/1. Red Onion/1. Single/Onion12553.jpg,1,unhealthy red onion,unhealthy,red onion,single,0b833366a1ff9daf8ddadb6723774e14,d1b956264a9b986d,1024,768,305,808
2. Unhealthy/2. White Onion/1. Single/Onion14927.jpg,3,unhealthy white onion,unhealthy,white onion,single,3c84d1b5409b971f217db878adbce377,9b64659b2a5b6266,1024,768,791,1842
1. Healthy/1. Red Onion/1. Single/Onion06803.jpg,0,healthy red onion,healthy,red onion,single,3438e4832563b1c888f0b98508e1b8ff,e48b9a694d3696c9,1024,768,20,42
1. Healthy/2. White Onion/1. Single/Onion11025.jpg,2,healthy white onion,healthy,white onion,single,13bab7ea5ba4c5d3256dac6b9dbce852,9af9691f961c18e4,576,768,727,1682
2. Unhealthy/2. White Onion/1. Single/Onion14566.jpg,3,unhealthy white onion,unhealthy,white onion,single,c0f0220a9fb00617c4828e446f98c79c,8d2a3ec1718ec53e,1024,768,780,1967
2. Unhealthy/2. White Onion/2. Multiple/Onion15832.jpg,3,unhealthy white onion,unhealthy,white onion,multiple,ea2a5196e0b45cbfcf72cc2c19c5580e,c1d026c736f1993b,1024,768,948,2183
2. Unhealthy/2. White Onion/2. Multiple/Onion15404.jpg,3,unhealthy white onion,unhealthy,white onion,multiple,44aec60856e026c0e397518993dea875,87c264a16bbdcce4,1024,768,950,2197
2. Unhealthy/2. White Onion/2. Multiple/Onion15455.jpg,3,unhealthy white onion,unhealthy,white onion,multiple,a47f12c48ae87a1fb906f1303368badd,c8663fb96592d20d,576,768,939,2159
2. Unhealthy/2. White Onion/1. Single/Onion14285.jpg,3,unhealthy white onion,unhealthy,white onion,single,f26a6221e4fcc89fb7b575b1704edc50,ed8a35533453721e,1024,768,838,1798
2. Unhealthy/1. Red Onion/1. Single/Onion12341.jpg,1,unhealthy red onion,unhealthy,red onion,single,f9b72393f280c737a6e073e9ffe290ea,e6799be62d882689,1024,768,292,701
1. Healthy/2. White Onion/1. Single/Onion10948.jpg,2,healthy white onion,healthy,white onion,single,804bbd32f000257187cd69115352d1fb,9e97652992c6c9d8,576,768,401,965
1. Healthy/2. White Onion/1. Single/Onion08783.jpg,2,healthy white onion,healthy,white onion,single,f460c320ccd6aee7e968a1c10985de32,9d87e2d8d9670c98,576,768,609,1032
1. Healthy/2. White Onion/2. Multiple/Onion11730.jpg,2,healthy white onion,healthy,white onion,multiple,db56136103cb839d3c0ff9ae9e234652,97db6934185a3173,1024,768,757,1722
1. Healthy/1. Red Onion/1. Single/Onion06680.jpg,0,healthy red onion,healthy,red onion,single,8e0d23fa9464d3bf6b54dc56ae25a816,f991c4b5935b234a,1024,768,2,222
1. Healthy/1. Red Onion/2. Multiple/Onion07422.jpg,0,healthy red onion,healthy,red onion,multiple,26c1de03f2f4041e4e6ade1971877bc0,92756ecb1897a196,576,768,273,621
1. Healthy/1. Red Onion/1. Single/Onion06459.jpg,0,healthy red onion,healthy,red onion,single,7acb9aca751e1ae7f8d0212eaed61928,d87727d4ac5b801b,1024,768,2,517
2. Unhealthy/1. Red Onion/1. Single/Onion12809.jpg,1,unhealthy red onion,unhealthy,red onion,single,90c2629da4cabbe7431acdb63a626f50,b39c7799c6319a44,1024,768,305,671
1. Healthy/1. Red Onion/1. Single/Onion06545.jpg,0,healthy red onion,healthy,red onion,single,8cfba930f5cdc2fb34ce91e0568d2bad,e6a5999a25659993,1024,768,20,42
1. Healthy/2. White Onion/1. Single/Onion08424.jpg,2,healthy white onion,healthy,white onion,single,82443dd97877b9e3bb832ef22fb24703,b1cd4736c6715919,1024,768,576,1111
1. Healthy/1. Red Onion/2. Multiple/Onion07863.jpg,0,healthy red onion,healthy,red onion,multiple,8af09d876824ea782aed771351593437,b1474afc3da6c8c1,576,768,273,621
1. Healthy/2. White Onion/2. Multiple/Onion12016.jpg,2,healthy white onion,healthy,white onion,multiple,35ecba130027cf9e09fa580ac0a79670,cb66669bc99c4398,1024,768,756,1721
2. Unhealthy/2. White Onion/2. Multiple/Onion15449.jpg,3,unhealthy white onion,unhealthy,white onion,multiple,40a60a986e4c393ed203890f7383b831,f34b84359c25cb0f,1024,768,943,2207
2. Unhealthy/1. Red Onion/2. Multiple/Onion13447.jpg,1,unhealthy red onion,unhealthy,red onion,multiple,05713ef4c53850c68edfb3076bcbc5c5,e87885e796da22b8,1024,768,389,931
1. Healthy/2. White Onion/1. Single/Onion09624.jpg,2,healthy white onion,healthy,white onion,single,48f1ba2c6ca9ba1e2baf4d445e6722fa,9a659996798c669a,1024,768,566,1415
2. Unhealthy/2. White Onion/2. Multiple/Onion16069.jpg,3,unhealthy white onion,unhealthy,white onion,multiple,c73d9bd98708a39585f9a4dcb01cc5fe,87ad1fc4668b3a92,1024,768,937,2148
1. Healthy/1. Red Onion/1. Single/Onion06054.jpg,0,healthy red onion,healthy,red onion,single,49d3b1a292bdaf28ec21195aefd4f80f,eb15940e2b393d27,576,768,2,25
2. Unhealthy/1. Red Onion/1. Single/Onion13127.jpg,1,unhealthy red onion,unhealthy,red onion,single,a74c719abe463f5fe7b8bf006683e9ac,f3a1cc8d62782373,1024,768,276,784
1. Healthy/1. Red Onion/2. Multiple/Onion07130.jpg,0,healthy red onion,healthy,red onion,multiple,4aead8f63c252ba6f7beff5f4d167c97,a3988cc33c37b339,1024,768,273,622
2. Unhealthy/1. Red Onion/2. Multiple/Onion13758.jpg,1,unhealthy red onion,unhealthy,red onion,multiple,425a677d7d4d00baea9922f4308fdad0,c5b3380c26eb6c3d,1024,768,395,948
1. Healthy/1. Red Onion/1. Single/Onion06543.jpg,0,healthy red onion,healthy,red onion,single,e718317d4c53438c76e8a1d1633619b5,cbcb983c3464c1f3,576,768,232,561
1. Healthy/1. Red Onion/1. Single/Onion06029.jpg,0,healthy red onion,healthy,red onion,single,672d0bb3d2a5398387d4360dc3a66d95,db64a49b89634e6c,1024,768,2,263
1. Healthy/2. White Onion/2. Multiple/Onion11244.jpg,2,healthy white onion,healthy,white onion,multiple,3f0617050cd5ef8309bdf25ebccbddd4,e38cb19757444c6b,1024,768,756,1721
1. Healthy/2. White Onion/1. Single/Onion09580.jpg,2,healthy white onion,healthy,white onion,single,ee19a0b41ec162f42a33e774012f8cde,bcc75139c6e45d30,1024,768,401,965
1. Healthy/1. Red Onion/1. Single/Onion04771.jpg,0,healthy red onion,healthy,red onion,single,bd827f914f3fd6e5fac6065e5b1b6eb6,9cc7d619f1c613a8,576,768,56,132
2. Unhealthy/2. White Onion/2. Multiple/Onion15478.jpg,3,unhealthy white onion,unhealthy,white onion,multiple,e906c2af5b2d5c8b061f695e9fb3993d,bac6f1c3cc1e6350,576,768,950,2209
2. Unhealthy/1. Red Onion/1. Single/Onion12433.jpg,1,unhealthy red onion,unhealthy,red onion,single,d47517bc32ca776749bc09715e31217c,83ca86267bb3562e,1024,768,309,761
1. Healthy/1. Red Onion/1. Single/Onion05508.jpg,0,healthy red onion,healthy,red onion,single,b300ffcf6efa30e83ce88002ccfa93e6,d9272699ca649976,1024,768,161,436
1. Healthy/2. White Onion/1. Single/Onion08786.jpg,2,healthy white onion,healthy,white onion,single,b0eadc593f17f08225fc2b92fca8cd83,956a62959c72b36c,576,768,403,974
1. Healthy/2. White Onion/1. Single/Onion09870.jpg,2,healthy white onion,healthy,white onion,single,9ad855b38f7ec2090a6188b873d0d919,dbe4649392c99966,1024,768,576,1122
1. Healthy/2. White Onion/1. Single/Onion10222.jpg,2,healthy white onion,healthy,white onion,single,a1d55bc0b8f41fb3cb6dd8e0ccad8798,8c3373cd322e13ec,1024,768,506,1014
2. Unhealthy/1. Red Onion/2. Multiple/Onion13564.jpg,1,unhealthy red onion,unhealthy,red onion,multiple,ca4e9d09a5bd1826fe7fefd06bbb3371,8899978ce6669bc6,1024,768,389,935
1. Healthy/1. Red Onion/1. Single/Onion04393.jpg,0,healthy red onion,healthy,red onion,single,9d44b8ba89117c5ef1720486846b92ff,b8e647c83f3a8ac8,576,768,131,199
2. Unhealthy/1. Red Onion/2. Multiple/Onion14223.jpg,1,unhealthy red onion,unhealthy,red onion,multiple,157f9d91f40c96c3312eb667ff681bca,d2b679c9a6996c28,576,768,389,946
1. Healthy/2. White Onion/1. Single/Onion09390.jpg,2,healthy white onion,healthy,white onion,single,3da7aa38d55f68da97d340864f9de214,9c03e2c8f9379c99,576,768,609,1032
1. Healthy/2. White Onion/2. Multiple/Onion11321.jpg,2,healthy white onion,healthy,white onion,multiple,b86093cddf62052c632526a841f1cf3a,d99c4639844b71f6,1024,768,764,1757
1. Healthy/2. White Onion/1. Single/Onion09936.jpg,2,healthy white onion,healthy,white onion,single,5d6a9c8eb372c73e825c01d607ad54e5,cfb029c7b638c325,576,768,406,979
2. Unhealthy/2. White Onion/1. Single/Onion14461.jpg,3,unhealthy white onion,unhealthy,white onion,single,0bdff3b0fca37bc8d8467e5c6dc94978,893026cbacbc3f65,1024,768,883,1918
1. Healthy/1. Red Onion/1. Single/Onion05474.jpg,0,healthy red onion,healthy,red onion,single,adfc35d42ac0ab0ef2142624d41c264e,99982633d3d7acc8,1024,768,23,339
1. Healthy/1. Red Onion/2. Multiple/Onion07989.jpg,0,healthy red onion,healthy,red onion,multiple,11e3246d2bf952d0336a0440fb2e514c,fca6885bb239c8c6,1024,768,272,628
1. Healthy/2. White Onion/1. Single/Onion10404.jpg,2,healthy white onion,healthy,white onion,single,ffb0b91d0e052d4642d5f7f5a89f9ed0,c6c23928a7e3e19e,576,768,546,1357
1. Healthy/1. Red Onion/1. Single/Onion06514.jpg,0,healthy red onion,healthy,red onion,single,3a1724b231c37eb8e8ea01173a3ad864,9b9bc1e1253ccc9c,576,768,2,27
1. Healthy/2. White Onion/1. Single/Onion10936.jpg,2,healthy white onion,healthy,white onion,single,7ef1b2c4f2d22f12966f42204f28197c,96cb2a35c5c20f6d,576,768,459,1609
2. Unhealthy/1. Red Onion/1. Single/Onion13089.jpg,1,unhealthy red onion,unhealthy,red onion,single,1b4620117382d521c563074554b4ad8f,b2ce893126cf33cc,576,768,293,703
1. Healthy/2. White Onion/1. Single/Onion09337.jpg,2,healthy white onion,healthy,white onion,single,9bef0332071a9446ca96cb3cb3123d13,926d6d909b736c64,1024,768,483,1234
1. Healthy/1. Red Onion/1. Single/Onion04928.jpg,0,healthy red onion,healthy,red onion,single,64c647eedfa0d5e087a8319111ad0a77,9dc7743459c3c38c,576,768,2,16
2. Unhealthy/2. White Onion/2. Multiple/Onion16204.jpg,3,unhealthy white onion,unhealthy,white onion,multiple,507a1c3da6f16d5adaaae23f107b6e2a,814b1c7c729e63ad,1024,768,948,2171
1. Healthy/2. White Onion/2. Multiple/Onion11949.jpg,2,healthy white onion,healthy,white onion,multiple,f84e6348fbd55fe4021634f283bf2fad,f092496f9c994ab6,1024,768,757,1742
1. Healthy/2. White Onion/1. Single/Onion10631.jpg,2,healthy white onion,healthy,white onion,single,2d551ca3400b8ff0e7bc30dd6e772102,f38acc758d92338c,1024,768,609,997
1. Healthy/1. Red Onion/2. Multiple/Onion07974.jpg,0,healthy red onion,healthy,red onion,multiple,ee5287cbcc813f427d0498ace67ab7fc,f624937b489bc4b1,1024,768,273,619
1. Healthy/1. Red Onion/1. Single/Onion05332.jpg,0,healthy red onion,healthy,red onion,single,99b5f1181972e555bd34b927db4aaf5b,e5619a9ecd495919,1024,768,20,41
1. Healthy/1. Red Onion/1. Single/Onion06682.jpg,0,healthy red onion,healthy,red onion,single,9d2216a22dc8c2efc250ce2d4c52171c,a7999867679a2469,576,768,20,79
1. Healthy/1. Red Onion/2. Multiple/Onion07385.jpg,0,healthy red onion,healthy,red onion,multiple,2f91fd1e924293a73b9d4696e2db5c07,f4abc370bf4031c6,1024,768,273,629
1. Healthy/1. Red Onion/1. Single/Onion05199.jpg,0,healthy red onion,healthy,red onion,single,8492949a13270772a516a7582d6d029c,e6c75d3930c6c1c3,576,768,16,119
1. Healthy/2. White Onion/1. Single/Onion08301.jpg,2,healthy white onion,healthy,white onion,single,f541b0f4e697d486603a5ba5fa0becfe,8e707928066faf95,1024,768,426,1058
2. Unhealthy/1. Red Onion/1. Single/Onion12374.jpg,1,unhealthy red onion,unhealthy,red onion,single,d11a10d8dc0f5b91abc50eb35c88ab30,e483996664dd9a27,1024,768,276,663
2. Unhealthy/1. Red Onion/2. Multiple/Onion14167.jpg,1,unhealthy red onion,unhealthy,red onion,multiple,a005d6a593fcd8a4e73029e3cef7082f,a9cc926379a28e9b,576,768,389,935
2. Unhealthy/2. White Onion/2. Multiple/Onion15925.jpg,3,unhealthy white onion,unhealthy,white onion,multiple,dc1abbb7f03b4965bfb83728b480274b,9aa66579b8333392,1024,768,948,2205
1. Healthy/1. Red Onion/1. Single/Onion06644.jpg,0,healthy red onion,healthy,red onion,single,9f939974818a93ba569b9a80a31846f1,bcd023afe4b093ca,576,768,243,577
2. Unhealthy/1. Red Onion/1. Single/Onion12847.jpg,1,unhealthy red onion,unhealthy,red onion,single,21d9d43817277bed6169bff45ee78b3b,f698876c98c76c98,576,768,354,871
1. Healthy/2. White Onion/1. Single/Onion08400.jpg,2,healthy white onion,healthy,white onion,single,51216e1c2860cd2d20323d91b8ab1514,9de92417993c4976,576,768,492,1101
1. Healthy/1. Red Onion/1. Single/Onion06776.jpg,0,healthy red onion,healthy,red onion,single,485f6795b92ee7863e406957161ad031,b0edc7831cc6f1b0,1024,768,135,376
2. Unhealthy/2. White Onion/1. Single/Onion14507.jpg,3,unhealthy white onion,unhealthy,white onion,single,5669be67d3e4076782d661e1659bd232,8d3c72c333c7989c,1024,768,823,1933
2. Unhealthy/2. White Onion/1. Single/Onion15121.jpg,3,unhealthy white onion,unhealthy,white onion,single,238d78eb7ea494a25b5fcf76828db79c,9c5fe3c09943e730,1024,768,782,1814
2. Unhealthy/1. Red Onion/1. Single/Onion12394.jpg,1,unhealthy red onion,unhealthy,red onion,single,1d3d6ec34ea69a0f7a6e305f6863f2d6,949cc73333cccc33,1024,768,309,738
1. Healthy/2. White Onion/1. Single/Onion08295.jpg,2,healthy white onion,healthy,white onion,single,341ec2f6f5d68ba8b9de938ac5435011,cff430dac7651c90,576,768,441,1053
2. Unhealthy/2. White Onion/2. Multiple/Onion15899.jpg,3,unhealthy white onion,unhealthy,white onion,multiple,a970e95c1aca61719b60512d399879f1,d86637f169d2470c,576,768,939,2159
1. Healthy/1. Red Onion/2. Multiple/Onion07424.jpg,0,healthy red onion,healthy,red onion,multiple,ab616bee7d28149d68808bbf97f3c8d6,b91b464a1ce92e37,1024,768,273,627
1. Healthy/1. Red Onion/2. Multiple/Onion07476.jpg,0,healthy red onion,healthy,red onion,multiple,71bb07a46279769329b98db1ca567e63,a3244cad53a95b9b,1024,768,272,620
2. Unhealthy/1. Red Onion/2. Multiple/Onion13749.jpg,1,unhealthy red onion,unhealthy,red onion,multiple,525f541c9657d938588e76c313ce7eda,b1e2874cd4764759,1024,768,392,937
1. Healthy/1. Red Onion/1. Single/Onion06435.jpg,0,healthy red onion,healthy,red onion,single,a8fca34d691b5e36890ad9dca0a51810,e4a49b9b19d98d34,1024,768,56,225
2. Unhealthy/2. White Onion/1. Single/Onion14425.jpg,3,unhealthy white onion,unhealthy,white onion,single,d62b4fd2a47e37a27bb03b6495688783,962d779891683f85,576,768,812,1897
2. Unhealthy/2. White Onion/2. Multiple/Onion15358.jpg,3,unhealthy white onion,unhealthy,white onion,multiple,752ae14a5a9c6427e05ea16ecc9ed0c1,b5a8621763da6c39,1024,768,940,2181
1. Healthy/1. Red Onion/1. Single/Onion04605.jpg,0,healthy red onion,healthy,red onion,single,dd50be065ebe1c26c6842c8a20baf363,d9986667099e3699,1024,768,2,19
1. Healthy/1. Red Onion/1. Single/Onion06099.jpg,0,healthy red onion,healthy,red onion,single,aa1ea8d009d4f8014b138a69205fa96b,b4c7cf78a3d6cc00,576,768,2,38
1. Healthy/1. Red Onion/1. Single/Onion04439.jpg,0,healthy red onion,healthy,red onion,single,35d2e7df32dc9f08f5d7d08cbe1cb55a,b30ab8c64f1c714f,576,768,23,216
2. Unhealthy/1. Red Onion/2. Multiple/Onion13388.jpg,1,unhealthy red onion,unhealthy,red onion,multiple,7ba69c573510fda4a505e5c22e0a0b52,c2535be57e321d18,576,768,391,936
1. Healthy/1. Red Onion/1. Single/Onion04105.jpg,0,healthy red onion,healthy,red onion,single,7be83abfd5639b1ea13ca8dc255d0892,ea454cb3566512af,1024,768,23,51
1. Healthy/2. White Onion/1. Single/Onion08755.jpg,2,healthy white onion,healthy,white onion,single,9694d4bb5f100796df96d39ea67e9c6d,cfb03483338e8f9c,1024,768,403,1071
1. Healthy/2. White Onion/2. Multiple/Onion11507.jpg,2,healthy white onion,healthy,white onion,multiple,87f2ac8fce74d930350c9e6046caa8bb,b08acad5132b6dd5,1024,768,771,1718
2. Unhealthy/1. Red Onion/2. Multiple/Onion13460.jpg,1,unhealthy red onion,unhealthy,red onion,multiple,206f316bb0b9af022f67505391f0b6ff,f0c597ccc39c98b2,1024,768,389,931
1. Healthy/2. White Onion/1. Single/Onion09420.jpg,2,healthy white onion,healthy,white onion,single,ae24dac3949a5057d4d339030b78bd31,9877659c6a39c4a6,1024,768,492,1383
1. Healthy/2. White Onion/1. Single/Onion08401.jpg,2,healthy white onion,healthy,white onion,single,451c36123a036326c9d94c45de4881a9,cd9930e7b316cc19,1024,768,403,974
1. Healthy/1. Red Onion/2. Multiple/Onion07819.jpg,0,healthy red onion,healthy,red onion,multiple,dbc1654c23cb1f537dfb386c0265255c,f5638adc59867688,1024,768,273,619
1. Healthy/1. Red Onion/1. Single/Onion04687.jpg,0,healthy red onion,healthy,red onion,single,a901799916c69054f07f717040f65ef5,e6889b376db62688,1024,768,2,150
1. Healthy/2. White Onion/1. Single/Onion09125.jpg,2,healthy white onion,healthy,white onion,single,d08a2687ab69177ee44e08a6fd61fa59,d3ed249b4992656c,1024,768,459,977
1. Healthy/1. Red Onion/1. Single/Onion04387.jpg,0,healthy red onion,healthy,red onion,single,328a9c5fa5b00a8fe73edfc494b0439c,e70d1a2565331e37,1024,768,29,197
2. Unhealthy/1. Red Onion/1. Single/Onion12920.jpg,1,unhealthy red onion,unhealthy,red onion,single,db7a3162185fb5b21c9f73c02b13b1e4,f085cf2ccd166669,1024,768,276,767
2. Unhealthy/1. Red Onion/2. Multiple/Onion13822.jpg,1,unhealthy red onion,unhealthy,red onion,multiple,7a6221534dda9c4f49b8bd6f67e3b98c,c6d21d69633633c3,1024,768,389,935
1. Healthy/1. Red Onion/1. Single/Onion06589.jpg,0,healthy red onion,healthy,red onion,single,2265e73bb77067a72025bed02fbb91fd,e5989a659c33d962,1024,768,2,329
1. Healthy/1. Red Onion/1. Single/Onion04596.jpg,0,healthy red onion,healthy,red onion,single,b4377c012e92ca7e543608ef458c01ed,e7009fc0bcf207ec,1024,768,2,13
1. Healthy/2. White Onion/1. Single/Onion08559.jpg,2,healthy white onion,healthy,white onion,single,e0d4c6ee507575ce63a045824ddaacb8,d813656ed6999923,1024,768,454,1157
1. Healthy/2. White Onion/1. Single/Onion08195.jpg,2,healthy white onion,healthy,white onion,single,c8f6a49bcd9b18cdbaa4487d799f1b25,9e65619e96695926,576,768,403,1001
2. Unhealthy/2. White Onion/2. Multiple/Onion15554.jpg,3,unhealthy white onion,unhealthy,white onion,multiple,18ad05706712cc56e6896aa85880886a,82f41b0f7ec99196,576,768,942,2158
1. Healthy/2. White Onion/2. Multiple/Onion11322.jpg,2,healthy white onion,healthy,white onion,multiple,3ed64ca8fa0975af161a7df745e246e8,c56193b54ab47b16,1024,768,757,1726
1. Healthy/1. Red Onion/1. Single/Onion04339.jpg,0,healthy red onion,healthy,red onion,single,a5bd3c08f1b45120a385a4f89aa916f0,d1cb263c68b3138f,1024,768,66,177
1. Healthy/2. White Onion/1. Single/Onion08842.jpg,2,healthy white onion,healthy,white onion,single,65c8b5bf01b4930b56a3284b819cb8f8,a2a2c0cd3e3e0ecf,576,768,576,987
2. Unhealthy/1. Red Onion/1. Single/Onion12483.jpg,1,unhealthy red onion,unhealthy,red onion,single,cf98c199e8e2294b3a90f09254a59d1f,e1969e653198ce63,576,768,322,786
2. Unhealthy/1. Red Onion/2. Multiple/Onion14056.jpg,1,unhealthy red onion,unhealthy,red onion,multiple,d1965e9ea10e31df18c9f063019d0436,80d5ce4ef1603f33,1024,768,389,935
1. Healthy/1. Red Onion/2. Multiple/Onion07294.jpg,0,healthy red onion,healthy,red onion,multiple,f2c306807ad382c45391973f763c5306,c6cb579c32349cb2,1024,768,273,619
1. Healthy/2. White Onion/2. Multiple/Onion12068.jpg,2,healthy white onion,healthy,white onion,multiple,0a7e8cdd40ea40514b34902647e70b7b,94f8c5cd7427551c,1024,768,756,1721
1. Healthy/2. White Onion/2. Multiple/Onion11291.jpg,2,healthy white onion,healthy,white onion,multiple,1b1ea2cb464120bf676cc5b0803780ed,ccd2320d67ee92f0,1024,768,757,1722
1. Healthy/2. White Onion/2. Multiple/Onion12248.jpg,2,healthy white onion,healthy,white onion,multiple,047b16bb3bfa8920b54b2356d5d7f1a5,c12a3fd770c24bc9,1024,768,757,1772
2. Unhealthy/1. Red Onion/2. Multiple/Onion13761.jpg,1,unhealthy red onion,unhealthy,red onion,multiple,a951cb061460932ae900eec25c9a19b3,e4aa879499c9693b,1024,768,393,943
1. Healthy/1. Red Onion/1. Single/Onion04443.jpg,0,healthy red onion,healthy,red onion,single,828803e6b51ef7f71579f21ef9402a6d,e56d989265cd6613,1024,768,20,218
2. Unhealthy/1. Red Onion/1. Single/Onion12989.jpg,1,unhealthy red onion,unhealthy,red onion,single,b98b5685f50565feeafe3d4c659e339d,c4b963369c52723b,1024,768,305,808
1. Healthy/2. White Onion/1. Single/Onion08170.jpg,2,healthy white onion,healthy,white onion,single,b155b6a1cf7f6a4b6afd987cab4cba33,9a65659e69318679,576,768,407,980
1. Healthy/1. Red Onion/1. Single/Onion06491.jpg,0,healthy red onion,healthy,red onion,single,9812bca291c130a7541957bd239b6c7e,9ecce3f78c8c2132,576,768,148,20
1. Healthy/2. White Onion/1. Single/Onion09101.jpg,2,healthy white onion,healthy,white onion,single,d4e57587189fb109daf1d2fd6ae3e911,cd853033c7cf3c34,576,768,576,1284
2. Unhealthy/2. White Onion/2. Multiple/Onion16113.jpg,3,unhealthy white onion,unhealthy,white onion,multiple,ac2aae4e64a2c07f03522d80ade8c199,849213cf2c307f6f,576,768,945,2146
1. Healthy/2. White Onion/1. Single/Onion09968.jpg,2,healthy white onion,healthy,white onion,single,eed375352fdf0c7163843fb2f67a9bd6,c993764c9371dc4c,1024,768,576,963
2. Unhealthy/2. White Onion/1. Single/Onion14297.jpg,3,unhealthy white onion,unhealthy,white onion,single,1f23fe3e4178b4233af19e6541e22b5d,dccc6c9a9624bc35,576,768,791,1810
1. Healthy/1. Red Onion/1. Single/Onion05276.jpg,0,healthy red onion,healthy,red onion,single,9fc151efe28b7cffd3a1c88b5c3401e0,e59a9a64699b6632,1024,768,20,42
1. Healthy/1. Red Onion/2. Multiple/Onion07264.jpg,0,healthy red onion,healthy,red onion,multiple,49d2b0451492e47f30a47db8b2a778a9,90576b4fe460bc17,576,768,273,621
2. Unhealthy/2. White Onion/2. Multiple/Onion15481.jpg,3,unhealthy white onion,unhealthy,white onion,multiple,d88b477f6e72dea3c8549ef8a7603f77,d5d6042eda3335c3,1024,768,948,2193
2. Unhealthy/2. White Onion/2. Multiple/Onion15722.jpg,3,unhealthy white onion,unhealthy,white onion,multiple,d9393e2983aedc0ef98c6fc8e4dddef4,e4379a0f1a1d6b2c,1024,768,943,2172
1. Healthy/2. White Onion/1. Single/Onion10922.jpg,2,healthy white onion,healthy,white onion,single,33ea9bf1fcbfbd75dbe4505454cee7d8,b10fc6f458cb3195,1024,768,459,1589
2. Unhealthy/2. White Onion/1. Single/Onion14678.jpg,3,unhealthy white onion,unhealthy,white onion,single,fe0b88effb078a2fbca665f36f604a7b,83a86c969b8f6476,576,768,792,2015
1. Healthy/1. Red Onion/1. Single/Onion04200.jpg,0,healthy red onion,healthy,red onion,single,9ca1f4e71a6c0b571a836c5a35345116,d9886631dbc78ccc,1024,768,2,108
2. Unhealthy/2. White Onion/2. Multiple/Onion15425.jpg,3,unhealthy white onion,unhealthy,white onion,multiple,f39da9d040806e65ef68b6dd8c226ed7,a15dda216a96c76c,1024,768,945,2152
1. Healthy/2. White Onion/2. Multiple/Onion11479.jpg,2,healthy white onion,healthy,white onion,multiple,0a1cb7e6507b4180486e1e58bbb73e5d,c28a2dcd706ccfc3,1024,768,757,1722
1. Healthy/1. Red Onion/1. Single/Onion04541.jpg,0,healthy red onion,healthy,red onion,single,0eb9aec7760d07e6797b2cb24b79563b,bc4892876567f28d,576,768,2,256
2. Unhealthy/1. Red Onion/2. Multiple/Onion14189.jpg,1,unhealthy red onion,unhealthy,red onion,multiple,2fed262dc8181f35c2c33da382a29421,d3bcc46199c26f98,1024,768,395,940
1. Healthy/2. White Onion/2. Multiple/Onion11289.jpg,2,healthy white onion,healthy,white onion,multiple,0953819ec62541035c7f25ccf94f7fcf,c9743c133de4a62b,1024,768,757,1722
2. Unhealthy/1. Red Onion/2. Multiple/Onion13932.jpg,1,unhealthy red onion,unhealthy,red onion,multiple,0c47775877f206ca6c15b2a733669d3e,fc034f5cc3eca384,576,768,392,952
2. Unhealthy/1. Red Onion/1. Single/Onion13164.jpg,1,unhealthy red onion,unhealthy,red onion,single,71de08d3f918b3e6740d261bbbd6b6bb,e4a799da846599ca,1024,768,276,797
1. Healthy/2. White Onion/1. Single/Onion10892.jpg,2,healthy white onion,healthy,white onion,single,26edbfbd1c9104384a2f5e4bd3ff74c5,cbe036cbc13c9273,576,768,704,1644
2. Unhealthy/2. White Onion/2. Multiple/Onion15560.jpg,3,unhealthy white onion,unhealthy,white onion,multiple,f5ff80bd204aa0d319b8d27d9459e9dd,c98f3670d21ccdc3,1024,768,939,2159
2. Unhealthy/1. Red Onion/2. Multiple/Onion14215.jpg,1,unhealthy red onion,unhealthy,red onion,multiple,7038cb769ea609e20b0bfb410c068581,bcc3d31f9c604f30,1024,768,389,931
1. Healthy/1. Red Onion/1. Single/Onion05180.jpg,0,healthy red onion,healthy,red onion,single,da1839aaccb45e2ca527f540c9075e9e,99d8c1233dce6666,1024,768,16,36
2. Unhealthy/1. Red Onion/2. Multiple/Onion13459.jpg,1,unhealthy red onion,unhealthy,red onion,multiple,4f0e3f6b71e7859cc3f47aa82c66daab,b4c3999fd4685e30,1024,768,389,931
1. Healthy/2. White Onion/1. Single/Onion08748.jpg,2,healthy white onion,healthy,white onion,single,249bf557b49df956b38026b92d52be5a,9bd96d279230c8ce,576,768,406,979
2. Unhealthy/1. Red Onion/1. Single/Onion12316.jpg,1,unhealthy red onion,unhealthy,red onion,single,5bf582574fdeff04a0b11452bae047e7,c49d9bb2668d8c27,1024,768,305,687
1. Healthy/2. White Onion/1. Single/Onion09558.jpg,2,healthy white onion,healthy,white onion,single,e5d468881edf1823f8c4c436a429fb9a,d65c689a97b4264b,1024,768,506,1158
2. Unhealthy/1. Red Onion/1. Single/Onion12955.jpg,1,unhealthy red onion,unhealthy,red onion,single,61725d988106057892dffda36f72522e,a63219c9d9cee662,1024,768,368,892
1. Healthy/2. White Onion/1. Single/Onion09585.jpg,2,healthy white onion,healthy,white onion,single,7b30fb4e1ecdbabef20aae068adc84e4,d26da4926eb549b2,1024,768,441,1411
2. Unhealthy/2. White Onion/1. Single/Onion14602.jpg,3,unhealthy white onion,unhealthy,white onion,single,6022893ef469e07f1753ecf1b39d73c8,ea857d34b43233c6,1024,768,784,1988
1. Healthy/2. White Onion/1. Single/Onion09133.jpg,2,healthy white onion,healthy,white onion,single,7ea6df0e98b12dc236af2848c390c186,ccb2b3498c6499db,1024,768,576,1050
1. Healthy/2. White Onion/1. Single/Onion09527.jpg,2,healthy white onion,healthy,white onion,single,a697b358ccedc971bcf77547b01d2d15,ce4e3130c6f78c4e,1024,768,561,1402
1. Healthy/2. White Onion/1. Single/Onion10198.jpg,2,healthy white onion,healthy,white onion,single,7354a709cde9ab2af86aa656dfd6e6e9,cd3230c9673cd3e1,576,768,610,1502
1. Healthy/1. Red Onion/2. Multiple/Onion07980.jpg,0,healthy red onion,healthy,red onion,multiple,e7a237b85c1e924b51148fc30d5b6c28,d32e2d596d3a9261,1024,768,273,619
1. Healthy/2. White Onion/1. Single/Onion08166.jpg,2,healthy white onion,healthy,white onion,single,dd1c43b4555f762e622f5843a7f8e5e7,b495cee03f70c187,576,768,425,976
1. Healthy/1. Red Onion/1. Single/Onion05179.jpg,0,healthy red onion,healthy,red onion,single,1836cc83efff1a1091cc0f469c78469c,b1b353e38e1334cc,576,768,4,164
1. Healthy/1. Red Onion/1. Single/Onion05665.jpg,0,healthy red onion,healthy,red onion,single,3bf59493c6d132ff2be192721b48228e,96c531eccc533acc,576,768,16,262
1. Healthy/2. White Onion/1. Single/Onion09742.jpg,2,healthy white onion,healthy,white onion,single,a6e3104fe8c6618a61a8736bf89c7802,eec1916ec4731e8c,576,768,576,1432
2. Unhealthy/1. Red Onion/2. Multiple/Onion13449.jpg,1,unhealthy red onion,unhealthy,red onion,multiple,d0f044b132cb34b70ccafbf18647d4ab,b6d1c33bc6258eb0,1024,768,389,931
1. Healthy/2. White Onion/1. Single/Onion09197.jpg,2,healthy white onion,healthy,white onion,single,1565a52882eb1caa8b576f8701416855,ccb1334e8cb9d632,1024,768,492,1280
2. Unhealthy/1. Red Onion/1. Single/Onion13136.jpg,1,unhealthy red onion,unhealthy,red onion,single,3be77461d3156cd82b6b8d5fdb92977a,e49d937684991967,1024,768,305,798
1. Healthy/1. Red Onion/2. Multiple/Onion07503.jpg,0,healthy red onion,healthy,red onion,multiple,4804724ea5070804797fa3acb15f6314,ed12d934c4b196cd,1024,768,273,622
2. Unhealthy/2. White Onion/2. Multiple/Onion16281.jpg,3,unhealthy white onion,unhealthy,white onion,multiple,6058dd31bb17eaaa6d6e56a2ce7c291f,95965ed6974a4869,1024,768,942,2168
1. Healthy/1. Red Onion/2. Multiple/Onion07736.jpg,0,healthy red onion,healthy,red onion,multiple,2e8efddd6999aa9ad2a770738ef2a31d,8e667398b07347c9,576,768,273,624
1. Healthy/2. White Onion/1. Single/Onion09804.jpg,2,healthy white onion,healthy,white onion,single,8a2c6e5df5ea1e7f2736d2f69447776d,9919e66632d1a337,1024,768,459,1170
2. Unhealthy/1. Red Onion/1. Single/Onion13245.jpg,1,unhealthy red onion,unhealthy,red onion,single,108d6ec52c6df1f8d42776e5a5d94391,8010dcd633f9ccbe,1024,768,305,686
2. Unhealthy/1. Red Onion/2. Multiple/Onion13788.jpg,1,unhealthy red onion,unhealthy,red onion,multiple,c4c6ebeb07c150e677afcc1ace52637c,8cd657693863bc1c,1024,768,389,935
1. Healthy/1. Red Onion/2. Multiple/Onion07119.jpg,0,healthy red onion,healthy,red onion,multiple,50b1979729c6b842943258b788a8bf52,ec91c79c58679698,576,768,273,619
1. Healthy/2. White Onion/1. Single/Onion11112.jpg,2,healthy white onion,healthy,white onion,single,ab7626442ae00fc9413ecc7278cd6dbe,dab426999a619c9e,576,768,640,1556
1. Healthy/1. Red Onion/1. Single/Onion06540.jpg,0,healthy red onion,healthy,red onion,single,9cf1963a7005a83a7bbff9b4e3e63ab0,ae87d158ce67a928,1024,768,23,51
1. Healthy/1. Red Onion/1. Single/Onion06683.jpg,0,healthy red onion,healthy,red onion,single,4ffe6edb5a4b925a8e1a2685efb0e2f9,bfc5c13e11c75e01,576,768,2,420
2. Unhealthy/1. Red Onion/1. Single/Onion13237.jpg,1,unhealthy red onion,unhealthy,red onion,single,8e6aac677eeb78b3d112ff51fb4ec9f2,e6a49999626653d3,1024,768,276,672
1. Healthy/2. White Onion/1. Single/Onion10147.jpg,2,healthy white onion,healthy,white onion,single,49a7b1198010a97694c63325894206f7,d9a6669927655487,1024,768,506,1014
1. Healthy/1. Red Onion/1. Single/Onion06241.jpg,0,healthy red onion,healthy,red onion,single,f2ee7ce5bc310027cf6d1dfe9859a6d7,d9c3666499996672,1024,768,15,285
1. Healthy/1. Red Onion/1. Single/Onion06357.jpg,0,healthy red onion,healthy,red onion,single,3c2045920418ce3a74f354bbefd0a387,e699d964639681d9,1024,768,20,41
1. Healthy/1. Red Onion/1. Single/Onion06894.jpg,0,healthy red onion,healthy,red onion,single,9ce37b2ec95759fbcd59c445ffe37f11,ea959542534f5e58,1024,768,2,409
1. Healthy/2. White Onion/1. Single/Onion09519.jpg,2,healthy white onion,healthy,white onion,single,029f338b9a7ad9137ebde65ca1cca294,b5c47356cd304673,1024,768,401,965
2. Unhealthy/1. Red Onion/2. Multiple/Onion14054.jpg,1,unhealthy red onion,unhealthy,red onion,multiple,06fe0852750e3bef8f15b0b686193e7b,b1e286cc5c0f6367,1024,768,392,937
2. Unhealthy/1. Red Onion/1. Single/Onion12264.jpg,1,unhealthy red onion,unhealthy,red onion,single,d4b7c934b4d2100e1f77ad3acceaf3a8,943ec1c1cec633b6,1024,768,275,645
1. Healthy/1. Red Onion/2. Multiple/Onion07390.jpg,0,healthy red onion,healthy,red onion,multiple,3632a682ab1d786284790ccfcd2e2df0,96da29017c7fc730,576,768,273,621
1. Healthy/2. White Onion/1. Single/Onion08598.jpg,2,healthy white onion,healthy,white onion,single,18340599d137a15b09a570405968a21f,b3d9cc2633278999,1024,768,576,1166
2. Unhealthy/1. Red Onion/2. Multiple/Onion13851.jpg,1,unhealthy red onion,unhealthy,red onion,multiple,55a06423626c31df912af9bee90c2f5b,b6cb3a68a5a66992,1024,768,389,935
1. Healthy/2. White Onion/1. Single/Onion10318.jpg,2,healthy white onion,healthy,white onion,single,df76935f92ab8d66e0579fd8d387b657,9acc6122e767ccc6,1024,768,434,1079
1. Healthy/2. White Onion/1. Single/Onion09452.jpg,2,healthy white onion,healthy,white onion,single,2f865d8d97c8f939de995e17ec4646c8,989a6761ccc6d399,576,768,434,1091
1. Healthy/2. White Onion/2. Multiple/Onion11988.jpg,2,healthy white onion,healthy,white onion,multiple,9d22e9022591f4bcb67852fec49a51cf,d1076742e4e1979b,1024,768,763,1771
2. Unhealthy/2. White Onion/1. Single/Onion15234.jpg,3,unhealthy white onion,unhealthy,white onion,single,f8f3929475915a32626d92a03722c440,b6c66f279d8c460a,576,768,932,2138
1. Healthy/2. White Onion/1. Single/Onion11009.jpg,2,healthy white onion,healthy,white onion,single,ef2ceaa3b61c272545a4b13d56ff40c3,93cb6cb494cb6aa4,576,768,716,1676
2. Unhealthy/2. White Onion/1. Single/Onion15172.jpg,3,unhealthy white onion,unhealthy,white onion,single,5721a83b5a843526b435697890ae2c2e,92916e62ddad4593,1024,768,791,1945
1. Healthy/2. White Onion/1. Single/Onion09693.jpg,2,healthy white onion,healthy,white onion,single,05253dfc774e13d8d45de9c39e30d29a,9962369bf1cc3358,1024,768,403,962
1. Healthy/2. White Onion/1. Single/Onion10140.jpg,2,healthy white onion,healthy,white onion,single,164324adff720eb304205364da4962d4,c9c93636d0d0cdcd,576,768,511,1303
1. Healthy/2. White Onion/1. Single/Onion09546.jpg,2,healthy white onion,healthy,white onion,single,b7b2fb36464e66e3b911b1a47b8355e5,d28d4f926d7a5078,1024,768,401,1172
1. Healthy/2. White Onion/2. Multiple/Onion11207.jpg,2,healthy white onion,healthy,white onion,multiple,22373dea44f8742ea8ca49c6958acd03,e15b9ea46173486b,1024,768,756,1744
1. Healthy/2. White Onion/1. Single/Onion09856.jpg,2,healthy white onion,healthy,white onion,single,fdb542804e26013aaf9dc4e7f6a2d5a3,f326cc5964ad5aa1,1024,768,404,1453
2. Unhealthy/2. White Onion/2. Multiple/Onion15292.jpg,3,unhealthy white onion,unhealthy,white onion,multiple,d6399a0e2bcc79aaa1fb2baca03b6336,cbdb8d30d3843e8c,1024,768,945,2146
2. Unhealthy/1. Red Onion/2. Multiple/Onion14181.jpg,1,unhealthy red onion,unhealthy,red onion,multiple,e7a3e82a794f155f52ee1b62e82cc80d,a1eccb68ca93cc93,1024,768,393,943
2. Unhealthy/2. White Onion/2. Multiple/Onion15796.jpg,3,unhealthy white onion,unhealthy,white onion,multiple,b0a9c0972376dd77954779b073de77e0,cf382ef961643b18,1024,768,937,2148
1. Healthy/1. Red Onion/2. Multiple/Onion07402.jpg,0,healthy red onion,healthy,red onion,multiple,ab32341654ce3b7a2430fa41b1fb2bc5,937c7cd3660c9949,576,768,273,621
2. Unhealthy/2. White Onion/2. Multiple/Onion15766.jpg,3,unhealthy white onion,unhealthy,white onion,multiple,0cfdc199ffd78a0063f12fdc7699fd49,cb1c240f9b6a78b6,576,768,945,2146
1. Healthy/1. Red Onion/1. Single/Onion07026.jpg,0,healthy red onion,healthy,red onion,single,05268e84699c65f871154e77ee669b86,b3f9c8e636078338,576,768,2,25
1. Healthy/1. Red Onion/1. Single/Onion04077.jpg,0,healthy red onion,healthy,red onion,single,205af8a4e6941e1c4120fc16257a9966,ed9b926649982697,1024,768,2,32
2. Unhealthy/2. White Onion/2. Multiple/Onion15405.jpg,3,unhealthy white onion,unhealthy,white onion,multiple,dfa41d469b4cb034cda69a55eaa04864,9b5b307426ed8f90,1024,768,937,2195
1. Healthy/1. Red Onion/1. Single/Onion06900.jpg,0,healthy red onion,healthy,red onion,single,202c974d26c0967742677126db03f833,8ed173ceceb130c1,1024,768,16,286
2. Unhealthy/2. White Onion/2. Multiple/Onion15973.jpg,3,unhealthy white onion,unhealthy,white onion,multiple,c20c5f477c9da0a1f9f872ef65c04533,8ccf7332c6c131ce,1024,768,937,2170
1. Healthy/1. Red Onion/1. Single/Onion06987.jpg,0,healthy red onion,healthy,red onion,single,d94f06f13c6265a419229818ebef0a05,d2682d9b95748ec9,1024,768,268,614
2. Unhealthy/1. Red Onion/1. Single/Onion12329.jpg,1,unhealthy red onion,unhealthy,red onion,single,86a559da6970e4b789a224ccc56178df,a5dc9d65159867b0,576,768,290,695
1. Healthy/1. Red Onion/2. Multiple/Onion07762.jpg,0,healthy red onion,healthy,red onion,multiple,1180dbf6112a6d68dd00971db0337853,b40819e1f3ece770,1024,768,272,620
2. Unhealthy/1. Red Onion/1. Single/Onion13138.jpg,1,unhealthy red onion,unhealthy,red onion,single,89dd86a0a4ba58121b70b3dc6858801b,b1e5ce963c989961,1024,768,325,776
1. Healthy/2. White Onion/2. Multiple/Onion12182.jpg,2,healthy white onion,healthy,white onion,multiple,1acb2f752abc5db0dd97ed1c1d6e1984,d085389673cd3cd6,1024,768,757,1728
1. Healthy/1. Red Onion/1. Single/Onion06511.jpg,0,healthy red onion,healthy,red onion,single,c9bc7cd98d4122a21f6d6b0008288f0a,b4e3dabc61139686,576,768,50,133
2. Unhealthy/1. Red Onion/1. Single/Onion12300.jpg,1,unhealthy red onion,unhealthy,red onion,single,148846b0656f960843136a580aa4ca12,b343cc5853465b73,1024,768,305,675
1. Healthy/2. White Onion/1. Single/Onion09796.jpg,2,healthy white onion,healthy,white onion,single,099275be4b539c40a0891b1c7b7208f7,a6ce3973c68c03e6,1024,768,401,965
1. Healthy/1. Red Onion/2. Multiple/Onion08123.jpg,0,healthy red onion,healthy,red onion,multiple,072558112ecf53156cb948b9b69c0115,c991e06c9ab3cd56,576,768,273,619
1. Healthy/1. Red Onion/2. Multiple/Onion08041.jpg,0,healthy red onion,healthy,red onion,multiple,2c19af368eb4836d80be00b83b7b7a91,c63890927eb58f2b,1024,768,273,622
2. Unhealthy/2. White Onion/1. Single/Onion14460.jpg,3,unhealthy white onion,unhealthy,white onion,single,7b84ce234a7f0befe0322109ab8df55b,d9d4a629dccc6332,1024,768,807,1860
1. Healthy/2. White Onion/2. Multiple/Onion11753.jpg,2,healthy white onion,healthy,white onion,multiple,941943895a643b683dae879e8fe7e073,904f7cf03d8de298,576,768,757,1722
2. Unhealthy/1. Red Onion/2. Multiple/Onion13555.jpg,1,unhealthy red onion,unhealthy,red onion,multiple,3fe51146a026af1143ed7c34fbd512b4,8cd6136d1873e71c,1024,768,389,935
1. Healthy/2. White Onion/1. Single/Onion08447.jpg,2,healthy white onion,healthy,white onion,single,d4451bec92aea8d9f084545450210151,9ba4649b366499b6,1024,768,406,979
2. Unhealthy/2. White Onion/2. Multiple/Onion16108.jpg,3,unhealthy white onion,unhealthy,white onion,multiple,2fb20c89d7e1309a6e19d8fad852bf1b,8bd93c363665c386,1024,768,937,2148
1. Healthy/1. Red Onion/2. Multiple/Onion07880.jpg,0,healthy red onion,healthy,red onion,multiple,bb583ddf34d482e997172346ddce27bb,e592cd32239f08cf,576,768,273,640
2. Unhealthy/1. Red Onion/1. Single/Onion12893.jpg,1,unhealthy red onion,unhealthy,red onion,single,99947b5e5311264de7aeeb280b1ed213,d1aa21df8d7062d5,1024,768,309,881
2. Unhealthy/2. White Onion/1. Single/Onion15109.jpg,3,unhealthy white onion,unhealthy,white onion,single,f95097aaa4bcf4887fc363f8be12bcdb,9d64729b688c7399,1024,768,792,1862
2. Unhealthy/1. Red Onion/2. Multiple/Onion14049.jpg,1,unhealthy red onion,unhealthy,red onion,multiple,d5f643f9713da1f02228213d5e228e33,bde5d0924b8c1c73,1024,768,393,938
1. Healthy/1. Red Onion/1. Single/Onion04145.jpg,0,healthy red onion,healthy,red onion,single,a82108a44093f315e8c1510286f7c7f6,bcc8c3703ccbe2cc,576,768,2,78
1. Healthy/2. White Onion/2. Multiple/Onion11677.jpg,2,healthy white onion,healthy,white onion,multiple,d04cdeae63ccc2f4377f6ac8d887e5eb,c9a687499798b64b,1024,768,756,1721
1. Healthy/1. Red Onion/2. Multiple/Onion07368.jpg,0,healthy red onion,healthy,red onion,multiple,22e1f3c58540f34b80936c1172e8e4f1,8df1560e63f8b823,576,768,273,621
2. Unhealthy/2. White Onion/2. Multiple/Onion15299.jpg,3,unhealthy white onion,unhealthy,white onion,multiple,a5ce8d517da37696b6710582a7ac6520,e98983b391c966f4,1024,768,950,2153
1. Healthy/2. White Onion/1. Single/Onion10071.jpg,2,healthy white onion,healthy,white onion,single,f836e8253aae085d4558d3cc96f79fa8,996624d9e77c1962,576,768,609,1380
1. Healthy/1. Red Onion/1. Single/Onion05134.jpg,0,healthy red onion,healthy,red onion,single,ecdbe2d1274ae2a803176200cde4106c,bec4c133ce27cc32,1024,768,2,38
1. Healthy/1. Red Onion/1. Single/Onion05846.jpg,0,healthy red onion,healthy,red onion,single,8d24ce2a7ffffc7c0dbad42458eb02e9,b0e4cfb134c8939e,576,768,2,131
1. Healthy/1. Red Onion/2. Multiple/Onion07746.jpg,0,healthy red onion,healthy,red onion,multiple,18dec58c1aeed237d0b47c101a563089,c0faaf2dd025926b,576,768,272,620
2. Unhealthy/1. Red Onion/2. Multiple/Onion13404.jpg,1,unhealthy red onion,unhealthy,red onion,multiple,8d3cbd1f3dfca873cb17d01ab3b766fe,bfc1d01acd3d43a1,1024,768,389,931
1. Healthy/2. White Onion/1. Single/Onion11108.jpg,2,healthy white onion,healthy,white onion,single,4de76a44a838826a622445c5ba74f547,cd947225d9d62539,576,768,656,1577
2. Unhealthy/1. Red Onion/2. Multiple/Onion13718.jpg,1,unhealthy red onion,unhealthy,red onion,multiple,b3b0ca0b0a962078489eefb97f3e6dca,d7e7349699494932,1024,768,389,931
2. Unhealthy/2. White Onion/2. Multiple/Onion15492.jpg,3,unhealthy white onion,unhealthy,white onion,multiple,e99244348b7222d89824eb4ae95e74d4,d0c2470f9be1669e,1024,768,942,2145
1. Healthy/2. White Onion/1. Single/Onion09156.jpg,2,healthy white onion,healthy,white onion,single,89212b890f6cc32d45cd53889698a10e,e6ce32cccc38f0c9,576,768,459,1323
2. Unhealthy/1. Red Onion/1. Single/Onion13009.jpg,1,unhealthy red onion,unhealthy,red onion,single,e412d7b078d4899dbf791b9fd865c361,b9c6c43907c33cce,1024,768,366,890
1. Healthy/1. Red Onion/1. Single/Onion06289.jpg,0,healthy red onion,healthy,red onion,single,efc16f54624b378f758952b4ce44a8b5,edb0834858b7c4cf,576,768,2,78
2. Unhealthy/2. White Onion/1. Single/Onion14322.jpg,3,unhealthy white onion,unhealthy,white onion,single,89468a06628b5f159757948e72f5f164,9293656cd8936dcc,1024,768,791,1832
1. Healthy/1. Red Onion/2. Multiple/Onion07378.jpg,0,healthy red onion,healthy,red onion,multiple,b9419959298eb1f0031b4dece5894332,ca69269e89e7269c,1024,768,273,621
1. Healthy/2. White Onion/1. Single/Onion09772.jpg,2,healthy white onion,healthy,white onion,single,1ff15d1dec8fdbf802722dda43ebed46,8c9873778c987336,1024,768,406,979
1. Healthy/1. Red Onion/1. Single/Onion04573.jpg,0,healthy red onion,healthy,red onion,single,898dcc88475159c4fed7f647c46eaf4c,c969b6936b886696,1024,768,131,264
1. Healthy/2. White Onion/1. Single/Onion08989.jpg,2,healthy white onion,healthy,white onion,single,2a7d1c2796d7ec71ca07dc6bc2f0aef1,b3c9c535145751cd,1024,768,576,1005
1. Healthy/2. White Onion/1. Single/Onion10176.jpg,2,healthy white onion,healthy,white onion,single,64f4b54bf450cee57d3fe8f388cda737,9b1324ccd333cccd,576,768,609,981
1. Healthy/1. Red Onion/1. Single/Onion06317.jpg,0,healthy red onion,healthy,red onion,single,790e6e917f0f9e7f400fa442af291c95,e92996964999db62,1024,768,20,92
2. Unhealthy/1. Red Onion/1. Single/Onion12995.jpg,1,unhealthy red onion,unhealthy,red onion,single,6f1409f3992c65bf4777af75bcac17a7,e70cd89e256913b6,1024,768,305,671
2. Unhealthy/2. White Onion/1. Single/Onion14506.jpg,3,unhealthy white onion,unhealthy,white onion,single,4f713542b09e73483cd27ba9dc40c968,993134df87e0dc1c,1024,768,883,1943
1. Healthy/2. White Onion/1. Single/Onion09486.jpg,2,healthy white onion,healthy,white onion,single,4c53a545abbd426dbe9b7b788a906576,d9672698d9652696,1024,768,401,965
2. Unhealthy/2. White Onion/2. Multiple/Onion15472.jpg,3,unhealthy white onion,unhealthy,white onion,multiple,820b55e2f102651d207733a09504264c,98e2970e5bf4651a,576,768,948,2182
2. Unhealthy/1. Red Onion/2. Multiple/Onion14127.jpg,1,unhealthy red onion,unhealthy,red onion,multiple,873d6cb9e4e081d671f4373011191467,b42ccb938cc94f66,1024,768,389,931
1. Healthy/2. White Onion/2. Multiple/Onion12015.jpg,2,healthy white onion,healthy,white onion,multiple,ff7e3ea26d3a882348d64e01f3ec51c3,89c6603ce778b2cd,1024,768,764,1727
2. Unhealthy/2. White Onion/2. Multiple/Onion15543.jpg,3,unhealthy white onion,unhealthy,white onion,multiple,2da954ab782b1969ae6c9d9f2195af5e,c68669c1b92e135f,1024,768,942,2158
2. Unhealthy/1. Red Onion/1. Single/Onion12856.jpg,1,unhealthy red onion,unhealthy,red onion,single,a56a1d63a5e6e56c967c39f040efd2a3,8057ddce739b8864,1024,768,305,697
1. Healthy/2. White Onion/1. Single/Onion10414.jpg,2,healthy white onion,healthy,white onion,single,1f8e05e7e58027ef40c77afc50aad0c1,dac6609e4e38968f,576,768,459,1281
1. Healthy/2. White Onion/2. Multiple/Onion11278.jpg,2,healthy white onion,healthy,white onion,multiple,31168040a5d409d0491dbf27aeb9407d,e0cc8f3b9b1bc41c,1024,768,756,1721
1. Healthy/1. Red Onion/1. Single/Onion04821.jpg,0,healthy red onion,healthy,red onion,single,366330ff3df5980e444196dfcc46b8ff,b9b732c80c36398f,576,768,2,78
1. Healthy/2. White Onion/1. Single/Onion10158.jpg,2,healthy white onion,healthy,white onion,single,db1f6b648b7d0dfa395922ca53bcd326,e5e6459b998e5189,1024,768,576,1496
1. Healthy/1. Red Onion/1. Single/Onion04056.jpg,0,healthy red onion,healthy,red onion,single,e48ef824ac7b7cc5f5a8deba11c8bc24,d980766789dc66a3,576,768,148,15
1. Healthy/2. White Onion/1. Single/Onion10137.jpg,2,healthy white onion,healthy,white onion,single,9615360b039cbec7f6b279a431f2d1de,919466626b5bdc6c,576,768,607,1493
1. Healthy/2. White Onion/1. Single/Onion09746.jpg,2,healthy white onion,healthy,white onion,single,edb6118f99b20debb6d2e5b5f3f25b02,db9664499b94651b,1024,768,576,963
2. Unhealthy/1. Red Onion/1. Single/Onion13144.jpg,1,unhealthy red onion,unhealthy,red onion,single,0103032846f70b7b355c890136b061a5,e4ccdb926569c564,1024,768,305,656
1. Healthy/1. Red Onion/1. Single/Onion05100.jpg,0,healthy red onion,healthy,red onion,single,38dc68d5094a32cc962d28ae82d394e4,c45e11bdc473b887,1024,768,23,129
2. Unhealthy/2. White Onion/2. Multiple/Onion16138.jpg,3,unhealthy white onion,unhealthy,white onion,multiple,f8c3c9475b37a50dc50d5af286a812c1,ae09c44a7bf68659,1024,768,941,2252
1. Healthy/2. White Onion/1. Single/Onion08222.jpg,2,healthy white onion,healthy,white onion,single,c9924487383cdc5c543f14a9bac5add2,cc8433258d1bbcf9,1024,768,401,1020
1. Healthy/2. White Onion/2. Multiple/Onion12059.jpg,2,healthy white onion,healthy,white onion,multiple,5773c17e05492570a18c65232337bed9,c59c43648d4bc6bb,1024,768,757,1722
1. Healthy/2. White Onion/2. Multiple/Onion11183.jpg,2,healthy white onion,healthy,white onion,multiple,92325854b500cf840bebe5156a79818d,d423c366868ddab5,1024,768,757,1726
1. Healthy/2. White Onion/1. Single/Onion09066.jpg,2,healthy white onion,healthy,white onion,single,38c358b3832027f6237bcef65625a27f,cdb632c9cd3031cb,576,768,576,1224
1. Healthy/2. White Onion/1. Single/Onion09611.jpg,2,healthy white onion,healthy,white onion,single,3e6a27f2f63fc767438207b66e302287,d833656ce69c9899,1024,768,403,1071
2. Unhealthy/1. Red Onion/1. Single/Onion12508.jpg,1,unhealthy red onion,unhealthy,red onion,single,97b82e7a0fdf761f3d9f1f5a2a2da0dd,f3c4ccd371d84c52,1024,768,325,794
2. Unhealthy/1. Red Onion/1. Single/Onion12576.jpg,1,unhealthy red onion,unhealthy,red onion,single,ecf9b1c67d725e3ae4dc5a77faa7fb50,e2b6dc9898e989a3,1024,768,385,705
1. Healthy/1. Red Onion/2. Multiple/Onion07705.jpg,0,healthy red onion,healthy,red onion,multiple,0071e76a59b36f32aada2272e48d33b2,bc6318cf2c34d34b,576,768,272,620
1. Healthy/1. Red Onion/2. Multiple/Onion07849.jpg,0,healthy red onion,healthy,red onion,multiple,059b27040c6e4cfb5dede81a2f1007c2,ac99e467316cc633,576,768,273,619
1. Healthy/2. White Onion/1. Single/Onion10697.jpg,2,healthy white onion,healthy,white onion,single,dd7549ead8281e20eba9b8b04a5d0eb8,964b49b6956a5a69,1024,768,632,1545
1. Healthy/2. White Onion/1. Single/Onion11129.jpg,2,healthy white onion,healthy,white onion,single,4636ee44de4071010d7a9d73e78f23af,dcdb65999a196126,576,768,660,1582
1. Healthy/1. Red Onion/1. Single/Onion06639.jpg,0,healthy red onion,healthy,red onion,single,f817fbe2dffcf1641846835f898c718e,f08fcb3d9c262632,1024,768,2,25
1. Healthy/2. White Onion/1. Single/Onion10098.jpg,2,healthy white onion,healthy,white onion,single,939f6fd566cbdec1956d4b58c285832a,fc9d3872c1b25836,576,768,492,1278
2. Unhealthy/2. White Onion/1. Single/Onion14537.jpg,3,unhealthy white onion,unhealthy,white onion,single,9a1c6be7d0ede1f41ae15dfb7fd0e821,de936c6c898d3392,1024,768,791,1926
2. Unhealthy/1. Red Onion/2. Multiple/Onion14161.jpg,1,unhealthy red onion,unhealthy,red onion,multiple,20a680c6889ca1e4539055cd649aa3db,b9e7034c73f81c19,576,768,392,952
2. Unhealthy/1. Red Onion/1. Single/Onion12722.jpg,1,unhealthy red onion,unhealthy,red onion,single,97fa736819fc3cd4ad0c58af70330d74,e5d99a66cd982265,1024,768,282,670
1. Healthy/2. White Onion/1. Single/Onion08278.jpg,2,healthy white onion,healthy,white onion,single,e194bb3d393201b30c5f48b035bf14f2,898a6666da9a7479,576,768,406,979
1. Healthy/2. White Onion/1. Single/Onion11063.jpg,2,healthy white onion,healthy,white onion,single,329c9be16efc88523575a63f3c386ffa,cf9230798bc66c78,576,768,739,1695
2. Unhealthy/1. Red Onion/2. Multiple/Onion13501.jpg,1,unhealthy red onion,unhealthy,red onion,multiple,6c949f107ce9f343b2a8375cd827cf07,e4d2cf2db1847352,1024,768,393,943
1. Healthy/1. Red Onion/2. Multiple/Onion07721.jpg,0,healthy red onion,healthy,red onion,multiple,ad54b48e2d8405e9f2e1823d3b1a0a7d,b8c490c7c99c36eb,1024,768,273,622
1. Healthy/1. Red Onion/1. Single/Onion05001.jpg,0,healthy red onion,healthy,red onion,single,52e3e6ce3febc1a30343423e051cb4e9,e1ae9e92d868b159,1024,768,20,79
1. Healthy/2. White Onion/1. Single/Onion10187.jpg,2,healthy white onion,healthy,white onion,single,d8009302f8ce348835c2c0344b608430,e3aae49a1a6626e3,1024,768,404,1464
2. Unhealthy/2. White Onion/1. Single/Onion15175.jpg,3,unhealthy white onion,unhealthy,white onion,single,f34c02b3dc0852d129447787a9fd5a78,fa1725e9fc680631,1024,768,803,1800
2. Unhealthy/1. Red Onion/1. Single/Onion13078.jpg,1,unhealthy red onion,unhealthy,red onion,single,71e94898821d1364b460af5a3c997e12,e6b699d963262466,1024,768,276,693
1. Healthy/2. White Onion/1. Single/Onion10226.jpg,2,healthy white onion,healthy,white onion,single,fb48f02056d82db6aad394f1ea1075a0,cdb5306acfcc3431,576,768,441,1053
1. Healthy/1. Red Onion/1. Single/Onion05423.jpg,0,healthy red onion,healthy,red onion,single,bfea14115fb79acc06e817ba6774a4d5,e79e98e52c343263,1024,768,20,53
1. Healthy/2. White Onion/2. Multiple/Onion11295.jpg,2,healthy white onion,healthy,white onion,multiple,ed303d457d28025fd8730d879a2ef551,c89a0435d2697bee,1024,768,764,1727
2. Unhealthy/1. Red Onion/2. Multiple/Onion13430.jpg,1,unhealthy red onion,unhealthy,red onion,multiple,58b4e90f4825d34af1cec7f2afbe4604,d6e427b3998c3661,1024,768,389,935
1. Healthy/2. White Onion/1. Single/Onion10426.jpg,2,healthy white onion,healthy,white onion,single,a06688a6d44b585fa66137c2c1683595,ce8e3131c7cf24cc,1024,768,406,979
1. Healthy/1. Red Onion/1. Single/Onion06152.jpg,0,healthy red onion,healthy,red onion,single,da1aabb83cd904c990a581e368d1b0cf,b1d5c7c6ae26c238,1024,768,95,252
1. Healthy/2. White Onion/1. Single/Onion10060.jpg,2,healthy white onion,healthy,white onion,single,3527fb24c565f4f085e34d81135c7ac0,c7cb30acc7614e4e,1024,768,492,1414
1. Healthy/1. Red Onion/1. Single/Onion04576.jpg,0,healthy red onion,healthy,red onion,single,93475665e327b7cf7b34cf834fd58721,fd8821752da53752,1024,768,2,265
2. Unhealthy/1. Red Onion/2. Multiple/Onion14142.jpg,1,unhealthy red onion,unhealthy,red onion,multiple,cfcdd75e6a0eec858021eb9bc1fe7ba3,ce836391336c9cb3,1024,768,395,941
1. Healthy/1. Red Onion/1. Single/Onion06555.jpg,0,healthy red onion,healthy,red onion,single,deb3fde02076134afc55e4d6cee01ec5,ffdc74534a4d4428,1024,768,80,152
2. Unhealthy/2. White Onion/2. Multiple/Onion15390.jpg,3,unhealthy white onion,unhealthy,white onion,multiple,74f909256120a788483be2e5f78d9a3e,d08a6bccd7633293,1024,768,940,2181
2. Unhealthy/2. White Onion/2. Multiple/Onion15504.jpg,3,unhealthy white onion,unhealthy,white onion,multiple,940c77bddfdcf9669b28f6c94b5e0a3d,edc8a81b12e0ef9c,576,768,941,2165
1. Healthy/2. White Onion/2. Multiple/Onion11921.jpg,2,healthy white onion,healthy,white onion,multiple,e9a7c33393edc6f97fd07e2fe2de646e,c54893376cde44ea,1024,768,757,1726
2. Unhealthy/2. White Onion/2. Multiple/Onion15304.jpg,3,unhealthy white onion,unhealthy,white onion,multiple,4241aef7af2022fc82710bdcb3fb1c91,d1b70768e63059cd,1024,768,942,2158
1. Healthy/2. White Onion/2. Multiple/Onion12235.jpg,2,healthy white onion,healthy,white onion,multiple,20ed0c19fcf93ca6caec18050a3e496b,d3a59e2d614a549e,1024,768,756,1744
2. Unhealthy/1. Red Onion/1. Single/Onion12388.jpg,1,unhealthy red onion,unhealthy,red onion,single,0ce0da212407bb25f99e51f27e800ac7,e4549b2b6f10b6b1,1024,768,276,704
1. Healthy/2. White Onion/2. Multiple/Onion11316.jpg,2,healthy white onion,healthy,white onion,multiple,37c93f4701403e032aef0c6b3ab9fbe2,d1aa1755ae515947,1024,768,764,1727
2. Unhealthy/1. Red Onion/2. Multiple/Onion13741.jpg,1,unhealthy red onion,unhealthy,red onion,multiple,6d0447058f93cf8b7b7bbf1845173154,b1c31edcb4e16236,1024,768,389,931
1. Healthy/1. Red Onion/1. Single/Onion05029.jpg,0,healthy red onion,healthy,red onion,single,5b8b049f36ae37418cdfc48e66f279cf,a39b9e6761962619,576,768,15,296
2. Unhealthy/1. Red Onion/2. Multiple/Onion13883.jpg,1,unhealthy red onion,unhealthy,red onion,multiple,f43d18dfae78e1a7e18f05c70fb60771,a68ba48e8f9c31b3,1024,768,389,931
1. Healthy/2. White Onion/2. Multiple/Onion11968.jpg,2,healthy white onion,healthy,white onion,multiple,70543a64edd63695696cb484dfc754a0,ede1020d1373dcb6,1024,768,757,1742
1. Healthy/1. Red Onion/1. Single/Onion06448.jpg,0,healthy red onion,healthy,red onion,single,3286a878c366e71ec20987243242d885,cfbfd830271b03e0,576,768,2,305
1. Healthy/1. Red Onion/1. Single/Onion05939.jpg,0,healthy red onion,healthy,red onion,single,b22c5af7790d3f62118b707e65ce8722,e999d66718c48d71,576,768,0,0
1. Healthy/2. White Onion/1. Single/Onion08670.jpg,2,healthy white onion,healthy,white onion,single,95868bb4c4aa2ea5b80109817f3c5390,b19a61259e193d75,576,768,459,1191
1. Healthy/1. Red Onion/2. Multiple/Onion07519.jpg,0,healthy red onion,healthy,red onion,multiple,e10f743f8fd328228aeff9d934ad2aaa,91c76e48e915b6f0,576,768,273,621
1. Healthy/1. Red Onion/1. Single/Onion06179.jpg,0,healthy red onion,healthy,red onion,single,3f20e5d8a6a828053d70cee5dcb6571a,93a4649b5c6699cd,1024,768,16,36
1. Healthy/2. White Onion/2. Multiple/Onion12190.jpg,2,healthy white onion,healthy,white onion,multiple,41508e9ebb401f7a66c5193d5ab1ce0f,f27c866569869a27,1024,768,756,1719
1. Healthy/2. White Onion/1. Single/Onion10041.jpg,2,healthy white onion,healthy,white onion,single,ebd286dc42bcd3b793acddd52549d083,cc33b38c62d0f3d8,1024,768,434,1007
1. Healthy/1. Red Onion/1. Single/Onion06412.jpg,0,healthy red onion,healthy,red onion,single,6768a38ffd91811891439fcd7e1c0cc7,b9c6c639325885e7,1024,768,2,25
1. Healthy/1. Red Onion/1. Single/Onion04589.jpg,0,healthy red onion,healthy,red onion,single,706644cb7af4928ffa77adc2f40e9b71,f8c763989ce36198,576,768,77,200
1. Healthy/2. White Onion/1. Single/Onion10421.jpg,2,healthy white onion,healthy,white onion,single,fa76494076e6128f24d6de02ecbfead7,9bf360789bc360cc,576,768,576,1149
1. Healthy/2. White Onion/1. Single/Onion09554.jpg,2,healthy white onion,healthy,white onion,single,6ac3e73e55b1f72917b565986536705a,cc983361cece31d9,576,768,434,1145
1. Healthy/2. White Onion/1. Single/Onion08362.jpg,2,healthy white onion,healthy,white onion,single,a92a8bfae71f63a654cc058906dc3fce,99986667989e9999,1024,768,403,1034
1. Healthy/2. White Onion/1. Single/Onion08857.jpg,2,healthy white onion,healthy,white onion,single,b16dbe3089149670d1697f520a83686d,c646393bc6c03e2f,576,768,485,1240
2. Unhealthy/2. White Onion/2. Multiple/Onion15874.jpg,3,unhealthy white onion,unhealthy,white onion,multiple,ee72c9d038e9ac0bbf8c0b386a6161e4,c0bba5bba447e449,1024,768,945,2178
1. Healthy/1. Red Onion/1. Single/Onion04259.jpg,0,healthy red onion,healthy,red onion,single,27b23c69a851d1b00412443c79fc6549,bcfac7c41a758318,1024,768,2,141
2. Unhealthy/1. Red Onion/2. Multiple/Onion14097.jpg,1,unhealthy red onion,unhealthy,red onion,multiple,14216d0d839342f4fc5858d349eddde4,f8519656c723f930,576,768,389,931
1. Healthy/2. White Onion/1. Single/Onion08517.jpg,2,healthy white onion,healthy,white onion,single,2cbb459589aaa0e3c998a36c12cce6ce,b159437646737b48,1024,768,576,1111
1. Healthy/1. Red Onion/1. Single/Onion06729.jpg,0,healthy red onion,healthy,red onion,single,72d5e21a4e773bcbea7174e852c495c5,ef9338c507338ec1,576,768,16,119
2. Unhealthy/1. Red Onion/2. Multiple/Onion14039.jpg,1,unhealthy red onion,unhealthy,red onion,multiple,f884c5711dbf13e668059cb249430cb8,a1dd3ef218c3361a,1024,768,389,931
1. Healthy/1. Red Onion/1. Single/Onion06445.jpg,0,healthy red onion,healthy,red onion,single,043411acc92c3976745830b21cbcee0e,96c6e93984c633da,576,768,2,27
1. Healthy/1. Red Onion/1. Single/Onion04392.jpg,0,healthy red onion,healthy,red onion,single,3141d0a11342ccf85595e2507503121d,e51a9d6925b6989c,1024,768,2,3
1. Healthy/2. White Onion/1. Single/Onion10663.jpg,2,healthy white onion,healthy,white onion,single,a82660ccd2845610c640e89797a01fb8,cb953e61c3ce3870,576,768,492,1535
1. Healthy/1. Red Onion/1. Single/Onion04917.jpg,0,healthy red onion,healthy,red onion,single,b29c80a3d5b09f004c38d4377c342c24,ed99926646ce1c99,1024,768,2,19
2. Unhealthy/1. Red Onion/1. Single/Onion12620.jpg,1,unhealthy red onion,unhealthy,red onion,single,2740f01eb056461218a3185f225582dc,9199d9cd65653296,1024,768,305,826
2. Unhealthy/1. Red Onion/2. Multiple/Onion14219.jpg,1,unhealthy red onion,unhealthy,red onion,multiple,28c152ef68933fac4a035c4496016a2a,a0e34d4cd2ed991e,1024,768,392,937
1. Healthy/1. Red Onion/2. Multiple/Onion07913.jpg,0,healthy red onion,healthy,red onion,multiple,ae2f79e5f095f4e7b5d0721ea79a7ecc,86619579990fc6b5,1024,768,273,625
2. Unhealthy/1. Red Onion/2. Multiple/Onion13594.jpg,1,unhealthy red onion,unhealthy,red onion,multiple,e235547983bffe8fe8eed12ffdd55fb8,b035c3624ccfc3cd,1024,768,393,943
2. Unhealthy/1. Red Onion/2. Multiple/Onion13958.jpg,1,unhealthy red onion,unhealthy,red onion,multiple,63dbd632b91ecb8fede772e89399de74,a82a87b393e51c9e,1024,768,389,931
1. Healthy/1. Red Onion/1. Single/Onion05758.jpg,0,healthy red onion,healthy,red onion,single,d6f9200f3be650cccd129cd496c7b940,e59a926d55a6519a,1024,768,20,411
1. Healthy/1. Red Onion/1. Single/Onion05447.jpg,0,healthy red onion,healthy,red onion,single,17e306d69e5bc44f9ce1b7ffdeb08316,f3db082444f3f313,1024,768,2,47
1. Healthy/2. White Onion/1. Single/Onion10720.jpg,2,healthy white onion,healthy,white onion,single,2b0ee7f4248c9f0de1b98826bfffea10,dccc71338b88cc76,1024,768,492,1497
1. Healthy/1. Red Onion/2. Multiple/Onion07510.jpg,0,healthy red onion,healthy,red onion,multiple,da3de30fb2259e5b84f17d4736ce35f3,86f1618f39369639,576,768,273,621
1. Healthy/1. Red Onion/1. Single/Onion05804.jpg,0,healthy red onion,healthy,red onion,single,f9619c7aeb93d8c221e876650c95ecfc,e99b9664c9986393,1024,768,2,32
1. Healthy/1. Red Onion/1. Single/Onion06851.jpg,0,healthy red onion,healthy,red onion,single,0e11579ba7d7ee7b17408d94072c9b83,e2d689696cc392ba,576,768,84,221
1. Healthy/2. White Onion/1. Single/Onion08555.jpg,2,healthy white onion,healthy,white onion,single,bb87486fb8238cae62a0db983533ec89,cc8c33318fc76c9c,1024,768,406,979
1. Healthy/2. White Onion/1. Single/Onion09426.jpg,2,healthy white onion,healthy,white onion,single,95c1510b3757132ffc6f333fcb3a56a2,9c626799dc762067,1024,768,406,979
2. Unhealthy/1. Red Onion/2. Multiple/Onion13974.jpg,1,unhealthy red onion,unhealthy,red onion,multiple,0e9211efec1c1372442145324b0dbedd,ec67d062873e28b3,1024,768,389,931
1. Healthy/1. Red Onion/1. Single/Onion05201.jpg,0,healthy red onion,healthy,red onion,single,3e0eccd6d9e093d303052b382587b307,f682dd9973666091,1024,768,2,73
1. Healthy/2. White Onion/2. Multiple/Onion12176.jpg,2,healthy white onion,healthy,white onion,multiple,4c28ac367ab0eae6add81d40f894b0d6,d58a176e8a59cc33,1024,768,764,1727
2. Unhealthy/2. White Onion/1. Single/Onion14798.jpg,3,unhealthy white onion,unhealthy,white onion,single,65c8349224b7733b63cb5cf9b8feb5c5,8d8c32e3da91abc6,1024,768,821,2052
1. Healthy/1. Red Onion/1. Single/Onion06723.jpg,0,healthy red onion,healthy,red onion,single,da0ae7afac17cce0f9b6213cfcdf77e9,e525f2b898cc26e3,1024,768,23,129
1. Healthy/1. Red Onion/1. Single/Onion06625.jpg,0,healthy red onion,healthy,red onion,single,a5a8258aaf118a4926c17bfb0179864f,b8edc3392c187572,576,768,15,31
1. Healthy/2. White Onion/2. Multiple/Onion11965.jpg,2,healthy white onion,healthy,white onion,multiple,3515041d9fd27087a8268c6315287457,d53a96c6bc192569,1024,768,757,1742
1. Healthy/1. Red Onion/1. Single/Onion05313.jpg,0,healthy red onion,healthy,red onion,single,0232b105e73a8be52c13ef5b285289d0,eba0e46c93999969,1024,768,2,39
1. Healthy/1. Red Onion/1. Single/Onion04938.jpg,0,healthy red onion,healthy,red onion,single,454833b3b16cd6fc564e6932a452c19e,e6cc99b364cc26b2,1024,768,20,215
1. Healthy/1. Red Onion/1. Single/Onion05418.jpg,0,healthy red onion,healthy,red onion,single,98ea5faf8e6c26d795545f9be102b754,e6889b3729e426cb,1024,768,2,150
1. Healthy/2. White Onion/1. Single/Onion09096.jpg,2,healthy white onion,healthy,white onion,single,c5ad6fb7e7f91c4c3a676601c87416f8,d2a4601a116f5f6f,1024,768,576,963
2. Unhealthy/2. White Onion/1. Single/Onion15196.jpg,3,unhealthy white onion,unhealthy,white onion,single,6fadd33a7dee43f5c3bcbd1eab84f919,8a4ab03dcff22ec2,1024,768,816,1808
1. Healthy/1. Red Onion/1. Single/Onion05525.jpg,0,healthy red onion,healthy,red onion,single,8bd3a29043b13c222f5f09cb49a72c39,bcccc43567c958c6,576,768,2,261
1. Healthy/1. Red Onion/1. Single/Onion05483.jpg,0,healthy red onion,healthy,red onion,single,d786280b02f6ddbf3f01ade23b1fd5fc,8fc466738c76865a,1024,768,128,349
1. Healthy/2. White Onion/1. Single/Onion09242.jpg,2,healthy white onion,healthy,white onion,single,fb561e388055bc67f559a94c1a5cffeb,986765989a617b66,1024,768,537,1346
1. Healthy/2. White Onion/1. Single/Onion09520.jpg,2,healthy white onion,healthy,white onion,single,7a213598f21420b7ac77b2548bc2c677,c8949324b3caabe7,1024,768,459,966
1. Healthy/2. White Onion/1. Single/Onion10428.jpg,2,healthy white onion,healthy,white onion,single,64ac526549a8e44ecb00f47a9d791427,ddc2b28b496594b6,1024,768,576,1368
1. Healthy/2. White Onion/2. Multiple/Onion12041.jpg,2,healthy white onion,healthy,white onion,multiple,5cf93b0f23498d58afead3718ef61ff0,f4b4da888b07374e,1024,768,757,1722
2. Unhealthy/2. White Onion/1. Single/Onion14455.jpg,3,unhealthy white onion,unhealthy,white onion,single,0573e32e627a49a5f40cc02e505ece78,9c66619d8cd9b368,576,768,799,1913
1. Healthy/1. Red Onion/1. Single/Onion04820.jpg,0,healthy red onion,healthy,red onion,single,5ddbdd56e7c561ce10412fc731d5826e,ab989467da18c5e3,576,768,101,270
1. Healthy/2. White Onion/1. Single/Onion09307.jpg,2,healthy white onion,healthy,white onion,single,39d41099295fbfd94ee1bc12593ae622,f2f86d9092076e65,1024,768,548,1359
1. Healthy/2. White Onion/1. Single/Onion10782.jpg,2,healthy white onion,healthy,white onion,single,752fa13588a263e95bae8e2e4bedb9cb,94db6b6494936a6c,576,768,660,1582
1. Healthy/1. Red Onion/2. Multiple/Onion07840.jpg,0,healthy red onion,healthy,red onion,multiple,bac73c332d94fb4620f75fd203aa3a95,d59c530f7030cd6b,1024,768,273,621
1. Healthy/2. White Onion/2. Multiple/Onion11249.jpg,2,healthy white onion,healthy,white onion,multiple,8f9f096a2edaf1622eb2f9e9106f735c,d5636a9c3896ccca,1024,768,757,1733
1. Healthy/1. Red Onion/1. Single/Onion05751.jpg,0,healthy red onion,healthy,red onion,single,44db61ddb37e7a72e8852b5ee6db8f57,efc590d867278c4c,576,768,2,25
1. Healthy/1. Red Onion/1. Single/Onion04698.jpg,0,healthy red onion,healthy,red onion,single,8e35a684028b370f69c7596998c0d25e,8b8f2032cbcb3c3d,576,768,2,254
1. Healthy/2. White Onion/2. Multiple/Onion11328.jpg,2,healthy white onion,healthy,white onion,multiple,98ec6445b991412ad40095600d3b8a70,c48a1fcfa59ad8b0,1024,768,757,1726
2. Unhealthy/1. Red Onion/2. Multiple/Onion13743.jpg,1,unhealthy red onion,unhealthy,red onion,multiple,cd4a5535176e0d7b761b0262d197e464,e3ca94a19caf9256,1024,768,389,931
1. Healthy/2. White Onion/1. Single/Onion11114.jpg,2,healthy white onion,healthy,white onion,single,24ba523edb0398dacee794243f853619,cb6c34db653c3261,576,768,750,1708
2. Unhealthy/1. Red Onion/1. Single/Onion12521.jpg,1,unhealthy red onion,unhealthy,red onion,single,b838e0d953b4025170601307a954fc2b,b13bc6a4d41b1b99,1024,768,309,699
2. Unhealthy/2. White Onion/1. Single/Onion15185.jpg,3,unhealthy white onion,unhealthy,white onion,single,b05bc0e724c6853da9cd508a9af2e911,9c8162936e6acd6d,1024,768,845,1978
1. Healthy/2. White Onion/1. Single/Onion09355.jpg,2,healthy white onion,healthy,white onion,single,a2ecb34a9e1237f51401868d051d4276,c6ba19e6c51936c6,576,768,576,1050
1. Healthy/2. White Onion/1. Single/Onion10794.jpg,2,healthy white onion,healthy,white onion,single,5c2dee4fc6a75c70ff992fdf6b448ba3,ceb5716e96193027,576,768,667,1592
1. Healthy/2. White Onion/1. Single/Onion10955.jpg,2,healthy white onion,healthy,white onion,single,79212aa9e48e20ae064d07b33e1121d1,88987767d8986567,576,768,699,1635
1. Healthy/2. White Onion/1. Single/Onion09499.jpg,2,healthy white onion,healthy,white onion,single,8f38c87b36a66037b0b94ef7c79886de,d968669299ece4e4,1024,768,441,1398
2. Unhealthy/1. Red Onion/1. Single/Onion12846.jpg,1,unhealthy red onion,unhealthy,red onion,single,3ce96633b4b644ce81278b03cca6e0c5,e68598593333ccce,1024,768,305,712
1. Healthy/2. White Onion/1. Single/Onion08837.jpg,2,healthy white onion,healthy,white onion,single,717140097846d7073e9a42619f2705ec,d899e774cc9ab089,1024,768,492,1097
1. Healthy/2. White Onion/1. Single/Onion11078.jpg,2,healthy white onion,healthy,white onion,single,ff16d98e15dc45a20abf0bdb012d0d31,c5913e34c5c21e9f,576,768,747,1705
1. Healthy/1. Red Onion/2. Multiple/Onion07121.jpg,0,healthy red onion,healthy,red onion,multiple,f6a99fb07377a235a202b8af1bf0b406,a3ddd006ce332d6a,576,768,273,622
2. Unhealthy/2. White Onion/2. Multiple/Onion16279.jpg,3,unhealthy white onion,unhealthy,white onion,multiple,ab85d2acf7d8b4f29cf682371801e5d9,8dd6537926988ba6,1024,768,945,2177
2. Unhealthy/1. Red Onion/2. Multiple/Onion13860.jpg,1,unhealthy red onion,unhealthy,red onion,multiple,68e75058180c5062da259fd3bf51dd9d,81e86433b39e996d,1024,768,389,935
2. Unhealthy/2. White Onion/2. Multiple/Onion15910.jpg,3,unhealthy white onion,unhealthy,white onion,multiple,6ea67136e31fd257b3a6ec7d2d0a2bc5,b6c619cc0c671f4e,576,768,948,2182
1. Healthy/2. White Onion/1. Single/Onion10852.jpg,2,healthy white onion,healthy,white onion,single,6fae39f1fefd923607abcd16b8b6e6f4,9e31619ec96196cb,576,768,644,1560
1. Healthy/1. Red Onion/1. Single/Onion04760.jpg,0,healthy red onion,healthy,red onion,single,9d3db672ebeae01b386ea2e8645324aa,faa1d66ca1d92664,1024,768,20,139
1. Healthy/1. Red Onion/1. Single/Onion04183.jpg,0,healthy red onion,healthy,red onion,single,4b953e1b3f943c76d3fbab82c52895e8,a9d8c421bb2ead8b,1024,768,2,38
1. Healthy/2. White Onion/2. Multiple/Onion11214.jpg,2,healthy white onion,healthy,white onion,multiple,dcf87a6050b9f0abd00e8267034bdcca,c1660e3cc86b97d3,1024,768,757,1733
2. Unhealthy/1. Red Onion/2. Multiple/Onion13535.jpg,1,unhealthy red onion,unhealthy,red onion,multiple,923cadfcf9f63eb07cedc962f2031873,b9c2926ccb6d9833,1024,768,393,938
2. Unhealthy/2. White Onion/2. Multiple/Onion16131.jpg,3,unhealthy white onion,unhealthy,white onion,multiple,84407e87af4ad69daa8f4fa46b0e5535,d0323f4c6cc9ce4b,1024,768,942,2145
1. Healthy/1. Red Onion/1. Single/Onion04260.jpg,0,healthy red onion,healthy,red onion,single,2c4b06a129a789476a2f4459b0767052,baf2cdcd32308993,576,768,2,142
1. Healthy/1. Red Onion/1. Single/Onion05169.jpg,0,healthy red onion,healthy,red onion,single,bd0b1bbdbfd9db3f7415fa0543499a7b,e4999b664c982bd9,1024,768,2,7
1. Healthy/1. Red Onion/1. Single/Onion06881.jpg,0,healthy red onion,healthy,red onion,single,df5feaeaaaa0b995eca66fd4583b4e0f,d926369d61b3264b,1024,768,2,19
2. Unhealthy/2. White Onion/1. Single/Onion15205.jpg,3,unhealthy white onion,unhealthy,white onion,single,2490058244ac5c1411417685d03f1524,989967679826e399,1024,768,791,1832
1. Healthy/1. Red Onion/1. Single/Onion04544.jpg,0,healthy red onion,healthy,red onion,single,e1c45dad4e1f3575aa8554fe23edfd1d,ec8e919566927666,1024,768,6,11
1. Healthy/1. Red Onion/1. Single/Onion06913.jpg,0,healthy red onion,healthy,red onion,single,aa338592ce88fcc4dd0c6211cdd4389a,991a66e6a199db46,1024,768,127,54
1. Healthy/1. Red Onion/1. Single/Onion05362.jpg,0,healthy red onion,healthy,red onion,single,24128492c9002a08ab4693dd9ed06a26,9ce7219e0c3b728e,576,768,16,119
2. Unhealthy/2. White Onion/1. Single/Onion15226.jpg,3,unhealthy white onion,unhealthy,white onion,single,7250412c67cbb5205ef890125394a5c6,d999983163678e3c,1024,768,791,1881
1. Healthy/1. Red Onion/1. Single/Onion04542.jpg,0,healthy red onion,healthy,red onion,single,e505df62fcbc7b59050fa0c026aa682e,a0f9b7cc627388cc,1024,768,96,257
1. Healthy/1. Red Onion/1. Single/Onion04218.jpg,0,healthy red onion,healthy,red onion,single,180a6cab24398abbad4382396472fb02,bfc0d86d87966831,1024,768,2,38
2. Unhealthy/1. Red Onion/1. Single/Onion12714.jpg,1,unhealthy red onion,unhealthy,red onion,single,8cdc85cd12526e1bed7bc5adedb85da0,e692d9d923265e62,1024,768,276,848
1. Healthy/2. White Onion/2. Multiple/Onion11405.jpg,2,healthy white onion,healthy,white onion,multiple,ff4f756e790741e88a30e9bcfbf1bc04,943ac90e76809fee,1024,768,756,1719
1. Healthy/1. Red Onion/1. Single/Onion04223.jpg,0,healthy red onion,healthy,red onion,single,f3dafe3873fa42c55ab29a1be95db294,bec11970c7f861e1,576,768,46,121
2. Unhealthy/1. Red Onion/1. Single/Onion12758.jpg,1,unhealthy red onion,unhealthy,red onion,single,dab59cc8ebad27a065c820046fdbb7f1,e6cd9832a79ae688,1024,768,291,696
2. Unhealthy/1. Red Onion/1. Single/Onion12852.jpg,1,unhealthy red onion,unhealthy,red onion,single,913a9d06616786eed79e12e6e9490c1b,e6a6994c26669a57,1024,768,276,792
1. Healthy/1. Red Onion/1. Single/Onion05302.jpg,0,healthy red onion,healthy,red onion,single,8b42b85d72bd3cbaf1b247a9f4b1f84a,a68c99b265c97666,1024,768,2,25
2. Unhealthy/1. Red Onion/1. Single/Onion12764.jpg,1,unhealthy red onion,unhealthy,red onion,single,b168633ce3bc67ceb0ed79ec05d4dd2b,a194667b94669ba5,576,768,348,854
2. Unhealthy/2. White Onion/1. Single/Onion14982.jpg,3,unhealthy white onion,unhealthy,white onion,single,981a194af8006a42ef1e7ecc4136017f,eacbd5784287ad30,576,768,936,1883
2. Unhealthy/2. White Onion/1. Single/Onion15281.jpg,3,unhealthy white onion,unhealthy,white onion,single,dd4dca15fb8f3b7aff91e7a6a0d435f6,cfb030cbcf3c30c3,576,768,936,2144
1. Healthy/1. Red Onion/2. Multiple/Onion07090.jpg,0,healthy red onion,healthy,red onion,multiple,98ef107a061450d1de2b67bce1d03445,b1d5d679243619c6,576,768,273,619
1. Healthy/1. Red Onion/2. Multiple/Onion07606.jpg,0,healthy red onion,healthy,red onion,multiple,5d123b765b696fd7e6006055a0f67535,93a5c4dc641b9bc5,576,768,273,624
2. Unhealthy/2. White Onion/2. Multiple/Onion15821.jpg,3,unhealthy white onion,unhealthy,white onion,multiple,455f24fdfbd2c18b5fedf3a012ac265c,c7c87c2b91d2ce0d,576,768,940,2190
1. Healthy/2. White Onion/1. Single/Onion11094.jpg,2,healthy white onion,healthy,white onion,single,c68999b6f8bec5033f796a1efbd5d30a,d8a425676e98996d,576,768,699,1635
1. Healthy/2. White Onion/2. Multiple/Onion11702.jpg,2,healthy white onion,healthy,white onion,multiple,9a72bb8129ab207cd3d8fc185133c386,d6399264ad2f52a9,1024,768,757,1722
2. Unhealthy/1. Red Onion/2. Multiple/Onion14084.jpg,1,unhealthy red onion,unhealthy,red onion,multiple,0f9c21af13672a86c14604f46fd0877d,bc34815a9f19c36d,1024,768,389,931
2. Unhealthy/2. White Onion/1. Single/Onion15258.jpg,3,unhealthy white onion,unhealthy,white onion,single,55cb738b55410824fb4fd3484011b565,d0b0276b9fd125c3,1024,768,781,1796
2. Unhealthy/1. Red Onion/2. Multiple/Onion13954.jpg,1,unhealthy red onion,unhealthy,red onion,multiple,1052cf77278404b87a0232d37838bb0d,a16c92b3cecd6436,1024,768,389,931
1. Healthy/2. White Onion/2. Multiple/Onion11979.jpg,2,healthy white onion,healthy,white onion,multiple,ec21de54e6bc657d93bfc00cf8863175,dc3992c31397a7a2,1024,768,757,1726
1. Healthy/2. White Onion/1. Single/Onion10539.jpg,2,healthy white onion,healthy,white onion,single,019763e383886fcba0cb4b42ef7dee84,8b9d7431c3cf1c32,576,768,492,1085
1. Healthy/2. White Onion/1. Single/Onion09633.jpg,2,healthy white onion,healthy,white onion,single,8c8a522ba990a3c89033b9801f3800f4,cb7434cbc32c3c33,576,768,568,1418
1. Healthy/2. White Onion/1. Single/Onion09681.jpg,2,healthy white onion,healthy,white onion,single,ca30c3a3ef77cda68dd3c1bba5b25ebe,929b65659494db93,1024,768,403,974
2. Unhealthy/1. Red Onion/2. Multiple/Onion13917.jpg,1,unhealthy red onion,unhealthy,red onion,multiple,bc704ba7876b3ee53f94afb5eb5afd33,d762cc4ee3e13232,1024,768,392,937
2. Unhealthy/1. Red Onion/1. Single/Onion13050.jpg,1,unhealthy red onion,unhealthy,red onion,single,e521c4bc9b9509c1db1eab5b86ff4a20,e6b2d9d93226ce22,1024,768,276,848
1. Healthy/2. White Onion/1. Single/Onion09216.jpg,2,healthy white onion,healthy,white onion,single,d31ff16c92bf02841046da1c1bc34672,9a4d653696cb9839,1024,768,534,1341
1. Healthy/1. Red Onion/1. Single/Onion06502.jpg,0,healthy red onion,healthy,red onion,single,5902e5320fd699bd296360ca9ac31ed9,bb91c6cc383247ce,576,768,225,553
1. Healthy/1. Red Onion/2. Multiple/Onion07374.jpg,0,healthy red onion,healthy,red onion,multiple,987bebd9065b34b4b396494cbad0850e,ebc29c8fc23d4532,1024,768,273,619
2. Unhealthy/1. Red Onion/1. Single/Onion12278.jpg,1,unhealthy red onion,unhealthy,red onion,single,e49f7518165a93da90980888e1543a97,e5d29be0698e64d4,1024,768,305,658
1. Healthy/1. Red Onion/2. Multiple/Onion07871.jpg,0,healthy red onion,healthy,red onion,multiple,b058200cbe41bb5e6fead22bce9cf6cb,a2ac4cb9a976a732,1024,768,272,620
2. Unhealthy/1. Red Onion/1. Single/Onion12447.jpg,1,unhealthy red onion,unhealthy,red onion,single,4f2ffefa4d61dd7fde5cf991fcee9fff,e6ca983522ce6e99,1024,768,276,692
2. Unhealthy/2. White Onion/2. Multiple/Onion16145.jpg,3,unhealthy white onion,unhealthy,white onion,multiple,8e9f1d2de7845d6f2e2dfda5340de5d3,ff122105e0dfc87c,576,768,945,2178
2. Unhealthy/2. White Onion/1. Single/Onion15271.jpg,3,unhealthy white onion,unhealthy,white onion,single,b25b0a3dc5375120038d9559813e5ae1,dbd969983d688c61,576,768,791,1810
1. Healthy/2. White Onion/2. Multiple/Onion11422.jpg,2,healthy white onion,healthy,white onion,multiple,d32355e9d25b5bdd9ed42dc8550affac,e4b9936895a3b06e,1024,768,756,1721
1. Healthy/2. White Onion/1. Single/Onion10908.jpg,2,healthy white onion,healthy,white onion,single,675b8e5c6add32899b4f24fff2054e03,cea43343cd9c3273,576,768,404,1464
1. Healthy/2. White Onion/1. Single/Onion09167.jpg,2,healthy white onion,healthy,white onion,single,2dc2548682894cfcb95b20666b5f3774,9b66649b986d6664,1024,768,576,1099
1. Healthy/1. Red Onion/1. Single/Onion06267.jpg,0,healthy red onion,healthy,red onion,single,66f00f3e9be1525b59204413390e81aa,b38ade356ae4980b,1024,768,2,25
1. Healthy/2. White Onion/2. Multiple/Onion11633.jpg,2,healthy white onion,healthy,white onion,multiple,1beb404f14251a2944af9639822b65c0,acf9dae865c42331,1024,768,756,1721
1. Healthy/1. Red Onion/1. Single/Onion05128.jpg,0,healthy red onion,healthy,red onion,single,1bbaff60fda07d1df20c31b2301be7ae,b0dccd3078c376cc,576,768,2,159
1. Healthy/1. Red Onion/1. Single/Onion04692.jpg,0,healthy red onion,healthy,red onion,single,d1b6d225ff5055ab88bdcd83b0e6ea2a,80f1c6bd1c73738c,576,768,2,292
2. Unhealthy/2. White Onion/1. Single/Onion14686.jpg,3,unhealthy white onion,unhealthy,white onion,single,9a60b116ed1658675206907eac8dcb4e,bae14d3633cd6426,576,768,782,2018
1. Healthy/1. Red Onion/1. Single/Onion04175.jpg,0,healthy red onion,healthy,red onion,single,195aeed1b12654482bbbdecf660729d9,a60d9833658d77a6,1024,768,2,25
1. Healthy/1. Red Onion/1. Single/Onion04494.jpg,0,healthy red onion,healthy,red onion,single,e8d3c4e3c9936a55f7865b0b1a0bc846,a705988e250d377f,1024,768,2,171
1. Healthy/1. Red Onion/2. Multiple/Onion07835.jpg,0,healthy red onion,healthy,red onion,multiple,84652f210c9e8755df823c7aa100bdb3,e3c791c83c3383ae,576,768,273,622
1. Healthy/1. Red Onion/1. Single/Onion06736.jpg,0,healthy red onion,healthy,red onion,single,9de769d089275b01a8c6b001aea406e6,b8fac1c40f07d63c,1024,768,9,18
2. Unhealthy/2. White Onion/2. Multiple/Onion15638.jpg,3,unhealthy white onion,unhealthy,white onion,multiple,dd33f4d632144eaafbd4b4e4c23d9fb6,8fcb308cb23765e4,1024,768,937,2148
2. Unhealthy/1. Red Onion/1. Single/Onion12399.jpg,1,unhealthy red onion,unhealthy,red onion,single,e4013942d5fc3a05355de63ddcf81186,9c0d3333268f9d9c,1024,768,279,661
2. Unhealthy/1. Red Onion/1. Single/Onion13018.jpg,1,unhealthy red onion,unhealthy,red onion,single,29d77b6c0cb7f3ae910270eab5197f9d,e7ac9992c94933a6,1024,768,305,658
2. Unhealthy/1. Red Onion/2. Multiple/Onion13849.jpg,1,unhealthy red onion,unhealthy,red onion,multiple,58709601acaddf1bb127e5e5104f5d0d,ae8fd290e1670e87,1024,768,389,931
1. Healthy/1. Red Onion/2. Multiple/Onion08128.jpg,0,healthy red onion,healthy,red onion,multiple,9dbe6a6b191792f09b38f812fd888233,dc107e0372b64c6f,1024,768,273,621
2. Unhealthy/1. Red Onion/1. Single/Onion12515.jpg,1,unhealthy red onion,unhealthy,red onion,single,1b7a022464fd6c66775b528c8b65d798,c575b3984760bc65,1024,768,305,793
2. Unhealthy/2. White Onion/2. Multiple/Onion15541.jpg,3,unhealthy white onion,unhealthy,white onion,multiple,67f2ba8a63bc6884a5eb5083b3b46048,9ae1857b5a0e25ec,576,768,948,2182
1. Healthy/2. White Onion/1. Single/Onion10100.jpg,2,healthy white onion,healthy,white onion,single,68bf8ebcf2f95779d85504ba6d32abab,9b64649ba665d8a6,1024,768,492,989
2. Unhealthy/1. Red Onion/2. Multiple/Onion13464.jpg,1,unhealthy red onion,unhealthy,red onion,multiple,219b844a1c0142acc50021ffeec54c52,fd02c749962ce8b6,1024,768,393,938
1. Healthy/2. White Onion/1. Single/Onion08537.jpg,2,healthy white onion,healthy,white onion,single,f671842da540789a29d67a97acdbec18,ce953062e7cb9ac8,1024,768,441,1150
1. Healthy/2. White Onion/1. Single/Onion09541.jpg,2,healthy white onion,healthy,white onion,single,8c4016b86c0ae6b1b0303b227e0d7de9,d9d86674da8a89b8,1024,768,492,1385
1. Healthy/1. Red Onion/2. Multiple/Onion08014.jpg,0,healthy red onion,healthy,red onion,multiple,5286b381a71920a60a6be6c1104cb636,e82f811b70d1dee4,1024,768,273,622
2. Unhealthy/2. White Onion/2. Multiple/Onion15388.jpg,3,unhealthy white onion,unhealthy,white onion,multiple,73252fb1a67a028cfbeeace5e25abc71,9716e3ae2cc31e38,1024,768,948,2193
1. Healthy/2. White Onion/1. Single/Onion09711.jpg,2,healthy white onion,healthy,white onion,single,7b124d96a7e92768e3cfda6539cad49f,93645b5a659a6359,1024,768,492,989
1. Healthy/1. Red Onion/1. Single/Onion05506.jpg,0,healthy red onion,healthy,red onion,single,b3630fdf989a6e910d71f0e8f92a3814,e098db6099e2279f,1024,768,2,25
1. Healthy/1. Red Onion/2. Multiple/Onion07532.jpg,0,healthy red onion,healthy,red onion,multiple,1c54338bd0d698100af916ddf8040821,e1a2c644e2dbac3d,576,768,273,622
2. Unhealthy/2. White Onion/1. Single/Onion14950.jpg,3,unhealthy white onion,unhealthy,white onion,single,8b353e616100d755a9fb61852d3fcda9,d97425c6e6b898c3,1024,768,810,1894
1. Healthy/1. Red Onion/1. Single/Onion04556.jpg,0,healthy red onion,healthy,red onion,single,8c0187cfc201b39ed8346f5da2a35200,f2cc8d33646687cc,1024,768,20,42
1. Healthy/2. White Onion/1. Single/Onion10611.jpg,2,healthy white onion,healthy,white onion,single,574acbd676adacdbfe4c2e315e444aaa,936f6d988c92936c,1024,768,403,998
2. Unhealthy/1. Red Onion/2. Multiple/Onion13734.jpg,1,unhealthy red onion,unhealthy,red onion,multiple,9af92ebde36c9c0b4931c5d0ec125af8,9a81acbcb99d96c2,576,768,389,930
1. Healthy/1. Red Onion/1. Single/Onion05385.jpg,0,healthy red onion,healthy,red onion,single,45741b6742e17cb4ea9d061d00cce836,faa6a79990624ba5,576,768,0,1
1. Healthy/2. White Onion/2. Multiple/Onion11279.jpg,2,healthy white onion,healthy,white onion,multiple,f99f230336605af08511d1751b98a131,e94db6a74936074c,1024,768,756,1721
2. Unhealthy/1. Red Onion/2. Multiple/Onion13432.jpg,1,unhealthy red onion,unhealthy,red onion,multiple,e5f31ae8349012ab85a0e329c5df84ae,b42ccb938c999b63,1024,768,389,931
2. Unhealthy/2. White Onion/2. Multiple/Onion15955.jpg,3,unhealthy white onion,unhealthy,white onion,multiple,61fc646226aa480243a5c69311adb801,c314260d9d791ebb,576,768,945,2146
1. Healthy/1. Red Onion/1. Single/Onion04189.jpg,0,healthy red onion,healthy,red onion,single,c553f54d99c46e7d2e4c4637684c28c6,966c999836c7a99a,1024,768,76,99
1. Healthy/1. Red Onion/2. Multiple/Onion07247.jpg,0,healthy red onion,healthy,red onion,multiple,8fa5910b17c22f0ac0ee5b45912c4cc5,c81f993467f0931b,1024,768,273,622
1. Healthy/1. Red Onion/1. Single/Onion06650.jpg,0,healthy red onion,healthy,red onion,single,8f81c2178d69990d26842a973a852e74,ce99134cf0d26c73,576,768,244,578
1. Healthy/1. Red Onion/1. Single/Onion06706.jpg,0,healthy red onion,healthy,red onion,single,0c9c5b231c484b35548803ac05328f1e,c4909b6b6775ac4a,1024,768,131,584
1. Healthy/1. Red Onion/1. Single/Onion04357.jpg,0,healthy red onion,healthy,red onion,single,0a4f4d7e3293faf85bc2769cb1155b9c,bcdccbb3300cc671,576,768,2,184
1. Healthy/1. Red Onion/2. Multiple/Onion07538.jpg,0,healthy red onion,healthy,red onion,multiple,ea7d83d6c7a0f829b001227f554896a6,deadc558a1b39a41,1024,768,273,622
2. Unhealthy/2. White Onion/2. Multiple/Onion16105.jpg,3,unhealthy white onion,unhealthy,white onion,multiple,3041331a04fbf28945b36ea5abd57dc4,9d87796c869b6189,1024,768,937,2155
2. Unhealthy/1. Red Onion/2. Multiple/Onion13562.jpg,1,unhealthy red onion,unhealthy,red onion,multiple,2cb7ff6ebea33352d7722a6ee7e790cb,efe1d89c34d0c38c,1024,768,393,938
2. Unhealthy/1. Red Onion/1. Single/Onion12590.jpg,1,unhealthy red onion,unhealthy,red onion,single,0cd99bb4eecbd51f59c84b5e1a90ecef,e6b6999966666c0c,1024,768,305,644
2. Unhealthy/2. White Onion/2. Multiple/Onion15451.jpg,3,unhealthy white onion,unhealthy,white onion,multiple,5cfda914563ba9b7842d271a9ae68b3d,9094b79be29a2799,576,768,950,2169
1. Healthy/1. Red Onion/1. Single/Onion05534.jpg,0,healthy red onion,healthy,red onion,single,46c0d61d5a57e05fd7072fb308f08fd6,a3d88e3334cc9b33,1024,768,2,62
1. Healthy/2. White Onion/1. Single/Onion09475.jpg,2,healthy white onion,healthy,white onion,single,15fdac96aca2e6642a3a9b7469d5ad43,eb328688d8f7a564,1024,768,404,1337
1. Healthy/2. White Onion/1. Single/Onion09550.jpg,2,healthy white onion,healthy,white onion,single,0bc448568b5e3d91f27505c85fc2eda1,964d6996b16912f6,1024,768,506,1407
2. Unhealthy/2. White Onion/1. Single/Onion15080.jpg,3,unhealthy white onion,unhealthy,white onion,single,319eb51e69a7b4abaf1d5a7f4cda3576,fb5f244c8133d4d8,1024,768,895,2010
2. Unhealthy/1. Red Onion/2. Multiple/Onion13988.jpg,1,unhealthy red onion,unhealthy,red onion,multiple,9d4af15548a19d89ed5ca68ed0edbf5e,bfedd984c0d2d034,1024,768,389,931
1. Healthy/1. Red Onion/1. Single/Onion04232.jpg,0,healthy red onion,healthy,red onion,single,13bd039d3b33a619bbdaf2f784fce9b9,e594da88592667da,1024,768,2,25
1. Healthy/2. White Onion/1. Single/Onion10405.jpg,2,healthy white onion,healthy,white onion,single,4bcd1692b48c09c219edd234760496f5,8cb333cccc30cf33,1024,768,520,1319
1. Healthy/2. White Onion/1. Single/Onion10054.jpg,2,healthy white onion,healthy,white onion,single,0f0f8e06d7874fd5dd1ef78cd100311f,ccce3330cbc3cccc,1024,768,403,1071
1. Healthy/1. Red Onion/1. Single/Onion05745.jpg,0,healthy red onion,healthy,red onion,single,c5d4677357e77a099c2073d137f23ccb,e48f5133304c8f5f,576,768,16,119
2. Unhealthy/2. White Onion/1. Single/Onion14333.jpg,3,unhealthy white onion,unhealthy,white onion,single,03cb13709d5483246f8e2998e626fb78,9b66249967b39c29,1024,768,791,1841
2. Unhealthy/1. Red Onion/2. Multiple/Onion14252.jpg,1,unhealthy red onion,unhealthy,red onion,multiple,56f140a44d4e21908d9d9bb356aa8234,ad9a94f0d86e1935,1024,768,389,931
1. Healthy/1. Red Onion/1. Single/Onion05924.jpg,0,healthy red onion,healthy,red onion,single,907bb73681a7b7a582087105e1efd357,ed2c9493ab646599,1024,768,20,42
2. Unhealthy/1. Red Onion/2. Multiple/Onion13605.jpg,1,unhealthy red onion,unhealthy,red onion,multiple,9983bbb9103c966eb78beab34edae985,a3f194bc9cc36c98,1024,768,389,931
1. Healthy/1. Red Onion/2. Multiple/Onion07695.jpg,0,healthy red onion,healthy,red onion,multiple,9c033a813abc30cba5bed47853d1e9d9,f0a64b9a9d58ce31,1024,768,273,619
1. Healthy/1. Red Onion/2. Multiple/Onion07073.jpg,0,healthy red onion,healthy,red onion,multiple,3e2c3f6c022429166b931d7135f7aeeb,9ce2919b5a552ad3,576,768,272,620
2. Unhealthy/1. Red Onion/1. Single/Onion13125.jpg,1,unhealthy red onion,unhealthy,red onion,single,a9646be6b0a2226aebb7dcf2ef2625f6,e5a496969b9b1199,1024,768,305,818
1. Healthy/2. White Onion/1. Single/Onion11037.jpg,2,healthy white onion,healthy,white onion,single,56bfdd546541e3e62bf3e88e91fa4c78,8c7b3380cdf033ba,1024,768,441,1425
1. Healthy/1. Red Onion/1. Single/Onion04913.jpg,0,healthy red onion,healthy,red onion,single,92e9840af3a4b1020ad6fb758a103658,e56d1a9611c83fd2,1024,768,124,338
1. Healthy/2. White Onion/1. Single/Onion08830.jpg,2,healthy white onion,healthy,white onion,single,9cd0d2d66cc7930c6c8c56b307796904,d383656c9392654f,1024,768,401,1121
1. Healthy/2. White Onion/1. Single/Onion10691.jpg,2,healthy white onion,healthy,white onion,single,ad709c716cbbaddc161a908b09ef0f4f,ed983267da8c7942,576,768,631,1543
1. Healthy/2. White Onion/2. Multiple/Onion11896.jpg,2,healthy white onion,healthy,white onion,multiple,972b41496a33bc8626b027d936b5f15f,e2994f629c73703c,1024,768,756,1721
1. Healthy/2. White Onion/2. Multiple/Onion11836.jpg,2,healthy white onion,healthy,white onion,multiple,62bf21e195422cd0cb6780749706d60a,d49b3ab46262a76c,1024,768,771,1718
2. Unhealthy/2. White Onion/1. Single/Onion14894.jpg,3,unhealthy white onion,unhealthy,white onion,single,57f9f622cb26f1cfafe349e2e6eb9007,d8ede399d9614c42,1024,768,791,1841
2. Unhealthy/1. Red Onion/1. Single/Onion13140.jpg,1,unhealthy red onion,unhealthy,red onion,single,e429569df3ac18214312299a79fdcc6c,f1b2ccdc33608da6,1024,768,276,810
2. Unhealthy/1. Red Onion/2. Multiple/Onion13626.jpg,1,unhealthy red onion,unhealthy,red onion,multiple,2735fde881aacdfbe986a163410f051c,c08f4fe23b5d9c60,1024,768,389,930
1. Healthy/1. Red Onion/1. Single/Onion06290.jpg,0,healthy red onion,healthy,red onion,single,7fe2f921a2effa55aec29878ae060b14,881be1864e3cf35b,576,768,23,175
1. Healthy/1. Red Onion/1. Single/Onion04618.jpg,0,healthy red onion,healthy,red onion,single,a1725faf5d98d49a1f90f0181e808264,f6a2ad4c939989d2,1024,768,2,206
1. Healthy/1. Red Onion/2. Multiple/Onion07701.jpg,0,healthy red onion,healthy,red onion,multiple,9a2d73315b09f69fa0f0ec6ae376eb85,f1b4a74999cdcc44,1024,768,272,628
2. Unhealthy/1. Red Onion/2. Multiple/Onion13887.jpg,1,unhealthy red onion,unhealthy,red onion,multiple,4c926d5affa8504b510d541a35b81691,d892b367cc8d255a,1024,768,389,935
1. Healthy/2. White Onion/1. Single/Onion09098.jpg,2,healthy white onion,healthy,white onion,single,440541312c0348206015b418784bbaa6,c3963833d3458fd8,1024,768,441,1069
1. Healthy/1. Red Onion/1. Single/Onion06814.jpg,0,healthy red onion,healthy,red onion,single,ec3b943a54b941115bb18d5a8080eab7,f08dcdb0d4d3d107,1024,768,131,594
2. Unhealthy/2. White Onion/1. Single/Onion15151.jpg,3,unhealthy white onion,unhealthy,white onion,single,22a37cbbf60af82014396de7d7da4f15,e3cbcb73c2cc6032,1024,768,792,1840
1. Healthy/1. Red Onion/1. Single/Onion04842.jpg,0,healthy red onion,healthy,red onion,single,15e5150696dfb24af7ab15c8cd790f3a,83aad83dbace0c36,576,768,23,175
1. Healthy/2. White Onion/2. Multiple/Onion11239.jpg,2,healthy white onion,healthy,white onion,multiple,a9817f9ed197e8fe696ca6091457d5f6,c7234c2986672d9f,1024,768,757,1742
2. Unhealthy/1. Red Onion/2. Multiple/Onion13496.jpg,1,unhealthy red onion,unhealthy,red onion,multiple,6af355b2d68a90e6c3f20bdd9a39a110,8c93f76d8292c966,1024,768,389,931
1. Healthy/1. Red Onion/1. Single/Onion04559.jpg,0,healthy red onion,healthy,red onion,single,87f721f751a926b9bf31fc8a2228375a,e4acdb936ca96294,1024,768,56,225
2. Unhealthy/2. White Onion/2. Multiple/Onion16229.jpg,3,unhealthy white onion,unhealthy,white onion,multiple,f27e398a1363295671fabe701719f662,e4371bcccc3d1926,1024,768,950,2221
1. Healthy/1. Red Onion/1. Single/Onion06807.jpg,0,healthy red onion,healthy,red onion,single,39621a68f9b9214b8822715af2fbbca8,edb292596c269b4c,1024,768,20,42
2. Unhealthy/2. White Onion/2. Multiple/Onion15841.jpg,3,unhealthy white onion,unhealthy,white onion,multiple,5299302885a756ee5021eeb255443d6f,db7828a4c8f1343f,1024,768,950,2187
2. Unhealthy/2. White Onion/1. Single/Onion14539.jpg,3,unhealthy white onion,unhealthy,white onion,single,e6b14e53bb46c587555699577c28a172,cc8430791b67c9de,1024,768,780,1806
2. Unhealthy/2. White Onion/2. Multiple/Onion16082.jpg,3,unhealthy white onion,unhealthy,white onion,multiple,5ecaa48c86e3563697b0b4846274c452,97f32ddc6231241d,576,768,945,2178
1. Healthy/1. Red Onion/1. Single/Onion05491.jpg,0,healthy red onion,healthy,red onion,single,515dd3d8c754247e08f4d99a8db59a0f,a6b9d9b662982297,1024,768,131,271
2. Unhealthy/2. White Onion/1. Single/Onion14531.jpg,3,unhealthy white onion,unhealthy,white onion,single,0cc20d39b797be92b9dc7d18ea0652a6,ca956d72846d9b62,1024,768,830,1953
1. Healthy/1. Red Onion/1. Single/Onion05006.jpg,0,healthy red onion,healthy,red onion,single,4a2a858706d115f1c5344db06d3b286a,b89ba673989a6165,576,768,2,206
1. Healthy/1. Red Onion/1. Single/Onion05085.jpg,0,healthy red onion,healthy,red onion,single,2e87ef238843c126a43e1f53b8baeb5c,891f3337dec9c484,1024,768,127,54
1. Healthy/1. Red Onion/1. Single/Onion06225.jpg,0,healthy red onion,healthy,red onion,single,a2bee736ad5285b136485e7019e4a8f2,e4699b922de3546c,1024,768,20,106
1. Healthy/1. Red Onion/1. Single/Onion06135.jpg,0,healthy red onion,healthy,red onion,single,64b8af529713ed30ae1614e31990b2cb,cc7331c61b98379a,1024,768,2,91
2. Unhealthy/1. Red Onion/2. Multiple/Onion14133.jpg,1,unhealthy red onion,unhealthy,red onion,multiple,049e4fce991dfd417c30983e26c82406,f456826ad9391d69,1024,768,389,931
1. Healthy/2. White Onion/1. Single/Onion10666.jpg,2,healthy white onion,healthy,white onion,single,803ab37e3e640ecd5c8dd3387e0a7e50,92edc5926e8d2792,1024,768,630,1542
1. Healthy/2. White Onion/1. Single/Onion08609.jpg,2,healthy white onion,healthy,white onion,single,52dcde7498277d329f7657b6a816684a,9a9a6569d94c6659,1024,768,492,989
1. Healthy/2. White Onion/2. Multiple/Onion11541.jpg,2,healthy white onion,healthy,white onion,multiple,fad95f9cc49091763cc88fcd6be90012,f89057d7a84a5e46,1024,768,757,1773
2. Unhealthy/2. White Onion/2. Multiple/Onion15637.jpg,3,unhealthy white onion,unhealthy,white onion,multiple,b0f7f49e4ac1dd71d1274ad0f9697206,914a66b5594a76ad,1024,768,945,2154
1. Healthy/1. Red Onion/2. Multiple/Onion07607.jpg,0,healthy red onion,healthy,red onion,multiple,d3ce133b98f1ce76de140478864ee17e,a5e79212f3893731,1024,768,272,620
1. Healthy/1. Red Onion/1. Single/Onion06266.jpg,0,healthy red onion,healthy,red onion,single,c14469eeab999e2343cdc97826d37a2d,eca49a8f67a0649e,1024,768,2,25
2. Unhealthy/2. White Onion/1. Single/Onion14586.jpg,3,unhealthy white onion,unhealthy,white onion,single,412cb5397238583fb2aff738b14e18c1,9c8662526c6add6d,1024,768,845,1978
2. Unhealthy/2. White Onion/1. Single/Onion14636.jpg,3,unhealthy white onion,unhealthy,white onion,single,c8fa7141219eab740c027b0edaaa0fb5,d99927648e8a9bc9,1024,768,851,2001
1. Healthy/1. Red Onion/1. Single/Onion04363.jpg,0,healthy red onion,healthy,red onion,single,2d8371955c882f2df7b9d0702d38220f,b3c8cd273c3873c1,1024,768,72,188
1. Healthy/1. Red Onion/2. Multiple/Onion07259.jpg,0,healthy red onion,healthy,red onion,multiple,2e5966f68d7a3b6d2d5271e66f37638d,c5870acba78cce53,1024,768,273,621
2. Unhealthy/1. Red Onion/1. Single/Onion13129.jpg,1,unhealthy red onion,unhealthy,red onion,single,f62feb8f43dafd39ef4f1d926201abef,e79b98641b93264d,1024,768,325,794
1. Healthy/2. White Onion/1. Single/Onion08738.jpg,2,healthy white onion,healthy,white onion,single,04fb40e53f44228412ecd0e3a5794de7,9ad2c56d6486939b,1024,768,609,1032
1. Healthy/2. White Onion/1. Single/Onion08272.jpg,2,healthy white onion,healthy,white onion,single,3d14490b75ffcb7382272dc822285166,b1d9cf246c863399,1024,768,576,963
1. Healthy/1. Red Onion/1. Single/Onion06646.jpg,0,healthy red onion,healthy,red onion,single,8b76977fefcc6114491132efaac74a3c,e59a926d23669ab1,1024,768,2,3
1. Healthy/1. Red Onion/2. Multiple/Onion07704.jpg,0,healthy red onion,healthy,red onion,multiple,5457c1f402f65bb82b9a7c8990a45946,e897c69969a65619,576,768,273,619
1. Healthy/1. Red Onion/2. Multiple/Onion07171.jpg,0,healthy red onion,healthy,red onion,multiple,8561b6099a796424a4ab7f5e6da1e6ab,bf981663c81c78f2,576,768,273,619
1. Healthy/1. Red Onion/1. Single/Onion04367.jpg,0,healthy red onion,healthy,red onion,single,33a9c19c84223ebf54b39aa15a9965a1,d9994a66419dd327,1024,768,10,77
1. Healthy/1. Red Onion/2. Multiple/Onion07202.jpg,0,healthy red onion,healthy,red onion,multiple,79b8f586b2006b3b47dfbd77e7586fd7,e892c1c69dc9da6c,1024,768,273,622
2. Unhealthy/2. White Onion/2. Multiple/Onion15836.jpg,3,unhealthy white onion,unhealthy,white onion,multiple,f776062946228285f5f14f1076c2493a,c9c83c9f1e62e326,1024,768,942,2168
1. Healthy/1. Red Onion/1. Single/Onion04046.jpg,0,healthy red onion,healthy,red onion,single,715fd749176904dc0fcbd7aef2d2b81e,8bc68d318db1e2dc,1024,768,151,5
1. Healthy/1. Red Onion/1. Single/Onion05643.jpg,0,healthy red onion,healthy,red onion,single,b84f039e0862eb6b31f684467c3f76a4,c926b699772e8c45,1024,768,15,282
1. Healthy/1. Red Onion/1. Single/Onion04507.jpg,0,healthy red onion,healthy,red onion,single,9a9ef69e1c73adc4f645d5ac6a47acbf,83d8ec1fc7700ce3,1024,768,90,241
1. Healthy/2. White Onion/1. Single/Onion08843.jpg,2,healthy white onion,healthy,white onion,single,ead366f9e70ae8e37a46901cc0e6e7d6,b5cc5331ce55740e,1024,768,401,965
1. Healthy/1. Red Onion/1. Single/Onion04533.jpg,0,healthy red onion,healthy,red onion,single,03617d89ef8074e6ee917736887e7b2f,f16086df2468dd66,576,768,2,253
1. Healthy/1. Red Onion/1. Single/Onion04230.jpg,0,healthy red onion,healthy,red onion,single,94201f9546d3ce70f126829ea60ee89a,99a5649eb28db92c,1024,768,49,128
1. Healthy/2. White Onion/2. Multiple/Onion11196.jpg,2,healthy white onion,healthy,white onion,multiple,8d5bbe8e959cf9ef893f927571586d31,d02a17879c69c6bb,1024,768,757,1741
1. Healthy/2. White Onion/2. Multiple/Onion11743.jpg,2,healthy white onion,healthy,white onion,multiple,f5fdae18ed06f104c214a570d617c717,f67e84cd6b923064,1024,768,756,1719
1. Healthy/2. White Onion/1. Single/Onion10406.jpg,2,healthy white onion,healthy,white onion,single,0eac7e662f5e8ebed0935592a4d11db8,d186a44b9ab565da,1024,768,576,1123
1. Healthy/1. Red Onion/1. Single/Onion04371.jpg,0,healthy red onion,healthy,red onion,single,0ce335c59ab6b97048123adce6145936,e79a99230f061b1f,1024,768,2,192
1. Healthy/2. White Onion/1. Single/Onion10866.jpg,2,healthy white onion,healthy,white onion,single,86620f910aefa8a52560c73aed94de11,da9864e69a996563,576,768,679,1610
1. Healthy/2. White Onion/1. Single/Onion10661.jpg,2,healthy white onion,healthy,white onion,single,c2f5e2f96d3d741658f14a4528439441,8cc93632cfdb3189,1024,768,434,1079
1. Healthy/2. White Onion/1. Single/Onion09210.jpg,2,healthy white onion,healthy,white onion,single,18d5b963e7a508004a0d6e132a1ae7f7,a6cfb13144ceb932,1024,768,401,1036
1. Healthy/1. Red Onion/2. Multiple/Onion08069.jpg,0,healthy red onion,healthy,red onion,multiple,0f3194aa8b0fd050ba5ccdbf2a4da180,ebb5d22d087029cf,576,768,273,619
1. Healthy/2. White Onion/2. Multiple/Onion11204.jpg,2,healthy white onion,healthy,white onion,multiple,d01155c5731944cd86d33932e46432b0,8fe765c631398a26,1024,768,757,1722
2. Unhealthy/2. White Onion/2. Multiple/Onion16025.jpg,3,unhealthy white onion,unhealthy,white onion,multiple,50298398fb86c0e5b88317cf212eb783,d7cc689b37258466,1024,768,950,2197
1. Healthy/1. Red Onion/1. Single/Onion05954.jpg,0,healthy red onion,healthy,red onion,single,e30aef5d5e295cec7fe18505c6e6debd,f0791c96267a9999,1024,768,64,485
1. Healthy/1. Red Onion/1. Single/Onion06144.jpg,0,healthy red onion,healthy,red onion,single,1a85f8f0cea818169425a8a86a6d5097,d99366cc8c6c9933,1024,768,2,319
1. Healthy/1. Red Onion/2. Multiple/Onion08035.jpg,0,healthy red onion,healthy,red onion,multiple,5e69de9358cfab7e2304342cf2db49eb,b6489421cbdad6ec,1024,768,273,625
1. Healthy/1. Red Onion/1. Single/Onion05552.jpg,0,healthy red onion,healthy,red onion,single,c27b9c754a86ce3dde2cceddcb8ea424,b5a4cb1a4a67d4e4,1024,768,5,10
1. Healthy/1. Red Onion/1. Single/Onion04107.jpg,0,healthy red onion,healthy,red onion,single,e3019f671b852ecd8e958a9df435e2b2,e699996664d92798,1024,768,20,53
2. Unhealthy/1. Red Onion/2. Multiple/Onion13325.jpg,1,unhealthy red onion,unhealthy,red onion,multiple,e97886325a5d339c8a2546007952b59e,af9494bcd8664f0a,1024,768,389,931
1. Healthy/2. White Onion/2. Multiple/Onion11856.jpg,2,healthy white onion,healthy,white onion,multiple,5fde1e3651e7a9976ea4def5c1ea1fe0,d6359a3273ad8c49,1024,768,757,1722
1. Healthy/2. White Onion/1. Single/Onion10087.jpg,2,healthy white onion,healthy,white onion,single,cb8b2eff1903c38e9d6d965e8083722b,8c3373cc71368e1b,1024,768,506,1485
1. Healthy/2. White Onion/2. Multiple/Onion11223.jpg,2,healthy white onion,healthy,white onion,multiple,b02212ae927d0f37c11213111f742956,f38639db9c615074,1024,768,764,1727
1. Healthy/2. White Onion/1. Single/Onion09718.jpg,2,healthy white onion,healthy,white onion,single,04683b7d0f7dc2b661519d193f741000,a17b3e08e6c3e13c,1024,768,459,977
2. Unhealthy/2. White Onion/2. Multiple/Onion15968.jpg,3,unhealthy white onion,unhealthy,white onion,multiple,216f0fc130888cc162c9da43ca0d1492,ac87d34c25334c3f,1024,768,941,2165
1. Healthy/1. Red Onion/1. Single/Onion04347.jpg,0,healthy red onion,healthy,red onion,single,a04899ba885788b5e4eb38faa1b532d4,e63399da8cec1271,1024,768,2,150
1. Healthy/1. Red Onion/1. Single/Onion04561.jpg,0,healthy red onion,healthy,red onion,single,a963cfeecc0ea0a7dc756bd8609ced0c,e5fc92d00dc81be6,1024,768,2,7
1. Healthy/2. White Onion/1. Single/Onion10569.jpg,2,healthy white onion,healthy,white onion,single,29e2e3f1c494678831aafb71ebd0c645,8ff5268ac9342d93,576,768,506,1119
1. Healthy/2. White Onion/1. Single/Onion10261.jpg,2,healthy white onion,healthy,white onion,single,6ae116fd76267d74c3e5601b99ab8160,cee3310ecc36c731,1024,768,406,979
2. Unhealthy/2. White Onion/2. Multiple/Onion15343.jpg,3,unhealthy white onion,unhealthy,white onion,multiple,50d1c11bffc12a4aa5c027593aa8f8ae,9fe43d037a29433a,576,768,945,2178
2. Unhealthy/1. Red Onion/1. Single/Onion12442.jpg,1,unhealthy red onion,unhealthy,red onion,single,4093e67200698234b9d0d471d2dc0260,e7989a5669676644,1024,768,305,656
1. Healthy/1. Red Onion/1. Single/Onion05572.jpg,0,healthy red onion,healthy,red onion,single,652cf64d86f8588eeaffaee6fcbd18f9,e4249b9353998d73,1024,768,56,225
1. Healthy/1. Red Onion/1. Single/Onion04705.jpg,0,healthy red onion,healthy,red onion,single,03e3bae3e864816e7df20c35628fd31c,edd2926907c91ab3,1024,768,20,2
2. Unhealthy/1. Red Onion/2. Multiple/Onion13426.jpg,1,unhealthy red onion,unhealthy,red onion,multiple,8d8cad0af93e46f0a1eecd4b67c967f3,94e229a54b71adce,1024,768,395,941
1. Healthy/1. Red Onion/1. Single/Onion05037.jpg,0,healthy red onion,healthy,red onion,single,855cc75b0f7ac9e06498e9a6c9b3a436,ed6d9692932b644c,1024,768,20,255
1. Healthy/1. Red Onion/1. Single/Onion05962.jpg,0,healthy red onion,healthy,red onion,single,ea1034b8659d58afea97e9350e07201e,b863c33f3cc06333,1024,768,2,7
1. Healthy/2. White Onion/1. Single/Onion08196.jpg,2,healthy white onion,healthy,white onion,single,9d71c1a5b1340dbebf67ec05e56fe0e3,9a9f25659a872969,576,768,492,1002
1. Healthy/2. White Onion/2. Multiple/Onion12207.jpg,2,healthy white onion,healthy,white onion,multiple,72af547c8c2b1490e07683b6645b960e,c12a6d71a337ca99,1024,768,759,1738
1. Healthy/1. Red Onion/1. Single/Onion04063.jpg,0,healthy red onion,healthy,red onion,single,7bfcfb4539997392d5b1f856eed4f705,f9669699a4639664,1024,768,2,21
2. Unhealthy/1. Red Onion/1. Single/Onion12958.jpg,1,unhealthy red onion,unhealthy,red onion,single,a35c808700aa594381b4981c07fde95a,b286cd386647335e,1024,768,305,748
1. Healthy/1. Red Onion/1. Single/Onion04317.jpg,0,healthy red onion,healthy,red onion,single,990615bade7043c2c251bfe26ced90ea,ed8ccc3232738b99,1024,768,2,19
1. Healthy/1. Red Onion/1. Single/Onion06724.jpg,0,healthy red onion,healthy,red onion,single,a1a5ebf06a89e9bfb3b5428405c97119,f48d9932da724699,1024,768,29,63
1. Healthy/1. Red Onion/2. Multiple/Onion07164.jpg,0,healthy red onion,healthy,red onion,multiple,2ac6d559f9d4a106c4966e815534dbc9,bd13c0f4c169cf1c,1024,768,273,619
2. Unhealthy/1. Red Onion/2. Multiple/Onion14160.jpg,1,unhealthy red onion,unhealthy,red onion,multiple,ec40c267d0fea9d888d5bff237773db1,ffffd200cc0062cd,1024,768,393,959
1. Healthy/2. White Onion/2. Multiple/Onion11464.jpg,2,healthy white onion,healthy,white onion,multiple,6b03d1a21c179ea31eb34b0be7056de4,f8e34b155a64aa9a,1024,768,757,1742
1. Healthy/1. Red Onion/1. Single/Onion05372.jpg,0,healthy red onion,healthy,red onion,single,1188423ffa61df6242dd1e45e38cbbe1,ac8c9130e773cecc,1024,768,2,7
2. Unhealthy/1. Red Onion/2. Multiple/Onion14129.jpg,1,unhealthy red onion,unhealthy,red onion,multiple,6d87b6bb65bcecb796e8ac5671a79509,f106697996e9a685,576,768,392,952
1. Healthy/2. White Onion/1. Single/Onion08965.jpg,2,healthy white onion,healthy,white onion,single,672692d3a923559c1d44eb773b4abcac,936c6c92e36bc466,1024,768,459,1021
1. Healthy/1. Red Onion/1. Single/Onion04609.jpg,0,healthy red onion,healthy,red onion,single,b76caeaee77e34d6464d40fb66e731bd,a1e99e8661399967,576,768,15,31
1. Healthy/2. White Onion/1. Single/Onion10931.jpg,2,healthy white onion,healthy,white onion,single,fdfe7ec0ed92695af87b8f59d4377562,9fce642a978a5d88,576,768,459,1092
1. Healthy/1. Red Onion/1. Single/Onion06761.jpg,0,healthy red onion,healthy,red onion,single,0f631095f0a1a797e73abc69f4d78c8c,8c513146cfd99c67,1024,768,2,263
2. Unhealthy/2. White Onion/1. Single/Onion14641.jpg,3,unhealthy white onion,unhealthy,white onion,single,01d890ec876352b4ea84cc8334e2ea7d,9b9b6125d2cb6562,1024,768,791,1881
1. Healthy/2. White Onion/1. Single/Onion10055.jpg,2,healthy white onion,healthy,white onion,single,564d1bac5bb43ee0dfaee24607e3980f,8bcb34348bd3a29d,576,768,434,1025
2. Unhealthy/1. Red Onion/1. Single/Onion13175.jpg,1,unhealthy red onion,unhealthy,red onion,single,1979f347b9c942d2aa6884c218fd021e,e60d987b61569636,1024,768,276,663
1. Healthy/1. Red Onion/1. Single/Onion05235.jpg,0,healthy red onion,healthy,red onion,single,3a7e53e44397bc66b169e7844e9abac5,9029ce952a57ebd8,1024,768,2,161
1. Healthy/2. White Onion/1. Single/Onion09441.jpg,2,healthy white onion,healthy,white onion,single,9fba6efd3c5442faa6fb56b467d543de,8e47f1790e877138,1024,768,576,1122
2. Unhealthy/2. White Onion/2. Multiple/Onion16077.jpg,3,unhealthy white onion,unhealthy,white onion,multiple,153442fd5c069e90b69d87ae103b82ad,840f17b6f06ded22,1024,768,940,2162
1. Healthy/2. White Onion/1. Single/Onion08998.jpg,2,healthy white onion,healthy,white onion,single,3fa3cbdea3bcc3d39951766a772ca4f8,e1b0e682dc5d3e61,1024,768,404,1258
2. Unhealthy/1. Red Onion/1. Single/Onion13093.jpg,1,unhealthy red onion,unhealthy,red onion,single,e93ef48c512a60159c3237c3d2741243,c4819b6669da66d9,1024,768,276,801
1. Healthy/1. Red Onion/1. Single/Onion04961.jpg,0,healthy red onion,healthy,red onion,single,8cd79f764d765e5143e13214f3a5e1e9,98dacd6133366666,1024,768,80,350
1. Healthy/1. Red Onion/1. Single/Onion06954.jpg,0,healthy red onion,healthy,red onion,single,4b1ea563b949cbc187c357cef83c0873,a78d9a6465c64c9b,1024,768,2,25
1. Healthy/1. Red Onion/2. Multiple/Onion07602.jpg,0,healthy red onion,healthy,red onion,multiple,20decf41cc2950e488dbb8dc158bc083,ad3ed68339d8823a,1024,768,273,619
1. Healthy/2. White Onion/1. Single/Onion09807.jpg,2,healthy white onion,healthy,white onion,single,648aa21506946a3c61f5430229a58224,a686cdd830717373,576,768,609,1297
2. Unhealthy/2. White Onion/2. Multiple/Onion16154.jpg,3,unhealthy white onion,unhealthy,white onion,multiple,b807b5ac33ac084ed23993c349d4f18e,dcd0508f57969378,1024,768,958,2242
1. Healthy/2. White Onion/2. Multiple/Onion11414.jpg,2,healthy white onion,healthy,white onion,multiple,e9525e3788ee4891e1167a97796a514e,f188529b739d69c4,1024,768,764,1727
2. Unhealthy/1. Red Onion/1. Single/Onion13206.jpg,1,unhealthy red onion,unhealthy,red onion,single,db715696640b3c01cc9ab601dd7c983f,e39b996c646d9826,1024,768,309,694
1. Healthy/1. Red Onion/1. Single/Onion06760.jpg,0,healthy red onion,healthy,red onion,single,52032f9ef9daf1a0831ca958e962f1b5,e6dc9825258cd6f8,1024,768,2,35
1. Healthy/1. Red Onion/1. Single/Onion04343.jpg,0,healthy red onion,healthy,red onion,single,d6c9c1995828ab37aefb3570679dac94,f9a18676266e6c98,1024,768,20,178
1. Healthy/2. White Onion/1. Single/Onion09658.jpg,2,healthy white onion,healthy,white onion,single,f9e3c0a7e787e958237c447b14b5023d,ce8c3131cfce2ccc,1024,768,406,979
1. Healthy/2. White Onion/1. Single/Onion08725.jpg,2,healthy white onion,healthy,white onion,single,31db23ab4cd84c570c2d7d6cffbf59ea,9b0564199a7e6bd1,1024,768,506,1012
1. Healthy/2. White Onion/1. Single/Onion10981.jpg,2,healthy white onion,healthy,white onion,single,d338d1a22e2554450546ded9818ba7f9,98d8603697cb5997,576,768,459,1589
1. Healthy/2. White Onion/1. Single/Onion09145.jpg,2,healthy white onion,healthy,white onion,single,174ad5e21878238d553cb61f5bcf2733,8cb333cccc328f63,1024,768,520,1319
1. Healthy/2. White Onion/1. Single/Onion08398.jpg,2,healthy white onion,healthy,white onion,single,0d47431a92798de5627b82b322101bae,9a9067649c907b7b,576,768,403,968
1. Healthy/2. White Onion/1. Single/Onion08423.jpg,2,healthy white onion,healthy,white onion,single,3c741e7c192ed97047b1c6577d950dd5,89e9e6369b937888,1024,768,459,1110
2. Unhealthy/2. White Onion/1. Single/Onion14648.jpg,3,unhealthy white onion,unhealthy,white onion,single,50c0e9518a6a8e276bee0a7984158825,d2c765da9063a5a9,576,768,791,1810
2. Unhealthy/1. Red Onion/1. Single/Onion13139.jpg,1,unhealthy red onion,unhealthy,red onion,single,31e31d9c1405520156e60cdec6407cba,d602a99c5d725b8d,1024,768,309,881
1. Healthy/2. White Onion/2. Multiple/Onion11934.jpg,2,healthy white onion,healthy,white onion,multiple,7c158b9253023540d9e98f299f1fff1a,d15a0b792ba5987a,1024,768,757,1733
2. Unhealthy/2. White Onion/2. Multiple/Onion15731.jpg,3,unhealthy white onion,unhealthy,white onion,multiple,4368fd636761c560eba5df6ce134f455,d1db1aa9a5c64b8c,1024,768,945,2146
1. Healthy/1. Red Onion/2. Multiple/Onion08031.jpg,0,healthy red onion,healthy,red onion,multiple,0bce04456cd36d18dc377a558a5c024b,cd993a3bc9363192,1024,768,273,621
2. Unhealthy/2. White Onion/2. Multiple/Onion15468.jpg,3,unhealthy white onion,unhealthy,white onion,multiple,7bd654b0a80c4312203995fd148d833b,d3d5cdc2360c3936,1024,768,945,2178
1. Healthy/2. White Onion/2. Multiple/Onion11872.jpg,2,healthy white onion,healthy,white onion,multiple,bb955d00a21e1a95c74566cac469f8f4,87b6b5d146585933,1024,768,757,1722
1. Healthy/2. White Onion/1. Single/Onion09659.jpg,2,healthy white onion,healthy,white onion,single,d23545446899f51a5537495834a64dbf,c6c63838c7c5b2ce,1024,768,406,979
1. Healthy/2. White Onion/1. Single/Onion08908.jpg,2,healthy white onion,healthy,white onion,single,c0eaf62e0b3b6f93f0bf2445239c5959,cdb361cd3291cd34,576,768,401,1198
1. Healthy/1. Red Onion/2. Multiple/Onion07531.jpg,0,healthy red onion,healthy,red onion,multiple,53c12cddc6dcc994b1d04cbae4bc799d,dcc193669c98dc33,1024,768,273,624
1. Healthy/1. Red Onion/1. Single/Onion06350.jpg,0,healthy red onion,healthy,red onion,single,4fe60c289fbe70b36b419da723254c2b,cc51b3eccc92738a,1024,768,23,51
2. Unhealthy/2. White Onion/1. Single/Onion14445.jpg,3,unhealthy white onion,unhealthy,white onion,single,888b669c9af42641eb147a4f3977e3ea,e58a1a3c38d5c4eb,1024,768,832,1849
1. Healthy/1. Red Onion/1. Single/Onion06239.jpg,0,healthy red onion,healthy,red onion,single,b6b68cc4401ca18bd5f5577dde738404,e58d922dd9a626d8,1024,768,2,393
1. Healthy/1. Red Onion/1. Single/Onion06103.jpg,0,healthy red onion,healthy,red onion,single,9cee5e03df167c8951f739a1a0d6e317,ff813097d2ccc83c,1024,768,80,152
2. Unhealthy/2. White Onion/1. Single/Onion14731.jpg,3,unhealthy white onion,unhealthy,white onion,single,38fd442dcd65ab77314abe95bfb6e420,cf693034cfc13c3c,576,768,883,1997
1. Healthy/2. White Onion/1. Single/Onion11018.jpg,2,healthy white onion,healthy,white onion,single,e78c9b9dbcea86e13b77d1928beeb264,99c76670dccb624c,1024,768,725,1680
2. Unhealthy/2. White Onion/2. Multiple/Onion15306.jpg,3,unhealthy white onion,unhealthy,white onion,multiple,a65317c3c14b8af07584253acd6a7647,b06b2fb7d0c93b04,1024,768,940,2160
1. Healthy/2. White Onion/2. Multiple/Onion12116.jpg,2,healthy white onion,healthy,white onion,multiple,af3d58e8e8d4ca9dd37305a62ca356e3,e97c767292c0cd25,1024,768,756,1721
1. Healthy/1. Red Onion/1. Single/Onion04729.jpg,0,healthy red onion,healthy,red onion,single,c6e99a5d09440cd4e914f9c50e55540a,aa9cc33034ccbb67,576,768,23,51
1. Healthy/1. Red Onion/1. Single/Onion06903.jpg,0,healthy red onion,healthy,red onion,single,2613548dc4fb563eaec5951ffed9272f,89d864719b27cd8d,1024,768,2,124
2. Unhealthy/1. Red Onion/1. Single/Onion12942.jpg,1,unhealthy red onion,unhealthy,red onion,single,d1198c97427f0a24089e30496c81a68c,e6b699d962e118cc,1024,768,305,853
1. Healthy/2. White Onion/1. Single/Onion10254.jpg,2,healthy white onion,healthy,white onion,single,8982c55e0eb5d50d3a0f32f0537d3ab7,a59c6863dccf3072,576,768,425,1066
2. Unhealthy/1. Red Onion/1. Single/Onion12889.jpg,1,unhealthy red onion,unhealthy,red onion,single,b86d42132d9f02244cc0fce7f438e9ec,915acc6b3355c46d,576,768,337,822
1. Healthy/1. Red Onion/1. Single/Onion05983.jpg,0,healthy red onion,healthy,red onion,single,8a81a88c5454c9cf4637137583963dc4,e5ac9896639b6625,1024,768,2,68
2. Unhealthy/1. Red Onion/1. Single/Onion13102.jpg,1,unhealthy red onion,unhealthy,red onion,single,9d39848ee4e879f07ee722036c6f3d3f,b49d5b236c8da18d,1024,768,305,793
1. Healthy/1. Red Onion/1. Single/Onion04983.jpg,0,healthy red onion,healthy,red onion,single,64edb8f01e024a7c58d0accccc5745d4,e7889d662c66338b,1024,768,2,347
2. Unhealthy/1. Red Onion/2. Multiple/Onion13458.jpg,1,unhealthy red onion,unhealthy,red onion,multiple,77186ef329deb8c6d4dddeaa347ee0e8,f9a4c6d998266a99,1024,768,389,942
1. Healthy/2. White Onion/1. Single/Onion09651.jpg,2,healthy white onion,healthy,white onion,single,0ad1baec921335342a6d138d9d85bc32,9994666b6c6d91ac,1024,768,504,1288
1. Healthy/1. Red Onion/1. Single/Onion04410.jpg,0,healthy red onion,healthy,red onion,single,f5e03b1c30255811a54eb0192ac736ec,f9d9926665999099,1024,768,2,7
1. Healthy/2. White Onion/1. Single/Onion11145.jpg,2,healthy white onion,healthy,white onion,single,1a1027882be131b222705a64d9f94c47,99e364dea289d362,1024,768,755,1717
2. Unhealthy/2. White Onion/1. Single/Onion15188.jpg,3,unhealthy white onion,unhealthy,white onion,single,5b9f663a5c0f97a76533b3434deb7c5e,cccd393376c55154,1024,768,892,2069
1. Healthy/1. Red Onion/1. Single/Onion04270.jpg,0,healthy red onion,healthy,red onion,single,51a696a3dfc8977af553187638240de6,87d4992363e85ac7,576,768,23,51
1. Healthy/2. White Onion/1. Single/Onion08520.jpg,2,healthy white onion,healthy,white onion,single,c167711b9fcc9e40d3e94930cfaf3466,ceb9b186d30d43c9,1024,768,425,1142
1. Healthy/2. White Onion/1. Single/Onion09689.jpg,2,healthy white onion,healthy,white onion,single,15d9da09ecf2e829bd844ed9dc10eafb,c7b89847399cc333,576,768,576,1013
2. Unhealthy/1. Red Onion/2. Multiple/Onion13359.jpg,1,unhealthy red onion,unhealthy,red onion,multiple,63d803fa9c29449161dbfe6b7daa8e9b,b3f61c610947e4f2,1024,768,389,935
1. Healthy/2. White Onion/1. Single/Onion08443.jpg,2,healthy white onion,healthy,white onion,single,d5e20469603457c383f2b99b8fb86041,c064e593936d6cdc,1024,768,401,1118
1. Healthy/2. White Onion/1. Single/Onion08573.jpg,2,healthy white onion,healthy,white onion,single,bbcff980edb7e8cd4a8f3e6296a332af,999b2664ccb232e7,576,768,609,981
2. Unhealthy/2. White Onion/2. Multiple/Onion15364.jpg,3,unhealthy white onion,unhealthy,white onion,multiple,b7b29a00372dad729ab035ef0c04bba4,b0e8e8767716324b,1024,768,940,2160
1. Healthy/2. White Onion/1. Single/Onion09317.jpg,2,healthy white onion,healthy,white onion,single,b0002e0b655922ef697b89f0da785c0b,d9a327438ca4db99,1024,768,459,1092
1. Healthy/2. White Onion/1. Single/Onion08575.jpg,2,healthy white onion,healthy,white onion,single,204d7815fd1a7018cc298a3c28e96b63,c787383883e35e8e,576,768,434,1025
1. Healthy/2. White Onion/1. Single/Onion09945.jpg,2,healthy white onion,healthy,white onion,single,cc0a060dde4990b2a2243a788c191684,92344dceb4e6db18,1024,768,441,1183
1. Healthy/2. White Onion/2. Multiple/Onion11713.jpg,2,healthy white onion,healthy,white onion,multiple,4dbb5e0b605a21078c952d60b4642a00,c1c59c35bb991c1d,1024,768,763,1768
1. Healthy/2. White Onion/1. Single/Onion09143.jpg,2,healthy white onion,healthy,white onion,single,1a1a085f652c961a6cf320e84b5decae,91996f67b4646c94,1024,768,442,1112
2. Unhealthy/1. Red Onion/2. Multiple/Onion13839.jpg,1,unhealthy red onion,unhealthy,red onion,multiple,a3c568411881f4a421139a8f02e216b1,e4ab8bb4986c6387,1024,768,393,943
2. Unhealthy/2. White Onion/1. Single/Onion14709.jpg,3,unhealthy white onion,unhealthy,white onion,single,af54021ed2aa36fb82c614a5167f8b54,ce8a31b8ccdc36c6,1024,768,792,1862
2. Unhealthy/1. Red Onion/2. Multiple/Onion14108.jpg,1,unhealthy red onion,unhealthy,red onion,multiple,2101f5271be4cd08a8bdd6a8ff0df284,9d3945c636395933,1024,768,389,935
1. Healthy/1. Red Onion/1. Single/Onion05369.jpg,0,healthy red onion,healthy,red onion,single,edf6881a2d417f9ed8780e42284d1a61,b986a371c8ce6399,1024,768,23,307
1. Healthy/1. Red Onion/1. Single/Onion06393.jpg,0,healthy red onion,healthy,red onion,single,f440dc21b215f87094e79a1a71aefaca,cccc7633d8d922c9,1024,768,15,364
1. Healthy/1. Red Onion/1. Single/Onion06140.jpg,0,healthy red onion,healthy,red onion,single,4bc0543154542f7a18592d4bdc12ae8a,ec789a0f5998e447,1024,768,112,301
1. Healthy/1. Red Onion/1. Single/Onion04763.jpg,0,healthy red onion,healthy,red onion,single,5d76126d87ab4f2597677b28044169ca,f78fd86025966389,1024,768,9,18
2. Unhealthy/2. White Onion/1. Single/Onion14353.jpg,3,unhealthy white onion,unhealthy,white onion,single,7e6456008ca367a4aff4a3877e2bbd9f,d2db63ac89338cb4,1024,768,797,1852
1. Healthy/1. Red Onion/1. Single/Onion04080.jpg,0,healthy red onion,healthy,red onion,single,4785aad12cf1a7cac2079ba5e22b0511,fcc2e079c34419e7,576,768,17,34
1. Healthy/1. Red Onion/1. Single/Onion05190.jpg,0,healthy red onion,healthy,red onion,single,96c93d632d6d75a3941bdf931a4318e2,e59892659b966599,1024,768,2,7
2. Unhealthy/1. Red Onion/1. Single/Onion12572.jpg,1,unhealthy red onion,unhealthy,red onion,single,52ca5b7bf4412d0d090bc3cf8544da2b,e58cdad2696b6624,1024,768,305,656
2. Unhealthy/2. White Onion/1. Single/Onion14478.jpg,3,unhealthy white onion,unhealthy,white onion,single,cf00a380a77a664e63f4aab422191a42,efc2985c59b17131,1024,768,821,1927
1. Healthy/1. Red Onion/2. Multiple/Onion07293.jpg,0,healthy red onion,healthy,red onion,multiple,7d133092c401228eb3966af3937a02ad,9ef261856b6c145b,576,768,273,621
1. Healthy/1. Red Onion/1. Single/Onion04349.jpg,0,healthy red onion,healthy,red onion,single,64d198a1a09e4d09283dffb36e426030,cd9e701dcc66319a,576,768,16,36
1. Healthy/2. White Onion/1. Single/Onion10004.jpg,2,healthy white onion,healthy,white onion,single,884f05294a9773cf58e936e132ac134a,89e236dd7036d331,1024,768,459,977
2. Unhealthy/1. Red Onion/1. Single/Onion12867.jpg,1,unhealthy red onion,unhealthy,red onion,single,c03554f4a936efa86d9d68a9e06cfb60,952d4675782863d7,1024,768,305,697
1. Healthy/1. Red Onion/1. Single/Onion05826.jpg,0,healthy red onion,healthy,red onion,single,ff4333169b45175a787e97aa9dc33db3,bb056c6d93566299,1024,768,144,391
2. Unhealthy/1. Red Onion/2. Multiple/Onion13306.jpg,1,unhealthy red onion,unhealthy,red onion,multiple,d617a37a76e0ae38e272a083d97cfd47,cadc966358cc8b1b,576,768,389,935
2. Unhealthy/2. White Onion/1. Single/Onion14684.jpg,3,unhealthy white onion,unhealthy,white onion,single,b14cfa8076350603f102fc5c95a54e59,96c4493bf5751683,576,768,821,1827
1. Healthy/1. Red Onion/1. Single/Onion05010.jpg,0,healthy red onion,healthy,red onion,single,1892aaa3f401f7ce7310973dba804f7f,8de2b2cccd3033cd,576,768,2,7
1. Healthy/2. White Onion/1. Single/Onion10455.jpg,2,healthy white onion,healthy,white onion,single,702dcf1a7d854520d036af7c1c159be9,90e4407cd6cfa7d8,1024,768,459,1170
1. Healthy/2. White Onion/1. Single/Onion09887.jpg,2,healthy white onion,healthy,white onion,single,e0047cd216e6ec29d132dd0a95ff60ed,fb8964661f1f2131,576,768,609,997
1. Healthy/2. White Onion/1. Single/Onion10086.jpg,2,healthy white onion,healthy,white onion,single,8b540511e3c75a85de252ad91ff473bc,dc0c63339c8c7b99,576,768,434,1145
1. Healthy/2. White Onion/1. Single/Onion10879.jpg,2,healthy white onion,healthy,white onion,single,7066d84873047c4f5b7e3a38a45b9abc,9ad46cc3924d6db2,576,768,662,1584
1. Healthy/2. White Onion/1. Single/Onion10103.jpg,2,healthy white onion,healthy,white onion,single,5a2a9158032d816bc5d113c451a155f3,c982260f9b939d1f,1024,768,401,1060
1. Healthy/2. White Onion/1. Single/Onion09412.jpg,2,healthy white onion,healthy,white onion,single,744c6bf077f297540e44a02f3072ac27,e39c33c53c63cc2c,576,768,555,1379
1. Healthy/1. Red Onion/1. Single/Onion04970.jpg,0,healthy red onion,healthy,red onion,single,46eb39b74f75f333a3bbbe5eb19e4f03,b0cfcb30ceb93246,1024,768,2,150
2. Unhealthy/1. Red Onion/2. Multiple/Onion14264.jpg,1,unhealthy red onion,unhealthy,red onion,multiple,2f231c000ac1e82d8616dc5e70a74925,afaa23ae9233889e,1024,768,389,930
1. Healthy/1. Red Onion/1. Single/Onion04523.jpg,0,healthy red onion,healthy,red onion,single,4f3fb9ce46d1b4969cac114c90d7f4b4,e4a393db8c9c5931,1024,768,2,13
1. Healthy/2. White Onion/1. Single/Onion09607.jpg,2,healthy white onion,healthy,white onion,single,c2ef9104baed7c06400285a1e327f190,c9c83636c1d90fce,576,768,486,1241
2. Unhealthy/1. Red Onion/1. Single/Onion13130.jpg,1,unhealthy red onion,unhealthy,red onion,single,0f48eff68797b1ac6f100afd3929b1b2,e6a4d9b8264f9626,1024,768,276,679
1. Healthy/2. White Onion/1. Single/Onion10556.jpg,2,healthy white onion,healthy,white onion,single,207da7d09cd1d9e3fece893a4bc1beb6,c9973e61c34e3833,576,768,492,1535
2. Unhealthy/2. White Onion/2. Multiple/Onion15732.jpg,3,unhealthy white onion,unhealthy,white onion,multiple,bd0675c38c0e2afd105ffbb0c03dbb5d,f191c6ac894b6a76,1024,768,937,2155
2. Unhealthy/2. White Onion/1. Single/Onion15129.jpg,3,unhealthy white onion,unhealthy,white onion,single,a0ba6e416dee6b63de5b4cb4a2e6fbf5,e4d0c8e6d26965e6,1024,768,807,2086
1. Healthy/1. Red Onion/2. Multiple/Onion07550.jpg,0,healthy red onion,healthy,red onion,multiple,8a316a9307d3a579c5925c96958e17e6,ad166e2c231f60e7,1024,768,273,619
1. Healthy/2. White Onion/1. Single/Onion09953.jpg,2,healthy white onion,healthy,white onion,single,f839200b365fbc3c40637a2ddb4fbe58,c79c38b1c7c63991,576,768,576,1176
2. Unhealthy/1. Red Onion/1. Single/Onion13212.jpg,1,unhealthy red onion,unhealthy,red onion,single,98070a72f637fbe481f419bffd54902f,f75888776699c628,1024,768,276,693
2. Unhealthy/2. White Onion/2. Multiple/Onion15338.jpg,3,unhealthy white onion,unhealthy,white onion,multiple,0335d47fe7db88b16b96b442ce870e1b,816bd1b22ec913f6,1024,768,945,2152
2. Unhealthy/2. White Onion/1. Single/Onion15114.jpg,3,unhealthy white onion,unhealthy,white onion,single,70c34874dc5eb2d8a6ef0ff7626ef55f,cbcf2c3ca270f066,1024,768,780,1869
2. Unhealthy/1. Red Onion/2. Multiple/Onion13844.jpg,1,unhealthy red onion,unhealthy,red onion,multiple,7115dcf019ebedb6d53c7fcf4c384f6a,a96b96946d43919b,1024,768,399,957
1. Healthy/2. White Onion/2. Multiple/Onion12107.jpg,2,healthy white onion,healthy,white onion,multiple,cd78d41da9ae72ed1b6829182533a9e9,cf9b3c66614c3c26,1024,768,757,1722
2. Unhealthy/2. White Onion/1. Single/Onion15042.jpg,3,unhealthy white onion,unhealthy,white onion,single,b46fac2862568aebeb0a94eaf904b2e4,c4f29f81031f4f0f,1024,768,781,1857
1. Healthy/2. White Onion/1. Single/Onion09058.jpg,2,healthy white onion,healthy,white onion,single,2ed1097300f6091fb5df50ef85c04423,926d6c936e4a6d92,1024,768,498,1263
2. Unhealthy/1. Red Onion/1. Single/Onion12649.jpg,1,unhealthy red onion,unhealthy,red onion,single,e469d5479f29028d7fb1b5f66c7c5c85,cd9533736464989b,1024,768,342,834
2. Unhealthy/2. White Onion/1. Single/Onion15131.jpg,3,unhealthy white onion,unhealthy,white onion,single,ed7be243c4907a738a102d321db55d6c,a8abc37cce996462,1024,768,818,1797
1. Healthy/1. Red Onion/2. Multiple/Onion07167.jpg,0,healthy red onion,healthy,red onion,multiple,48c91d5f23c9f17193b31fbb7b40232c,97c2e7b8cc097ca1,576,768,273,622
2. Unhealthy/2. White Onion/1. Single/Onion14898.jpg,3,unhealthy white onion,unhealthy,white onion,single,c0ad2c7879db950120df379edc43be62,cd3634d69be68509,1024,768,806,1888
2. Unhealthy/2. White Onion/2. Multiple/Onion16196.jpg,3,unhealthy white onion,unhealthy,white onion,multiple,e96274e094495823f6a0ab2fb9c2f0ba,f993d664814b7964,1024,768,937,2155
1. Healthy/2. White Onion/1. Single/Onion10675.jpg,2,healthy white onion,healthy,white onion,single,be612262e7b719fc0878139d5bad4992,a4ccca73728f9998,576,768,459,1170
2. Unhealthy/2. White Onion/2. Multiple/Onion15501.jpg,3,unhealthy white onion,unhealthy,white onion,multiple,8e1dbb279e30a9b1edd9c2669a031ed7,e556996cb028eb99,1024,768,943,2204
2. Unhealthy/2. White Onion/1. Single/Onion15031.jpg,3,unhealthy white onion,unhealthy,white onion,single,4557bb8d910408a6b42f4faaecbd1284,d8677398642c669b,1024,768,791,1815
2. Unhealthy/1. Red Onion/1. Single/Onion13047.jpg,1,unhealthy red onion,unhealthy,red onion,single,e92fb89f761a9434c98757390ba67501,dca96691836b8b95,1024,768,309,809
1. Healthy/2. White Onion/1. Single/Onion09960.jpg,2,healthy white onion,healthy,white onion,single,1c4226c74b00b3a874ebe317bed8e451,9ae0659a966d38e6,576,768,406,979
1. Healthy/2. White Onion/1. Single/Onion10038.jpg,2,healthy white onion,healthy,white onion,single,0fa364c868738e99765c0a8df7e31312,e8d46465950b678f,1024,768,459,1170
1. Healthy/2. White Onion/1. Single/Onion09739.jpg,2,healthy white onion,healthy,white onion,single,fa2373b83d2d4e1e0fefff927ca7b212,8c9973669cd9714c,1024,768,406,1018
2. Unhealthy/1. Red Onion/2. Multiple/Onion14249.jpg,1,unhealthy red onion,unhealthy,red onion,multiple,8280947970338ba2dd56ba0b101857a9,ae0b2926d6d9398d,576,768,389,946
1. Healthy/2. White Onion/2. Multiple/Onion12143.jpg,2,healthy white onion,healthy,white onion,multiple,734cd771cc4aab360e6bb86c62271300,8c1d5a92ed4e17d8,1024,768,757,1722
1. Healthy/2. White Onion/1. Single/Onion09155.jpg,2,healthy white onion,healthy,white onion,single,cfa0221e2e59e3df34cc683df7519599,83fe38c6c63d3cc0,576,768,523,1322
1. Healthy/1. Red Onion/1. Single/Onion05325.jpg,0,healthy red onion,healthy,red onion,single,8b1feefd0fd925fa33a066903ceddbc2,f6e4cb9238cce322,1024,768,20,41
2. Unhealthy/2. White Onion/2. Multiple/Onion16144.jpg,3,unhealthy white onion,unhealthy,white onion,multiple,fe417ce8cb8b6e93c89b8e0a520ee108,87ca31f8b16a4ed1,576,768,945,2146
2. Unhealthy/2. White Onion/2. Multiple/Onion16121.jpg,3,unhealthy white onion,unhealthy,white onion,multiple,1d1785d670101f21fc851a4173e91715,da9f95299a536a88,1024,768,945,2178
2. Unhealthy/2. White Onion/1. Single/Onion15212.jpg,3,unhealthy white onion,unhealthy,white onion,single,2283c02dca26892046d4a846c6c038ed,e6999962956d930e,1024,768,930,2134
2. Unhealthy/1. Red Onion/2. Multiple/Onion14077.jpg,1,unhealthy red onion,unhealthy,red onion,multiple,5ebd3a531069ece8327c89c35e8720c3,aab485c39fc339c4,1024,768,389,931
1. Healthy/2. White Onion/1. Single/Onion09117.jpg,2,healthy white onion,healthy,white onion,single,99ad194d1940aa17f9068817e5f03163,db2c64999c929b6c,1024,768,406,979
1. Healthy/1. Red Onion/1. Single/Onion06462.jpg,0,healthy red onion,healthy,red onion,single,458e6b253fdd6a1be13d007611c03ad5,d99067279f8cb419,1024,768,2,16
1. Healthy/1. Red Onion/2. Multiple/Onion07203.jpg,0,healthy red onion,healthy,red onion,multiple,6c9be004ec0520b5b8468f300f8b4f3a,8cc53321257bea67,576,768,273,624
2. Unhealthy/1. Red Onion/2. Multiple/Onion13450.jpg,1,unhealthy red onion,unhealthy,red onion,multiple,a7a6a5a7e0a2134c82e6408640057186,f08696d1ce5ccd31,1024,768,389,931
1. Healthy/2. White Onion/1. Single/Onion09990.jpg,2,healthy white onion,healthy,white onion,single,73b86426c4e0c91c493143d733949113,9be96499ca7049c7,576,768,506,1473
1. Healthy/2. White Onion/1. Single/Onion08359.jpg,2,healthy white onion,healthy,white onion,single,7210d3c896943feebe92c09419380c4c,8b9b3464cbd32ccc,576,768,406,979
2. Unhealthy/1. Red Onion/1. Single/Onion12636.jpg,1,unhealthy red onion,unhealthy,red onion,single,6853e0f2fc8b52b4c380c00769c8b730,a0bec16ddc90456f,1024,768,305,832
1. Healthy/1. Red Onion/1. Single/Onion05211.jpg,0,healthy red onion,healthy,red onion,single,e72ae3963e1ebc565cc563aae725757b,e58d9264d92356cb,1024,768,2,393
2. Unhealthy/1. Red Onion/2. Multiple/Onion13571.jpg,1,unhealthy red onion,unhealthy,red onion,multiple,59ef0203a9b4fb91d86d25c6fee3574f,e23987c396c4b339,1024,768,389,931
1. Healthy/1. Red Onion/1. Single/Onion06020.jpg,0,healthy red onion,healthy,red onion,single,a8484c04d39893aa5cbb3f92b5c57ff7,c2a75937b241cd1d,576,768,23,175
1. Healthy/1. Red Onion/1. Single/Onion05994.jpg,0,healthy red onion,healthy,red onion,single,9734c26438e346b36b6beb5bf2b187bd,bc1adb2c32330be9,576,768,56,147
1. Healthy/2. White Onion/1. Single/Onion10735.jpg,2,healthy white onion,healthy,white onion,single,8ed4a0483f49de2c1abc875a55dc2504,ba12e5e99896f419,1024,768,459,977
1. Healthy/1. Red Onion/1. Single/Onion06255.jpg,0,healthy red onion,healthy,red onion,single,8cdc46861c968ae24f42d72aa69d02e0,83038cea7313bfcc,1024,768,38,513
2. Unhealthy/1. Red Onion/1. Single/Onion12914.jpg,1,unhealthy red onion,unhealthy,red onion,single,48c1fae06e4d9caebebc1c628b3d5054,b331cdcf30983671,1024,768,301,726
1. Healthy/1. Red Onion/1. Single/Onion05046.jpg,0,healthy red onion,healthy,red onion,single,84a11d2969f8687538c6c625ae22db57,a3284e6813da7c77,576,768,4,9
1. Healthy/1. Red Onion/1. Single/Onion06656.jpg,0,healthy red onion,healthy,red onion,single,819a08f108c89162379ca7e2f950332e,9ccc2332ddcd207b,576,768,36,243
1. Healthy/2. White Onion/2. Multiple/Onion11884.jpg,2,healthy white onion,healthy,white onion,multiple,947deee20595a10a3e0bbf5883e79154,acc2da647c9e8e98,1024,768,756,1721
2. Unhealthy/2. White Onion/1. Single/Onion15091.jpg,3,unhealthy white onion,unhealthy,white onion,single,b1d656763d01d9c2dce97e3f01dbd652,cecc30309dcbe366,1024,768,791,1835
2. Unhealthy/2. White Onion/2. Multiple/Onion15300.jpg,3,unhealthy white onion,unhealthy,white onion,multiple,82c2d1219a1f466a808c4950d4f9ff05,994d62b79dc95229,1024,768,945,2154
1. Healthy/2. White Onion/1. Single/Onion10721.jpg,2,healthy white onion,healthy,white onion,single,37124befefde4bc77d7ab041b8e791b3,ccacdb624ccd3b22,576,768,401,1178
1. Healthy/2. White Onion/2. Multiple/Onion11916.jpg,2,healthy white onion,healthy,white onion,multiple,7363d6f2b7fce0df0b99709270e727ef,f904f61bc13d863c,1024,768,756,1720
2. Unhealthy/2. White Onion/1. Single/Onion14574.jpg,3,unhealthy white onion,unhealthy,white onion,single,c3c279a5aebb97266e003c9d404993e6,ec8c9091d96c3ed9,1024,768,832,1974
2. Unhealthy/1. Red Onion/1. Single/Onion12786.jpg,1,unhealthy red onion,unhealthy,red onion,single,48808901887dfad893ad84926041b659,8425c3cedc9936e6,1024,768,309,750
2. Unhealthy/1. Red Onion/2. Multiple/Onion13318.jpg,1,unhealthy red onion,unhealthy,red onion,multiple,c753d1b868d5ad1f3fc2e87bf56e2d46,fc91c64e8d603b2d,576,768,389,945
2. Unhealthy/1. Red Onion/2. Multiple/Onion13532.jpg,1,unhealthy red onion,unhealthy,red onion,multiple,65385c191fcabcc2eb100c6c4a7784f6,bf83d01edc2d47a0,1024,768,389,931
1. Healthy/1. Red Onion/1. Single/Onion06741.jpg,0,healthy red onion,healthy,red onion,single,46154f77c86fcae9a51bd4593f1b3526,ee479be09c813f90,1024,768,2,13
1. Healthy/2. White Onion/1. Single/Onion10027.jpg,2,healthy white onion,healthy,white onion,single,225948a786b93624c244a003d02526aa,95956e6e4a999961,576,768,441,1069
2. Unhealthy/2. White Onion/2. Multiple/Onion15652.jpg,3,unhealthy white onion,unhealthy,white onion,multiple,eb50aa10995eecdb471470e29dc274b3,febd9a42959d00a6,1024,768,950,2149
1. Healthy/2. White Onion/1. Single/Onion09687.jpg,2,healthy white onion,healthy,white onion,single,fc7b49725301d200c3e96d97ddb8e039,c79958c61538c6e7,576,768,401,1086
1. Healthy/2. White Onion/1. Single/Onion09653.jpg,2,healthy white onion,healthy,white onion,single,9204fad528d684f671b02174701d1b0a,c69a3bc5e49616e1,576,768,401,965
2. Unhealthy/2. White Onion/2. Multiple/Onion15316.jpg,3,unhealthy white onion,unhealthy,white onion,multiple,3232145f9607c7e0ecfb814db117a3e6,a72ad68774e9c518,1024,768,945,2152
1. Healthy/2. White Onion/1. Single/Onion09908.jpg,2,healthy white onion,healthy,white onion,single,811ff5c80d1df8a77987230640cc0aaa,a6c981923e6fcbc2,576,768,609,997
1. Healthy/2. White Onion/1. Single/Onion10809.jpg,2,healthy white onion,healthy,white onion,single,6d10b1260381e32c116bf94c872a0cc5,da8127654bd899b3,576,768,646,1562
2. Unhealthy/2. White Onion/2. Multiple/Onion16057.jpg,3,unhealthy white onion,unhealthy,white onion,multiple,82b70daf3cf408c9fb12d649df050ef3,c3163cc96e61e336,1024,768,950,2169
1. Healthy/2. White Onion/2. Multiple/Onion12189.jpg,2,healthy white onion,healthy,white onion,multiple,75c6a97780f26652ba734790f7c8d22a,d49632cf3943c339,1024,768,757,1722
1. Healthy/2. White Onion/1. Single/Onion08709.jpg,2,healthy white onion,healthy,white onion,single,9746983d67a28f32cf766a9df3fe9b9e,9ad86563ce4c999a,1024,768,403,968
1. Healthy/2. White Onion/1. Single/Onion09461.jpg,2,healthy white onion,healthy,white onion,single,9743d1b941aa02f26b3d5f97ba645a2a,ccb3728d883c6772,1024,768,406,1018
2. Unhealthy/2. White Onion/2. Multiple/Onion15734.jpg,3,unhealthy white onion,unhealthy,white onion,multiple,69c34be2151828f474788d93c208e20b,e9c18747b391d86a,1024,768,950,2153
1. Healthy/1. Red Onion/2. Multiple/Onion07145.jpg,0,healthy red onion,healthy,red onion,multiple,14851f7f22b93e7a80bad3e130188a17,e54f9630496636cd,1024,768,273,619
1. Healthy/1. Red Onion/2. Multiple/Onion07924.jpg,0,healthy red onion,healthy,red onion,multiple,21fbcfb52a3ad2702eecc1009ba8737b,b7089043ceb4ed7a,1024,768,273,625
1. Healthy/1. Red Onion/1. Single/Onion04098.jpg,0,healthy red onion,healthy,red onion,single,f95c584171e7ac9c860e60412fa1ec29,e6a490999af6365a,1024,768,21,46
1. Healthy/2. White Onion/1. Single/Onion09644.jpg,2,healthy white onion,healthy,white onion,single,9c98fb6c8922d702e467e56881e0545f,ccbab3cda27021cd,1024,768,492,1250
1. Healthy/2. White Onion/1. Single/Onion08789.jpg,2,healthy white onion,healthy,white onion,single,eda808ac65e35113d08b05d5caee71cf,c8c4333fcdc0e4c7,576,768,506,1225
2. Unhealthy/1. Red Onion/2. Multiple/Onion14159.jpg,1,unhealthy red onion,unhealthy,red onion,multiple,f62a76cc601b36aab6f75bb377ab5909,e3ee9c91d893198a,1024,768,389,956
2. Unhealthy/1. Red Onion/2. Multiple/Onion13521.jpg,1,unhealthy red onion,unhealthy,red onion,multiple,2b5cdba73ccc36e8ececb939c317e2b4,a0ae8a8dae3333e3,1024,768,389,931
1. Healthy/1. Red Onion/1. Single/Onion05472.jpg,0,healthy red onion,healthy,red onion,single,44bd4b55a6624e7a11cb798e475804b6,a1d99e67619e2668,576,768,15,296
1. Healthy/2. White Onion/1. Single/Onion08895.jpg,2,healthy white onion,healthy,white onion,single,fa760ee7096d689b66ac302e657a7cc2,cd8d3032c7db8ccc,1024,768,406,979
1. Healthy/1. Red Onion/2. Multiple/Onion07255.jpg,0,healthy red onion,healthy,red onion,multiple,ccb6a1bca3f6e103dd22dc94345cbb21,87c39dc2e1cc1e36,1024,768,273,625
2. Unhealthy/2. White Onion/1. Single/Onion15075.jpg,3,unhealthy white onion,unhealthy,white onion,single,a5f9f9183adf2bdb0c7c75f3fbe6065a,f62667889a26cd99,1024,768,915,2113
2. Unhealthy/2. White Onion/1. Single/Onion14960.jpg,3,unhealthy white onion,unhealthy,white onion,single,2d04a0d5bf072d26ef3e4a0d4751d30f,a7899abb89692d26,1024,768,904,2090
2. Unhealthy/1. Red Onion/2. Multiple/Onion13520.jpg,1,unhealthy red onion,unhealthy,red onion,multiple,112afefdebe7e4f8182d69dac291248e,f1e117928fca0dc3,1024,768,389,934
2. Unhealthy/2. White Onion/2. Multiple/Onion15752.jpg,3,unhealthy white onion,unhealthy,white onion,multiple,bcf2e008223d9900be5aac66f734ef3d,d8d242353d6ece98,1024,768,937,2155
1. Healthy/2. White Onion/1. Single/Onion09900.jpg,2,healthy white onion,healthy,white onion,single,1a3a38f628f9e9dc6696e42fc9645716,e5943431cf8d2a7a,576,768,587,1462
1. Healthy/1. Red Onion/1. Single/Onion06377.jpg,0,healthy red onion,healthy,red onion,single,604647b9d03a6b455576f1cd31313781,9a896472dbda3869,576,768,2,254
1. Healthy/1. Red Onion/1. Single/Onion06126.jpg,0,healthy red onion,healthy,red onion,single,67598f60ab1b36c390a005c19c2f85b6,c995974a564b4a5b,1024,768,2,502
1. Healthy/1. Red Onion/1. Single/Onion04577.jpg,0,healthy red onion,healthy,red onion,single,b8e312f552e24cf6c4720296045b93df,9bdc4c33c030efc3,1024,768,98,266
2. Unhealthy/1. Red Onion/1. Single/Onion12439.jpg,1,unhealthy red onion,unhealthy,red onion,single,9da851cbe73377202972a37584fb3bb3,e6e4999966678a86,1024,768,276,763
2. Unhealthy/2. White Onion/2. Multiple/Onion15862.jpg,3,unhealthy white onion,unhealthy,white onion,multiple,1d21feddb69521e21e253d3249680252,a05dde235be1651c,1024,768,945,2152
2. Unhealthy/2. White Onion/2. Multiple/Onion15935.jpg,3,unhealthy white onion,unhealthy,white onion,multiple,e5819b8da233e95c951b8a5fcc60434d,f0b6867c29a9c695,1024,768,937,2244
1. Healthy/2. White Onion/1. Single/Onion10893.jpg,2,healthy white onion,healthy,white onion,single,f0c2c0c5a88e97ca61bbc33508e845b2,dbd5e4308bc3a23c,576,768,705,1645
2. Unhealthy/2. White Onion/2. Multiple/Onion15725.jpg,3,unhealthy white onion,unhealthy,white onion,multiple,dd97103d7a4c997d388573369b6af3c1,cb81956d9d117b68,1024,768,945,2178
1. Healthy/1. Red Onion/1. Single/Onion06986.jpg,0,healthy red onion,healthy,red onion,single,19b9f52433fbae6c879d1326c2ae619f,e0d29ad2249f96b3,576,768,2,25
2. Unhealthy/2. White Onion/2. Multiple/Onion15379.jpg,3,unhealthy white onion,unhealthy,white onion,multiple,31706593db5fdf5b365c19b7c077a636,9dd3687935c66630,1024,768,939,2159
1. Healthy/1. Red Onion/1. Single/Onion04584.jpg,0,healthy red onion,healthy,red onion,single,25c48c1482368bc34a99ca31fb7b2fcd,f3d998062769ec64,576,768,2,25
2. Unhealthy/1. Red Onion/2. Multiple/Onion13618.jpg,1,unhealthy red onion,unhealthy,red onion,multiple,a555e4f836d1c00be93e5c3187fb39bc,c3963c38c9cb92e6,1024,768,389,935
2. Unhealthy/2. White Onion/2. Multiple/Onion16211.jpg,3,unhealthy white onion,unhealthy,white onion,multiple,b6da32283bb062d448243e4cdb184d1d,b3bcc8613cc3c9ac,1024,768,938,2157
1. Healthy/1. Red Onion/1. Single/Onion05114.jpg,0,healthy red onion,healthy,red onion,single,fd2417e66365fd176df5beea8b0726f9,e7189a2d39c66693,1024,768,2,25
2. Unhealthy/2. White Onion/2. Multiple/Onion15854.jpg,3,unhealthy white onion,unhealthy,white onion,multiple,1e7e7b6f65f89edb38c612eea6a16939,9f46c6735cc8d12c,1024,768,950,2214
1. Healthy/1. Red Onion/1. Single/Onion05648.jpg,0,healthy red onion,healthy,red onion,single,407078debf95b3566d441857830f3f2c,b0cecf3130cec933,1024,768,2,13
1. Healthy/1. Red Onion/2. Multiple/Onion07181.jpg,0,healthy red onion,healthy,red onion,multiple,87344a7fe43bf25e9008be2d24b888d5,b459cb4b4c67a1cc,1024,768,273,619
1. Healthy/2. White Onion/1. Single/Onion08557.jpg,2,healthy white onion,healthy,white onion,single,8ee95d319c1cb6f6f55c713f7ef6fc9e,f28aed8b926c271c,1024,768,404,1156
1. Healthy/1. Red Onion/2. Multiple/Onion07346.jpg,0,healthy red onion,healthy,red onion,multiple,bd50aec53f3332b088241d9c1eda44cd,a1a396c2e11cdce7,1024,768,273,624
1. Healthy/2. White Onion/2. Multiple/Onion11642.jpg,2,healthy white onion,healthy,white onion,multiple,733af9720099968de52967faf5513b15,8f87f1cb32c44273,576,768,771,1718
1. Healthy/2. White Onion/1. Single/Onion10270.jpg,2,healthy white onion,healthy,white onion,single,638de22394ebb0bb0ccbed20f5ea4a3c,9acc65519e4e6959,576,768,403,974
1. Healthy/1. Red Onion/1. Single/Onion06494.jpg,0,healthy red onion,healthy,red onion,single,c1df84e2268faa8a9f2049b4cd2604b8,b30bccf039a562b6,1024,768,2,25
1. Healthy/2. White Onion/2. Multiple/Onion11456.jpg,2,healthy white onion,healthy,white onion,multiple,b8c82aacb9f92cb4d4129f596f05e520,95e63a0ac63ec9e2,1024,768,756,1721
2. Unhealthy/2. White Onion/1. Single/Onion14864.jpg,3,unhealthy white onion,unhealthy,white onion,single,6010524407b28df4ff9ed86846970437,9fc0321bcc3339ce,576,768,936,1803
1. Healthy/1. Red Onion/1. Single/Onion05208.jpg,0,healthy red onion,healthy,red onion,single,7828c0168de42355fdb2bbf8f0a25873,8cbc32f20dcd3633,576,768,2,78
1. Healthy/2. White Onion/1. Single/Onion10340.jpg,2,healthy white onion,healthy,white onion,single,67b6997d26cdaecc5b239c08ef5397ce,ee49718cc63339cc,1024,768,609,1032
2. Unhealthy/1. Red Onion/1. Single/Onion12871.jpg,1,unhealthy red onion,unhealthy,red onion,single,1c6a91a9dbe86ba9ac028a1f750fc8c4,e5da926598b66598,576,768,358,877
1. Healthy/1. Red Onion/1. Single/Onion04042.jpg,0,healthy red onion,healthy,red onion,single,de1c11d14c9b9fcb8036759f884e5081,9f0ec031c3c61fc7,1024,768,0,1
1. Healthy/1. Red Onion/2. Multiple/Onion08103.jpg,0,healthy red onion,healthy,red onion,multiple,43c5919d4bc9406d3611085c902c4754,ecc356e4314f0eb1,576,768,273,624
2. Unhealthy/2. White Onion/2. Multiple/Onion15641.jpg,3,unhealthy white onion,unhealthy,white onion,multiple,00096a9572aac4c4f0f17995b58de999,920c79bf295a66d8,1024,768,945,2178
1. Healthy/2. White Onion/1. Single/Onion08494.jpg,2,healthy white onion,healthy,white onion,single,e677b743bcc51a1cded0884768518ddf,c5893a61cd9e36b1,576,768,401,1116
1. Healthy/1. Red Onion/1. Single/Onion04440.jpg,0,healthy red onion,healthy,red onion,single,4795ad553d876695a6d5908b49e2c896,ed619296499bb724,1024,768,20,42
1. Healthy/2. White Onion/1. Single/Onion10188.jpg,2,healthy white onion,healthy,white onion,single,23d1129544f1827d71bcccae319656c9,da09b1bf81787278,576,768,459,1106
2. Unhealthy/1. Red Onion/1. Single/Onion13001.jpg,1,unhealthy red onion,unhealthy,red onion,single,0196ec6b7e3dd79f0ad963dcbbf809aa,e47d9b7664097483,1024,768,370,898
2. Unhealthy/1. Red Onion/2. Multiple/Onion13818.jpg,1,unhealthy red onion,unhealthy,red onion,multiple,5d2e8b52508b09b90a9be1f5eade645e,8aa5d0c6c57966dc,576,768,395,933
1. Healthy/2. White Onion/1. Single/Onion09612.jpg,2,healthy white onion,healthy,white onion,single,8b26f2aad1423aa503f4baa55de44e78,c13ac7c936d9c607,576,768,510,1302
2. Unhealthy/1. Red Onion/2. Multiple/Onion13709.jpg,1,unhealthy red onion,unhealthy,red onion,multiple,002554a30281ae4fe9711e231e6df3e4,c08f6bf23bd49660,1024,768,389,930
2. Unhealthy/1. Red Onion/2. Multiple/Onion13780.jpg,1,unhealthy red onion,unhealthy,red onion,multiple,5b733a56b4b838162aa88fc988f661dd,b42ccbb31889d94f,1024,768,389,931
1. Healthy/1. Red Onion/1. Single/Onion04267.jpg,0,healthy red onion,healthy,red onion,single,05a7dd4861e2f4b8b3ea28a9e38e0dee,d421026d2db7d7c9,576,768,55,146
1. Healthy/2. White Onion/1. Single/Onion08190.jpg,2,healthy white onion,healthy,white onion,single,6dc9f25f19c98fc6d7879680615d00dc,a55ddc21d9c8cc66,1024,768,609,997
2. Unhealthy/1. Red Onion/2. Multiple/Onion13402.jpg,1,unhealthy red onion,unhealthy,red onion,multiple,ac2456afdc35c9edb2ab5be9c4027f9b,a4f0370f1f0dc8e5,1024,768,389,945
1. Healthy/1. Red Onion/2. Multiple/Onion07712.jpg,0,healthy red onion,healthy,red onion,multiple,dcb51409ab9d659b3afb57b74fde3be9,e466c53996ce2933,1024,768,273,619
2. Unhealthy/2. White Onion/1. Single/Onion14585.jpg,3,unhealthy white onion,unhealthy,white onion,single,5a683383ad80dfdcce568b03c4bee847,87867e269352cba9,576,768,822,1929
1. Healthy/1. Red Onion/1. Single/Onion04946.jpg,0,healthy red onion,healthy,red onion,single,4a25cd9e6c13d14e72351317db7e4f0a,e7919a731116565b,1024,768,2,82
1. Healthy/2. White Onion/1. Single/Onion08480.jpg,2,healthy white onion,healthy,white onion,single,81ec9f320e8e90afbb822d4ed6c265c6,9bce64689bc36c2c,576,768,492,1002
1. Healthy/2. White Onion/1. Single/Onion10142.jpg,2,healthy white onion,healthy,white onion,single,ee336362bda22242dd7b5252f18e0ff9,c43b3bc03fc0d8c7,576,768,608,1495
2. Unhealthy/2. White Onion/2. Multiple/Onion16195.jpg,3,unhealthy white onion,unhealthy,white onion,multiple,5227a916a7d659b755bc9823fc8d39d1,b5ddcb12d4d4c161,1024,768,948,2193
2. Unhealthy/2. White Onion/1. Single/Onion14802.jpg,3,unhealthy white onion,unhealthy,white onion,single,832cce7eedfd81142a410d2603ce0043,93d9646d6b896496,1024,768,791,1807
2. Unhealthy/1. Red Onion/1. Single/Onion12350.jpg,1,unhealthy red onion,unhealthy,red onion,single,1ff42e606b11b437e5737c9c21648b33,e643998c663363dc,1024,768,305,700
2. Unhealthy/2. White Onion/2. Multiple/Onion16101.jpg,3,unhealthy white onion,unhealthy,white onion,multiple,9f209a5ed495e2250852047dd1c1fa91,94904b246b6d6dde,1024,768,940,2194
1. Healthy/2. White Onion/1. Single/Onion09571.jpg,2,healthy white onion,healthy,white onion,single,bf83ae0819927fe35f2067089c923da8,8fede2133fc11838,1024,768,492,1085
1. Healthy/1. Red Onion/1. Single/Onion05584.jpg,0,healthy red onion,healthy,red onion,single,f48d503cb73319fa2dc2b82c6f9d09a8,b784d933a2859b9c,1024,768,10,246
1. Healthy/1. Red Onion/1. Single/Onion05039.jpg,0,healthy red onion,healthy,red onion,single,15da698f745356a00f6842309bb697da,b87bc7ce3831c0c6,1024,768,82,219
2. Unhealthy/2. White Onion/2. Multiple/Onion15954.jpg,3,unhealthy white onion,unhealthy,white onion,multiple,752777d2f7910185a67da62fe2b526f7,eda12141d646edad,1024,768,945,2245
1. Healthy/1. Red Onion/1. Single/Onion04562.jpg,0,healthy red onion,healthy,red onion,single,ee2ff91da66dd67d8632e08ec6eac491,e49f9a6465d9c426,1024,768,20,42
2. Unhealthy/1. Red Onion/1. Single/Onion12376.jpg,1,unhealthy red onion,unhealthy,red onion,single,98c28bb7b701d029b34ec1588218af09,e6c9996661f93286,1024,768,305,658
1. Healthy/1. Red Onion/1. Single/Onion06891.jpg,0,healthy red onion,healthy,red onion,single,cb1c6c8d95bad5cc084cde97279cf955,bed4c06b0787b998,1024,768,2,390
2. Unhealthy/1. Red Onion/2. Multiple/Onion14095.jpg,1,unhealthy red onion,unhealthy,red onion,multiple,b0c83f0010a74c6fbb08752f24f831f6,c59c7ef2385d8462,1024,768,389,930
2. Unhealthy/1. Red Onion/2. Multiple/Onion13510.jpg,1,unhealthy red onion,unhealthy,red onion,multiple,fc7f314e95cc7c12c2b3ca9db02f2554,f03887279d874b53,576,768,389,931
1. Healthy/1. Red Onion/2. Multiple/Onion07146.jpg,0,healthy red onion,healthy,red onion,multiple,4485ba14930413f014cb4a95a0debf6f,e5b6c2c93e0c61f2,1024,768,273,619
2. Unhealthy/2. White Onion/1. Single/Onion14770.jpg,3,unhealthy white onion,unhealthy,white onion,single,ba5a87aa7cdcf618301838057a7abc34,9a55e58554dc439b,1024,768,880,2047
1. Healthy/2. White Onion/1. Single/Onion08875.jpg,2,healthy white onion,healthy,white onion,single,a6ab11cb475e62fd509e9ff2652a3549,8c2c3363cd9bccac,1024,768,487,1242
1. Healthy/1. Red Onion/1. Single/Onion04756.jpg,0,healthy red onion,healthy,red onion,single,93555cd6ec0cef96fa91e6b826c134c4,cfa1748fd08c338e,1024,768,80,304
2. Unhealthy/2. White Onion/1. Single/Onion15056.jpg,3,unhealthy white onion,unhealthy,white onion,single,2e85dab10a27fc25cc60de4e8c813b71,d9506762a89ddcb2,576,768,883,2108
1. Healthy/1. Red Onion/1. Single/Onion06437.jpg,0,healthy red onion,healthy,red onion,single,2a78c0a3346043382567cfcc392e73ba,cdf430cfcb3034c3,576,768,2,446
1. Healthy/1. Red Onion/2. Multiple/Onion07210.jpg,0,healthy red onion,healthy,red onion,multiple,c2ecff3fc876300fd217106a6a221444,e4c39938f6c7c918,1024,768,273,619
1. Healthy/1. Red Onion/1. Single/Onion04045.jpg,0,healthy red onion,healthy,red onion,single,2189e941a57210c75cab1b5a382ea8b8,8a9cf1616a8a9eb9,576,768,23,4
1. Healthy/2. White Onion/1. Single/Onion10075.jpg,2,healthy white onion,healthy,white onion,single,3c8b12e30940bb17ff2e3c6f579af35e,9bf0cd3c94b0b391,1024,768,434,1025
2. Unhealthy/1. Red Onion/2. Multiple/Onion13405.jpg,1,unhealthy red onion,unhealthy,red onion,multiple,7d05f7f280ce4855c56922b1fbb7d7ea,bd6dd1f19c978280,1024,768,396,950
1. Healthy/2. White Onion/1. Single/Onion10338.jpg,2,healthy white onion,healthy,white onion,single,adb84f7c497a3a4141ff701bd81d1af2,e6b6996809cc6772,1024,768,551,1370
1. Healthy/2. White Onion/1. Single/Onion10734.jpg,2,healthy white onion,healthy,white onion,single,9ada918049be5f54cbf1e052ff72ed13,b626c6cd383899d9,576,768,576,1249
1. Healthy/2. White Onion/2. Multiple/Onion12039.jpg,2,healthy white onion,healthy,white onion,multiple,aa1d4a04830744e981da25a0b3c69895,cb47287a8d2476ce,1024,768,757,1733
1. Healthy/1. Red Onion/2. Multiple/Onion07392.jpg,0,healthy red onion,healthy,red onion,multiple,ecba8d9097ef5d67a879e70ab4e17086,94b2cac738330d7b,1024,768,273,625
1. Healthy/1. Red Onion/1. Single/Onion05649.jpg,0,healthy red onion,healthy,red onion,single,384f69ecc3ee4682416642e6eac024a3,f56b80917e3885ce,1024,768,20,139
1. Healthy/2. White Onion/1. Single/Onion09435.jpg,2,healthy white onion,healthy,white onion,single,ff8f1075464cc9f1ceeafa179362e859,a615192566dad9e9,1024,768,557,1386
2. Unhealthy/2. White Onion/2. Multiple/Onion15936.jpg,3,unhealthy white onion,unhealthy,white onion,multiple,29863524be4811be43104f59ddbb7653,bfc3d09c2525d970,576,768,941,2165
1. Healthy/1. Red Onion/1. Single/Onion06183.jpg,0,healthy red onion,healthy,red onion,single,02909d6a210a432ba31ab07b3fd83392,b18acd334c957b94,1024,768,56,132
2. Unhealthy/2. White Onion/1. Single/Onion14863.jpg,3,unhealthy white onion,unhealthy,white onion,single,41d8f6e1841114a6b1d0d64ce6b61bd3,b8cdc76e38388cc6,1024,768,889,2064
1. Healthy/1. Red Onion/1. Single/Onion06857.jpg,0,healthy red onion,healthy,red onion,single,306fc5ab67992a05a4e3859a653914b8,e693986667d92c26,576,768,92,588
2. Unhealthy/2. White Onion/2. Multiple/Onion15490.jpg,3,unhealthy white onion,unhealthy,white onion,multiple,7a22605852709402e53d7c2894c3d14d,f28a9e9569d33226,1024,768,945,2177
1. Healthy/1. Red Onion/1. Single/Onion04984.jpg,0,healthy red onion,healthy,red onion,single,edd00565e362c5bb70346b29c1895ea4,f43b89cc2c7133cc,1024,768,2,3
1. Healthy/2. White Onion/2. Multiple/Onion11802.jpg,2,healthy white onion,healthy,white onion,multiple,6d2bef45899d0c1e8edb5fed8311253a,81b53f787a0e64e2,576,768,771,1718
2. Unhealthy/1. Red Onion/2. Multiple/Onion14124.jpg,1,unhealthy red onion,unhealthy,red onion,multiple,a598051a9e4ff5b8f82e9790ccb65696,eb95944e9948ce5a,1024,768,389,931
1. Healthy/2. White Onion/1. Single/Onion10331.jpg,2,healthy white onion,healthy,white onion,single,10df58472ee236cd84155597a6e4631b,c7b831cdcd32c9c1,576,768,406,979
1. Healthy/2. White Onion/1. Single/Onion08393.jpg,2,healthy white onion,healthy,white onion,single,4b271efb247983e1562f0ea9fa2459ae,c786183967c69d39,576,768,401,965
2. Unhealthy/2. White Onion/1. Single/Onion15238.jpg,3,unhealthy white onion,unhealthy,white onion,single,8fb44621e64dede79f5806b147d7e808,d89263cec6b39926,1024,768,790,1836
1. Healthy/1. Red Onion/1. Single/Onion06488.jpg,0,healthy red onion,healthy,red onion,single,acf3acdfba339167270af7b9150cd0fa,a4c0fe7834cbc6d2,576,768,23,490
2. Unhealthy/2. White Onion/2. Multiple/Onion15620.jpg,3,unhealthy white onion,unhealthy,white onion,multiple,8d5ee56b3c303adbea93043b850ec7d4,fb99261b33e40c4b,1024,768,937,2155
1. Healthy/1. Red Onion/1. Single/Onion04712.jpg,0,healthy red onion,healthy,red onion,single,7e45061b64b8e55962d897704411f13a,f496a166485d764d,1024,768,23,51
2. Unhealthy/2. White Onion/2. Multiple/Onion16049.jpg,3,unhealthy white onion,unhealthy,white onion,multiple,426768fc44473b24437af89e9a2e2e3f,c59c1e4b6cc4316f,1024,768,937,2148
2. Unhealthy/1. Red Onion/1. Single/Onion12713.jpg,1,unhealthy red onion,unhealthy,red onion,single,9805a945a3b53e11cf8030963b3cb7cf,b8c3c7383f390cc6,1024,768,305,768
1. Healthy/2. White Onion/2. Multiple/Onion12247.jpg,2,healthy white onion,healthy,white onion,multiple,b5030ba7c495812fc6200a69cb49d463,c73e786163a590da,1024,768,759,1738
1. Healthy/2. White Onion/1. Single/Onion09365.jpg,2,healthy white onion,healthy,white onion,single,a7451b9c3a2e7a071db693cbd39bf24e,e5903f31c0c92f6e,576,768,434,1007
2. Unhealthy/2. White Onion/2. Multiple/Onion16083.jpg,3,unhealthy white onion,unhealthy,white onion,multiple,23684dddbf7b9517f2c8b2022e5ca4e1,f59a9039c92753ca,1024,768,945,2177
2. Unhealthy/2. White Onion/1. Single/Onion15265.jpg,3,unhealthy white onion,unhealthy,white onion,single,1869d376b2abb2e15a324e241d14e0b8,9cea6a9c950e9a33,576,768,885,2059
1. Healthy/2. White Onion/1. Single/Onion10293.jpg,2,healthy white onion,healthy,white onion,single,1df3331ec676d94676aeb3de07857a92,99d9e636b8899989,1024,768,434,1134
1. Healthy/1. Red Onion/1. Single/Onion05255.jpg,0,healthy red onion,healthy,red onion,single,c455a3284571d793ad5e6cfd5109c9ea,b1ee85e807bc38e8,1024,768,131,271
2. Unhealthy/1. Red Onion/1. Single/Onion12359.jpg,1,unhealthy red onion,unhealthy,red onion,single,9bca3daaf6667960a7a0a43aabfc3d64,a4d916a6b999c656,1024,768,309,716
1. Healthy/2. White Onion/1. Single/Onion08429.jpg,2,healthy white onion,healthy,white onion,single,d9f7079e0a09c230f21c039edf086154,e19d5eb1631c3cc2,576,768,576,1115
1. Healthy/1. Red Onion/1. Single/Onion04504.jpg,0,healthy red onion,healthy,red onion,single,afab39375eb0689aad583cced06acd50,b3c0cdcd3230cf99,576,768,2,240
2. Unhealthy/1. Red Onion/1. Single/Onion12822.jpg,1,unhealthy red onion,unhealthy,red onion,single,8516d23af95ec28c87f2988c139d9f49,e6ac59b6a4ceb430,1024,768,305,856
1. Healthy/2. White Onion/1. Single/Onion08347.jpg,2,healthy white onion,healthy,white onion,single,3e554c99a700e584948f168746835b58,9a35e395da01bb64,1024,768,492,1077
2. Unhealthy/1. Red Onion/2. Multiple/Onion13434.jpg,1,unhealthy red onion,unhealthy,red onion,multiple,c203cef7c9ec3e692cfc82d1d43db983,b2e71ef8e818198d,1024,768,389,945
1. Healthy/2. White Onion/1. Single/Onion09472.jpg,2,healthy white onion,healthy,white onion,single,cc3a243468b028db3f1b1768f1928615,e4595b694e6b2b24,1024,768,609,1366
1. Healthy/2. White Onion/1. Single/Onion09458.jpg,2,healthy white onion,healthy,white onion,single,d7ae4576f9383fe5467c423675944d36,9669699395665669,1024,768,403,1131
2. Unhealthy/1. Red Onion/1. Single/Onion12387.jpg,1,unhealthy red onion,unhealthy,red onion,single,50322cfd07c99f929b589235eb3101ed,e48c9b3366ccca33,1024,768,305,735
1. Healthy/2. White Onion/1. Single/Onion09345.jpg,2,healthy white onion,healthy,white onion,single,2e23250fe6f63cf12d38cb7ee55da2a0,9ace646593934ccd,576,768,406,979
1. Healthy/1. Red Onion/2. Multiple/Onion07697.jpg,0,healthy red onion,healthy,red onion,multiple,f9d6c13bdc16957b72334effed3f7462,a68cda53a7539869,1024,768,272,620
2. Unhealthy/1. Red Onion/1. Single/Onion12918.jpg,1,unhealthy red onion,unhealthy,red onion,single,7f8b5005ca034ff7445a39b7f7de9b11,f3a78c9c622731cc,1024,768,309,850
1. Healthy/1. Red Onion/1. Single/Onion04336.jpg,0,healthy red onion,healthy,red onion,single,a0ce8d92d95486d051a368a935480b4a,86f49b4fc79804c7,576,768,23,175
1. Healthy/2. White Onion/1. Single/Onion10990.jpg,2,healthy white onion,healthy,white onion,single,89f2a7a75af57d3288bdbb493fa4ed7b,8dc023eb9ce4d935,576,768,701,1581
2. Unhealthy/1. Red Onion/2. Multiple/Onion13466.jpg,1,unhealthy red onion,unhealthy,red onion,multiple,6710367ad7a391fdfbaf95d897ac4bdd,ece4c69c8ee2b226,1024,768,389,931
2. Unhealthy/2. White Onion/2. Multiple/Onion15361.jpg,3,unhealthy white onion,unhealthy,white onion,multiple,f666aa822e9bb2daeaf3f38e2aa9b8f7,fa69adb0320787cc,1024,768,941,2165
2. Unhealthy/1. Red Onion/1. Single/Onion12326.jpg,1,unhealthy red onion,unhealthy,red onion,single,27af93de3ad2db5540bf588897b2b586,b3c6cc3230c3f3cc,1024,768,276,693
1. Healthy/1. Red Onion/1. Single/Onion06341.jpg,0,healthy red onion,healthy,red onion,single,f2916fbd473e295a304877ea95ed8011,d9c9e626668c8b39,1024,768,10,22
2. Unhealthy/1. Red Onion/1. Single/Onion12877.jpg,1,unhealthy red onion,unhealthy,red onion,single,559fc511349ee56efc8da8ecc1df4595,b339cec630986373,1024,768,367,879
2. Unhealthy/1. Red Onion/1. Single/Onion12878.jpg,1,unhealthy red onion,unhealthy,red onion,single,7d5431a666710d3c544a6d70a7c62def,a39d0f67d0dc4471,1024,768,309,725
1. Healthy/1. Red Onion/1. Single/Onion04986.jpg,0,healthy red onion,healthy,red onion,single,649e58222a8f1bc02d9e332cf839741c,a6c3998e259a754b,1024,768,131,64
1. Healthy/2. White Onion/2. Multiple/Onion11477.jpg,2,healthy white onion,healthy,white onion,multiple,f90bc0ba8262d8932e78be8f68c1da47,940ec33f6483dfe0,1024,768,756,1719
1. Healthy/2. White Onion/1. Single/Onion09118.jpg,2,healthy white onion,healthy,white onion,single,51ef7616d727dabb40471e2d9da95ad3,a5986aa5ca563567,576,768,425,1057
2. Unhealthy/2. White Onion/1. Single/Onion14377.jpg,3,unhealthy white onion,unhealthy,white onion,single,c88a33a233b58a5cbeb284c2531ba8e8,b3cfcc307c7093c4,1024,768,821,1856
2. Unhealthy/2. White Onion/2. Multiple/Onion16096.jpg,3,unhealthy white onion,unhealthy,white onion,multiple,b64eefad400dbcf003ccab08dbf39f88,83e82e878778c967,576,768,941,2200
2. Unhealthy/2. White Onion/2. Multiple/Onion15349.jpg,3,unhealthy white onion,unhealthy,white onion,multiple,07f0f71dd4970c353b379e040428b803,9b6784c7e3338c58,1024,768,940,2160
2. Unhealthy/1. Red Onion/1. Single/Onion12372.jpg,1,unhealthy red onion,unhealthy,red onion,single,4cda8fdd99e04a23a151863838d48c01,ed939264d9346693,1024,768,282,670
1. Healthy/2. White Onion/2. Multiple/Onion11967.jpg,2,healthy white onion,healthy,white onion,multiple,766b9e141277b0fae35dca52f253cb41,d53968734ac6a62d,1024,768,759,1738
1. Healthy/2. White Onion/2. Multiple/Onion11358.jpg,2,healthy white onion,healthy,white onion,multiple,8e305ddbe24c3ef44ec6ad9d5118f4c5,c30e2ccab6e1933b,1024,768,766,1762
1. Healthy/1. Red Onion/1. Single/Onion04795.jpg,0,healthy red onion,healthy,red onion,single,d9cfcf16e518c479b4f5be4b8ca5f1f7,bbc5c43836c3c9b8,576,768,2,313
2. Unhealthy/2. White Onion/2. Multiple/Onion15689.jpg,3,unhealthy white onion,unhealthy,white onion,multiple,419f923e6b2249b20d2c8439f9158ed8,9474697a627986cd,1024,768,937,2148
2. Unhealthy/1. Red Onion/1. Single/Onion13122.jpg,1,unhealthy red onion,unhealthy,red onion,single,3ec54abb6ffb71335b5933882a2766c6,f7a4d99a24996326,1024,768,305,711
2. Unhealthy/2. White Onion/1. Single/Onion14760.jpg,3,unhealthy white onion,unhealthy,white onion,single,e6eb31300cf3a677f43925f39fca8c64,9ac9356e66268b93,1024,768,851,1991
1. Healthy/2. White Onion/1. Single/Onion08267.jpg,2,healthy white onion,healthy,white onion,single,4fa15d629731b6b6c8f903b413b3de08,b710302667c8e7db,576,768,418,1040
2. Unhealthy/1. Red Onion/2. Multiple/Onion13330.jpg,1,unhealthy red onion,unhealthy,red onion,multiple,a6ee8ebbdad65c67cfb223d3adc044bf,e1f0969ccbc2c5cc,1024,768,389,931
1. Healthy/1. Red Onion/2. Multiple/Onion07568.jpg,0,healthy red onion,healthy,red onion,multiple,87af5e0ded881afef573fa3f2e4e03bf,db69e43699218e53,1024,768,273,625
1. Healthy/2. White Onion/1. Single/Onion08339.jpg,2,healthy white onion,healthy,white onion,single,5d1a07d9e13b47b7e3cfc13f03d2e36d,994a6637999c6633,1024,768,609,1032
1. Healthy/1. Red Onion/1. Single/Onion06193.jpg,0,healthy red onion,healthy,red onion,single,a8968578e2c38b91554a0b3a179d32d3,b12ac6a16ad5e8cd,1024,768,2,161
2. Unhealthy/2. White Onion/1. Single/Onion15233.jpg,3,unhealthy white onion,unhealthy,white onion,single,a18a20b40d0658eb438b745ee1221b9a,94cd7272a9d9cc38,1024,768,815,1931
1. Healthy/1. Red Onion/1. Single/Onion04839.jpg,0,healthy red onion,healthy,red onion,single,3c4ba4dc3db563933eb333f5155a236f,c966b6919936b319,1024,768,212,72
1. Healthy/2. White Onion/1. Single/Onion09361.jpg,2,healthy white onion,healthy,white onion,single,de80e4bdffc3502b1b52561af1d185c4,9cdb69848699d963,1024,768,434,1335
1. Healthy/1. Red Onion/2. Multiple/Onion07332.jpg,0,healthy red onion,healthy,red onion,multiple,659010c1d2683c5c2bf7dbb567879945,e9a7d0963bd93061,1024,768,273,619
2. Unhealthy/2. White Onion/2. Multiple/Onion16038.jpg,3,unhealthy white onion,unhealthy,white onion,multiple,50c043dae823694e19f8fb98adc1ff4b,bae4b1c3cc9e4654,576,768,950,2209
2. Unhealthy/2. White Onion/1. Single/Onion14413.jpg,3,unhealthy white onion,unhealthy,white onion,single,7cc807fed6bba32de7d52de44c5c0dac,893036cfb1cc1f17,1024,768,883,1823
1. Healthy/2. White Onion/1. Single/Onion08341.jpg,2,healthy white onion,healthy,white onion,single,4925fa0ae9b4d59842e8e9176065f496,cb393ce262ce64cc,1024,768,403,968
2. Unhealthy/1. Red Onion/1. Single/Onion13044.jpg,1,unhealthy red onion,unhealthy,red onion,single,1d21fd345338215028c88182654a2ca9,edfe92e06d809f80,1024,768,289,690
1. Healthy/2. White Onion/1. Single/Onion09636.jpg,2,healthy white onion,healthy,white onion,single,e71db2c1401bdfb3ba916a936b568df6,97d4782985dc8e78,576,768,434,1419
2. Unhealthy/2. White Onion/2. Multiple/Onion16064.jpg,3,unhealthy white onion,unhealthy,white onion,multiple,7618b5ab92a647111d5e6894fcbfd0e4,9c44633b94ac5f6a,1024,768,945,2178
1. Healthy/2. White Onion/1. Single/Onion08724.jpg,2,healthy white onion,healthy,white onion,single,693c749401dcb1ae108a1363f1fc01bd,9b92646c9b92639b,1024,768,403,1120
2. Unhealthy/1. Red Onion/2. Multiple/Onion13395.jpg,1,unhealthy red onion,unhealthy,red onion,multiple,ea02d9ea675dd3b49acd9e929664bf93,a2ce4963e23c9cb3,1024,768,389,931
2. Unhealthy/2. White Onion/1. Single/Onion15148.jpg,3,unhealthy white onion,unhealthy,white onion,single,4652165563f40a315a65e11d15a78c07,d9246798dc792ab2,1024,768,821,1809
1. Healthy/2. White Onion/1. Single/Onion09024.jpg,2,healthy white onion,healthy,white onion,single,badb4363edf58b09d4f2164a61ca177d,e56693d964519693,1024,768,576,1290
1. Healthy/2. White Onion/1. Single/Onion10902.jpg,2,healthy white onion,healthy,white onion,single,b0179453ef787bf688cefdf74446b592,ccb733ce843099d3,576,768,459,1100
2. Unhealthy/1. Red Onion/2. Multiple/Onion14037.jpg,1,unhealthy red onion,unhealthy,red onion,multiple,f9730173ac766b98d33f702c393a80ce,a57992b4cdc318b6,1024,768,389,931
1. Healthy/2. White Onion/1. Single/Onion10911.jpg,2,healthy white onion,healthy,white onion,single,fd607a90685524db1c90a4e4684b42a9,dcaa23d8dcd96384,576,768,701,1603
2. Unhealthy/1. Red Onion/1. Single/Onion13021.jpg,1,unhealthy red onion,unhealthy,red onion,single,7bf098408e9352253e705397ae94566f,9cbcd1b304ccb333,1024,768,305,727
1. Healthy/2. White Onion/1. Single/Onion11004.jpg,2,healthy white onion,healthy,white onion,single,f564837686eeac0ee1ef1db2557d9010,cfbc30cfc36c0c32,576,768,647,1563
1. Healthy/1. Red Onion/1. Single/Onion06169.jpg,0,healthy red onion,healthy,red onion,single,0d1cb099b0b9441510018772bf0616d2,e7e39a8c642b9323,1024,768,20,92
1. Healthy/2. White Onion/1. Single/Onion10068.jpg,2,healthy white onion,healthy,white onion,single,3455e237af15f333d94a7a072ce4bc4b,cd4d383236c37336,576,768,599,1481
1. Healthy/2. White Onion/2. Multiple/Onion11532.jpg,2,healthy white onion,healthy,white onion,multiple,95b1efecc4faa343e960e82642182088,d9256372fc18187e,1024,768,763,1771
2. Unhealthy/2. White Onion/2. Multiple/Onion15830.jpg,3,unhealthy white onion,unhealthy,white onion,multiple,b8b46cdf6ac833b55c2b1a4ac47c2d19,d9192474389fc3e6,1024,768,950,2169
1. Healthy/2. White Onion/2. Multiple/Onion11869.jpg,2,healthy white onion,healthy,white onion,multiple,250ec736ca3ee68d563e243569afe6c2,d12cee963439664d,1024,768,763,1724
1. Healthy/1. Red Onion/1. Single/Onion04197.jpg,0,healthy red onion,healthy,red onion,single,6a17e1677aaad98eab77e4ddc3ddb117,ee7891ad6a92644b,1024,768,20,106
1. Healthy/2. White Onion/1. Single/Onion10166.jpg,2,healthy white onion,healthy,white onion,single,f84f2ab8082a8faf7f29465eeccd1e64,cc8c333365cf1636,1024,768,401,965
1. Healthy/2. White Onion/1. Single/Onion09631.jpg,2,healthy white onion,healthy,white onion,single,379203e450fc9df8ae5c3a70337f5a3a,bccd5330cec923cc,1024,768,401,965
1. Healthy/1. Red Onion/2. Multiple/Onion07094.jpg,0,healthy red onion,healthy,red onion,multiple,b7731d1eb9ad1ce6662152045e66c357,f84a87bd9d903a49,1024,768,273,619
1. Healthy/2. White Onion/2. Multiple/Onion11769.jpg,2,healthy white onion,healthy,white onion,multiple,4437780e4b833a212bae7d6f956099cb,821b3d604eabe9d5,1024,768,757,1730
1. Healthy/2. White Onion/1. Single/Onion08716.jpg,2,healthy white onion,healthy,white onion,single,21a8312ca9ea91cc0dfe9b2ec75bcd49,f69a4a31686f2e2c,576,768,425,1206
1. Healthy/2. White Onion/2. Multiple/Onion11354.jpg,2,healthy white onion,healthy,white onion,multiple,dbac8d5d53faa08480ea26b4cdde3c6c,c6632364132f6e9e,1024,768,757,1742
1. Healthy/2. White Onion/1. Single/Onion08906.jpg,2,healthy white onion,healthy,white onion,single,8145e067fd12f48673aa3d29899d9c61,d893678c9e699926,1024,768,403,991
1. Healthy/2. White Onion/1. Single/Onion08992.jpg,2,healthy white onion,healthy,white onion,single,286b83a18503714cf0c3fafba387914e,87ee3178c6c73138,1024,768,401,1036
1. Healthy/2. White Onion/1. Single/Onion09501.jpg,2,healthy white onion,healthy,white onion,single,fb08a95b8893fe1c5cbea80b1b4d1356,999b9a276461d9d8,1024,768,441,1315
2. Unhealthy/1. Red Onion/2. Multiple/Onion13690.jpg,1,unhealthy red onion,unhealthy,red onion,multiple,e1019a2635a3318dc9e4b3fc67e01b48,ab2f8733852d1e0e,1024,768,389,931
1. Healthy/1. Red Onion/1. Single/Onion04493.jpg,0,healthy red onion,healthy,red onion,single,9a1f2ba6f80e194381be05f8dea83595,e793896d54d24876,1024,768,23,51
1. Healthy/1. Red Onion/1. Single/Onion05565.jpg,0,healthy red onion,healthy,red onion,single,dcce8aa9f184471271460051c63cef3c,ed65b39398985951,1024,768,20,42
2. Unhealthy/1. Red Onion/2. Multiple/Onion13878.jpg,1,unhealthy red onion,unhealthy,red onion,multiple,8602765558befbc1e9c368bef84135ef,e1718d6a9295a7b4,1024,768,389,931
1. Healthy/1. Red Onion/2. Multiple/Onion07091.jpg,0,healthy red onion,healthy,red onion,multiple,c1ce75f2de860a29ea60ea68423c02c2,f19ec3a54e2c1ca3,1024,768,273,619
2. Unhealthy/2. White Onion/2. Multiple/Onion15739.jpg,3,unhealthy white onion,unhealthy,white onion,multiple,c8510d3a6620f611cac5a35e0b09a1e3,c0172db95ab106ef,576,768,939,2184
2. Unhealthy/2. White Onion/2. Multiple/Onion16040.jpg,3,unhealthy white onion,unhealthy,white onion,multiple,a46528b9876cc73a4fab1b0150628616,b193cccccb4a66b4,1024,768,937,2155
1. Healthy/1. Red Onion/2. Multiple/Onion07175.jpg,0,healthy red onion,healthy,red onion,multiple,290e6f107ca3bb37fa867053ab10341d,f8a7885bb27319c4,1024,768,272,628
1. Healthy/1. Red Onion/2. Multiple/Onion07178.jpg,0,healthy red onion,healthy,red onion,multiple,a98a243efe7c6bb829f40aa55a7eb76b,e0978569ce2c9e63,1024,768,273,619
1. Healthy/1. Red Onion/1. Single/Onion05554.jpg,0,healthy red onion,healthy,red onion,single,f1f0177b56967af7d42890e11e69b040,af8138f688decc46,1024,768,53,140
1. Healthy/1. Red Onion/2. Multiple/Onion07761.jpg,0,healthy red onion,healthy,red onion,multiple,11b8f36ae8913f3e035ad4fba37351e0,d8d1936e18d8f433,1024,768,273,624
1. Healthy/1. Red Onion/1. Single/Onion06853.jpg,0,healthy red onion,healthy,red onion,single,545eab9bd4f9727de293b8efba7e8485,993387d9266683e6,1024,768,197,514
1. Healthy/1. Red Onion/1. Single/Onion04233.jpg,0,healthy red onion,healthy,red onion,single,b077d65348806c14d4f12b7e56817f6b,e58bd3288d6dc923,1024,768,29,63
1. Healthy/2. White Onion/1. Single/Onion10717.jpg,2,healthy white onion,healthy,white onion,single,13f5ff910ebda1b1829b8f02d6bd379a,cc8f3230cbd3cccc,1024,768,420,1048
1. Healthy/1. Red Onion/1. Single/Onion05719.jpg,0,healthy red onion,healthy,red onion,single,8df608f9196b6889e15e2b327f02556a,b08b0e3f5a3f2334,1024,768,170,463
2. Unhealthy/2. White Onion/1. Single/Onion14740.jpg,3,unhealthy white onion,unhealthy,white onion,single,5e31e48019febf869ce6f5525dfaf073,b11a8fcc8f33730c,1024,768,872,2033
1. Healthy/1. Red Onion/1. Single/Onion04293.jpg,0,healthy red onion,healthy,red onion,single,6617db7ae7ac81e98d7fc99ddedeb5e9,85c28d31c7d17b5c,1024,768,151,5
1. Healthy/2. White Onion/1. Single/Onion08844.jpg,2,healthy white onion,healthy,white onion,single,896150de4fe88ed8bcdd03e76e5477bd,993366ccce33998c,1024,768,462,1184
2. Unhealthy/1. Red Onion/1. Single/Onion12870.jpg,1,unhealthy red onion,unhealthy,red onion,single,685d6fcfb70ffa22d96cc6dd5b4a32bd,cc2723c94c73b2ae,1024,768,305,856
1. Healthy/2. White Onion/1. Single/Onion08329.jpg,2,healthy white onion,healthy,white onion,single,8974eda50583127ed2cfb242a11efc2b,e39c98635e19c49b,1024,768,441,1070
1. Healthy/2. White Onion/1. Single/Onion10076.jpg,2,healthy white onion,healthy,white onion,single,01747f3adf2f3a26110d79f05c5389f3,9a64e59cf29b8866,1024,768,464,1189
1. Healthy/2. White Onion/1. Single/Onion09238.jpg,2,healthy white onion,healthy,white onion,single,9da73ce3256a0a68aed7e83974bea179,b1cece3838c9534e,1024,768,576,1038
2. Unhealthy/1. Red Onion/2. Multiple/Onion13456.jpg,1,unhealthy red onion,unhealthy,red onion,multiple,543442ac0af4a63fbead81e1d360d277,a935c06225cfcabe,1024,768,389,931
2. Unhealthy/2. White Onion/2. Multiple/Onion16187.jpg,3,unhealthy white onion,unhealthy,white onion,multiple,be02072cc92ca5a38525edc6c3ee616f,d0b60e8e674f29b1,1024,768,942,2145
1. Healthy/1. Red Onion/1. Single/Onion06119.jpg,0,healthy red onion,healthy,red onion,single,162b930062d62f14f33c34dd51391e87,af9e950a1c55587c,1024,768,131,272
1. Healthy/2. White Onion/2. Multiple/Onion12002.jpg,2,healthy white onion,healthy,white onion,multiple,48aa3367a4a51874bb79872abe623ffb,c6973c4979f63103,1024,768,757,1722
1. Healthy/1. Red Onion/1. Single/Onion04679.jpg,0,healthy red onion,healthy,red onion,single,61d8e2fc40a93ea8acda756cee83c91a,e99396666694459b,1024,768,2,39
1. Healthy/2. White Onion/2. Multiple/Onion11452.jpg,2,healthy white onion,healthy,white onion,multiple,0e6d87bce0584586b125767fec3dcc6f,97a498db233a6726,1024,768,757,1722
1. Healthy/1. Red Onion/1. Single/Onion05231.jpg,0,healthy red onion,healthy,red onion,single,bcacd8bc27406c256f8ba4fc8c789676,b3b6cccb74cc3124,1024,768,20,41
2. Unhealthy/1. Red Onion/2. Multiple/Onion13279.jpg,1,unhealthy red onion,unhealthy,red onion,multiple,50d2585b78dedd9c6c32eaba3caa214c,d6e47793998c250b,1024,768,389,935
1. Healthy/1. Red Onion/2. Multiple/Onion07274.jpg,0,healthy red onion,healthy,red onion,multiple,2a21a92cfe570473a9a2c7bc15d23eff,b400dbf8c3399cf2,1024,768,272,620
2. Unhealthy/2. White Onion/2. Multiple/Onion16026.jpg,3,unhealthy white onion,unhealthy,white onion,multiple,5a2c86965fa595b6f98feca861edbce7,d3dd38c36c148769,1024,768,937,2167
2. Unhealthy/2. White Onion/1. Single/Onion14888.jpg,3,unhealthy white onion,unhealthy,white onion,single,6c1cc85f3bc4223c69bd35187972e6be,e3a78e4c0e0c1d77,1024,768,903,2072
2. Unhealthy/1. Red Onion/2. Multiple/Onion13921.jpg,1,unhealthy red onion,unhealthy,red onion,multiple,f7f3a46caf505a4704ed0ad1dd421c33,e23887a39ea6b91c,1024,768,389,931
2. Unhealthy/2. White Onion/2. Multiple/Onion16186.jpg,3,unhealthy white onion,unhealthy,white onion,multiple,98ec3c7bd25b4e44481118a39b1ded82,f9d1c6421b37256c,1024,768,937,2155
1. Healthy/1. Red Onion/1. Single/Onion05003.jpg,0,healthy red onion,healthy,red onion,single,201670f3e7305268d2683dbdf3020102,a19d93331b1b1d99,1024,768,16,36
1. Healthy/2. White Onion/1. Single/Onion10723.jpg,2,healthy white onion,healthy,white onion,single,2ef61d1c008a9e8699b97050c106da4b,f195c45552ab653a,1024,768,404,975
1. Healthy/1. Red Onion/1. Single/Onion04642.jpg,0,healthy red onion,healthy,red onion,single,e0bab8b2dbdc29a7760a286f95cc89af,d9a6649b9b660cc9,1024,768,15,282
2. Unhealthy/2. White Onion/1. Single/Onion15037.jpg,3,unhealthy white onion,unhealthy,white onion,single,f049bf4aa8d1d6daca11c2d96ce408b3,b9778659538c9932,1024,768,818,1911
1. Healthy/2. White Onion/1. Single/Onion09729.jpg,2,healthy white onion,healthy,white onion,single,71947799d599a2a7692dcc442a58fb03,9d2c6430da31f9a7,1024,768,492,1298
2. Unhealthy/1. Red Onion/1. Single/Onion12495.jpg,1,unhealthy red onion,unhealthy,red onion,single,2ca7435de87eb1be2cc1d70e7802d646,ed899396664e4c69,1024,768,276,683
1. Healthy/1. Red Onion/2. Multiple/Onion07725.jpg,0,healthy red onion,healthy,red onion,multiple,03ea95fe84a73c4c2d98054d68070951,e61b93c5b41a6963,1024,768,273,630
2. Unhealthy/1. Red Onion/1. Single/Onion12925.jpg,1,unhealthy red onion,unhealthy,red onion,single,ecbbc518ac72ff8eea22bda4d9d4f1e5,bb44c4633f19f0c6,1024,768,354,871
2. Unhealthy/2. White Onion/1. Single/Onion15089.jpg,3,unhealthy white onion,unhealthy,white onion,single,0bf1fd354f426426914b184af4ee7890,ccd2b1accec96166,1024,768,807,1818
2. Unhealthy/2. White Onion/2. Multiple/Onion15334.jpg,3,unhealthy white onion,unhealthy,white onion,multiple,8f1d3d12528dcd4a5c6f6c36b8a943ef,b4c4c96c36f3398c,1024,768,941,2174
2. Unhealthy/1. Red Onion/1. Single/Onion12705.jpg,1,unhealthy red onion,unhealthy,red onion,single,dffba8fe3f09f8b30d87b74b02760a3c,c49b53a4dc93638d,1024,768,305,729
1. Healthy/1. Red Onion/1. Single/Onion04914.jpg,0,healthy red onion,healthy,red onion,single,faa24138ae8a0bdc72bbbae17c7da50e,cd92739cc328cc73,1024,768,23,339
2. Unhealthy/1. Red Onion/1. Single/Onion12739.jpg,1,unhealthy red onion,unhealthy,red onion,single,3d82b2c3e002825f53a365b13fe5b2ef,e7dc99d833610666,1024,768,325,702
2. Unhealthy/1. Red Onion/2. Multiple/Onion14192.jpg,1,unhealthy red onion,unhealthy,red onion,multiple,79bfaec15ff0408567182a4a4e75fe9a,bf2dc092c9c1178f,1024,768,389,931
2. Unhealthy/2. White Onion/2. Multiple/Onion16252.jpg,3,unhealthy white onion,unhealthy,white onion,multiple,251f12aedb64d1591003fa00f2b19565,940d7831bc39e39b,1024,768,940,2162
1. Healthy/1. Red Onion/1. Single/Onion04286.jpg,0,healthy red onion,healthy,red onion,single,0d9dc159752abcab5edd2f0c4df46493,f593a4639f646464,1024,768,23,154
1. Healthy/1. Red Onion/1. Single/Onion05118.jpg,0,healthy red onion,healthy,red onion,single,007a49f0f37ada366b3b10a83c1296c8,e9b6964942276c5e,1024,768,2,222
1. Healthy/1. Red Onion/1. Single/Onion05348.jpg,0,healthy red onion,healthy,red onion,single,2eedf18001683b3617303b8cc18caf7a,8987a78b8d456766,1024,768,2,417
1. Healthy/2. White Onion/1. Single/Onion09249.jpg,2,healthy white onion,healthy,white onion,single,cd5ab7c41503d9aa306f679f70ffbe66,e17e1ee0e01f311e,1024,768,539,1348
1. Healthy/2. White Onion/2. Multiple/Onion11573.jpg,2,healthy white onion,healthy,white onion,multiple,aaabecfc19a4c23fac5cb038cb74aa01,b636dacb1b98c90c,1024,768,756,1721
1. Healthy/1. Red Onion/1. Single/Onion05803.jpg,0,healthy red onion,healthy,red onion,single,811d8349fc2f57e338f8e915ea52adab,f2cc8933cccc8dcc,1024,768,20,42
2. Unhealthy/2. White Onion/1. Single/Onion14527.jpg,3,unhealthy white onion,unhealthy,white onion,single,76f0c57adf34e52716ab2e91822ccfd8,cf5638cbc42e3299,1024,768,784,1951
1. Healthy/1. Red Onion/2. Multiple/Onion07144.jpg,0,healthy red onion,healthy,red onion,multiple,fd0aff49f1a4ae3692e143b0e2ef72c0,bda198b1a4cc7ad8,1024,768,273,619
1. Healthy/1. Red Onion/1. Single/Onion04581.jpg,0,healthy red onion,healthy,red onion,single,35b746a8b89494422179681c30960932,d89c23299b27639b,1024,768,2,47
1. Healthy/2. White Onion/1. Single/Onion08897.jpg,2,healthy white onion,healthy,white onion,single,b66893f9ba4fef53ae09e2a8987b1501,cbfa34c1938ecd0c,1024,768,434,1253
1. Healthy/1. Red Onion/1. Single/Onion05119.jpg,0,healthy red onion,healthy,red onion,single,bf249859f5a69b6b02a619dda1b5bfde,c96d3792dc694946,1024,768,15,89
1. Healthy/2. White Onion/1. Single/Onion09614.jpg,2,healthy white onion,healthy,white onion,single,3551ac87819d1e9e82364a93cb868b67,cc8d3333cdc73c14,1024,768,406,1265
1. Healthy/2. White Onion/1. Single/Onion09123.jpg,2,healthy white onion,healthy,white onion,single,662dc9f03a22492620b4c75625eacd27,cfb030c6c63d9c71,576,768,406,979
1. Healthy/2. White Onion/1. Single/Onion09446.jpg,2,healthy white onion,healthy,white onion,single,2d40e0b7bd1f67e403901587cd8d96ae,9ddce640e351ba83,1024,768,459,1008
2. Unhealthy/1. Red Onion/2. Multiple/Onion13884.jpg,1,unhealthy red onion,unhealthy,red onion,multiple,55ac4fe094ebe498229a7c137e8b10ca,bcb48b5a89c36365,1024,768,389,931
1. Healthy/2. White Onion/1. Single/Onion08270.jpg,2,healthy white onion,healthy,white onion,single,65bfa5ebfe182a35da162d90be9ff6fd,aec73138cec531c6,1024,768,401,965
1. Healthy/1. Red Onion/1. Single/Onion06973.jpg,0,healthy red onion,healthy,red onion,single,cb4a074b47fbef192f68dd43fe2bba03,e6989b658a33d98c,1024,768,2,3
1. Healthy/2. White Onion/1. Single/Onion08999.jpg,2,healthy white onion,healthy,white onion,single,405fc87e0ddc8d397e541fcf747b0cab,b2cecd7939322632,576,768,502,1283
2. Unhealthy/2. White Onion/1. Single/Onion15002.jpg,3,unhealthy white onion,unhealthy,white onion,single,1e5d6a02d10abad15366397eadcca164,fcc0608e8e9db972,576,768,826,1954
1. Healthy/1. Red Onion/1. Single/Onion04571.jpg,0,healthy red onion,healthy,red onion,single,b7072551ae9937347d1579383a05bb70,91370e0d993c73d3,1024,768,2,78
1. Healthy/2. White Onion/1. Single/Onion09213.jpg,2,healthy white onion,healthy,white onion,single,1ae88deb749f03be2cc2b9bdb7e9e5a9,cc8cb33365cd1a36,576,768,401,965
1. Healthy/2. White Onion/2. Multiple/Onion11193.jpg,2,healthy white onion,healthy,white onion,multiple,289a942b266a0b240e4ec03c4e710f88,c7972c79f73001c6,1024,768,757,1722
1. Healthy/2. White Onion/2. Multiple/Onion11234.jpg,2,healthy white onion,healthy,white onion,multiple,ff5ddf55cba958804d00fe781f71b503,8b862ace75c95e1c,1024,768,757,1742
2. Unhealthy/2. White Onion/1. Single/Onion14334.jpg,3,unhealthy white onion,unhealthy,white onion,single,7a7bdf6447965eb925e01ac0149fc3e1,9a64659b3a7b6225,1024,768,791,1842
1. Healthy/1. Red Onion/1. Single/Onion04764.jpg,0,healthy red onion,healthy,red onion,single,d358afd3f105f90ca8d48bedae1b0988,bcc4c7303c1ee347,1024,768,2,7
1. Healthy/2. White Onion/1. Single/Onion10133.jpg,2,healthy white onion,healthy,white onion,single,63607652150f433ad4c4c1756d32cf5d,c9363ec1343fd0cc,576,768,606,1492
2. Unhealthy/2. White Onion/1. Single/Onion14653.jpg,3,unhealthy white onion,unhealthy,white onion,single,1cb4f22be0b34008dffdbc4808c3c683,98cd6732d945994d,1024,768,936,2004
2. Unhealthy/1. Red Onion/1. Single/Onion12734.jpg,1,unhealthy red onion,unhealthy,red onion,single,fb316b77aec0856bed4b3114b08898b8,e9a48ec98e1c3c7c,1024,768,336,821
1. Healthy/1. Red Onion/2. Multiple/Onion07207.jpg,0,healthy red onion,healthy,red onion,multiple,8c4d02ffa9493833e8be6df2f02c8f1a,a3254cad53899bd9,1024,768,272,620
1. Healthy/1. Red Onion/1. Single/Onion04988.jpg,0,healthy red onion,healthy,red onion,single,f9f81d44cd46df9d45c38ab6d4a9da03,e72698ca69d9c52c,1024,768,2,25
1. Healthy/1. Red Onion/2. Multiple/Onion07467.jpg,0,healthy red onion,healthy,red onion,multiple,03b813575b4669c0812272c62a9d697e,ab14d34d0c7b36e1,1024,768,273,619
1. Healthy/2. White Onion/1. Single/Onion08493.jpg,2,healthy white onion,healthy,white onion,single,f9ba580655f50cdd82d8dc5cb5fe07fd,a4999b66cd99306d,576,768,576,1133
1. Healthy/2. White Onion/1. Single/Onion10853.jpg,2,healthy white onion,healthy,white onion,single,bed8b52a451ba472f42d6a5fee212c82,ed9b166d41926659,576,768,459,1589
2. Unhealthy/1. Red Onion/1. Single/Onion12637.jpg,1,unhealthy red onion,unhealthy,red onion,single,443f37a748dba57ca51a90e0a6ef26aa,f444db89642637d9,1024,768,305,833
1. Healthy/2. White Onion/1. Single/Onion08404.jpg,2,healthy white onion,healthy,white onion,single,5a9af1ad852b8a062cc9df6b245858a8,ccba32cc4a33ccce,576,768,401,1024
1. Healthy/1. Red Onion/1. Single/Onion04630.jpg,0,healthy red onion,healthy,red onion,single,664297c72792aeb725bd4b52a1b06903,99e6d611f1ce138c,576,768,56,132
1. Healthy/1. Red Onion/1. Single/Onion06277.jpg,0,healthy red onion,healthy,red onion,single,a7c0e4f8acb46328a09b9c0eb22cffd6,b6c88770cbca2cf2,576,768,2,204
2. Unhealthy/1. Red Onion/1. Single/Onion13031.jpg,1,unhealthy red onion,unhealthy,red onion,single,bfbb6c5814f37429e4205152b58e342e,e63299996626d39a,1024,768,305,644
1. Healthy/1. Red Onion/1. Single/Onion05414.jpg,0,healthy red onion,healthy,red onion,single,6b209ec696d37997f50a26d6e43cbd92,e18d96a4dc9179a3,1024,768,2,192
1. Healthy/2. White Onion/1. Single/Onion09863.jpg,2,healthy white onion,healthy,white onion,single,95737681ca099f8519d9c1f929771c92,cea330cec62d194f,576,768,406,979
1. Healthy/1. Red Onion/1. Single/Onion04569.jpg,0,healthy red onion,healthy,red onion,single,a71486ca179501d8874115cb5d74ff98,aa92f134c693f92c,576,768,2,78
1. Healthy/1. Red Onion/1. Single/Onion05057.jpg,0,healthy red onion,healthy,red onion,single,4c0718e721de5ed74b0ef66a7ca221c7,c4be93d901ec27e2,1024,768,2,363
2. Unhealthy/1. Red Onion/1. Single/Onion12924.jpg,1,unhealthy red onion,unhealthy,red onion,single,206c9e72bcd3482aad52ffe046c90ccf,d5cd02fe00df017e,1024,768,305,833
2. Unhealthy/2. White Onion/2. Multiple/Onion15956.jpg,3,unhealthy white onion,unhealthy,white onion,multiple,80b4019024810dd36d62e0914d00a951,8cce73769499294b,1024,768,941,2246
2. Unhealthy/2. White Onion/2. Multiple/Onion16139.jpg,3,unhealthy white onion,unhealthy,white onion,multiple,91257457383a53dbd0a05f4ed817a38f,d13b603819cfe4d9,1024,768,950,2169
2. Unhealthy/1. Red Onion/2. Multiple/Onion13397.jpg,1,unhealthy red onion,unhealthy,red onion,multiple,f733ce8ec478e8a8112e7677af02932c,d89893734ccd256b,1024,768,389,935
1. Healthy/1. Red Onion/1. Single/Onion06110.jpg,0,healthy red onion,healthy,red onion,single,bb199a3afc7457d593b51eefcb648834,eda7924863378c99,1024,768,2,7
1. Healthy/2. White Onion/1. Single/Onion09373.jpg,2,healthy white onion,healthy,white onion,single,f65404265a868d8b74174e653c884ad4,e690d961dff63208,1024,768,551,1370
2. Unhealthy/1. Red Onion/1. Single/Onion13121.jpg,1,unhealthy red onion,unhealthy,red onion,single,30a7955cbe4159252d3abc7b53af5b20,a4c0cb3f1ff403c3,576,768,329,807
1. Healthy/2. White Onion/1. Single/Onion10301.jpg,2,healthy white onion,healthy,white onion,single,2b584fbb495dd4ad3413f177ce0ba0b9,8d3c323bc5ce3c92,576,768,492,984
2. Unhealthy/2. White Onion/2. Multiple/Onion15395.jpg,3,unhealthy white onion,unhealthy,white onion,multiple,5cf907644f9ebef6de3b0bb6a6f5a2e6,8f8b3536cecd3130,576,768,949,2196
1. Healthy/1. Red Onion/2. Multiple/Onion08147.jpg,0,healthy red onion,healthy,red onion,multiple,e64acddd4f4afc739b782800f0b54db5,b949dea9641a2f34,576,768,273,622
1. Healthy/1. Red Onion/1. Single/Onion05897.jpg,0,healthy red onion,healthy,red onion,single,7e3bf9a4cf737bffff500c60f25a410c,cebb954d73e08832,576,768,2,206
1. Healthy/1. Red Onion/2. Multiple/Onion08085.jpg,0,healthy red onion,healthy,red onion,multiple,21300a7b568b9586b8bed2eb52cef787,b9e6b29c41cd383a,576,768,272,620
1. Healthy/2. White Onion/1. Single/Onion09852.jpg,2,healthy white onion,healthy,white onion,single,4e9bf011792ec4f36583e4f2356bd64b,9a26679a9e612b96,576,768,406,988
1. Healthy/2. White Onion/1. Single/Onion08659.jpg,2,healthy white onion,healthy,white onion,single,cd9447b6e91b53bd09acc83f7e65bef9,93936e6e26256c6c,1024,768,406,979
2. Unhealthy/2. White Onion/2. Multiple/Onion15500.jpg,3,unhealthy white onion,unhealthy,white onion,multiple,078ee7c85ec32ce1fc3d76ef349c2d8d,852bd43c6cd123ee,1024,768,945,2152
1. Healthy/2. White Onion/2. Multiple/Onion11703.jpg,2,healthy white onion,healthy,white onion,multiple,5a30718c64b6e6cea2bda3baaa58e1ed,87696c92725aa78d,1024,768,757,1733
2. Unhealthy/1. Red Onion/2. Multiple/Onion13328.jpg,1,unhealthy red onion,unhealthy,red onion,multiple,79696eb0346e6c564f6664a46b2b3bb5,c8ab0fd1710ebac9,576,768,389,935
1. Healthy/1. Red Onion/1. Single/Onion05723.jpg,0,healthy red onion,healthy,red onion,single,90b34da54dbd09b7106573784dd10f87,e41152646b6b66eb,1024,768,2,464
2. Unhealthy/2. White Onion/1. Single/Onion15235.jpg,3,unhealthy white onion,unhealthy,white onion,single,92818b1e29b56570da526179bc20a62c,b1d6ca2d34965669,576,768,837,1839
2. Unhealthy/1. Red Onion/2. Multiple/Onion14184.jpg,1,unhealthy red onion,unhealthy,red onion,multiple,d138cd46a274736410468bb846db001a,bde2c0969c96c671,1024,768,393,943
1. Healthy/1. Red Onion/1. Single/Onion05430.jpg,0,healthy red onion,healthy,red onion,single,0e1c7289aab61274768e355b9f43f9a1,e6d99b6661922699,1024,768,20,53
2. Unhealthy/1. Red Onion/1. Single/Onion12647.jpg,1,unhealthy red onion,unhealthy,red onion,single,b3cdb9c6c29946a8dbe866f08053adae,cd8a73acdc8b24cc,1024,768,309,809
1. Healthy/2. White Onion/1. Single/Onion08834.jpg,2,healthy white onion,healthy,white onion,single,f4259307ed1cdc8237f8c5bd780f4e5b,99ec3616db496534,1024,768,425,1066
1. Healthy/2. White Onion/2. Multiple/Onion11357.jpg,2,healthy white onion,healthy,white onion,multiple,3038e258214864763667d03bb288cc25,95b578a72790b49a,1024,768,757,1722
1. Healthy/2. White Onion/1. Single/Onion08503.jpg,2,healthy white onion,healthy,white onion,single,b51fdefb3b8bf971f151619c298d1990,b8c6323bcb1cc732,1024,768,447,1137
1. Healthy/1. Red Onion/1. Single/Onion05333.jpg,0,healthy red onion,healthy,red onion,single,81fac0ddce963134ec5e69fb8cb0fb53,b3eccef13a8033c4,1024,768,131,30
2. Unhealthy/2. White Onion/2. Multiple/Onion15584.jpg,3,unhealthy white onion,unhealthy,white onion,multiple,ac58907e27299bd2adcf3d49bf8a5de5,9699389a27c669b9,1024,768,937,2148
2. Unhealthy/1. Red Onion/2. Multiple/Onion13930.jpg,1,unhealthy red onion,unhealthy,red onion,multiple,0d2f6efeb8abdbbb8732340b43f34fc1,b6eecb98cd392403,1024,768,389,931
1. Healthy/2. White Onion/2. Multiple/Onion12259.jpg,2,healthy white onion,healthy,white onion,multiple,f721a3cd37429f9c9b7172568caca005,fff84281913f2c62,1024,768,757,1722
1. Healthy/1. Red Onion/2. Multiple/Onion07230.jpg,0,healthy red onion,healthy,red onion,multiple,23d5fcad7bbe1c2a90a391b8191dc9b8,e70e90659a636cb3,1024,768,273,619
2. Unhealthy/2. White Onion/1. Single/Onion14856.jpg,3,unhealthy white onion,unhealthy,white onion,single,d5045ff2c5448c4bcff0fdfcc7929a31,9392c66363636567,1024,768,791,1905
1. Healthy/1. Red Onion/1. Single/Onion04779.jpg,0,healthy red onion,healthy,red onion,single,b5090e8be76b2b797a8212408527817c,d9a3626c99b3338c,1024,768,16,36
1. Healthy/2. White Onion/1. Single/Onion10408.jpg,2,healthy white onion,healthy,white onion,single,5676509efb4dd6e37d193872946c888f,c2c239393bcc3c3e,1024,768,679,1384
1. Healthy/1. Red Onion/1. Single/Onion06175.jpg,0,healthy red onion,healthy,red onion,single,c087cf797a1f48770564657bc74d13b7,e4f59898677398c4,576,768,2,58
1. Healthy/1. Red Onion/1. Single/Onion04522.jpg,0,healthy red onion,healthy,red onion,single,1a080ecc6f13c9a8eb7d48b2a5bf78db,f48c9c3326cee6c4,1024,768,10,22
1. Healthy/2. White Onion/1. Single/Onion09505.jpg,2,healthy white onion,healthy,white onion,single,4023a53c688213f3a559ca19f081564b,9873678c9319dc66,1024,768,492,989
1. Healthy/2. White Onion/1. Single/Onion10016.jpg,2,healthy white onion,healthy,white onion,single,3d316d572cf1e5c1b37824391f0de6f6,e6989867987c91ad,1024,768,441,1070
1. Healthy/2. White Onion/1. Single/Onion10967.jpg,2,healthy white onion,healthy,white onion,single,dc33481acc1016880f951d3201816619,da9f6365cc865898,576,768,679,1648
1. Healthy/1. Red Onion/1. Single/Onion05053.jpg,0,healthy red onion,healthy,red onion,single,261a01ad66dfb50c9df8d0c70392728f,b182c7333e8d71cc,1024,768,2,171
1. Healthy/2. White Onion/1. Single/Onion09191.jpg,2,healthy white onion,healthy,white onion,single,be1ce6387cf1555047ff1773dcd2d55f,99a6669999666596,1024,768,420,1048
1. Healthy/1. Red Onion/2. Multiple/Onion07928.jpg,0,healthy red onion,healthy,red onion,multiple,633b3bca2919156dc8baffd1eeae44ed,f69819d6413b2e69,576,768,273,621
1. Healthy/2. White Onion/1. Single/Onion08308.jpg,2,healthy white onion,healthy,white onion,single,127b64714bbabf3ed48ef8b202be7a9d,d991676c9c90d9c6,1024,768,401,1062
1. Healthy/1. Red Onion/2. Multiple/Onion07547.jpg,0,healthy red onion,healthy,red onion,multiple,0a4c71df5d1bd8d9cdb30d5ade8f21e9,f3698ec199e4941b,1024,768,273,619
1. Healthy/2. White Onion/1. Single/Onion08930.jpg,2,healthy white onion,healthy,white onion,single,71ecdb66619c34bb198b09bd52fffb59,dca1638c9c791b66,576,768,434,1193
1. Healthy/1. Red Onion/1. Single/Onion04294.jpg,0,healthy red onion,healthy,red onion,single,5b00d35be4007bb24378216f49b71005,f48c9a22798ea6cd,1024,768,2,150
1. Healthy/2. White Onion/1. Single/Onion08188.jpg,2,healthy white onion,healthy,white onion,single,84750fce64924f2ca4b38bc311c958ed,99cc22338dc77ccc,1024,768,406,979
1. Healthy/2. White Onion/2. Multiple/Onion11434.jpg,2,healthy white onion,healthy,white onion,multiple,a47c835fb51d723edc4b58a4e9f2f737,c013acecb9adb265,1024,768,764,1727
2. Unhealthy/2. White Onion/1. Single/Onion14730.jpg,3,unhealthy white onion,unhealthy,white onion,single,d5bb96f4ee0365a90131a15fd0a7b3ef,b7c5c83827373998,576,768,871,2031
1. Healthy/1. Red Onion/1. Single/Onion05492.jpg,0,healthy red onion,healthy,red onion,single,1d3d49ce7c0c87084e67b92c33b1a17a,ccc8b233e5d259d8,1024,768,28,432
1. Healthy/1. Red Onion/1. Single/Onion05019.jpg,0,healthy red onion,healthy,red onion,single,811a055aba99590a83fb4215416d7d45,9dc5e63ecb31248c,576,768,2,27
1. Healthy/1. Red Onion/1. Single/Onion06367.jpg,0,healthy red onion,healthy,red onion,single,e94f75ddd122a7cd5481c3ffbd94515e,e6a7c99913362ccc,1024,768,20,42
1. Healthy/2. White Onion/1. Single/Onion10052.jpg,2,healthy white onion,healthy,white onion,single,28d32f2726c93f1a82a45ac83f8ef9f9,e7e299986c668b92,1024,768,441,1105
1. Healthy/1. Red Onion/2. Multiple/Onion07749.jpg,0,healthy red onion,healthy,red onion,multiple,31a05de0f7e559401d6f0cb07b70a6ae,ce839c2562fc231f,1024,768,273,622
1. Healthy/2. White Onion/1. Single/Onion08994.jpg,2,healthy white onion,healthy,white onion,single,5b4dfe259b5290c759520807f570810c,999b6666989b612d,1024,768,406,1018
1. Healthy/2. White Onion/2. Multiple/Onion11555.jpg,2,healthy white onion,healthy,white onion,multiple,b93c59d07407b512b1ddd39cfb1c67dd,ac721368562df24f,1024,768,757,1735
1. Healthy/1. Red Onion/1. Single/Onion04588.jpg,0,healthy red onion,healthy,red onion,single,268d2a1a1f33a7ef8ad6ae639c9dd8f4,e5a498d6165999d5,1024,768,15,31
2. Unhealthy/1. Red Onion/1. Single/Onion12436.jpg,1,unhealthy red onion,unhealthy,red onion,single,f6155d9f3f17b931d67a5cfe89f43fd7,bd1ec6e1631c381e,1024,768,311,762
1. Healthy/1. Red Onion/1. Single/Onion05608.jpg,0,healthy red onion,healthy,red onion,single,7fb4eb4657e0ec0c64427d1bf3c97eec,cfa0f4835c8b32cd,1024,768,80,304
1. Healthy/2. White Onion/1. Single/Onion09919.jpg,2,healthy white onion,healthy,white onion,single,66b610e3c33cff3c07acbadcd5ca71d7,969e6b6386a68a9a,576,768,588,1463
1. Healthy/1. Red Onion/1. Single/Onion04071.jpg,0,healthy red onion,healthy,red onion,single,4a5dc8ffdd52796a07b7b33f6251d42a,a1fe8f7578862328,576,768,2,25
2. Unhealthy/1. Red Onion/1. Single/Onion12884.jpg,1,unhealthy red onion,unhealthy,red onion,single,880efa6223daa8a99e46bbe2d6158c09,b2c1cd36e09b64ec,576,768,345,880
2. Unhealthy/1. Red Onion/1. Single/Onion12695.jpg,1,unhealthy red onion,unhealthy,red onion,single,ad4a38b90b443cd3711332fda39d12ed,b0d5cf7930c34b2c,576,768,305,733
1. Healthy/2. White Onion/2. Multiple/Onion11831.jpg,2,healthy white onion,healthy,white onion,multiple,a3fcb10dcb8fb03c5eb1043326e77a47,f23385e0a43d1dba,1024,768,757,1786
2. Unhealthy/1. Red Onion/1. Single/Onion13195.jpg,1,unhealthy red onion,unhealthy,red onion,single,0c3764f9a6747d91d4ab9ac05c76415b,b1cece39310ece07,1024,768,304,731
2. Unhealthy/2. White Onion/1. Single/Onion14435.jpg,3,unhealthy white onion,unhealthy,white onion,single,2e306e93ba3ce986d1ebfb0d04df0c98,d93467ce98639893,1024,768,791,1881
1. Healthy/1. Red Onion/1. Single/Onion04872.jpg,0,healthy red onion,healthy,red onion,single,f1d8ba31c4ad4b667c1c2c073798a7b8,f36d94994d926926,1024,768,2,19
2. Unhealthy/1. Red Onion/1. Single/Onion12475.jpg,1,unhealthy red onion,unhealthy,red onion,single,73a5d40006e9dacd054e118b3cd36aa7,f49c9c1e3333998c,1024,768,337,783
1. Healthy/2. White Onion/1. Single/Onion10689.jpg,2,healthy white onion,healthy,white onion,single,b6e422113a4b26f163440e65d382edeb,8cba3367cc9832cd,576,768,576,1050
1. Healthy/2. White Onion/2. Multiple/Onion11960.jpg,2,healthy white onion,healthy,white onion,multiple,ddb87d67b76f04a263a826e802b32126,e094ab629d235b6b,1024,768,756,1721
1. Healthy/1. Red Onion/1. Single/Onion05890.jpg,0,healthy red onion,healthy,red onion,single,076dfbde10b233da8f2031449559b28d,bfe0c1b62c8db294,576,768,150,407
2. Unhealthy/1. Red Onion/2. Multiple/Onion14251.jpg,1,unhealthy red onion,unhealthy,red onion,multiple,454226b44fc2e86ec410554b679b5ac9,a096d6739e3469c9,1024,768,389,934
1. Healthy/2. White Onion/1. Single/Onion10741.jpg,2,healthy white onion,healthy,white onion,single,f701988d0fdb1be53b5618c1ebebdf36,d9992666d9993329,1024,768,401,965
1. Healthy/1. Red Onion/1. Single/Onion04639.jpg,0,healthy red onion,healthy,red onion,single,91b7c886be68cf938383c0a5f2c79378,8de1b2e6cdd0630e,576,768,2,7
1. Healthy/2. White Onion/1. Single/Onion09020.jpg,2,healthy white onion,healthy,white onion,single,f1fd217c02ad332694c16875720c48a7,ed4b998d85fbe010,1024,768,505,1289
1. Healthy/1. Red Onion/1. Single/Onion06309.jpg,0,healthy red onion,healthy,red onion,single,55f89bb36004945e97e03858a5f4118b,bb8de4ab97410a56,1024,768,86,182
2. Unhealthy/1. Red Onion/1. Single/Onion13205.jpg,1,unhealthy red onion,unhealthy,red onion,single,34252598f9dd46ba4450e8eaf79748a2,e338cc6799998366,1024,768,276,921
1. Healthy/2. White Onion/1. Single/Onion09694.jpg,2,healthy white onion,healthy,white onion,single,507eb34cefc47495021021850808b312,c69a99c53acbc03b,576,768,401,1275
2. Unhealthy/1. Red Onion/1. Single/Onion13215.jpg,1,unhealthy red onion,unhealthy,red onion,single,fa454c7dcbd3f30d2ff074715c4f9147,f3237784dc09fc06,1024,768,309,676
1. Healthy/1. Red Onion/1. Single/Onion06813.jpg,0,healthy red onion,healthy,red onion,single,d202229c54d2a3256a90fc42d6318af3,e5ac539a636c6cd0,576,768,57,151
1. Healthy/2. White Onion/2. Multiple/Onion11582.jpg,2,healthy white onion,healthy,white onion,multiple,3c3cf79ddf280ba515f1aa0da8bbd37d,e98484190d7ffd13,1024,768,771,1718
1. Healthy/1. Red Onion/1. Single/Onion06084.jpg,0,healthy red onion,healthy,red onion,single,45b74e683242ee5fea77a9723be820f1,e7d88c2531678d9c,1024,768,20,41
1. Healthy/1. Red Onion/1. Single/Onion06969.jpg,0,healthy red onion,healthy,red onion,single,5b2c9c688551e21d344a41f61d970850,d38c6659896676c9,576,768,267,612
2. Unhealthy/2. White Onion/2. Multiple/Onion15680.jpg,3,unhealthy white onion,unhealthy,white onion,multiple,6255a7dcf84b4e827131b3d308cc6df3,bfe964230930f9c9,1024,768,940,2160
1. Healthy/2. White Onion/1. Single/Onion09158.jpg,2,healthy white onion,healthy,white onion,single,e3fe2cb89a8a2322e676942a67e9639e,990c66b199ce7572,1024,768,406,979
1. Healthy/1. Red Onion/1. Single/Onion06238.jpg,0,healthy red onion,healthy,red onion,single,0fe3dac845e7a459d0c7cb484f75dcad,f499cb6c36338c51,1024,768,20,512
1. Healthy/2. White Onion/1. Single/Onion09431.jpg,2,healthy white onion,healthy,white onion,single,1bf2c1ea890bac5ed2c339d83efa1404,9edf6071cd8e8618,576,768,492,1385
1. Healthy/1. Red Onion/1. Single/Onion04887.jpg,0,healthy red onion,healthy,red onion,single,8a346745f10dfbf03e00484e01da804a,b0cacfb1308e8db3,1024,768,2,13
2. Unhealthy/2. White Onion/2. Multiple/Onion16153.jpg,3,unhealthy white onion,unhealthy,white onion,multiple,971739ed16fb51bb342e0817233dce86,f4f1c5841cb293d9,1024,768,945,2152
1. Healthy/1. Red Onion/1. Single/Onion05663.jpg,0,healthy red onion,healthy,red onion,single,c8260b3ea78962ed7b34220cc4aa37e0,8bcb3434d3c3cc8d,576,768,2,207
1. Healthy/1. Red Onion/1. Single/Onion05896.jpg,0,healthy red onion,healthy,red onion,single,d27ed7fceb6b295aae177b6bf43dbec6,f2a4c9933ccc6333,1024,768,20,41
2. Unhealthy/2. White Onion/2. Multiple/Onion15427.jpg,3,unhealthy white onion,unhealthy,white onion,multiple,a5084734ceaa6c582aee6aa7c6118036,daf6b682256c3266,1024,768,950,2169
1. Healthy/2. White Onion/1. Single/Onion08532.jpg,2,healthy white onion,healthy,white onion,single,1c592e56c1b6aeeba4e883922753f434,e4999966657392a5,1024,768,401,965
1. Healthy/2. White Onion/2. Multiple/Onion11701.jpg,2,healthy white onion,healthy,white onion,multiple,765b6bdf7400c5b94fabea4574ed9f93,98bed981663db04b,1024,768,771,1718
2. Unhealthy/1. Red Onion/1. Single/Onion13094.jpg,1,unhealthy red onion,unhealthy,red onion,single,b25faea642f22292edea59528b024a3f,d1f4a58dad22d0cb,1024,768,309,835
1. Healthy/2. White Onion/1. Single/Onion09588.jpg,2,healthy white onion,healthy,white onion,single,b1299fabfa36ab17ed7764d5966235a6,c8d83327cedbd901,1024,768,434,1025
2. Unhealthy/2. White Onion/2. Multiple/Onion15565.jpg,3,unhealthy white onion,unhealthy,white onion,multiple,7bfb00a87150d942751de6824ffeb8df,c6d1787ab1a5cc1a,576,768,940,2190
1. Healthy/1. Red Onion/1. Single/Onion06848.jpg,0,healthy red onion,healthy,red onion,single,5871c0f233d4725ba0f73bf77b787dbe,db8466db996166a4,1024,768,15,282
1. Healthy/2. White Onion/2. Multiple/Onion11940.jpg,2,healthy white onion,healthy,white onion,multiple,b56659f8f057c2a8d47445082058ca4e,e189429b679d69cc,1024,768,764,1727
2. Unhealthy/1. Red Onion/2. Multiple/Onion13888.jpg,1,unhealthy red onion,unhealthy,red onion,multiple,56488908989391cc2e1a89f7db3b811f,83d87cc6de1d2c38,1024,768,395,941
2. Unhealthy/2. White Onion/2. Multiple/Onion16242.jpg,3,unhealthy white onion,unhealthy,white onion,multiple,be09c4958eba4c2cb02d7367d1dd3f81,dfd475c25a0ec225,1024,768,945,2178
1. Healthy/2. White Onion/1. Single/Onion11041.jpg,2,healthy white onion,healthy,white onion,single,cbdb85d67fddff9ebfbacfc6b1970c54,9866659a9e656996,576,768,459,1400
1. Healthy/1. Red Onion/1. Single/Onion06334.jpg,0,healthy red onion,healthy,red onion,single,fba9c0f0e48111677d82a7b2896aa00c,80a2dbe4cd3a51f3,1024,768,207,526
1. Healthy/2. White Onion/2. Multiple/Onion11205.jpg,2,healthy white onion,healthy,white onion,multiple,4007ee6f1e6cb244ef9e9e932863e600,97f30287bc73162c,1024,768,757,1722
2. Unhealthy/1. Red Onion/2. Multiple/Onion13533.jpg,1,unhealthy red onion,unhealthy,red onion,multiple,679bb60eb23539a6ad9f2ede5f05a5b8,a33c9891c34dc7b6,1024,768,389,949
1. Healthy/2. White Onion/1. Single/Onion08702.jpg,2,healthy white onion,healthy,white onion,single,a51c921b216403e56ea846b10837144e,9b5964669b991993,1024,768,471,1203
1. Healthy/2. White Onion/1. Single/Onion08868.jpg,2,healthy white onion,healthy,white onion,single,78bcb912523d3d41b1c0abacfb763d10,c3c33c3cc0e20fcf,576,768,488,1243
1. Healthy/1. Red Onion/1. Single/Onion05769.jpg,0,healthy red onion,healthy,red onion,single,edcf2d80ea6e865a4de906b707a35fbb,ec62938c65d9262f,1024,768,2,39
1. Healthy/2. White Onion/1. Single/Onion09387.jpg,2,healthy white onion,healthy,white onion,single,c0e1ce0d5e55fa96dd106fe941fc3c32,99da66499d261796,1024,768,480,1226
1. Healthy/2. White Onion/2. Multiple/Onion12114.jpg,2,healthy white onion,healthy,white onion,multiple,a994e600da1c53cb75723e99034d55b6,c9043e8ee67b8179,1024,768,757,1725
1. Healthy/2. White Onion/2. Multiple/Onion11314.jpg,2,healthy white onion,healthy,white onion,multiple,cc1f745212758ae7f33d339c4230b9a2,a78769bc89f1941c,1024,768,764,1727
1. Healthy/2. White Onion/1. Single/Onion11080.jpg,2,healthy white onion,healthy,white onion,single,279269cff7574471bd2d8f32a451b6e4,cdc63159cf4e6c21,1024,768,459,1636
2. Unhealthy/1. Red Onion/1. Single/Onion12362.jpg,1,unhealthy red onion,unhealthy,red onion,single,d6abd02472685d8ecac22901d1ad0e7c,e6b799d866208ace,1024,768,276,718
1. Healthy/2. White Onion/2. Multiple/Onion12217.jpg,2,healthy white onion,healthy,white onion,multiple,988948bb4a161ee6711af40055572993,c1264f91e51b599e,1024,768,757,1787
1. Healthy/2. White Onion/1. Single/Onion10970.jpg,2,healthy white onion,healthy,white onion,single,23db12d61994e977da6119dd8e73dd1c,e2b1954e6ab13393,576,768,715,1664
2. Unhealthy/2. White Onion/2. Multiple/Onion15928.jpg,3,unhealthy white onion,unhealthy,white onion,multiple,7e288aec38183bea0da8bb04e9cccd1c,9e9073c7a7664949,1024,768,942,2145
1. Healthy/1. Red Onion/2. Multiple/Onion07370.jpg,0,healthy red onion,healthy,red onion,multiple,3c74eb09a4ffdb2f22b572d2a7491c4f,e1971b485a73a51d,1024,768,273,624
2. Unhealthy/1. Red Onion/2. Multiple/Onion14022.jpg,1,unhealthy red onion,unhealthy,red onion,multiple,e677f0593439c945be85f118dcc5bc34,ad9ed47c4c2e01e6,1024,768,389,931
2. Unhealthy/1. Red Onion/1. Single/Onion12534.jpg,1,unhealthy red onion,unhealthy,red onion,single,e93fa0019aa8acfa2681b0a2f00a80c0,cc0933b74ecd18dc,1024,768,305,793
2. Unhealthy/1. Red Onion/1. Single/Onion13235.jpg,1,unhealthy red onion,unhealthy,red onion,single,d68c7bea21f73393f2c04bba43900aa9,e48799a5679344d9,1024,768,276,647
1. Healthy/1. Red Onion/1. Single/Onion05905.jpg,0,healthy red onion,healthy,red onion,single,155dddc4887c901928e6f0a25c8a1ebd,a3f1f10cccccc363,1024,768,2,464
1. Healthy/1. Red Onion/2. Multiple/Onion07211.jpg,0,healthy red onion,healthy,red onion,multiple,33d7c8ab326a7b93ede3725d40bb0c56,9ce2b0956b5632ea,576,768,272,620
1. Healthy/1. Red Onion/2. Multiple/Onion07801.jpg,0,healthy red onion,healthy,red onion,multiple,f30178e60202ea37330925f5fa3c0632,e4c73938c6c69999,1024,768,273,619
2. Unhealthy/2. White Onion/1. Single/Onion15032.jpg,3,unhealthy white onion,unhealthy,white onion,single,435be3715a54793c499a6b85769c5ac9,9b9e6c6926e18636,1024,768,936,2104
1. Healthy/1. Red Onion/1. Single/Onion04734.jpg,0,healthy red onion,healthy,red onion,single,778582e7c08a964cd5766f6e099b7181,ade4c3c36c7c7230,576,768,2,250
